{"text": ["XYZ Hospital", "123 tlealth Street,Wellness City", "Phone:+1-234-587-890", "Patlont Nanx:Mla Brown", "Ap:65", "Doctor: Dr. Millor", "Medidine", "Dosage", "Frequency", "Duration", "Tab Pan d", "20 tblets", "3mesday", "$ days", "TabCiplox500", "5tablets", "2tmes  duy", "10days", "Tab Triz", "S tablets", "3 tmes a duy", "5 days", "TabAllegra", "t5tablets", "3 tmesa dey", "7 days", "Syrup", "Dosago", "Froquancy", "Duratlon", "Syrup Grillnctus tm", "Sml", "3mday", "5days", "Advico:", "-Tako bod rost", "Eat nsy-to-dlgest food like boiled rice with dal", "-Stynydrated"], "confidence": [0.9535403847694397, 0.8450579047203064, 0.8941647410392761, 0.8212848901748657, 0.6137485504150391, 0.9621354341506958, 0.918267011642456, 0.8897534012794495, 0.9788968563079834, 0.964890718460083, 0.8990604877471924, 0.9135541915893555, 0.8407676815986633, 0.837290346622467, 0.9292893409729004, 0.895728349685669, 0.7184790968894958, 0.9015160202980042, 0.9565025568008423, 0.8356771469116211, 0.8568880558013916, 0.7600082755088806, 0.94379061460495, 0.8862625360488892, 0.7313879132270813, 0.8767657279968262, 0.9701129198074341, 0.9191999435424805, 0.935694694519043, 0.9345743060112, 0.9913912415504456, 0.8684621453285217, 0.8106390237808228, 0.8675468564033508, 0.9288334846496582, 0.7142534255981445, 0.8857390284538269, 0.8978356719017029], "label": [1, 0, 1, 0, 0, 0, 0]}