{"text": ["XYZ Hospital", "123 tlealth Street,Wellness City", "Phone:+1-234.587-890", "Patlont Namxo:JanoJohnson", "Ap:51", "DoctorDr.Johnson", "Medicine", "Dosuge", "Frequency", "Duration", "Cap Zovirax", "t5tablets", "3mesday", "5days", "Cup Omez", "t5tablets", "2 tms  duy", "30 days", "TabCiplox500", "5tablets", "3 tmesaday", "t4duys", "Tab Febrexplus", "t5tablets", "3 tmesa dey", "5days", "Syrup", "Dosago", "Froquancy", "Duration", "Syrup Cypon", "10ml", "2 tm doy", "10day", "Syrup Fobroxplus", "10ml", "3timsday", "7day", "Advico:", "-Tako tod rost", "Eat nsy-to-dlgest food like boiled rice with dal", "-Stayhydrated"], "confidence": [0.9532526135444641, 0.8386499881744385, 0.8577502369880676, 0.8725141882896423, 0.7541440725326538, 0.9621690511703491, 0.9291049838066101, 0.9427713751792908, 0.9838371276855469, 0.964890718460083, 0.8619762659072876, 0.8831853270530701, 0.8170825242996216, 0.8343985676765442, 0.7608859539031982, 0.8836497068405151, 0.7418817281723022, 0.8867191672325134, 0.9448626041412354, 0.9093613624572754, 0.8535230755805969, 0.8394883275032043, 0.9465674161911011, 0.8862625360488892, 0.7000328302383423, 0.886221706867218, 0.9728748202323914, 0.8239191174507141, 0.9061452150344849, 0.9751013517379761, 0.989640474319458, 0.9347427487373352, 0.7102198600769043, 0.7873427867889404, 0.8312637805938721, 0.911413848400116, 0.7808237075805664, 0.8190528750419617, 0.9677251577377319, 0.8293460011482239, 0.9003981947898865, 0.8834782838821411], "label": [1, 1, 1, 0, 0, 0, 0]}