{"text": ["XYZ Hospital", "123 tlealth Street,Wellness City", "Phone:+1-234.587-890", "PatlontNam:GracoD", "p:71", "Doctor: Dr.Lo", "Medicine", "Dosuge", "Frequency", "Duration", "TabClavum 025", "5 tablets", "3mesday", "10days", "TabCiplox500", "5tablets", "3tmesaday", "10days", "Cap Pan d", "20 toblets", "2 tmesa dey", "5 days", "Tab Allegra", "t5tablets", "2umesaday", "5days", "Tab Triz", "5 tablets", "2 umes a day", "t4 days", "Syrup", "Dosago", "Froquoncy", "Duratlon", "Syrup Fobrox plus", "Sml", "3tmsdoy", "5day", "Syrup Cypon", "Sml", "3tims doy", "5 days", "Advico:", "-Tako tod rost", "Eat nsy-to-digest food like boiled rice with dnl", "Stoybydrated"], "confidence": [0.9557154178619385, 0.8473905324935913, 0.8499292135238647, 0.7952148914337158, 0.7573233842849731, 0.9228541851043701, 0.930323600769043, 0.979745090007782, 0.9807761311531067, 0.9623180627822876, 0.8296269774436951, 0.8691415786743164, 0.8467262983322144, 0.9608897566795349, 0.9261116981506348, 0.895728349685669, 0.8156739473342896, 0.9213528037071228, 0.8790669441223145, 0.8743324279785156, 0.7692209482192993, 0.7472350001335144, 0.9265641570091248, 0.8686149716377258, 0.8108638525009155, 0.8756504058837891, 0.936129629611969, 0.8480369448661804, 0.7311065196990967, 0.9750253558158875, 0.9788066744804382, 0.8148204684257507, 0.9507405757904053, 0.9960426092147827, 0.9932271242141724, 0.8684621453285217, 0.7260910272598267, 0.7321327924728394, 0.9881842136383057, 0.9197258949279785, 0.7417122721672058, 0.8215978741645813, 0.9687759280204773, 0.7887561917304993, 0.8504207730293274, 0.8403627276420593], "label": [1, 1, 1, 0, 0, 0, 0]}