{"text": ["XYZ Hospital", "123 tlealth Street,Wellness City", "Phone:+1-234-587-890", "Patlant Nanx:Jano Whito", ":30", "Doctor: Dr.Lao", "Medicine", "Dosage", "Frequency", "Duration", "TabNeurobin Forte", "5tablets", "20ms doy", "10duys", "TabCyclopam", "5tablets", "20mesa duy", "30 days", "Cap Colmmune", "10 tablets", "3 tmesa doy", "7 days", "Cap Dilanun", "10tablets", "2tmesa duy", "10days", "TabAllegr", "15tablets", "2 tmes a duy", "4duys", "TabSumo cold", "15tablets", "2tmesadey", "4days", "Syrup", "Dosapo", "Froquoncy", "Duratlon", "Syrup Fobrox plus", "Sml", "2 tim doy", "14days", "Syrup Brozodox", "Sml", "3timsday", "30dy", "Advico:", "-Tako tod rost", "Eat nsy-to-dlgest food like boiled rice with dnl", "-Stytydrated"], "confidence": [0.9428961873054504, 0.8450579047203064, 0.888440728187561, 0.8331463932991028, 0.8670454025268555, 0.9009281992912292, 0.9237716197967529, 0.9033363461494446, 0.9917693734169006, 0.9623180627822876, 0.9527857303619385, 0.901167631149292, 0.7702575922012329, 0.9152160286903381, 0.8968944549560547, 0.8909797668457031, 0.7479078769683838, 0.8479889631271362, 0.8898226618766785, 0.8921223878860474, 0.7852831482887268, 0.8594018816947937, 0.8862195611000061, 0.9273074269294739, 0.8229607343673706, 0.8628065586090088, 0.9369843006134033, 0.8647039532661438, 0.7506501078605652, 0.9083743095397949, 0.914709746837616, 0.9037178754806519, 0.843863844871521, 0.9184122085571289, 0.983737587928772, 0.8228013515472412, 0.9459841251373291, 0.9899555444717407, 0.9947896003723145, 0.9028758406639099, 0.7383143901824951, 0.8673887848854065, 0.9579911231994629, 0.927854061126709, 0.7883074283599854, 0.973709762096405, 0.9625285863876343, 0.7765873074531555, 0.8441435694694519, 0.9000880718231201], "label": [1, 1, 1, 0, 0, 0, 0]}