{"text": ["XYZ Hospital", "123 tlealth Street,Wellness City", "Phone:+1-234.587-890", "Patlant Namx:AllcoJohnson", "4", "Doctor: Dr. Smith", "Medicine", "Dosuge", "Frequency", "Duration", "Cap Omez", "10tablets", "3mesday", "4duys", "Tab Zole fcream", "15tablets", "3 tmes duy", "t4duys", "Cap Dilantn", "5tablets", "2tmesaday", "5days", "Cap Co-lmmune", "5tblets", "3 tmes dey", "4days", "Syrup", "Dosago", "Froquoncy", "Duratlon", "Syrup TusQ dx", "Sml", "2 tm doy", "14day", "SyrupGrillnctus tm", "Sml", "2mday", "30dy", "Advico:", "-Tako tod rost", "Eat nsy-to-dlgest food like boiled dce with dal", "-Stayhydrated"], "confidence": [0.95210862159729, 0.8402663469314575, 0.8577502369880676, 0.8603537678718567, 0.9744680523872375, 0.9382411241531372, 0.9307171702384949, 0.9349806904792786, 0.9838371276855469, 0.9623180627822876, 0.8123461008071899, 0.9273074269294739, 0.8170825242996216, 0.9136894941329956, 0.8810091018676758, 0.9092390537261963, 0.7485857605934143, 0.8104643225669861, 0.9025157690048218, 0.9093613624572754, 0.8561273813247681, 0.8343985676765442, 0.8856515884399414, 0.8720654249191284, 0.7143651843070984, 0.9184122085571289, 0.9701129198074341, 0.8239191174507141, 0.9646628499031067, 0.9519932270050049, 0.985166609287262, 0.8684621453285217, 0.7102198600769043, 0.8127212524414062, 0.906718373298645, 0.9197258949279785, 0.7638381719589233, 0.9695253372192383, 0.967370867729187, 0.7836079001426697, 0.9067167639732361, 0.8762484192848206], "label": [1, 1, 1, 0, 0, 0, 0]}