{"text": ["XYZ Hospital", "123 tlealth Street,Wellness City", "Phone:+1-234-587-890", "Patlant Nanx:Jano Whito", ":24", "Doctor:Dr.Johnson", "Medicine", "Dosuge", "Frequency", "Duration", "Tab Cyclopum", "10 tablets", "3mesday", "10duys", "Tab Evion", "20 tablets", "20mesa duy", "7 days", "TabAllegra", "15tablets", "3 tmes a duy", "4 days", "TabFebrexplus", "10tablets", "3 tmesa dey", "4days", "Syrup", "Dosago", "Froquancy", "Duration", "Syrup TusQx", "Sml", "3tims doy", "10days", "Advico:", "-Tako bod rost", "Eat nsy-to-dlgest food like boiled rice with dal", "-Stynydrated"], "confidence": [0.9428961873054504, 0.8450579047203064, 0.888440728187561, 0.8356480002403259, 0.882969081401825, 0.9719104766845703, 0.954825758934021, 0.9054610133171082, 0.9788968563079834, 0.9623180627822876, 0.881780207157135, 0.9107781648635864, 0.8407676815986633, 0.9106659889221191, 0.9279268980026245, 0.9054545164108276, 0.6870274543762207, 0.8401936888694763, 0.9442430734634399, 0.8927748799324036, 0.8568880558013916, 0.8659627437591553, 0.9706824421882629, 0.9273074269294739, 0.7706842422485352, 0.9184122085571289, 0.9701129198074341, 0.9117240309715271, 0.935694694519043, 0.9769387245178223, 0.9471550583839417, 0.8684621453285217, 0.7523825764656067, 0.869358479976654, 0.9288334846496582, 0.7142534255981445, 0.8857390284538269, 0.8976953029632568], "label": [1, 0, 1, 0, 0, 0, 0]}