{"text": ["XYZ Hospital", "123 tlealth Street,Wellness City", "Phone:+1-234.587-890", "PatlontNamx:Allco Smith", ":80", "Doctor: Dr. Millor", "Medicine", "Dosage", "Frequency", "Duration", "Tab Febrexplus", "5 tablets", "3tmesaday", "7 days", "Cap Co-lmmune", "5tablets", "20mesaday", "$ days", "TabCyciopom", "20 toblets", "3 tmesaday", "10 days", "Tab Pan d", "20 tablets", "3 tmesa dey", "30 days", "TabCiplox500", "5tablets", "3tmesaday", "t4days", "Syrup", "Dosapo", "Froquoncy", "Duratlon", "Syrup Fobrxplus", "10ml", "2timday", "Sday", "Advico:", "-Tako tod rost", "Eat nsy-to-dlgest food like boiled dce with dal", "-Stayhydrated"], "confidence": [0.9544651508331299, 0.8435166478157043, 0.8541738390922546, 0.8673108816146851, 0.7917329668998718, 0.9685773849487305, 0.9323613047599792, 0.9033363461494446, 0.9860424399375916, 0.955414891242981, 0.9455555081367493, 0.8691415786743164, 0.7472083568572998, 0.8594018816947937, 0.8569141030311584, 0.895728349685669, 0.7657408118247986, 0.9359393119812012, 0.9018526077270508, 0.8743324279785156, 0.8204989433288574, 0.8622841835021973, 0.8903860449790955, 0.90187007188797, 0.7643855810165405, 0.8867191672325134, 0.9531354904174805, 0.8865534663200378, 0.8785970211029053, 0.8406792283058167, 0.9720994234085083, 0.8918704390525818, 0.9749724864959717, 0.910537838935852, 0.8471513390541077, 0.9483411312103271, 0.7457918524742126, 0.7356988191604614, 0.9687759280204773, 0.8017479181289673, 0.901470422744751, 0.8780062198638916], "label": [1, 1, 1, 0, 0, 0, 0]}