{"text": ["XYZ Hospital", "123 tlealth Street,Wellness City", "Phone:+1-234.587-890", "PatlntNan:Jan D", "p:72", "Doctor: Dr. Tumor", "Medicine", "Dosuge", "Frequency", "Duration", "Tab Sumo cold", "15tablets", "20ms dey", "4days", "Tab Clavum 025", "10 tablets", "3umesaday", "5days", "Tab Evion", "10 tablets", "2 tmes  day", "5 days", "Tab Cetine", "10 tablets", "2tmesa dey", "10days", "TabAllegra", "15tablets", "2tmesaday", "30 days", "Syrup", "Dosapo", "Froquoncy", "Duratlon", "Syrup Corox-dx", "Sml", "3timsday", "14day", "Advico:", "-Tako tod rost", "Eat nsy-to-digest food like boiled dce with dal", "-Staytydrated"], "confidence": [0.9556874632835388, 0.838995099067688, 0.8577502369880676, 0.8377822041511536, 0.7978620529174805, 0.9385747313499451, 0.9286406636238098, 0.9420654773712158, 0.9838371276855469, 0.9629472494125366, 0.9157512187957764, 0.8647039532661438, 0.7692691087722778, 0.9227895736694336, 0.8366441130638123, 0.8921223878860474, 0.8544779419898987, 0.8691898584365845, 0.9258222579956055, 0.8921223878860474, 0.7342045307159424, 0.802062451839447, 0.913345992565155, 0.901634693145752, 0.848609447479248, 0.9213528037071228, 0.9442430734634399, 0.8865651488304138, 0.8579052090644836, 0.8853435516357422, 0.9720994234085083, 0.8742751479148865, 0.9624842405319214, 0.8988408446311951, 0.9503946900367737, 0.9197258949279785, 0.7440491914749146, 0.7760825753211975, 0.9675191640853882, 0.8320817351341248, 0.89924156665802, 0.9372954964637756], "label": [1, 0, 1, 0, 0, 0, 0]}