{"text": ["XYZ Hospital", "123 tlealth Street,Wellness City", "Phone:+1-234.587-890", "PatlantNam:Bob Ro", ":47", "Doctor: Dr. Tumor", "Medicine", "Dosage", "Frequency", "Duration", "TabDolo650", "5tablets", "20ms day", "7 duys", "Tab Dolonex dt", "10tablets", "20mesaday", "10days", "Tab Evion", "20 tblets", "2 tmes day", "7 days", "TabA1urocin 500", "15tablets", "2 tms a doy", "30 days", "TabNeurobin Forte", "10 tablets", "2tmesaday", "5days", "Syrup", "Dosago", "Froquoncy", "Duratlon", "Syrup Corox", "Sml", "3timsday", "Sday", "Advico:", "-Tako tod rost", "Eat nsy-to-digest food like boiled dce with dal", "-Staytydrated"], "confidence": [0.951496422290802, 0.8385250568389893, 0.8577502369880676, 0.8188877105712891, 0.8488302230834961, 0.9576132297515869, 0.9254783391952515, 0.9033363461494446, 0.9560942053794861, 0.9564203023910522, 0.8746712803840637, 0.9079194068908691, 0.7605679631233215, 0.9828178286552429, 0.9152216911315918, 0.9273074269294739, 0.7784956693649292, 0.9015160202980042, 0.9258148670196533, 0.9248446226119995, 0.7205934524536133, 0.8720644116401672, 0.8175100088119507, 0.8865138292312622, 0.7903292179107666, 0.8853435516357422, 0.9521375298500061, 0.901634693145752, 0.8574197292327881, 0.8882506489753723, 0.9720994234085083, 0.9064610600471497, 0.9624842405319214, 0.8988408446311951, 0.9781517386436462, 0.9197258949279785, 0.7220712900161743, 0.7356988191604614, 0.9675191640853882, 0.8169730305671692, 0.89924156665802, 0.8894757628440857], "label": [1, 0, 1, 0, 0, 0, 0]}