{"text": ["XYZ Hospital", "123 tlealth Street,Wellness City", "Phone:+1-234.587-890", "PatlntNam:GrcoRo", "40", "Doctor: Dr. Millor", "Medicine", "Dosuge", "Frequency", "Duration", "TabCiplox500", "10tablets", "3mesday", "4duys", "Tab Neurobin Forte", "20 tablets", "2 ums  doy", "7days", "Cap Pan d", "10 tablets", "2 tmes day", "10 days", "Tab Dolo650", "10 tablets", "2 tms a doy", "7 days", "TabCyclopam", "15tablets", "3 tmesaday", "7 days", "Syrup", "Dosapo", "Froquoncy", "Duratlon", "Syrup TusQ dx", "Sml", "3timsday", "Sday", "Advico:", "-Tako tod rost", "Eat nsy-to-dlgest food like boiled dce with dal", "-Stayhydrated"], "confidence": [0.9544928669929504, 0.843846321105957, 0.8465229868888855, 0.7844485640525818, 0.7601802945137024, 0.9531019926071167, 0.930323600769043, 0.9375312328338623, 0.9838371276855469, 0.9623180627822876, 0.8808314800262451, 0.9273074269294739, 0.8376972079277039, 0.9136894941329956, 0.9362795352935791, 0.9054545164108276, 0.7034355998039246, 0.9236086010932922, 0.9074792861938477, 0.8921223878860474, 0.7205934524536133, 0.8622841835021973, 0.8469369411468506, 0.901634693145752, 0.7903292179107666, 0.8720644116401672, 0.8903904557228088, 0.8871575593948364, 0.8438262939453125, 0.8720644116401672, 0.9747051000595093, 0.8742751479148865, 0.9624842405319214, 0.910537838935852, 0.9437258839607239, 0.9197258949279785, 0.7220712900161743, 0.7356988191604614, 0.9675191640853882, 0.7905479669570923, 0.89730304479599, 0.8896684050559998], "label": [1, 1, 1, 0, 0, 0, 0]}