{"text": ["XYZ Hospital", "123 tlealth Street,Wellness City", "Phone:+1-234-587-890", "Patlont Nanx:Mla D", "Ap:65", "Doctor: Dr. Millor", "Medicine", "Dosage", "Frequency", "Duration", "Cap Dilanun", "15tablets", "3mesday", "10duys", "Tab Evion", "t5tablets", "2tmesa day", "5days", "Tab Dolonex dt", "5tablets", "3 tmes a duy", "5 days", "Cap Omez", "t5tablets", "2 tm5 a doy", "4days", "Syrup", "Dosago", "Froquancy", "Duration", "Syrup Cypon", "Sml", "2 tm doy", "14days", "Advico:", "-Tako bod rost", "Eat nsy-to-dlgest food like boiled rice with dal", "-Stynydrated"], "confidence": [0.9520614147186279, 0.8392246961593628, 0.9123506546020508, 0.7914718389511108, 0.6137485504150391, 0.9723238348960876, 0.9286406636238098, 0.8897534012794495, 0.9788968563079834, 0.9623180627822876, 0.8720095157623291, 0.8927748799324036, 0.8407676815986633, 0.9106659889221191, 0.9279268980026245, 0.8853757381439209, 0.7838765382766724, 0.8366293907165527, 0.9181965589523315, 0.9093613624572754, 0.8568880558013916, 0.7472350001335144, 0.8609673976898193, 0.8862625360488892, 0.7406336069107056, 0.9184122085571289, 0.9852066040039062, 0.9117240309715271, 0.9354243874549866, 0.958915650844574, 0.9539554715156555, 0.8684621453285217, 0.7225327491760254, 0.8842740058898926, 0.9288334846496582, 0.7415408492088318, 0.8857390284538269, 0.8968398571014404], "label": [1, 1, 1, 0, 0, 0, 0]}