{"text": ["XYZ Hospital", "123 tlealth Street,Wellness City", "Phone:+1-234.587-890", "Patlant Namx:Allco Smith", "p:37", "DoctorDr.Johnson", "Medicine", "Dosuge", "Frequency", "Duration", "Tab Cetine", "10 tablets", "3mesday", "10days", "Cap Cypon", "20 tablets", "3 tmes duy", "30 days", "Tab Sumo cold", "15tablets", "2 tmes a duy", "5days", "TabAluhrodin 500", "10tablets", "3 tmesa dey", "10days", "Syrup", "Dosago", "Froquoncy", "Duratlon", "Syrup TusQ dx", "Sml", "2 tm doy", "7days", "SyrupCorox-dx", "Sml", "3timsday", "5doy", "Advico:", "-Tako tod rost", "Eat nsy-to-dlgest food like boiled dce with dal", "-Stayhydrated"], "confidence": [0.951866626739502, 0.8435166478157043, 0.8541738390922546, 0.8458049893379211, 0.7839953899383545, 0.960975170135498, 0.9286406636238098, 0.9349806904792786, 0.9838371276855469, 0.9623180627822876, 0.9121912121772766, 0.9107781648635864, 0.8170825242996216, 0.8628065586090088, 0.9456160068511963, 0.9054545164108276, 0.7485857605934143, 0.8663529753684998, 0.8971992135047913, 0.8927748799324036, 0.7834978699684143, 0.8691898584365845, 0.7435046434402466, 0.9247161149978638, 0.7729131579399109, 0.948091983795166, 0.9728748202323914, 0.8496239185333252, 0.8970111012458801, 0.8653408288955688, 0.9864085912704468, 0.8684621453285217, 0.740436851978302, 0.9057456851005554, 0.8791417479515076, 0.9197258949279785, 0.7808237075805664, 0.7402545213699341, 0.9688101410865784, 0.8293460011482239, 0.9003587961196899, 0.8834782838821411], "label": [1, 1, 1, 0, 0, 0, 0]}