{"text": ["XYZ Hospital", "123 tlealth Street,Wellness City", "Phone:+1-234.587-890", "PatlantNam:Bob Wllams", "p:02", "Doctor: Dr. Millor", "Medicine", "Dosuge", "Frequency", "Duration", "Tab Pan d", "10tablets", "3mesday", "4duys", "Cap Zovirax", "10 tablets", "3tmesaday", "$ days", "TabCyclopam", "10 tablets", "2tmesaday", "30 days", "Tab Combinam", "15tablets", "2 tms a day", "7days", "Syrup", "Dosapo", "Froquancy", "Duratlon", "Syrup Cypon", "Sml", "2 tm doy", "4 day", "SyrupGrillnctus tm", "Sml", "3timsday", "10day", "Advico:", "-Tako tod rost", "Eat nsy-to-digest food like boiled dce with dal", "-Stayhydrated"], "confidence": [0.951866626739502, 0.8471758365631104, 0.8577502369880676, 0.8164585828781128, 0.5924407243728638, 0.946467936038971, 0.9271574020385742, 0.9422492384910583, 0.9838371276855469, 0.9622949361801147, 0.9297789335250854, 0.9273074269294739, 0.8170825242996216, 0.9136894941329956, 0.8846154808998108, 0.9107781648635864, 0.8251487016677856, 0.9286584258079529, 0.8930419683456421, 0.8921223878860474, 0.8519291281700134, 0.8833222985267639, 0.9422912001609802, 0.8931859135627747, 0.7687986493110657, 0.9454089403152466, 0.9701129198074341, 0.8093938827514648, 0.9293076395988464, 0.9548891186714172, 0.9910526275634766, 0.8684621453285217, 0.740436851978302, 0.781293511390686, 0.9035528898239136, 0.9197258949279785, 0.7808237075805664, 0.7979649305343628, 0.9678854942321777, 0.7801290154457092, 0.9067122340202332, 0.8786836266517639], "label": [1, 1, 1, 0, 0, 0, 0]}