{"text": ["XYZ Hospital", "123 tlealth Street,Wellness City", "Phone:+1-234-587-890", "Patlant Namxo:John Johnson", "Ap:52", "Doctor: Dr. Tumor", "Medicine", "Dosage", "Frequency", "Quraton", "TabZole fcreum", "5tablets", "3mesa duy", "5days", "TabAlurodin500", "20 tablets", "3 tmes duy", "30 days", "Cap Colmmune", "15tablets", "2 tmes aduy", "5days", "TabDolo650", "20 tblets", "2tmesa duy", "7 days", "Tab Neurobin Forte", "10tablets", "3 tmesaday", "10days", "Tab Combinam", "15tablets", "2 tmes a doy", "30 days", "Syrup", "Dosapo", "Froquoncy", "Duratlon", "Syrup Corox", "Sml", "2 timdoy", "30days", "Syrup Zodox", "Sml", "2timday", "7day", "Advico:", "-Tako tod rost", "Eat nsy-to-digest food like boiled rice with dnl", "-Stytydrated"], "confidence": [0.9565640091896057, 0.8392246961593628, 0.890522837638855, 0.869255781173706, 0.7315886616706848, 0.9533027410507202, 0.930323600769043, 0.9033363461494446, 0.98594069480896, 0.818080484867096, 0.9077504277229309, 0.901167631149292, 0.765488862991333, 0.8366293907165527, 0.8305628895759583, 0.981949508190155, 0.7145172357559204, 0.8513266444206238, 0.8823237419128418, 0.8647039532661438, 0.7138233184814453, 0.8691898584365845, 0.874789834022522, 0.9086169004440308, 0.8069897890090942, 0.8767657279968262, 0.9452599287033081, 0.9273074269294739, 0.849814236164093, 0.8655838966369629, 0.9304422736167908, 0.8990643620491028, 0.7964136004447937, 0.8513266444206238, 0.988613486289978, 0.8228013515472412, 0.9474319815635681, 0.9799938797950745, 0.8926152586936951, 0.860496461391449, 0.7660655975341797, 0.8245375156402588, 0.9171708822250366, 0.927854061126709, 0.7662373781204224, 0.8754475712776184, 0.9631933569908142, 0.7569788098335266, 0.8460922241210938, 0.9169626235961914], "label": [1, 1, 1, 0, 0, 0, 0]}