{"text": ["XYZ Hospital", "123 tlealth Street,Wellness City", "Phone:+1-234-587-890", "Patlont Nanx:Mla D", ":70", "Doctor:Dr.Johnson", "Medicine", "Dosuge", "Frequency", "Duration", "Tab Sumo cold", "15tablets", "2 umes a day", "7 days", "Tab Allegr", "20 tablets", "3 umes doy", "7 days", "Tab Dolonex dt", "15tablets", "3tmes aday", "30 duys", "Tab Clavum025", "20 tblets", "2 tmesa day", "$ duys", "Cap Omez", "10tablets", "2 tmes a duy", "7 days", "Cap Zovirax", "5tablets", "3 tmesa dey", "30 days", "Syrup", "Dosapo", "Froquoncy", "Duratlon", "Syrup Cypon", "Sml", "3 tims doy", "10days", "Syrup Grillnctus tm", "10ml", "2timday", "30 days", "Advico:", "-Tako tod rost", "Eat nsy-to-digest food like boiled rice with dnl", "-Stytydrated"], "confidence": [0.9556338787078857, 0.8392246961593628, 0.9079828262329102, 0.7844560742378235, 0.7153405547142029, 0.9615412354469299, 0.8953059315681458, 0.9427713751792908, 0.9902750849723816, 0.965709924697876, 0.8847439289093018, 0.8647039532661438, 0.8037311434745789, 0.8594018816947937, 0.8927874565124512, 0.8967920541763306, 0.7165395617485046, 0.861883819103241, 0.9009599685668945, 0.8647039532661438, 0.8478221893310547, 0.8944264054298401, 0.8320003151893616, 0.9086169004440308, 0.8068044185638428, 0.9236800670623779, 0.8481592535972595, 0.9273074269294739, 0.7853452563285828, 0.8720644116401672, 0.9229996204376221, 0.8909797668457031, 0.8194018006324768, 0.863133430480957, 0.988613486289978, 0.8228013515472412, 0.9466862082481384, 0.9799938797950745, 0.9880268573760986, 0.860496461391449, 0.7524312138557434, 0.7868053317070007, 0.9912452697753906, 0.9599877595901489, 0.7676267623901367, 0.7511711120605469, 0.9631933569908142, 0.7688633799552917, 0.8472650647163391, 0.8946594595909119], "label": [1, 1, 1, 0, 0, 0, 0]}