{"text": ["XYZ Hospital", "123 tlealth Street,Wellness City", "Phone:+1-234-587-890", "Patlont Nanx:Mla Brown", ":41", "Doctor:Dr.Patol", "Medicine", "Dosuge", "Frequency", "Duration", "TabDolo650", "15tablets", "3mesday", "$ days", "Cap Pan d", "10 tablets", "2tmesa day", "10days", "TabCiplox500", "t5tablets", "2 tmes a duy", "10 duys", "Tab Dolonex dt", "10tablets", "2 tms a dey", "5days", "Syrup", "Dosago", "Froquancy", "Duration", "Syrup Zodax", "Sml", "3tims doy", "10day", "Advico:", "-Tako bod rost", "Eat nsy-to-dlgest food like boiled rice with dal", "-Stynydrated"], "confidence": [0.9536774754524231, 0.8450579047203064, 0.8937856554985046, 0.8161987662315369, 0.8224173188209534, 0.9482720494270325, 0.9258362054824829, 0.975483238697052, 0.9772398471832275, 0.964890718460083, 0.8855757713317871, 0.8910351991653442, 0.8407676815986633, 0.837290346622467, 0.9068832397460938, 0.8921223878860474, 0.7311515808105469, 0.924377977848053, 0.9243516325950623, 0.8833587169647217, 0.8552422523498535, 0.8914344906806946, 0.9256467819213867, 0.9273074269294739, 0.7383468747138977, 0.8882506489753723, 0.9852066040039062, 0.9117240309715271, 0.9318037033081055, 0.9527572989463806, 0.9421625137329102, 0.8684621453285217, 0.7522122859954834, 0.8316768407821655, 0.9288334846496582, 0.7142534255981445, 0.8857390284538269, 0.8981642127037048], "label": [1, 1, 1, 0, 0, 0, 0]}