{"text": ["XYZ Hospital", "123 tlealth Street,Wellness City", "Phone:+1-234.587-890", "PatlontNamx:Evo Davs", "80", "Doctor: Dr. Tumor", "Medicine", "Dosuge", "Frequency", "Duration", "Cap Zovirax", "20 tblets", "3mesdey", "4duys", "Tab Neurobin Forte", "10 tablets", "2 tm0s  duy", "10days", "TabCyciomeff", "20 tablets", "2tmesa dey", "5days", "Cap Omez", "t5tablets", "2 tmes a day", "7days", "Syrup", "Dosago", "Froquancy", "Duratlon", "Syrup Corox", "10ml", "2 tm doy", "7days", "SyrupGrillnctus tm", "10ml", "3timsday", "30dy", "Advico:", "-Tako tod rost", "Eat nsy-to-dlgest food like boiled rice with dal", "-Staytydrated"], "confidence": [0.951496422290802, 0.8383982181549072, 0.8541738390922546, 0.8296118974685669, 0.7815377712249756, 0.969323992729187, 0.9291049838066101, 0.9427713751792908, 0.9838371276855469, 0.9623180627822876, 0.8637662529945374, 0.9135541915893555, 0.8336987495422363, 0.9136894941329956, 0.9362795352935791, 0.8921223878860474, 0.7051472663879395, 0.9015160202980042, 0.8599615097045898, 0.8709948658943176, 0.8103421926498413, 0.8882506489753723, 0.861156702041626, 0.8862625360488892, 0.7614920139312744, 0.9342161417007446, 0.9728748202323914, 0.8347269892692566, 0.9293076395988464, 0.9490550756454468, 0.8950319886207581, 0.9347427487373352, 0.741890549659729, 0.9112256765365601, 0.9035528898239136, 0.911413848400116, 0.774340033531189, 0.9695253372192383, 0.967370867729187, 0.7706423997879028, 0.9067288041114807, 0.876143217086792], "label": [1, 1, 1, 0, 0, 0, 0]}