{"text": ["XYZ Hospital", "123 tlealth Street,Wellness City", "Phone:+1-234-587-890", "Patlont Nanx:Davld D", "p:43", "Doctor:Dr.Smith", "Medicine", "Dosuge", "Frequency", "Duration", "Cap Cypon", "5tablets", "3 mes doy", "4duys", "Tab Febrexplus", "20 tablets", "2 m0s  duy", "5days", "TabPand", "15tablets", "3 tmesa doy", "5days", "Tab Dolonexdt", "15tablets", "2tmesa day", "4duys", "TabAluhrocin 500", "15tablets", "3 tmesaday", "30 days", "TabNeurobin Forte", "15tablets", "2 tmesa dey", "$ days", "Syrup", "Dosapo", "Froquoncy", "Durotlon", "Syrup Corox", "Sml", "3tims doy", "7days", "Syrup Brozodax", "Sml", "3 tims doy", "7day", "Advico:", "-Tako tod rost", "Eat nsy-to-digest food like boiled rice with dal", "-Stytydrated"], "confidence": [0.9555370807647705, 0.8471035957336426, 0.8946743011474609, 0.8057855367660522, 0.7557733058929443, 0.940198540687561, 0.930323600769043, 0.9740098118782043, 0.9862409234046936, 0.9621754884719849, 0.9244403839111328, 0.901167631149292, 0.7591496109962463, 0.9136894941329956, 0.9352995753288269, 0.8709948658943176, 0.7353242039680481, 0.8520981669425964, 0.9693130850791931, 0.8647039532661438, 0.7694242000579834, 0.8538904190063477, 0.9467213153839111, 0.8671495914459229, 0.7996856570243835, 0.9083743095397949, 0.7804476022720337, 0.8647039532661438, 0.8472303152084351, 0.8513266444206238, 0.9596668481826782, 0.8990643620491028, 0.820049524307251, 0.9325768351554871, 0.988613486289978, 0.8228013515472412, 0.9464366436004639, 0.9339734315872192, 0.8896477222442627, 0.860496461391449, 0.737549364566803, 0.8864108920097351, 0.9867767095565796, 0.927854061126709, 0.7524312138557434, 0.8532044887542725, 0.9622077345848083, 0.7723420858383179, 0.9027966856956482, 0.9149386882781982], "label": [1, 1, 1, 0, 0, 0, 0]}