{"text": ["XYZ Hospital", "123 tlealth Street,Wellness City", "Phone:+1-234.587-890", "PatlontNamx:Llam Brown", ":70", "Doctor: Dr.Tumor", "Medicine", "Dosage", "Frequency", "Duration", "Cap Zovirax", "5tablets", "3 mesdey", "7 duys", "Tab Sumo cold", "20 tblets", "20mesaday", "4days", "Tab Pan d", "10 tablets", "2 tmes aday", "5days", "Tab Cetine", "20 tablets", "2 tms a day", "7 days", "Cap Oilantn", "5tablets", "2tmesaday", "10days", "Syrup", "Dosapo", "Froquoncy", "Duratlon", "Syrup Fobrox plus", "10ml", "2timday", "7day", "Advico:", "-Tako tod rost", "Eat nsy-to-dlgest food like boiled dce with dal", "-Staytydrated"], "confidence": [0.9539773464202881, 0.8380128741264343, 0.8541738390922546, 0.8679206371307373, 0.7763848900794983, 0.9445096850395203, 0.9286406636238098, 0.9033363461494446, 0.986274003982544, 0.955414891242981, 0.8704531192779541, 0.9057856798171997, 0.8015594482421875, 0.9828178286552429, 0.9195887446403503, 0.9248446226119995, 0.7603479623794556, 0.8935898542404175, 0.8942930698394775, 0.8921223878860474, 0.7636944055557251, 0.8691898584365845, 0.925218939781189, 0.90187007188797, 0.8000491857528687, 0.8767657279968262, 0.8276081085205078, 0.9057856798171997, 0.8577829003334045, 0.9213528037071228, 0.9720994234085083, 0.9054598808288574, 0.9749724864959717, 0.910537838935852, 0.993262767791748, 0.9483411312103271, 0.7550383806228638, 0.8434621095657349, 0.9687759280204773, 0.8118053078651428, 0.901470422744751, 0.9258518218994141], "label": [1, 1, 1, 0, 0, 0, 0]}