{"text": ["XYZ Hospital", "123 tlealth Street,Wellness City", "Phone:+1-234.587-890", "PatlntNanx:Evo Wllams", ":54", "Doctor: Dr. Millor", "Medicine", "Dosuge", "Frequency", "Duration", "Cap Pan d", "20tblets", "3mesday", "10days", "TabCiplox500", "5tablets", "3 0ms dey", "10days", "TabCyclopam", "10 tablets", "3 tmesaday", "30 days", "Tab Allegre", "10tablets", "2 tmes adey", "10days", "Tab Pand", "10tablets", "3 tmesaday", "30 days", "Syrup", "Dosapo", "Froquoncy", "Quratlon", "Syrup TusQx", "10ml", "2timday", "10day", "Advico:", "-Tako tod rost", "Eat nsy-to-dlgest food like boiled dc with dnt", "-Staytydrated"], "confidence": [0.9555370807647705, 0.84084153175354, 0.8522945642471313, 0.7797948718070984, 0.8006799817085266, 0.9602433443069458, 0.9286406636238098, 0.9427713751792908, 0.9838371276855469, 0.9623180627822876, 0.8858659863471985, 0.9343926906585693, 0.8353540301322937, 0.8628065586090088, 0.8872146606445312, 0.8861472606658936, 0.7231447696685791, 0.9213528037071228, 0.9063614010810852, 0.8921223878860474, 0.8151966333389282, 0.8853435516357422, 0.8729494214057922, 0.9273074269294739, 0.8006426095962524, 0.9213528037071228, 0.9204728007316589, 0.9273074269294739, 0.8482871055603027, 0.8853435516357422, 0.9720994234085083, 0.7913495898246765, 0.9624842405319214, 0.9072468280792236, 0.9431978464126587, 0.9347427487373352, 0.7432094216346741, 0.8202261924743652, 0.9694406390190125, 0.7755385041236877, 0.8745375871658325, 0.9281126260757446], "label": [1, 1, 1, 0, 0, 0, 0]}