{"text": ["XYZ Hospital", "123 tlealth Street,Wellness City", "Phone:+1-234.587-890", "Patlant Namx:Graco Millar", "p:28", "Doctor:Dr.Smith", "Medicine", "Dosuge", "Frequency", "Duration", "Tab Dolonex dt", "5 tablets", "20ms day", "5 days", "Cap Omez", "t5tablets", "3tmesaday", "7days", "Tab Sumo cold", "10 tablets", "3 tmesaday", "t4 doys", "Tab Allegra", "t5tablets", "2 tms a doy", "30 days", "Syrup", "Dosago", "Froquoncy", "Duratlon", "Syrup Zodox", "Sml", "3tms doy", "5 days", "Syrup Brozodax", "10ml", "3timsday", "30dy", "Advico:", "-Tako tod rost", "Eat nsy-to-dlgest food like boiled rice with dal", "-Staytydrated"], "confidence": [0.9544302821159363, 0.8478810787200928, 0.8465229868888855, 0.8196678161621094, 0.626974880695343, 0.9724594354629517, 0.930323600769043, 0.9427713751792908, 0.9560942053794861, 0.964890718460083, 0.9164556860923767, 0.8638057708740234, 0.7605679631233215, 0.7393367886543274, 0.8855268955230713, 0.8831853270530701, 0.8029834628105164, 0.9236086010932922, 0.8949180841445923, 0.8921223878860474, 0.8490052223205566, 0.8018261790275574, 0.9001299142837524, 0.8862625360488892, 0.7903292179107666, 0.8867191672325134, 0.9747051000595093, 0.8496239185333252, 0.9588271379470825, 0.9613759517669678, 0.9644814133644104, 0.8684621453285217, 0.6752092242240906, 0.8145861029624939, 0.8690010905265808, 0.9165780544281006, 0.7829917669296265, 0.9695253372192383, 0.9688101410865784, 0.8305357098579407, 0.9003981947898865, 0.9319948554039001], "label": [1, 1, 1, 0, 0, 0, 0]}