{"text": ["XYZ Hospital", "123 tlealth Street,Wellness City", "Phone:+1-234-587-890", "Patlont Nanx:Bob Davs", ":40", "Doctor: Dr.Lao", "Medicine", "Dosage", "Frequency", "Duration", "TabCiplox500", "20 tblets", "20ms doy", "10duys", "Tab Cyclopam", "10 tablets", "20mes dey", "7 days", "TabAluhrodin 500", "t5tblets", "3 tmes a duy", "4 days", "Tab Pand", "t5tablets", "3 tmesa dey", "4days", "Syrup", "Dosago", "Froquancy", "Duration", "Syrup Cypon", "10ml", "3tims doy", "10days", "Advico:", "-Tako bod rost", "Eat nsy-to-dlgest food like boiled rice with dal", "-Stynydrated"], "confidence": [0.9545387625694275, 0.847599446773529, 0.8954404592514038, 0.825107753276825, 0.7442576289176941, 0.9019595384597778, 0.930411696434021, 0.9033363461494446, 0.9838311672210693, 0.9623180627822876, 0.8755257725715637, 0.9135541915893555, 0.7564270496368408, 0.9106659889221191, 0.888901948928833, 0.8921223878860474, 0.7364528775215149, 0.8401936888694763, 0.7636738419532776, 0.9061143398284912, 0.8536353707313538, 0.8659627437591553, 0.9216569662094116, 0.8856318593025208, 0.7706842422485352, 0.9184122085571289, 0.9852066040039062, 0.9191999435424805, 0.9371910095214844, 0.9769387245178223, 0.9541612863540649, 0.9658069610595703, 0.7523825764656067, 0.869358479976654, 0.9288334846496582, 0.7415408492088318, 0.8857390284538269, 0.897686243057251], "label": [1, 0, 1, 0, 0, 0, 0]}