{"text": ["XYZ Hospital", "123 tlealth Street,Wellness City", "Phone:+1-234.587-890", "PatlantNamx:Llam Millor", ":70", "DoctorDr.Tumor", "Medicine", "Dosuge", "Frequency", "Duration", "Tab Evlon", "20 tblets", "20ms doy", "30 days", "Tab Neurobin Forte", "20 tablets", "2tmesa day", "t4days", "Cap Pan d", "20 tablets", "2tmesa dey", "10 days", "Cap Cypon", "20 tablets", "3 tmesa dey", "30 days", "Syrup", "Dosago", "Froquoncy", "Duration", "Syrup Zodax", "Sml", "3tms doy", "5 days", "Syrup Cypon", "10ml", "3timsday", "7day", "Advico:", "-Tako bod rost", "Eat nsy-to-digest food like boiled rice with dal", "-Stayhydrated"], "confidence": [0.9544928669929504, 0.8445388078689575, 0.8541738390922546, 0.8661905527114868, 0.8660268783569336, 0.9667707681655884, 0.9271574020385742, 0.9427713751792908, 0.9838371276855469, 0.964890718460083, 0.9150912761688232, 0.9135541915893555, 0.7517251968383789, 0.8676621317863464, 0.9274117350578308, 0.9054545164108276, 0.7775739431381226, 0.8406792283058167, 0.9023553133010864, 0.8967920541763306, 0.8125902414321899, 0.8341116905212402, 0.9557273387908936, 0.8983814120292664, 0.8120609521865845, 0.8853435516357422, 0.9747051000595093, 0.8384754657745361, 0.9104382991790771, 0.9527572989463806, 0.9170301556587219, 0.9028758406639099, 0.7202708125114441, 0.8339796662330627, 0.9280782341957092, 0.911413848400116, 0.7808237075805664, 0.8483083248138428, 0.967370867729187, 0.8230072855949402, 0.8990753293037415, 0.8757689595222473], "label": [1, 1, 1, 0, 0, 0, 0]}