{"text": ["XYZ Hospital", "123 tlealth Street,Wellness City", "Phone:+1-234-587-890", "PatlntNan:John D", "p:25", "DoctorDr.Smith", "Medicine", "Dosuge", "Frequency", "Duration", "Tab Evlon", "20 tblets", "20ms dey", "4duys", "Tab Pan d", "t5tablets", "3 tmes doy", "4days", "Cap Omez", "t5tblets", "2 tmes a duy", "30 days", "TabCiplox500", "10tablets", "2 tmes a day", "t4days", "Syrup", "Dosapo", "Froquancy", "Duratlon", "Syrup Brozodox", "Sml", "2 tm doy", "5 days", "SyrupTusdx", "Sml", "2timday", "10day", "Advico:", "-Tako tod rost", "Eat nsy-to-dlgest food like boiled dce with dal", "-Staytydrated"], "confidence": [0.9539773464202881, 0.8388950228691101, 0.8651002049446106, 0.8534581661224365, 0.8360955119132996, 0.974786639213562, 0.9318302869796753, 0.9427713751792908, 0.9838371276855469, 0.9623180627822876, 0.9264383316040039, 0.9135541915893555, 0.7710025310516357, 0.9136894941329956, 0.9133387804031372, 0.8836497068405151, 0.7507402896881104, 0.8935898542404175, 0.8963239192962646, 0.9061143398284912, 0.7841776013374329, 0.8663529753684998, 0.9503915309906006, 0.9247161149978638, 0.7614920139312744, 0.8406792283058167, 0.9747051000595093, 0.8093938827514648, 0.9257277250289917, 0.937681257724762, 0.9650459885597229, 0.8684621453285217, 0.7824395895004272, 0.8145861029624939, 0.8984538316726685, 0.9197258949279785, 0.8054354786872864, 0.7979649305343628, 0.96641606092453, 0.7950741052627563, 0.9047735333442688, 0.932716965675354], "label": [1, 1, 1, 0, 0, 0, 0]}