{"text": ["XYZ Hospital", "123 tlealth Street,Wellness City", "Phone:+1-234.587-890", "PatlantNamx:Llam Wilson", "Ap:51", "Doctor: Dr. Tumor", "Medicine", "Dosuge", "Frequency", "Duration", "Cap Colmmune", "15tblets", "3mesday", "t4 days", "TabCiplox500", "5tablets", "2tmesa dey", "5days", "Tab Neurobin Forte", "5tablets", "3 tmesa duy", "4 duys", "Cap Omez", "10tablets", "3 tmesa doy", "5days", "TabDolo650", "10tablets", "3 tmesaday", "30 days", "TabCyciopam", "5tablets", "3 tmesa dey", "t4days", "Syrup", "Dosago", "Froquoncy", "Duratlon", "Syrup Corox", "Sml", "2tm doy", "7day", "Advico:", "-Tako to rost", "Eat nsy-to-digest food like boiled dce with dnl", "Stoytydrated"], "confidence": [0.9488534331321716, 0.8382701873779297, 0.8581722378730774, 0.8387193083763123, 0.7661563158035278, 0.9687114953994751, 0.9539714455604553, 0.9412831664085388, 0.9790523052215576, 0.9618746042251587, 0.8853103518486023, 0.9046850204467773, 0.8458738923072815, 0.9412974119186401, 0.9319968819618225, 0.9046000242233276, 0.7338863611221313, 0.8520981669425964, 0.9522820711135864, 0.9159331321716309, 0.8074479699134827, 0.9403669238090515, 0.832811713218689, 0.9247161149978638, 0.8015906810760498, 0.8520981669425964, 0.8790748715400696, 0.9273074269294739, 0.8352519273757935, 0.8513266444206238, 0.8890260457992554, 0.8909797668457031, 0.783811628818512, 0.8406792283058167, 0.9719002842903137, 0.9144992828369141, 0.9638596773147583, 0.9921525120735168, 0.8827641010284424, 0.9028758406639099, 0.7230568528175354, 0.940690815448761, 0.9678854942321777, 0.7480148077011108, 0.861255407333374, 0.856630802154541], "label": [1, 1, 1, 0, 0, 0, 0]}