{"text": ["XYZ Hospital", "123 tlealth Street,Wellness City", "Phone:+1-234-587-890", "Patlont Nam:Llam Wlllams", "80", "Doctor: Dr. Millor", "Medicine", "Dosage", "Frequency", "Duration", "Tab Combinlam", "20 tblets", "20ms doy", "5 days", "Tab Allegra", "t5tablets", "2tmesa day", "10days", "Tab Triz", "10tablets", "2 tmes a duy", "7 days", "TabZole fcream", "20 tblets", "3 tmesa dey", "30 days", "Syrup", "Dosago", "Froquancy", "Duration", "Syrup Corx", "10ml", "3tims doy", "30day", "Advico:", "-Tako bod rost", "Eat nsy-to-dlgest food like boiled rice with dal", "-Stytydrated"], "confidence": [0.9535815715789795, 0.8377290964126587, 0.8868597745895386, 0.8277072906494141, 0.7866202592849731, 0.9661974310874939, 0.936901867389679, 0.8897534012794495, 0.9788968563079834, 0.964890718460083, 0.9103419780731201, 0.9135541915893555, 0.7564270496368408, 0.7393367886543274, 0.8720228672027588, 0.8833587169647217, 0.7311515808105469, 0.924377977848053, 0.8176649808883667, 0.9273074269294739, 0.8743255138397217, 0.8480218052864075, 0.8905025124549866, 0.9086169004440308, 0.7706842422485352, 0.8853435516357422, 0.970925509929657, 0.9117240309715271, 0.935694694519043, 0.9392375946044922, 0.9269081354141235, 0.9658069610595703, 0.7522122859954834, 0.8759253621101379, 0.9288334846496582, 0.7142534255981445, 0.8857390284538269, 0.9112634658813477], "label": [1, 0, 1, 0, 0, 0, 0]}