{"text": ["XYZ Hospital", "123 tlealth Street,Wellness City", "Phone:+1-234-587-890", "Patlant Namxo:John Johnson", "p:38", "Doctor: Dr.Lao", "Medicine", "Dosage", "Frequency", "Duration", "Tab Cetine", "15tablets", "3mesday", "30 days", "Tab Sumo cold", "t5tablets", "3tmesaday", "7 days", "TabAluhrodin 500", "5tablets", "2 tmes a duy", "10 days", "TabFebrexplus", "t5tablets", "3 tmesadey", "5days", "Syrup", "Dosago", "Froquancy", "Duratlon", "Syrup TusQx", "Sml", "3tims doy", "7 days", "Advico:", "-Tako bod rost", "Eat nsy-to-dlgest food like boiled rice with dal", "-Stynydrated"], "confidence": [0.9537635445594788, 0.8392246961593628, 0.8951611518859863, 0.8612762093544006, 0.7383583188056946, 0.903112530708313, 0.930323600769043, 0.8897534012794495, 0.9788968563079834, 0.964890718460083, 0.9271114468574524, 0.8927748799324036, 0.8407676815986633, 0.8676621317863464, 0.9211623072624207, 0.8833587169647217, 0.8034953474998474, 0.8720644116401672, 0.7601300477981567, 0.9093613624572754, 0.9155074954032898, 0.8690416216850281, 0.9779720306396484, 0.8862625360488892, 0.7185487747192383, 0.8950570225715637, 0.9728748202323914, 0.9117240309715271, 0.9354243874549866, 0.9542348384857178, 0.9471550583839417, 0.8684621453285217, 0.7523825764656067, 0.963207483291626, 0.9288334846496582, 0.7142534255981445, 0.8857390284538269, 0.8987074494361877], "label": [1, 0, 1, 0, 0, 0, 0]}