{"text": ["XYZ Hospital", "123 tlealth Street,Wellness City", "Phone:+1-234.587-890", "Patlant Namx:John Whito", "p:22", "Doctor: Dr. Tumor", "Medicine", "Dosuge", "Frequency", "Duration", "TabNeurobin Forte", "15tablets", "3mesday", "7 days", "Tab Dolo650", "20 tablets", "2 um5  dey", "4days", "Cap Colmmune", "t5tablets", "2tmes day", "5days", "Tab Zole fcream", "20 toblets", "2 tmes a doy", "4days", "TabFebrexplus", "20 tablets", "2tmesaday", "5days", "Syrup", "Dosapo", "Froquoncy", "Duratlon", "Syrup Fobroxplus", "Sml", "3timsday", "Sday", "Advico:", "-Tako tod rost", "Eat nsy-to-dlgest food like boiled dce with dal", "-Staytydrated"], "confidence": [0.9554066061973572, 0.8445388078689575, 0.8541738390922546, 0.8610692024230957, 0.7705976963043213, 0.9633920192718506, 0.9286406636238098, 0.9427713751792908, 0.9832684397697449, 0.955414891242981, 0.9521375298500061, 0.8890218734741211, 0.845176637172699, 0.8594018816947937, 0.8408575654029846, 0.9054545164108276, 0.6873760223388672, 0.8935898542404175, 0.8973104357719421, 0.8781424760818481, 0.7540256381034851, 0.8344883918762207, 0.8872900605201721, 0.8743324279785156, 0.7760208249092102, 0.9184122085571289, 0.976646363735199, 0.8804751634597778, 0.8616077899932861, 0.8882506489753723, 0.9747051000595093, 0.9107210040092468, 0.9779825210571289, 0.910537838935852, 0.8273863792419434, 0.9197258949279785, 0.7440789937973022, 0.7356988191604614, 0.9687759280204773, 0.761809766292572, 0.9014807939529419, 0.8775733709335327], "label": [1, 1, 1, 0, 0, 0, 0]}