{"text": ["XYZ Hospital", "123 tlealth Street,Wellness City", "Phone:+1-234.587-890", "Patlont Nanx:Chadlo Wlllams", "Ap:58", "Doctor: Dr.Patol", "Medicine", "Dosuge", "Frequency", "Duration", "CapCo-lmmune", "20tblets", "3mesday", "7 days", "Tab Dolo650", "5tablets", "20mesaday", "30 days", "Cap Cypon", "t5tblets", "3 tmesaday", "30 days", "Cap Dilantn", "t5tablets", "3tmes adey", "10days", "TabFebrexplus", "20tablets", "3 tmesaday", "30 days", "Syrup", "Dosapo", "Froquoncy", "Duratlon", "Syrup TusQ-dx", "10ml", "3timsday", "14day", "Advico:", "-Tako tod rost", "Eat nsy-to-dlgest food like boiled dce with dal", "-Staytydrated"], "confidence": [0.9544302821159363, 0.8386499881744385, 0.8577502369880676, 0.803436815738678, 0.5542054772377014, 0.9443982243537903, 0.9307171702384949, 0.9427713751792908, 0.9838371276855469, 0.964890718460083, 0.886903703212738, 0.9343926906585693, 0.8390634655952454, 0.9877565503120422, 0.8573552966117859, 0.895728349685669, 0.7708227634429932, 0.8663529753684998, 0.9417367577552795, 0.8860220909118652, 0.8151966333389282, 0.8833222985267639, 0.9213257431983948, 0.8721339702606201, 0.8477534055709839, 0.9213528037071228, 0.9625754952430725, 0.8978633880615234, 0.8482871055603027, 0.8853435516357422, 0.9720994234085083, 0.8934853076934814, 0.9624842405319214, 0.916279673576355, 0.9558829665184021, 0.9483411312103271, 0.7220712900161743, 0.7760825753211975, 0.96775883436203, 0.7913121581077576, 0.9010859727859497, 0.937537431716919], "label": [1, 1, 1, 0, 0, 0, 0]}