{"text": ["XYZ Hospital", "123 tlealth Street,Wellness City", "Phone:+1-234.587-890", "Patlont Namx:Mla Whito", "p:31", "Doctor: Dr. Tumor", "Medicine", "Dosuge", "Frequency", "Duration", "TabCyciometf", "t5tablets", "20ms dey", "10duys", "Tab Dolo650", "20 tablets", "2 tm0s  duy", "5days", "TabAllegra", "t5tblets", "3 tmesaday", "7 days", "Tab Cetine", "t5tablets", "2 tmes a day", "30 days", "Syrup", "Dosago", "Froquoncy", "Duratlon", "Syrup Brozodax", "10ml", "2 tm doy", "5 days", "SyrupCorax", "10ml", "2timday", "10day", "Advico:", "-Tako tod rost", "Eat nsy-to-dlgest food like boiled rice with dal", "-Staytydrated"], "confidence": [0.9531888961791992, 0.8400601148605347, 0.8541738390922546, 0.8366676568984985, 0.739750325679779, 0.9647571444511414, 0.930323600769043, 0.9427713751792908, 0.9905779957771301, 0.9623180627822876, 0.8697150349617004, 0.8831853270530701, 0.7710025310516357, 0.9106659889221191, 0.8089301586151123, 0.9054545164108276, 0.7051472663879395, 0.8691898584365845, 0.9442430734634399, 0.9061143398284912, 0.8439608812332153, 0.8720644116401672, 0.9148356318473816, 0.8862625360488892, 0.7614920139312744, 0.8500292897224426, 0.9747051000595093, 0.8384754657745361, 0.9034984111785889, 0.8827411532402039, 0.977043092250824, 0.9347427487373352, 0.7824395895004272, 0.8145861029624939, 0.9244626760482788, 0.911413848400116, 0.8054354786872864, 0.7979649305343628, 0.9683253169059753, 0.7978090047836304, 0.9031388163566589, 0.9250409007072449], "label": [1, 0, 1, 0, 0, 0, 0]}