{"text": ["XYZ Hospital", "123 tlealth Street,Wellness City", "Phone:+1-234.587-890", "Patlont Namx:EvoWhito", ":40", "Doctor: Dr. Smith", "Medicine", "Dosuge", "Frequency", "Duration", "Cup Cypon", "10tablets", "3mesday", "$ days", "TabCiplox500", "10 tablets", "20mes dey", "30 days", "Tab Febrex plus", "10 tablets", "3tmes aday", "30 days", "Cap Zovirax", "10 tablets", "2 tmes adey", "10days", "Tab Triz", "5tablets", "2tmesaday", "5days", "Syrup", "Dosapo", "Froquancy", "Duratlon", "Syrup Cypon", "Sml", "2tmdoy", "5day", "Syrup Brozodox", "Sml", "3tims doy", "5 days", "Advico:", "-Tako tod rost", "Eat nsy-to-digest food like boiled rice with dnl", "Stoybydrated"], "confidence": [0.9558982253074646, 0.8474778532981873, 0.8575018644332886, 0.853644073009491, 0.8325653076171875, 0.9401914477348328, 0.9286406636238098, 0.9054610133171082, 0.9788968563079834, 0.964890718460083, 0.8876235485076904, 0.9273074269294739, 0.8203554749488831, 0.837290346622467, 0.9245054125785828, 0.9107781648635864, 0.7687022686004639, 0.8663529753684998, 0.9202976822853088, 0.8921223878860474, 0.8152057528495789, 0.8833222985267639, 0.9172304272651672, 0.901634693145752, 0.8098935484886169, 0.9193813800811768, 0.9755823016166687, 0.9057856798171997, 0.8577829003334045, 0.8746163249015808, 0.9719002842903137, 0.90386563539505, 0.934880256652832, 0.9960426092147827, 0.9832866787910461, 0.8684621453285217, 0.7008616924285889, 0.7321327924728394, 0.976361095905304, 0.9197258949279785, 0.7592406868934631, 0.8215978741645813, 0.9687759280204773, 0.7849678993225098, 0.8504207730293274, 0.8402068614959717], "label": [1, 1, 1, 0, 0, 0, 0]}