{"text": ["XYZ Hospital", "123 tlealth Street,Wellness City", "Phone:+1-234-587-890", "Patlont Nanx:Allco Davs", "p:03", "Doctor:Dr.Johnson", "Medicine", "Dosuge", "Frequency", "Duration", "Cap Omez", "20tblets", "3mesdey", "7 days", "Tab Cetine", "15tablets", "2 tm0s  duy", "4duys", "TabCiplox 500", "5tablets", "3 tmesa doy", "10days", "TabAlurocin 500", "15tablets", "2 tmesa day", "7 days", "Cup Colmmune", "10tablets", "2 umes a duy", "7 days", "Cap Dilanun", "5tablets", "3 tmesa dey", "$ days", "Syrup", "Dosago", "Froquoncy", "Duratlon", "Syrup Brozodax", "10ml", "3tims doy", "10day", "Syrup Corox-dx", "Sml", "2timday", "7day", "Advico:", "-Tako tod rst", "Eat nsy-to-digest food like boiled rice with dal", "-Stytydrated"], "confidence": [0.9428637623786926, 0.8467555046081543, 0.8872672319412231, 0.8247849941253662, 0.6340402364730835, 0.964895486831665, 0.9307171702384949, 0.9427713751792908, 0.9902750849723816, 0.955414891242981, 0.8499735593795776, 0.9343926906585693, 0.8327884078025818, 0.861883819103241, 0.9373575448989868, 0.9092390537261963, 0.7051472663879395, 0.9136894941329956, 0.9133872389793396, 0.916618824005127, 0.7852831482887268, 0.8654675483703613, 0.7915495038032532, 0.867788553237915, 0.8068044185638428, 0.8452855944633484, 0.8903703093528748, 0.9273074269294739, 0.7387182116508484, 0.8452855944633484, 0.953731119632721, 0.8909797668457031, 0.8336135745048523, 0.9286584258079529, 0.988613486289978, 0.8360254764556885, 0.9466862082481384, 0.9893155694007874, 0.9621134400367737, 0.9702969789505005, 0.732460081577301, 0.8265790939331055, 0.9718355536460876, 0.927854061126709, 0.8143227696418762, 0.8654559254646301, 0.9684262275695801, 0.7242653369903564, 0.9027966856956482, 0.9149673581123352], "label": [1, 1, 1, 0, 0, 0, 0]}