{"text": ["XYZ Hospital", "123 tlealth Street,Wellness City", "Phone:+1-234.587-890", "Patlant Namxo:Davld Johnson", "Ap:75", "DoctorDr.Johnson", "Medicine", "Dosuge", "Frequency", "Duration", "TabCiplox500", "15tablets", "20ms dey", "7 days", "Tab Febrex plus", "10 tablets", "3 umes dey", "7 days", "Tab Neurobin Forte", "10 tablets", "2 tmesa dey", "7 days", "Cap Zovirax", "15tablets", "2tmesa dey", "7 days", "TabAllegra", "5tablets", "2tmesaday", "4days", "Syrup", "Dosago", "Froquoncy", "Duratlon", "Syrup Zodax", "Sml", "3timsday", "10day", "Advico:", "-Tako tod rost", "Eat nsy-to-dlgest food like boiled dce with dal", "-Stayhydrated"], "confidence": [0.95541912317276, 0.8385250568389893, 0.8577502369880676, 0.8572055697441101, 0.7691259980201721, 0.9631726741790771, 0.930323600769043, 0.975483238697052, 0.9838371276855469, 0.964890718460083, 0.8939201831817627, 0.8647039532661438, 0.7692691087722778, 0.8635157942771912, 0.9099733233451843, 0.8921223878860474, 0.7338784337043762, 0.8720644116401672, 0.9351704716682434, 0.8921223878860474, 0.7796850204467773, 0.8720644116401672, 0.8836166262626648, 0.9035497307777405, 0.848609447479248, 0.8720644116401672, 0.938199520111084, 0.9057856798171997, 0.8577829003334045, 0.9184122085571289, 0.9747051000595093, 0.9064610600471497, 0.9749724864959717, 0.9654592275619507, 0.9236021041870117, 0.9197258949279785, 0.7407669425010681, 0.8202261924743652, 0.96775883436203, 0.7905479669570923, 0.9010121822357178, 0.8896684050559998], "label": [1, 1, 1, 0, 0, 0, 0]}