{"text": ["XYZ Hospital", "123 tlealth Street,Wellness City", "Phone:+1-234.587-890", "Patlant Namx:Allco Willlams", ":40", "Doctor: Dr. Smith", "Medicine", "Dosuge", "Frequency", "Duration", "Tab Neurobin Forte", "5 tablets", "3 mes doy", "14duys", "Tab Febrex plus", "20 tablets", "20mesa duy", "30 days", "TabCiplox500", "20 tablets", "2 tmsa duy", "30 duys", "Cap Cypon", "15tablets", "2tmesa day", "10days", "Tab Cyciomelf", "5tablets", "3 tmesaday", "4days", "Tab Dolonex dt", "5tablets", "2 tmes a doy", "10days", "Syrup", "Dosapo", "Froquoncy", "Duratlon", "Syrup TusQx", "Sml", "3tms doy", "14days", "Advico:", "-Tako bod rst", "Eat nsy-to-digest food like boiled dce with dnl", "Stoy bydrated"], "confidence": [0.9441022872924805, 0.8428828716278076, 0.8589719533920288, 0.8389820456504822, 0.7442576289176941, 0.9573272466659546, 0.9254783391952515, 0.9740098118782043, 0.98100346326828, 0.9629752039909363, 0.9215968251228333, 0.887381374835968, 0.7526925802230835, 0.8650357723236084, 0.9089545607566833, 0.8709948658943176, 0.7393035292625427, 0.8518379926681519, 0.9338225722312927, 0.8709948658943176, 0.7483718395233154, 0.9069848656654358, 0.9194541573524475, 0.8671495914459229, 0.8076890110969543, 0.9213528037071228, 0.8492365479469299, 0.9079194068908691, 0.8478784561157227, 0.9184122085571289, 0.9198975563049316, 0.9079194068908691, 0.7914690375328064, 0.8654675483703613, 0.9719002842903137, 0.7875345349311829, 0.9524527788162231, 0.9877357482910156, 0.9340599179267883, 0.927854061126709, 0.7060664892196655, 0.8428124785423279, 0.9678854942321777, 0.7399647235870361, 0.8601347208023071, 0.806763768196106], "label": [1, 1, 1, 0, 0, 0, 0]}