{"text": ["XYZ Hospital", "123 tlealth Street,Wellness City", "Phone:+1-234-587-890", "Patlant Nanx:Jano Ro", "Ap:65", "Doctor: Dr. Millor", "Medicine", "Dosuge", "Frequency", "Duration", "TabCiplox500", "5 tablets", "3mesaday", "7 days", "Tab Pan d", "20 tblets", "3tmesaday", "7 days", "TabNeurobin Forte", "t5tblets", "3 tmes a duy", "5 days", "Tab Trz", "5tablets", "3 tmesa dey", "7 days", "Syrup", "Dosapo", "Froquancy", "Duratlon", "Syrup Brozodax", "10ml", "2 tim doy", "30day", "Advico:", "-Tako bod rost", "Eat nsy-to-dlgest food like boiled rice with dal", "-Stytydrated"], "confidence": [0.947755753993988, 0.8395678997039795, 0.9010553359985352, 0.7704554200172424, 0.6137485504150391, 0.9622380137443542, 0.9499181509017944, 0.9030749201774597, 0.9859857559204102, 0.964890718460083, 0.8637798428535461, 0.887381374835968, 0.7869849801063538, 0.9877565503120422, 0.9056241512298584, 0.9248446226119995, 0.8201786875724792, 0.8720644116401672, 0.9540185332298279, 0.9061143398284912, 0.8619096875190735, 0.802062451839447, 0.8342235684394836, 0.8909797668457031, 0.7049140334129333, 0.8767657279968262, 0.9852066040039062, 0.7913495898246765, 0.9354243874549866, 0.8827411532402039, 0.9840925335884094, 0.9658069610595703, 0.7495908737182617, 0.8854146003723145, 0.9288334846496582, 0.7142534255981445, 0.8857390284538269, 0.9112634658813477], "label": [1, 0, 1, 0, 0, 0, 0]}