{"text": ["XYZ Hospital", "123 tlealth Street,Wellness City", "Phone:+1-234.587-890", "PatlontNamx:Mla Brown", ":24", "Doctor: Dr. Patol", "Medicine", "Dosuge", "Frequency", "Duration", "TabCyclopum", "5 tablets", "3mesaduy", "$ duys", "Cap Omez", "20 tablets", "20mesa day", "10days", "Tab Combinam", "10tablets", "3 tmesa doy", "7 days", "Cap Dilanun", "15tablets", "3tmesaday", "t4duys", "Tab Zole fcreum", "20 tblets", "2 tmes a duy", "5 days", "Cap Cypon", "10tablets", "2 tmes a day", "$ days", "Syrup", "Dosago", "Froquoncy", "Duratlon", "Syrup Grillnctus tm", "Sml", "2tmdoy", "30 dny", "Advico:", "-Tako to rost", "Eat nsy-to-digest food like boiled dce with dnl", "Stoytydrated"], "confidence": [0.9572948813438416, 0.8450579047203064, 0.8531273007392883, 0.8545624017715454, 0.882969081401825, 0.9398894309997559, 0.9286406636238098, 0.979745090007782, 0.9829168319702148, 0.964890718460083, 0.8659532070159912, 0.887381374835968, 0.8196605443954468, 0.8634000420570374, 0.8820719122886658, 0.8709948658943176, 0.7425007820129395, 0.8628065586090088, 0.9216356873512268, 0.9273074269294739, 0.7694242000579834, 0.8580665588378906, 0.909471333026886, 0.8671495914459229, 0.8910602927207947, 0.8104643225669861, 0.8518067002296448, 0.9003804326057434, 0.7853452563285828, 0.7493965029716492, 0.9927937984466553, 0.9273074269294739, 0.7614920139312744, 0.9325768351554871, 0.9720994234085083, 0.9144992828369141, 0.9524527788162231, 0.9835640788078308, 0.9866394400596619, 0.927854061126709, 0.7179483771324158, 0.7926518321037292, 0.9678854942321777, 0.7640179991722107, 0.8616782426834106, 0.856630802154541], "label": [1, 1, 1, 0, 0, 0, 0]}