{"text": ["XYZ Hospital", "123 tlealth Street,Wellness City", "Phone:+1-234.587-890", "PatlantNam:Llam D", ":48", "DoctorDr.Johnson", "Medicine", "Dosuge", "Frequency", "Duration", "Cap Pan d", "10 tablets", "20ms dey", "10days", "Tab Evion", "15tablets", "3 tmes duy", "10days", "Tab Triz", "t5tblets", "2tmesa dey", "5days", "Cap Omez", "5tblets", "2 tm5 a day", "5 days", "Syrup", "Dosapo", "Froquancy", "Duratlon", "Syrup TusQ dx", "Sml", "3tmsdoy", "10days", "SyrupTusx", "Sml", "3timsday", "30dy", "Advico:", "-Tako tod rost", "Eat nsy-to-digest food like boiled dce with dal", "-Staytydrated"], "confidence": [0.9539773464202881, 0.8392036557197571, 0.8571933507919312, 0.8034370541572571, 0.761138379573822, 0.9617027044296265, 0.930323600769043, 0.9422492384910583, 0.9905779957771301, 0.9623180627822876, 0.8754783868789673, 0.901634693145752, 0.7710025310516357, 0.8628065586090088, 0.9452431201934814, 0.9037178754806519, 0.746250569820404, 0.9015160202980042, 0.8540539145469666, 0.9061143398284912, 0.8125902414321899, 0.8691898584365845, 0.90509033203125, 0.8796586990356445, 0.7431930899620056, 0.8235217928886414, 0.9720994234085083, 0.8074707984924316, 0.9199146628379822, 0.873630166053772, 0.9831798076629639, 0.8684621453285217, 0.7064982056617737, 0.820411205291748, 0.8749332427978516, 0.9197258949279785, 0.7859691381454468, 0.9695253372192383, 0.9678854942321777, 0.8118053078651428, 0.9067122340202332, 0.9258518218994141], "label": [1, 1, 1, 0, 0, 0, 0]}