{"text": ["XYZ Hospital", "123 tlealth Street,Wellness City", "Phone:+1-234.587-890", "Patlant Namx:EvoWhito", ":44", "Doctor: Dr. Millor", "Medicine", "Dosuge", "Frequency", "Duration", "Tab Sumo cold", "20 tblets", "3mesday", "5 days", "Tab Allegra", "10 tablets", "2 tms  duy", "$ days", "TabAluhrodin S00", "t5tblets", "2tmesaday", "14duys", "Tab Cetine", "15tablets", "3 tmesa dey", "30 days", "Syrup", "Dosogo", "Froquoncy", "Duration", "Syrup Brozodox", "Sml", "2 tm doy", "10day", "SyrupCorax", "10ml", "2timday", "14dy", "Advico:", "-Tako tod rost", "Eat nsy-to-dlgest food like boiled rice with dal", "-Stayhydrated"], "confidence": [0.95541912317276, 0.8445388078689575, 0.8541738390922546, 0.8350573182106018, 0.8580889701843262, 0.9552932381629944, 0.9286406636238098, 0.9427713751792908, 0.9838371276855469, 0.964890718460083, 0.9144731760025024, 0.9135541915893555, 0.8170825242996216, 0.7393367886543274, 0.8720228672027588, 0.8921223878860474, 0.7418817281723022, 0.9325768351554871, 0.7515147924423218, 0.9061143398284912, 0.8519291281700134, 0.8666453957557678, 0.9186185598373413, 0.898794412612915, 0.7729131579399109, 0.8853435516357422, 0.9747051000595093, 0.7991173267364502, 0.9034984111785889, 0.9392375946044922, 0.9623891115188599, 0.8684621453285217, 0.7413526773452759, 0.7450453042984009, 0.9244626760482788, 0.9165780544281006, 0.7986935377120972, 0.8365260362625122, 0.9683253169059753, 0.7933914065361023, 0.9031388163566589, 0.8757689595222473], "label": [1, 0, 1, 0, 0, 0, 0]}