{"text": ["XYZ Hospital", "123 tlealth Street,Wellness City", "Phone:+1-234.587-890", "Patlont Namx:Chorlo Smith", "4", "Doctor: Dr.Lo", "Medicine", "Dosuge", "Frequency", "Duration", "Tab Combinam", "t5tablets", "20ms dey", "7 days", "Tab Dolonexdt", "t5tablets", "3 umes duy", "4days", "Cap Zovirax", "10tablets", "3 tmesaday", "10days", "Tab Trz", "10tablets", "3 tmesa dey", "10days", "Syrup", "Dosogo", "Froquoncy", "Duratlon", "Syrup Zodax", "10ml", "3 tms doy", "14day", "SyrupCorax", "10ml", "2timday", "7day", "Advico:", "-Tako tod rost", "Eat nsy-to-dlgest food like boiled rice with dal", "-Staytydrated"], "confidence": [0.9494788646697998, 0.838995099067688, 0.8577502369880676, 0.8490960597991943, 0.9744680523872375, 0.9313554763793945, 0.930323600769043, 0.9427713751792908, 0.9838371276855469, 0.9623180627822876, 0.9336993098258972, 0.8831853270530701, 0.7710025310516357, 0.861883819103241, 0.9370070099830627, 0.8836497068405151, 0.6970571279525757, 0.8935898542404175, 0.879209578037262, 0.9273074269294739, 0.8493043780326843, 0.9135036468505859, 0.8342235684394836, 0.9247161149978638, 0.8120609521865845, 0.948091983795166, 0.9747051000595093, 0.7991173267364502, 0.9251506328582764, 0.9490550756454468, 0.8843551278114319, 0.9658069610595703, 0.6879984736442566, 0.7923818826675415, 0.9032772779464722, 0.9165780544281006, 0.8105238080024719, 0.8190528750419617, 0.9683253169059753, 0.7948638200759888, 0.9031388163566589, 0.9250409007072449], "label": [1, 1, 1, 0, 0, 0, 0]}