{"text": ["XYZ Hospital", "123 tlealth Street,Wellness City", "Phone:+1-234.587-890", "Patlant Namx:Davld Ro", ":30", "Doctor: Dr. Millor", "Medicine", "Dosuge", "Frequency", "Duration", "TabA1urodn 500", "15tablets", "20ms doy", "10duys", "Tab Sumo cold", "15tablets", "2tmesa dey", "10days", "Tab Dolonex dt", "5tablets", "3 tmesa duy", "10 duys", "TabDolo650", "10tablets", "2 tmes a duy", "5days", "Cap Pan d", "10tablets", "2 tmes a duy", "7 days", "Tab Cetine", "15tablets", "3 tmesa dey", "t4days", "Syrup", "Dosago", "Froquoncy", "Duratlon", "SyrupZodax", "Sml", "3tms doy", "7days", "Advico:", "-Tako to rost", "Eat nsy-to-digest food like boiled dce with dnl", "Stoytydrated"], "confidence": [0.9545212388038635, 0.847599446773529, 0.8531273007392883, 0.7651563286781311, 0.8133759498596191, 0.9674630761146545, 0.9161810874938965, 0.9427713751792908, 0.9788968563079834, 0.9623180627822876, 0.8463132977485657, 0.8927748799324036, 0.7523245811462402, 0.9152160286903381, 0.9235308766365051, 0.9092390537261963, 0.7338863611221313, 0.8628065586090088, 0.9138349294662476, 0.916618824005127, 0.8074479699134827, 0.8829830288887024, 0.8794315457344055, 0.9273074269294739, 0.7944900393486023, 0.8520981669425964, 0.9107117056846619, 0.9273074269294739, 0.7522758841514587, 0.8452855944633484, 0.9497790336608887, 0.9037178754806519, 0.783811628818512, 0.8406792283058167, 0.9719002842903137, 0.9641801714897156, 0.9524527788162231, 0.9924637079238892, 0.8611130714416504, 0.927854061126709, 0.7066380381584167, 0.8784116506576538, 0.9678854942321777, 0.7605816721916199, 0.8616782426834106, 0.8621355891227722], "label": [1, 1, 1, 0, 0, 0, 0]}