{"text": ["XYZ Hospital", "123 tlealth Street,Wellness City", "Phone:+1-234.587-890", "PatlntNanx:Graco Brown", "p:23", "Doctor: Dr. Millor", "Medicine", "Dosuge", "Frequency", "Duration", "Cap CoImmune", "20tblets", "3mesday", "5 days", "Tab Allegra", "t5tablets", "3 tmes duy", "$ days", "Tab Triz", "5tablets", "3 tmesaday", "7 days", "Tab Cetine", "5tblets", "2 tms a day", "10days", "Syrup", "Dosago", "Froquoncy", "Duratlon", "Syrup Fobrox plus", "Sml", "3tm doy", "10day", "SyrupTus dx", "Sml", "mday", "5doy", "Advico:", "-Tako tod rost", "Eat nsy-to-dlgest food like boiled dce with dal", "-Staytydrated"], "confidence": [0.9549286961555481, 0.8482016324996948, 0.8465229868888855, 0.8162063956260681, 0.7894628047943115, 0.9544703960418701, 0.9291049838066101, 0.9427713751792908, 0.9838371276855469, 0.964890718460083, 0.8554632663726807, 0.9343926906585693, 0.8170825242996216, 0.7393367886543274, 0.8720228672027588, 0.8874572515487671, 0.7485857605934143, 0.9286584258079529, 0.8540539145469666, 0.9093613624572754, 0.8432919383049011, 0.8767657279968262, 0.9141298532485962, 0.8720654249191284, 0.7428649663925171, 0.948091983795166, 0.9747051000595093, 0.8239191174507141, 0.9697930216789246, 0.9659328460693359, 0.9904254674911499, 0.8684621453285217, 0.7288550138473511, 0.7873427867889404, 0.8718270659446716, 0.9197258949279785, 0.8348022699356079, 0.7402545213699341, 0.96641606092453, 0.7916994690895081, 0.9047735333442688, 0.932716965675354], "label": [1, 1, 1, 0, 0, 0, 0]}