{"text": ["XYZ Hospital", "123 tlealth Street,Wellness City", "Phone:+1-234-587-890", "Patlont Nanx:Grco D", ":48", "Doctor: Dr. Tumor", "Medicine", "Dosuge", "Frequency", "Quraton", "TabCyciomelf", "15tablets", "20ms dey", "5days", "Cap Co-lmmune", "20 tablets", "2 tm0s  duy", "10days", "Cap Omez", "20 tablets", "2 tmes a day", "30 days", "TabCyclopam", "20 tablets", "2 tmesa day", "7 days", "Tab Sumo cold", "5tablets", "3 tmesaday", "4days", "TabDolo650", "20 tblets", "3 tmesa dey", "30 days", "Syrup", "Dosago", "Froquoncy", "Duratlon", "Syrup TusQx", "10ml", "3 tims doy", "30days", "Syrup Zodox", "Sml", "3timday", "7day", "Advico:", "-Tako tod rst", "Eat nsy-to-digest food like boiled rice with dal", "-Stytydrated"], "confidence": [0.9535403847694397, 0.843846321105957, 0.8858270645141602, 0.7811926007270813, 0.761138379573822, 0.9456585049629211, 0.9259157180786133, 0.9427713751792908, 0.9905779957771301, 0.8290681838989258, 0.8648961186408997, 0.8647039532661438, 0.7692691087722778, 0.8641525506973267, 0.8474355936050415, 0.8967920541763306, 0.7051472663879395, 0.8626441955566406, 0.8995419144630432, 0.8709948658943176, 0.7271961569786072, 0.8518379926681519, 0.913140058517456, 0.8983814120292664, 0.8068044185638428, 0.8452855944633484, 0.887962281703949, 0.9079194068908691, 0.8251968622207642, 0.9184122085571289, 0.8888969421386719, 0.8838595747947693, 0.8244291543960571, 0.863133430480957, 0.9885613322257996, 0.8285646438598633, 0.9466862082481384, 0.9799938797950745, 0.9349162578582764, 0.9702969789505005, 0.7524312138557434, 0.8245375156402588, 0.9223028421401978, 0.927854061126709, 0.7877011895179749, 0.8754475712776184, 0.9686400294303894, 0.7309774160385132, 0.9020175933837891, 0.9058265686035156], "label": [1, 1, 1, 0, 0, 0, 0]}