{"text": ["XYZ Hospital", "123 tlealth Street,Wellness City", "Phone:+1-234.587-890", "Patlant Namx:Jano Wilson", ":07", "Doctor: Dr. Smith", "Medicine", "Dosuge", "Frequency", "Duration", "Tab Dolonex dt", "5 tablets", "3mesaday", "30 days", "Cap Pan d", "t5tablets", "20mesaday", "30 days", "Cap Colmmune", "20 tablets", "3tmesaday", "10 days", "Cap Zovirax", "5tablets", "2umesa dey", "30 days", "TabCyciomelf", "5 tablets", "2tmesaday", "30 days", "Syrup", "Dosapo", "Froquoncy", "Duratlon", "Syrup TusQ dx", "10ml", "2tmdoy", "10dny", "Syrup Cypon", "10ml", "3tims doy", "7days", "Advico:", "-Tako tod rost", "Eat nsy-to-digest food like boiled rice with dnl", "Stoytydrated"], "confidence": [0.9520048499107361, 0.8445711135864258, 0.8589719533920288, 0.8390905857086182, 0.8373406529426575, 0.9411486387252808, 0.9286406636238098, 0.979745090007782, 0.98100346326828, 0.964890718460083, 0.9158183336257935, 0.8691415786743164, 0.7910140752792358, 0.8676621317863464, 0.9062197208404541, 0.8831853270530701, 0.7719011902809143, 0.8663529753684998, 0.9033316969871521, 0.8863240480422974, 0.8616325855255127, 0.8622841835021973, 0.9315735101699829, 0.8669136762619019, 0.7750450372695923, 0.8853435516357422, 0.8710458278656006, 0.8480369448661804, 0.8281590342521667, 0.8853435516357422, 0.9788066744804382, 0.7913495898246765, 0.9496034979820251, 0.957970380783081, 0.952340841293335, 0.9483411312103271, 0.7179483771324158, 0.6375325322151184, 0.9898498058319092, 0.9604064226150513, 0.7529909014701843, 0.9038707613945007, 0.9687759280204773, 0.7849678993225098, 0.8504207730293274, 0.871784508228302], "label": [1, 1, 1, 0, 0, 0, 0]}