{"text": ["XYZ Hospital", "123 tlealth Street,Wellness City", "Phone:+1-234.587-890", "PatlntNam:Evo D", "p:71", "Doctor: Dr. Smith", "Medicine", "Dosage", "Frequency", "Duration", "Tab Neurobin Forte", "20 tblets", "3mesday", "t4duys", "Tab Cyclopam", "5tablets", "3umesadey", "30 days", "Tab Cyciomelf", "t5tablets", "2 tmes adey", "30 days", "Tab Combinam", "5tablets", "3tmesaday", "30 days", "Tab Sumo cold", "20 tablets", "3 tmesaday", "5days", "Syrup", "Dosapo", "Froquancy", "Duratlon", "SyrupTusdx", "Sml", "2mdoy", "7day", "Syrup Brozodox", "Sml", "2tims doy", "5 days", "Advico:", "-Tako bod rst", "Eat nsy-to-digest food like boiled rice with dnl", "Stoy bydrated"], "confidence": [0.9451872706413269, 0.8444339036941528, 0.8575018644332886, 0.8294471502304077, 0.740033745765686, 0.9616491794586182, 0.9588866829872131, 0.8897534012794495, 0.9838371276855469, 0.9623180627822876, 0.9266120195388794, 0.9135541915893555, 0.843670666217804, 0.8546951413154602, 0.8859460949897766, 0.895728349685669, 0.8198149800300598, 0.8663529753684998, 0.8467047214508057, 0.8480069041252136, 0.7663896679878235, 0.8833222985267639, 0.9139371514320374, 0.8861472606658936, 0.8820335268974304, 0.8519050478935242, 0.8985177278518677, 0.8863240480422974, 0.8432919383049011, 0.861097514629364, 0.9703512191772461, 0.8614616990089417, 0.9368769526481628, 0.9963582158088684, 0.8967679142951965, 0.8684621453285217, 0.7551538348197937, 0.8305917978286743, 0.9701951742172241, 0.9197258949279785, 0.7249763607978821, 0.8278443217277527, 0.9687759280204773, 0.7464123964309692, 0.8504207730293274, 0.806763768196106], "label": [1, 0, 1, 0, 0, 0, 0]}