{"text": ["XYZ Hospital", "123 tlealth Street,Wellness City", "Phone:+1-234.587-890", "PatlntNan:Jan D", "4", "Doctor: Dr. Millor", "Medicine", "Dosage", "Frequency", "Duration", "Tab Febrexplus", "5tablets", "2 umes a day", "7 duys", "Tab Cyclopam", "20 tblets", "3tmesadey", "10days", "Cap Pan d", "5tablets", "3 tmesa day", "4days", "Tab Dolonex dt", "15tablets", "3 tmesa dey", "5 days", "Tab Cyclomeff", "10 tablets", "3 tmesaday", "30 days", "Syrup", "Dosapo", "Froquoncy", "Duration", "Syrup TusQ-dx", "Sml", "2timday", "30dy", "Advico:", "-Tako tod rost", "Eat nsy-to-dlgest food like boiled dce with dal", "-Staytydrated"], "confidence": [0.9556874632835388, 0.838995099067688, 0.8541738390922546, 0.8397718667984009, 0.9781603217124939, 0.9514191150665283, 0.9220892190933228, 0.9033363461494446, 0.9560942053794861, 0.955414891242981, 0.9426197409629822, 0.9079194068908691, 0.8037311434745789, 0.9828178286552429, 0.887233555316925, 0.9086169004440308, 0.7950026392936707, 0.9015160202980042, 0.8972394466400146, 0.8846966028213501, 0.7573702335357666, 0.9184122085571289, 0.9163942337036133, 0.8730565309524536, 0.7729131579399109, 0.8051655292510986, 0.8308587670326233, 0.901634693145752, 0.8482871055603027, 0.8853435516357422, 0.9747051000595093, 0.9054598808288574, 0.9624842405319214, 0.9667842388153076, 0.9558829665184021, 0.9197258949279785, 0.7432094216346741, 0.9668070673942566, 0.96775883436203, 0.7908543944358826, 0.9010121822357178, 0.937537431716919], "label": [1, 1, 1, 0, 0, 0, 0]}