{"text": ["XYZ Hospital", "123 tlealth Street,Wellness City", "Phone:+1-234-587-890", "Patlant Nam:John Ro", "p:34", "Doctor:Dr.Smith", "Medicine", "Dosuge", "Frequency", "Duration", "TabZole fcreum", "20tblets", "20ms day", "5 days", "Cap Cypon", "5tablets", "3tmesaday", "10days", "TabAllegra", "20 tblets", "2tmesaday", "5days", "Cap Zovirax", "t5tablets", "3 tmesa dey", "7days", "Syrup", "Dosago", "Froquancy", "Duratlon", "Syrup Grillnctus bm", "Sml", "3tm doy", "5days", "Syrup Brozodax", "10ml", "3timsday", "30dy", "Advico:", "-Tako tod rost", "Eat nsy-to-dlgest food like boiled rice with dal", "-Stayhydrated"], "confidence": [0.9544928669929504, 0.8388950228691101, 0.8651002049446106, 0.8218544125556946, 0.7649431824684143, 0.9709880948066711, 0.9286406636238098, 0.9427713751792908, 0.9838371276855469, 0.964890718460083, 0.897516131401062, 0.9343926906585693, 0.761807918548584, 0.7393367886543274, 0.9175405502319336, 0.8909797668457031, 0.8251487016677856, 0.9015160202980042, 0.938199520111084, 0.9086169004440308, 0.8651008009910583, 0.8756504058837891, 0.861645519733429, 0.8862625360488892, 0.7000328302383423, 0.9454089403152466, 0.9720994234085083, 0.8347269892692566, 0.9169834852218628, 0.8870259523391724, 0.9753844738006592, 0.8684621453285217, 0.7329906821250916, 0.8852624893188477, 0.8715570569038391, 0.911413848400116, 0.7808237075805664, 0.9695253372192383, 0.9688101410865784, 0.8293460011482239, 0.9003981947898865, 0.8834782838821411], "label": [1, 1, 1, 0, 0, 0, 0]}