{"text": ["XYZ Hospital", "123 tlealth Street,Wellness City", "Phone:+1-234.587-890", "Patlant Namxo:JanoJohnson", ":00", "Doctor: Dr. Tumor", "Medicine", "Dosage", "Frequency", "Duration", "Tab Clvum 025", "5 tablets", "3mesdey", "5 days", "Tab Pan d", "t5tablets", "3 tmes doy", "$ days", "Tab Sumo cold", "t5tablets", "2 tmes a duy", "30 days", "TabCyciopam", "20 tablets", "3 tmesa dey", "10days", "Syrup", "Dosago", "Froquoncy", "Duratlon", "Syrup Corx", "10ml", "3tms doy", "7days", "SyrupZodax", "10ml", "3timsday", "5doy", "Advico:", "-Tako bod rost", "Eat nsy-to-digest food like boiled rice with dal", "-Staytydrated"], "confidence": [0.9538760781288147, 0.8386499881744385, 0.8577502369880676, 0.8576241135597229, 0.5022435784339905, 0.9503434300422668, 0.9259157180786133, 0.9033363461494446, 0.9860424399375916, 0.964890718460083, 0.8162228465080261, 0.8638057708740234, 0.8327884078025818, 0.7393367886543274, 0.9056241512298584, 0.8831853270530701, 0.7266961336135864, 0.9286584258079529, 0.9151796698570251, 0.8833587169647217, 0.8087854385375977, 0.8866694569587708, 0.8985881805419922, 0.8983814120292664, 0.8120609521865845, 0.948091983795166, 0.9720994234085083, 0.8496239185333252, 0.9251506328582764, 0.8653408288955688, 0.9269081354141235, 0.9347427487373352, 0.7099467515945435, 0.9066702127456665, 0.8965408205986023, 0.911413848400116, 0.7852563858032227, 0.7402545213699341, 0.967370867729187, 0.822790801525116, 0.8990753293037415, 0.9250409007072449], "label": [1, 0, 1, 0, 0, 0, 0]}