{"text": ["XYZ Hospital", "123 tlealth Street,Wellness City", "Phone:+1-234-587-890", "Patlont Namx:ChorloJohnson", "0:27", "Doctor: Dr.Lao", "Medicine", "Dosage", "Frequency", "Duration", "Tab Febrexplus", "5tablets", "2 0ms dey", "30 duys", "Tab Sumo cold", "20 tblets", "3 tmes doy", "5days", "Cap Cypon", "15tablets", "2mes aday", "10days", "Tab Cyclopum", "15tablets", "3 tmes aday", "7 days", "Cup Omez", "15tablets", "3 tmesaday", "t4duys", "Tab Combilam", "20 tablets", "3 tmesa dey", "$ days", "Syrup", "Dosapo", "Froquoncy", "Duratlon", "Syrup TusQx", "Sml", "3 tims doy", "14 day", "Syrup Zodox", "10ml", "3timsday", "Sday", "Advico:", "-Tako tod rst", "Eat nsy-to-digest food like boiled rice with dnl", "-Stytydrated"], "confidence": [0.9528822898864746, 0.836279034614563, 0.8814093470573425, 0.8745803833007812, 0.7227751016616821, 0.8953491449356079, 0.9256678819656372, 0.9033363461494446, 0.9918885827064514, 0.964890718460083, 0.9213328957557678, 0.901167631149292, 0.732018232345581, 0.9137939810752869, 0.8572014570236206, 0.8976051807403564, 0.7266961336135864, 0.8520981669425964, 0.943899393081665, 0.8647039532661438, 0.7745811939239502, 0.8626441955566406, 0.8866505026817322, 0.9037178754806519, 0.8281913995742798, 0.8580665588378906, 0.8303523659706116, 0.8647039532661438, 0.8439608812332153, 0.8104643225669861, 0.9068663716316223, 0.8797799944877625, 0.8194018006324768, 0.9325768351554871, 0.988613486289978, 0.8240053653717041, 0.9466862082481384, 0.9899555444717407, 0.9349162578582764, 0.860496461391449, 0.7524312138557434, 0.7830430865287781, 0.9223028421401978, 0.9357630014419556, 0.7865440845489502, 0.7643508911132812, 0.9686400294303894, 0.7309774160385132, 0.8460922241210938, 0.9058265686035156], "label": [1, 1, 1, 0, 0, 0, 0]}