{"text": ["XYZ Hospital", "123 tlealth Street,Wellness City", "Phone:+1-234-587-890", "Patlant Namxo:John Davs", "p:5", "Doctor: Dr. Millor", "Medicine", "Dosuge", "Frequency", "Duration", "Tab Febrexplus", "20tblets", "20ms day", "7 days", "Cap Zovirax", "5tablets", "3umesadey", "4days", "Cap Dilanun", "5tablets", "3 tmesaday", "5days", "Cap Omez", "t5tablets", "2 tms a day", "4days", "TabCiplox 500", "t5tablets", "2 tmes a duy", "5days", "Syrup", "Dosapo", "Froquoncy", "Duratlon", "SyrupCorox-dx", "Sml", "3timsday", "10day", "Advico:", "-Tako tod rost", "Eat nsy-to-digest food like boiled dce with dal", "-Staytydrated"], "confidence": [0.9549286961555481, 0.8467555046081543, 0.8651002049446106, 0.829464316368103, 0.5828918814659119, 0.9523960947990417, 0.9323613047599792, 0.9427713751792908, 0.9838371276855469, 0.955414891242981, 0.9407625198364258, 0.9343926906585693, 0.7605679631233215, 0.8594018816947937, 0.9152831435203552, 0.895728349685669, 0.8198149800300598, 0.8935898542404175, 0.881412923336029, 0.8909797668457031, 0.8247963190078735, 0.8344883918762207, 0.8306777477264404, 0.8830724954605103, 0.7687986493110657, 0.9184122085571289, 0.9274117350578308, 0.8830724954605103, 0.7784492373466492, 0.8882506489753723, 0.9781457185745239, 0.9054598808288574, 0.9749724864959717, 0.9654592275619507, 0.8846728205680847, 0.9197258949279785, 0.7440491914749146, 0.8202261924743652, 0.9675191640853882, 0.8320817351341248, 0.89924156665802, 0.9372954964637756], "label": [1, 1, 1, 0, 0, 0, 0]}