{"text": ["XYZ Hospital", "123 tlealth Street,Wellness City", "Phone:+1-234-587-890", "Patlant Namx:Allco Johnson", ":G5", "Doctor:Dr.Patol", "Medicine", "Dosuge", "Frequency", "Quraton", "Tab Evlon", "20 tblets", "3mesdey", "5days", "Tab Cyclomeff", "10 tablets", "3 tmes doy", "30 days", "Tab Cyclopam", "10tablets", "2 tmes a day", "7 days", "Tab Neurobin Forte", "20tblets", "2 tmesa day", "10days", "TabClvum 025", "15tablets", "2 umes a duy", "10days", "Tab Pand", "5tablets", "2 tms a doy", "30 days", "Syrup", "Dosago", "Froquoncy", "Duratlon", "Syrup TusQ-dx", "10ml", "3tims doy", "10days", "Syrup Zodox", "Sml", "3timsday", "30 days", "Advico:", "-Tako tod rost", "Eat nsy-to-digest food like boiled rice with dal", "-Stytydrated"], "confidence": [0.95036381483078, 0.8402663469314575, 0.886119544506073, 0.8393651247024536, 0.633100688457489, 0.9437488317489624, 0.9017781019210815, 0.9427713751792908, 0.9905779957771301, 0.8290681838989258, 0.9147937297821045, 0.9135541915893555, 0.8327884078025818, 0.8641525506973267, 0.8659255504608154, 0.8921223878860474, 0.7507402896881104, 0.8518379926681519, 0.9006404280662537, 0.9273074269294739, 0.7271961569786072, 0.8401936888694763, 0.9474236965179443, 0.9412925839424133, 0.8068044185638428, 0.9213528037071228, 0.8474264740943909, 0.8647039532661438, 0.7387182116508484, 0.9213528037071228, 0.9268008470535278, 0.8909797668457031, 0.8156778216362, 0.863133430480957, 0.9882689714431763, 0.8360254764556885, 0.9466862082481384, 0.9799938797950745, 0.9452909827232361, 0.9702969789505005, 0.7317988872528076, 0.7868053317070007, 0.9223028421401978, 0.927854061126709, 0.7856658101081848, 0.7511711120605469, 0.9250312447547913, 0.7733418345451355, 0.9021574854850769, 0.9096242785453796], "label": [1, 0, 1, 0, 0, 0, 0]}