{"text": ["XYZ Hospital", "123 tlealth Street,Wellness City", "Phone:+1-234.587-890", "PatlantNamx:Bob Wlson", "Ap:75", "Doctor: Dr. Tumor", "Medicine", "Dosuge", "Frequency", "Duration", "Tab Dolonex dt", "15tablets", "20ms doy", "30 duys", "Tab Clavum025", "15tablets", "20mesa duy", "10days", "Cap Zovirax", "15tablets", "3 tmesaduy", "30 days", "Cap Dilanun", "10tablets", "3 tmesa doy", "30 days", "Tab Neurobin Forte", "20 tblets", "2 tmes a duy", "7days", "Tab Combinam", "20 tablets", "2 tmes a day", "5 duys", "Syrup", "Dosago", "Froquoncy", "Duratlon", "Syrup Cypon", "10ml", "2tmdoy", "30 dny", "Advico:", "-Tako bod rst", "Eat nsy-to-digest food like boiled dce with dnl", "Stoy bydrated"], "confidence": [0.9441642761230469, 0.8385964632034302, 0.8531273007392883, 0.8608816266059875, 0.7691259980201721, 0.9541154503822327, 0.930323600769043, 0.9427713751792908, 0.9790523052215576, 0.965709924697876, 0.9249693155288696, 0.8647039532661438, 0.7529489994049072, 0.9069848656654358, 0.8622594475746155, 0.8647039532661438, 0.6870274543762207, 0.8654675483703613, 0.8911659121513367, 0.8647039532661438, 0.8275696635246277, 0.8866694569587708, 0.9081286787986755, 0.9273074269294739, 0.8013067245483398, 0.8867191672325134, 0.9524451494216919, 0.9003804326057434, 0.7853452563285828, 0.9485983848571777, 0.9340061545372009, 0.8797799944877625, 0.7614920139312744, 0.9175510406494141, 0.9719002842903137, 0.958836555480957, 0.9524527788162231, 0.9885905981063843, 0.9506130814552307, 0.9717352390289307, 0.7155683040618896, 0.7926518321037292, 0.9678854942321777, 0.7454431056976318, 0.861255407333374, 0.7900274991989136], "label": [1, 1, 1, 0, 0, 0, 0]}