{"text": ["XYZ Hospital", "123 tlealth Street,Wellness City", "Phone:+1-234.587-890", "PatlantNamx:GracoSmith", ":20", "Doctor: Dr.Patol", "Medicine", "Dosuge", "Frequency", "Duration", "Cap Pand", "20 tblets", "3mesday", "5days", "Cap Colmmune", "t5tablets", "2 ums  doy", "30 days", "Tab Cyciomelf", "t5tablets", "2 tmes aday", "5days", "Tab Zole fcream", "20 toblets", "3tmes adey", "5 days", "Tab Febrexplus", "5tablets", "2tmesaday", "4days", "Syrup", "Dosapo", "Froquoncy", "Duratlon", "Syrup Cypon", "Sml", "2timday", "14day", "Advico:", "-Tako tod rost", "Eat nsy-to-dlgest food like boiled dce with dal", "-Staytydrated"], "confidence": [0.9549286961555481, 0.8483598232269287, 0.8465229868888855, 0.8340999484062195, 0.852616012096405, 0.956055760383606, 0.925883412361145, 0.9427713751792908, 0.9838371276855469, 0.965709924697876, 0.924538254737854, 0.9135541915893555, 0.8203554749488831, 0.8691898584365845, 0.8855829238891602, 0.8831853270530701, 0.7034355998039246, 0.8867191672325134, 0.8485223054885864, 0.8534514904022217, 0.762387216091156, 0.8950570225715637, 0.8803436756134033, 0.8586471676826477, 0.8477534055709839, 0.8977670669555664, 0.9427019357681274, 0.9079194068908691, 0.8561273813247681, 0.9184122085571289, 0.9747051000595093, 0.90958172082901, 0.9749724864959717, 0.8988408446311951, 0.945709228515625, 0.9197258949279785, 0.7432094216346741, 0.7760825753211975, 0.9691476225852966, 0.7908543944358826, 0.9010121822357178, 0.937537431716919], "label": [1, 1, 1, 0, 0, 0, 0]}