{"text": ["XYZ Hospital", "123 tlealth Street,Wellness City", "Phone:+1-234.587-890", "Patlont Namx:Jano Smith", ":42", "Doctor: Dr.Lao", "Medicine", "Dosuge", "Frequency", "Duration", "CapColmmune", "10 tablets", "3mesday", "30 days", "Cap Omez", "15tablets", "2 tmes  duy", "7 days", "Tab Febrex plus", "20 tblets", "3 tmesaday", "7 days", "Tab Dolonex dt", "20 tablets", "2 tmes a doy", "7days", "Syrup", "Dosago", "Froquoncy", "Duration", "Syrup TusQx", "Sml", "2 tm doy", "30 days", "SyrupTusdx", "Sml", "2timday", "30dy", "Advico:", "-Tako tod rost", "Eat nsy-to-dlgest food like boiled dce with dal", "-Staytydrated"], "confidence": [0.9513452053070068, 0.8442541360855103, 0.8541738390922546, 0.8591369390487671, 0.812186062335968, 0.9010457396507263, 0.9259905219078064, 0.9349806904792786, 0.9838371276855469, 0.964890718460083, 0.9116227626800537, 0.901634693145752, 0.8416870832443237, 0.8676621317863464, 0.8654643297195435, 0.9092390537261963, 0.681406557559967, 0.8720644116401672, 0.919834315776825, 0.9248446226119995, 0.8464710116386414, 0.8767657279968262, 0.9162710309028625, 0.8983814120292664, 0.770778238773346, 0.9479596018791199, 0.9728748202323914, 0.8496239185333252, 0.9034984111785889, 0.8911553025245667, 0.958443820476532, 0.8684621453285217, 0.7138250470161438, 0.9535742402076721, 0.9027794003486633, 0.9197258949279785, 0.7565017938613892, 0.9695253372192383, 0.96641606092453, 0.7968388199806213, 0.9047735333442688, 0.932716965675354], "label": [1, 1, 1, 0, 0, 0, 0]}