{"text": ["XYZ Hospital", "123 tlealth Street,Wellness City", "Phone:+1-234.587-890", "PatlntNam:Evo D", "p:45", "Doctor: Dr.Lao", "Medicine", "Dosuge", "Frequency", "Duration", "Tab Evlon", "15tablets", "20ms doy", "7 days", "Cap Cypon", "20 tablets", "20mes dey", "30 days", "TabAllegra", "10 tablets", "3 tmesa day", "t4days", "Cap Dilanun", "15tablets", "2tmesaday", "$ days", "Tab Triz", "10 tablets", "2tmesaday", "t4days", "Syrup", "Dosapo", "Froquoncy", "Quratlon", "Syrup Corox", "Sml", "2timday", "10day", "Advico:", "-Tako tod rst", "Eat nsy-to-digest food like boiled dce with dal", "-Staytydrated"], "confidence": [0.9469106793403625, 0.8413002490997314, 0.8571933507919312, 0.8287850618362427, 0.7807413339614868, 0.8956195116043091, 0.9258362054824829, 0.9427713751792908, 0.9838311672210693, 0.965709924697876, 0.9155865907669067, 0.8913987278938293, 0.7563122510910034, 0.8635157942771912, 0.9463536143302917, 0.9054545164108276, 0.7860987186431885, 0.8853435516357422, 0.9467397928237915, 0.8921223878860474, 0.7568702697753906, 0.8406792283058167, 0.9337101578712463, 0.8866697549819946, 0.8672786951065063, 0.9325768351554871, 0.9694429636001587, 0.901634693145752, 0.8579052090644836, 0.8406792283058167, 0.9720994234085083, 0.8742751479148865, 0.9546997547149658, 0.9063084721565247, 0.9697503447532654, 0.9197258949279785, 0.759349524974823, 0.8202261924743652, 0.9675191640853882, 0.7873782515525818, 0.89924156665802, 0.9372954964637756], "label": [1, 1, 1, 0, 0, 0, 0]}