{"text": ["XYZ Hospital", "123 tlealth Street,Wellness City", "Phone:+1-234-587-890", "Patlant Nanx:John Brown", ":07", "Doctor: Dr.Smith", "Medicine", "Dosuge", "Frequency", "Duration", "Cap Dilanun", "5tablets", "3 mes doy", "7 days", "Cap Cypon", "5tablets", "20mes dey", "7 days", "TabClavum 25", "15tablets", "3 tmesa doy", "10 duys", "Tab Dolonexdt", "10tablets", "2 tmesa day", "5days", "Tab Sumo cold", "5tablets", "2 tmes a duy", "7 days", "Tab Trz", "20tblets", "2 tmes a doy", "10days", "Syrup", "Dosago", "Froquoncy", "Duratlon", "Syrup TusQ dx", "Sml", "2 timdoy", "5days", "Syrup Brozodax", "10ml", "2timday", "30 days", "Advico:", "-Tako tod rst", "Eat nsy-to-digest food like boiled rice with dal", "-Stytydrated"], "confidence": [0.9534003138542175, 0.8383288979530334, 0.8980997204780579, 0.860133707523346, 0.8373406529426575, 0.9522988796234131, 0.8953059315681458, 0.9740098118782043, 0.9852608442306519, 0.964890718460083, 0.9001063704490662, 0.901167631149292, 0.7526925802230835, 0.8594018816947937, 0.9484214782714844, 0.8909797668457031, 0.7428823113441467, 0.861883819103241, 0.8188397884368896, 0.86665940284729, 0.7852831482887268, 0.8608991503715515, 0.9408353567123413, 0.9247161149978638, 0.8068044185638428, 0.8366293907165527, 0.9232101440429688, 0.9079194068908691, 0.7724898457527161, 0.8401936888694763, 0.8342235684394836, 0.9145114421844482, 0.8315520286560059, 0.924377977848053, 0.988613486289978, 0.8285646438598633, 0.9466862082481384, 0.9673064351081848, 0.9477811455726624, 0.9028758406639099, 0.7554259300231934, 0.8750370144844055, 0.9617500305175781, 0.9357630014419556, 0.8143227696418762, 0.7511711120605469, 0.9684262275695801, 0.7242653369903564, 0.9027966856956482, 0.9149673581123352], "label": [1, 1, 1, 0, 0, 0, 0]}