{"text": ["XYZ Hospital", "123 tlealth Street,Wellnes City", "Phone:+1-234.587-890", "Patlant Namx:Mla Millor", ":40", "Doctor: Dr. Tumor", "Medicine", "Dosuge", "Frequency", "Duration", "Tab Cetine", "10tablets", "3mesday", "10duys", "Tab Pan d", "10 tablets", "20mesaday", "30 days", "Tab Dolonex dt", "10 tablets", "3tmes day", "30 days", "Tab Triz", "10 tablets", "2 tmsa dey", "10days", "Cap CoImmune", "20 tablets", "2tmesaday", "7 days", "Syrup", "Dosapo", "Froquancy", "Duratlon", "Syrup TusQ dx", "10ml", "3tms doy", "10dny", "Syrup TusQ-dx", "10ml", "2tims doy", "5 days", "Advico:", "-Tako tod rost", "Eat ensy-to-digest food like boiled rice with dnl", "Stoytydrated"], "confidence": [0.9501902461051941, 0.8523237705230713, 0.8575018644332886, 0.8571622371673584, 0.8325653076171875, 0.9550212621688843, 0.9286406636238098, 0.9054610133171082, 0.9788968563079834, 0.9623180627822876, 0.9129254221916199, 0.9273074269294739, 0.8203554749488831, 0.9152160286903381, 0.9305731654167175, 0.9107781648635864, 0.7708227634429932, 0.8663529753684998, 0.9136466383934021, 0.8921223878860474, 0.797487735748291, 0.8833222985267639, 0.9866247177124023, 0.901634693145752, 0.8031952977180481, 0.924377977848053, 0.8592005372047424, 0.8863240480422974, 0.8482097387313843, 0.8767657279968262, 0.9703512191772461, 0.90386563539505, 0.9510630369186401, 0.9960426092147827, 0.9433781504631042, 0.9347427487373352, 0.7197035551071167, 0.6375325322151184, 0.9619960188865662, 0.9150266051292419, 0.7249763607978821, 0.8086541295051575, 0.9662078022956848, 0.7388820648193359, 0.844878613948822, 0.8284637331962585], "label": [1, 1, 1, 0, 0, 0, 0]}