{"text": ["XYZ Hospital", "123 tlealth Street,Wellness City", "Phone:+1-234-587-890", "Patlant Namx:Allco Millor", "0:25", "Doctor: Dr. Tumor", "Medicine", "Dosuge", "Frequency", "Duration", "Cap Dilanun", "15tablets", "20ms dey", "10days", "Tab Allegra", "15tablets", "3 umes doy", "7 days", "Tab Combinlam", "15tablets", "3 tmesa doy", "7 days", "Tab Neurobin Forte", "20tblets", "2 tmesa day", "4days", "Cap Pan d", "15tablets", "3tmesaday", "10days", "Tab Dolonex dt", "20 tablets", "3 tmesa dey", "7 days", "Syrup", "Dosapo", "Froquoncy", "Duratlon", "Syrup Grillnctus tm", "Sml", "2 tim doy", "5days", "Syrup Fobroxplus", "Sml", "3timsday", "14day", "Advico:", "-Tako tod rost", "Eat nsy-to-digest food like boiled rice with dnl", "-Stytydrated"], "confidence": [0.9512534737586975, 0.8440488576889038, 0.887356162071228, 0.8309618234634399, 0.7502910494804382, 0.9663578271865845, 0.8953059315681458, 0.9427713751792908, 0.9902750849723816, 0.9623180627822876, 0.9001063704490662, 0.8647039532661438, 0.7692691087722778, 0.8628065586090088, 0.8884873986244202, 0.9037178754806519, 0.7165395617485046, 0.8401936888694763, 0.9266785383224487, 0.8647039532661438, 0.7694242000579834, 0.8401936888694763, 0.9274689555168152, 0.9412925839424133, 0.805739164352417, 0.9184122085571289, 0.9094559550285339, 0.8647039532661438, 0.8785970211029053, 0.9213528037071228, 0.9095765352249146, 0.8797799944877625, 0.8194018006324768, 0.8767657279968262, 0.983737587928772, 0.8228013515472412, 0.9466862082481384, 0.990350067615509, 0.9725282788276672, 0.9028758406639099, 0.7873589992523193, 0.8644119501113892, 0.9056215286254883, 0.927854061126709, 0.777565598487854, 0.7740659713745117, 0.9631933569908142, 0.7699165344238281, 0.8472650647163391, 0.9120380282402039], "label": [1, 1, 1, 0, 0, 0, 0]}