{"text": ["XYZ Hospital", "123 tlealth Street,Wellness City", "Phone:+1-234-587-890", "Patlant Namx:John Wilson", "p:39", "Doctor: Dr.Lao", "Medicine", "Dosage", "Frequency", "Duration", "Tab Febrex plus", "20 tblets", "3mesday", "7 duys", "Cap Cypon", "t5tablets", "3tmesaday", "4days", "Tab Sumo cold", "20 tablets", "3 tmesaday", "4 days", "Tab Evion", "5tablets", "3 tmesadey", "30 days", "Syrup", "Dosago", "Froquancy", "Duratlon", "Syrup Corx", "10ml", "3tims doy", "14dy", "Advico:", "-Tako bod rost", "Eat nsy-to-dlgest food like boiled rice with dal", "-Stynydrated"], "confidence": [0.9534645676612854, 0.8392246961593628, 0.8926750421524048, 0.8686560988426208, 0.7214882969856262, 0.907295286655426, 0.9519997835159302, 0.8897534012794495, 0.9788968563079834, 0.9623180627822876, 0.8947983980178833, 0.9135541915893555, 0.8407676815986633, 0.9796134829521179, 0.9197272062301636, 0.8853757381439209, 0.8034953474998474, 0.8935898542404175, 0.8875805735588074, 0.8709948658943176, 0.8453640937805176, 0.8880710601806641, 0.9276586174964905, 0.8909797668457031, 0.7185487747192383, 0.8500292897224426, 0.9825723767280579, 0.9191999435424805, 0.9575855731964111, 0.9347891807556152, 0.9269081354141235, 0.9658069610595703, 0.7523825764656067, 0.9139397740364075, 0.9288334846496582, 0.7142534255981445, 0.8857390284538269, 0.8986558318138123], "label": [1, 1, 1, 0, 0, 0, 0]}