{"text": ["XYZ Hospital", "123 tlealth Street,Wellness City", "Phone:+1-234.587-890", "PatlantNam:Jan D", "p:45", "DoctorDr.Johnson", "Medicine", "Dosuge", "Frequency", "Duration", "Cap Pan d", "15tablets", "20msdy", "7 duys", "Cap Dilanun", "15tablets", "3tmesaday", "30 days", "TabAllegra", "20 tablets", "2 tmsa duy", "5 days", "Tab Trz", "20tblets", "2tmesa dey", "4duys", "Tab Pan d", "5tablets", "2 umes a duy", "7 days", "Cap Omez", "15tablets", "2 tms a doy", "30 days", "Syrup", "Dosago", "Froquoncy", "Duratlon", "Syrup TusQ dx", "Sml", "2tm doy", "10dy", "Advico:", "-Tako to rost", "Eat nsy-to-digest food like boiled dce with dnl", "Stoybydrated"], "confidence": [0.9488534331321716, 0.8395678997039795, 0.8581722378730774, 0.8298032283782959, 0.7807413339614868, 0.9745882749557495, 0.8897854089736938, 0.9427713751792908, 0.9788968563079834, 0.965709924697876, 0.9696552753448486, 0.8927748799324036, 0.8373211026191711, 0.9828178286552429, 0.8931537866592407, 0.9092390537261963, 0.8244096636772156, 0.8513266444206238, 0.960960865020752, 0.8709948658943176, 0.7483718395233154, 0.7493965029716492, 0.82793790102005, 0.9412925839424133, 0.8084509968757629, 0.9083743095397949, 0.8963916301727295, 0.9079194068908691, 0.7368073463439941, 0.8452855944633484, 0.8702139258384705, 0.9037178754806519, 0.8156778216362, 0.8867191672325134, 0.9719002842903137, 0.9641801714897156, 0.9633573889732361, 0.9836410284042358, 0.943820595741272, 0.927854061126709, 0.7230568528175354, 0.9338974952697754, 0.9678854942321777, 0.7480148077011108, 0.8616782426834106, 0.8277963995933533], "label": [1, 1, 1, 0, 0, 0, 0]}