{"text": ["XYZ Hospital", "123 tlealth Street,Wellness City", "Phone:+1-234.587-890", "PatlantNamx:Llam Ro", ":70", "Doctor: Dr. Tumor", "Medicine", "Dosuge", "Frequency", "Duration", "TabFebrexplus", "15tablets", "3mesday", "30 duys", "Cap Cypon", "20 tablets", "20mesa day", "4duys", "Tab Trtz", "5 tablets", "3 tmesa doy", "30 duys", "Tab Dolonex dt", "5tablets", "3 tmesaday", "4duys", "TabDolo650", "20tblets", "2 tmes a duy", "5 days", "TabA1urodin 500", "5tablets", "2 tmes a doy", "7 days", "Syrup", "Dosago", "Froquoncy", "Duratlon", "Syrup Brozodax", "10ml", "3tms doy", "30 dny", "Advico:", "-Tako tod rost", "Eat nsy-to-digest food like boiled dce with dnl", "-Stytydrated"], "confidence": [0.9527716040611267, 0.8422218561172485, 0.8589719533920288, 0.7815858125686646, 0.7763848900794983, 0.9621429443359375, 0.9556780457496643, 0.9427713751792908, 0.9790523052215576, 0.964890718460083, 0.9778458476066589, 0.8647039532661438, 0.8455252051353455, 0.9137939810752869, 0.9238995313644409, 0.8967920541763306, 0.7184149026870728, 0.9083743095397949, 0.8327649235725403, 0.8758335113525391, 0.7694242000579834, 0.9156034588813782, 0.9143114686012268, 0.8909797668457031, 0.8491914868354797, 0.9083743095397949, 0.8774751424789429, 0.9145114421844482, 0.7853452563285828, 0.7517222762107849, 0.8281944394111633, 0.8909797668457031, 0.8315520286560059, 0.991462230682373, 0.9720994234085083, 0.958836555480957, 0.9524527788162231, 0.9814329147338867, 0.9612661004066467, 0.9717352390289307, 0.711635172367096, 0.7926518321037292, 0.9667397141456604, 0.7713730931282043, 0.859491229057312, 0.9215343594551086], "label": [1, 1, 1, 0, 0, 0, 0]}