{"text": ["XYZ Hospital", "123 tlealth Street,Wellness City", "Phone:+1-234.587-890", "Patlont Namx:Charlo Ro", "p:02", "Doctor: Dr. Tumar", "Medicine", "Dosage", "Frequency", "Duration", "Tab Sumo cold", "5tablets", "3mesaday", "30 days", "Tab Combinam", "20 tablets", "3 tmes dey", "4days", "Cap Zovirax", "15tablets", "3 tmesa day", "4days", "Tab Febrex plus", "15tablets", "3 tmesa dey", "$ days", "TabAluhrodin 500", "5tablets", "3 tmesaday", "4days", "Syrup", "Dosapo", "Froquoncy", "Duration", "Syrup Zodax", "Sml", "3timsday", "30dy", "Advico:", "-Tako tod rost", "Eat nsy-to-dlgest food like boiled dce with dal", "-Stayhydrated"], "confidence": [0.9544928669929504, 0.8356792330741882, 0.8577502369880676, 0.7855626940727234, 0.6046748161315918, 0.9299281239509583, 0.930323600769043, 0.9033363461494446, 0.986274003982544, 0.964890718460083, 0.9038566946983337, 0.9079194068908691, 0.8035884499549866, 0.8676621317863464, 0.8938612341880798, 0.8709948658943176, 0.7044920921325684, 0.9184122085571289, 0.9152831435203552, 0.8623680472373962, 0.7573702335357666, 0.9184122085571289, 0.9164689779281616, 0.8865138292312622, 0.7729131579399109, 0.9474455714225769, 0.7924851179122925, 0.9057856798171997, 0.8482871055603027, 0.9184122085571289, 0.9747051000595093, 0.8742751479148865, 0.9624842405319214, 0.9667842388153076, 0.9236021041870117, 0.9197258949279785, 0.7220712900161743, 0.9668070673942566, 0.96775883436203, 0.7905479669570923, 0.9010121822357178, 0.8896684050559998], "label": [1, 1, 1, 0, 0, 0, 0]}