{"text": ["XYZ Hospital", "123 tlealth Street,Wellness City", "Phone:+1-234.587-890", "PatlantNamx:GracoSmith", "p:23", "Doctor: Dr.Johnson", "Medicine", "Dosuge", "Frequency", "Duration", "Tab Suno cold", "10tablets", "20ms doy", "5 days", "Tab Pan d", "5tablets", "2tmesa day", "7 days", "Tab Combinam", "10 tablets", "2 tmes aduy", "5 days", "Cap Zovirax", "10tablets", "3tmesaday", "10days", "Tab Allegra", "15tablets", "2 umes a duy", "7days", "Tab Zole fcream", "20 tablets", "2 tms a doy", "7 days", "Syrup", "Dosago", "Froquoncy", "Duratlon", "Syrup Corox", "10ml", "2tmdoy", "7day", "Advico:", "-Tako to rost", "Eat nsy-to-digest food like boiled dce with dnl", "Stoytydrated"], "confidence": [0.9478399157524109, 0.8488829135894775, 0.846886157989502, 0.8412673473358154, 0.7894628047943115, 0.9701166152954102, 0.8984020948410034, 0.908909797668457, 0.9788968563079834, 0.965709924697876, 0.8746746778488159, 0.9273074269294739, 0.7523245811462402, 0.7523592114448547, 0.9090089797973633, 0.9046000242233276, 0.7703806161880493, 0.8401936888694763, 0.9507765769958496, 0.8921223878860474, 0.7543216347694397, 0.7493965029716492, 0.887336790561676, 0.9273074269294739, 0.8963534235954285, 0.924377977848053, 0.8582489490509033, 0.8647039532661438, 0.7527843117713928, 0.9485983848571777, 0.8884682059288025, 0.8797799944877625, 0.810215175151825, 0.8404199481010437, 0.9719002842903137, 0.9641801714897156, 0.9637989401817322, 0.9877357482910156, 0.8779683709144592, 0.9717352390289307, 0.7179483771324158, 0.940690815448761, 0.9678854942321777, 0.7507117390632629, 0.861255407333374, 0.856630802154541], "label": [1, 1, 1, 0, 0, 0, 0]}