{"text": ["XYZ Hospital", "123 tlealth Street,Wellness City", "Phone:+1-234-587-890", "Patlont Nanx:Bob Wilson", ":47", "Doctor: Dr.Lao", "Medicine", "Dosuge", "Frequency", "Duration", "Tab Sumo cold", "5 tablets", "3tmesaday", "30 days", "Tab Combinam", "t5tablets", "3 tmesaday", "5days", "Cap Pan d", "20 tablets", "3 tmes a duy", "4 days", "Cap Zovirax", "t5tablets", "3 tmesa dey", "30 days", "Syrup", "Dosago", "Froquancy", "Duratlon", "Syrup Zodax", "Sml", "2 tim doy", "5days", "Advico:", "-Tako bod rost", "Eat nsy-to-dlgest food like boiled rice with dal", "-Stynydrated"], "confidence": [0.9436275362968445, 0.8385964632034302, 0.887463390827179, 0.8525441288948059, 0.8488302230834961, 0.9042146801948547, 0.930323600769043, 0.9030749201774597, 0.9827504754066467, 0.964890718460083, 0.8999273777008057, 0.887381374835968, 0.7501370906829834, 0.8676621317863464, 0.9123830795288086, 0.8831853270530701, 0.7629109621047974, 0.8691898584365845, 0.9048255085945129, 0.9054545164108276, 0.8733134865760803, 0.8902750611305237, 0.8519293069839478, 0.8856318593025208, 0.7706842422485352, 0.8867191672325134, 0.9825723767280579, 0.9191999435424805, 0.935694694519043, 0.8827411532402039, 0.9230165481567383, 0.8684621453285217, 0.7463570237159729, 0.8675468564033508, 0.9288334846496582, 0.7142534255981445, 0.8857390284538269, 0.8977336883544922], "label": [1, 1, 1, 0, 0, 0, 0]}