{"text": ["XYZ Hospital", "123 tlealth Street,Wellness City", "Phone:+1-234-587-890", "Patlont Nanx:Charlo Brown", ":74", "Doctor: Dr. Millor", "Medicine", "Dosuge", "Frequency", "Duration", "Cap Zovirax", "5 tablets", "20ms doy", "10duys", "Tab Cyciopam", "10 tablets", "2mes  duy", "7 days", "TabClavum 25", "5tablets", "2 tmes a duy", "30 days", "Tab Dolonex dt", "20 tablets", "2 tmes a doy", "7 days", "Syrup", "Dosago", "Froquancy", "Duratlon", "Syrup TusQ-dx", "Sml", "3mday", "30day", "Advico:", "-Tako bod rost", "Eat nsy-to-dlgest food like boiled rice with dal", "-Stytydrated"], "confidence": [0.9532102942466736, 0.8392246961593628, 0.8858763575553894, 0.8423559069633484, 0.8549395203590393, 0.9730573296546936, 0.930323600769043, 0.9030749201774597, 0.9816504716873169, 0.9623180627822876, 0.8629161715507507, 0.863848865032196, 0.7529489994049072, 0.9106659889221191, 0.8804202675819397, 0.8921223878860474, 0.7472155094146729, 0.9913495182991028, 0.8234372735023499, 0.9093613624572754, 0.8907971978187561, 0.8833222985267639, 0.9173426032066345, 0.8983814120292664, 0.787345826625824, 0.8480218052864075, 0.9852066040039062, 0.9117240309715271, 0.9354243874549866, 0.8827411532402039, 0.9589363932609558, 0.8684621453285217, 0.8066997528076172, 0.888917088508606, 0.9288334846496582, 0.7142534255981445, 0.8857390284538269, 0.9112634658813477], "label": [1, 1, 1, 0, 0, 0, 0]}