{"text": ["XYZ Hospital", "123 tlealth Street,Wellness City", "Phone:+1-234.587-890", "Patlont Namxo:John Wilson", "p:50", "Doctor: Dr.Patol", "Medicine", "Dosauge", "Frequency", "Duration", "Tab Sumo cold", "10 tablets", "3mesday", "10days", "Cap Coimmune", "5tablets", "3umesaday", "30 days", "TabClavum 25", "20 tblets", "2 tms day", "7 days", "TabA1urocin 500", "20 tablets", "3tmesaday", "10days", "Tab Evion", "20tablets", "3 tmesaday", "5days", "Syrup", "Dosapo", "Froquancy", "Duratlon", "Syrup Fobroxplus", "10ml", "2m doy", "30dny", "Syrup TusQ dx", "10ml", "2 tims doy", "7days", "Advico:", "-Tako tod rost", "Eat nsy-to-digest food like boiled rice with dnl", "Stoy bydrated"], "confidence": [0.9547904133796692, 0.8416517972946167, 0.8589719533920288, 0.8602084517478943, 0.7119712829589844, 0.9547992944717407, 0.9286406636238098, 0.8137890696525574, 0.9788968563079834, 0.9629752039909363, 0.9080158472061157, 0.901634693145752, 0.845176637172699, 0.9148828983306885, 0.8695065379142761, 0.8669136762619019, 0.8509900569915771, 0.8853435516357422, 0.8432021737098694, 0.9248446226119995, 0.7628087401390076, 0.8767657279968262, 0.842280924320221, 0.8863240480422974, 0.8887529969215393, 0.9213528037071228, 0.9600751399993896, 0.8978633880615234, 0.8439608812332153, 0.8882506489753723, 0.974157989025116, 0.9139150977134705, 0.9316151738166809, 0.9921525120735168, 0.8657676577568054, 0.9483411312103271, 0.7393810749053955, 0.8397564888000488, 0.9829253554344177, 0.9150266051292419, 0.731744647026062, 0.9038707613945007, 0.96775883436203, 0.7176885604858398, 0.8504207730293274, 0.8087722063064575], "label": [1, 1, 1, 0, 0, 0, 0]}