{"text": ["XYZ Hospital", "123 tlealth Street,Wellness City", "Phone:+1-234.587-890", "Patlant Namx:Graco Wlllams", "p:72", "Doctor: Dr. Smith", "Medicine", "Dosuge", "Frequency", "Duration", "Tab Allegra", "15tablets", "3mesday", "$ duys", "Tab Combinam", "20 tablets", "3 ms dey", "30 days", "Cap Zovirax", "10 tablets", "3 tmesa doy", "30 days", "Tab Dolo 650", "20 tablets", "3 tmesa dey", "10days", "TabClavum 025", "10 tablets", "2tmesaday", "4days", "Syrup", "Dosapo", "Froquancy", "Duratlon", "Syrup TusQ-dx", "10ml", "2 tmdoy", "4dy", "Syrup Corox-dx", "Sml", "2tims doy", "5 days", "Advico:", "-Tako tod rost", "Eat nsy-to-digest food like boiled rice with dnl", "-Stytydrated"], "confidence": [0.954705536365509, 0.8544544577598572, 0.8499292135238647, 0.8285590410232544, 0.7978620529174805, 0.9499738216400146, 0.930323600769043, 0.9427713751792908, 0.9838371276855469, 0.964890718460083, 0.9100603461265564, 0.8913987278938293, 0.8442182540893555, 0.8746140599250793, 0.8977081179618835, 0.9054545164108276, 0.7794666290283203, 0.8663529753684998, 0.9172304272651672, 0.8921223878860474, 0.7590215802192688, 0.8833222985267639, 0.8140571713447571, 0.8863240480422974, 0.8120609521865845, 0.9193813800811768, 0.7976799011230469, 0.901634693145752, 0.8577829003334045, 0.9184122085571289, 0.9788066744804382, 0.90386563539505, 0.9510630369186401, 0.9472008943557739, 0.9506849050521851, 0.9347427487373352, 0.722148597240448, 0.962104082107544, 0.9816890954971313, 0.9197258949279785, 0.7145965099334717, 0.8086541295051575, 0.9689494371414185, 0.7249441146850586, 0.8504207730293274, 0.9365401268005371], "label": [1, 1, 1, 0, 0, 0, 0]}