{"text": ["XYZ Hospital", "123 tlealth Street,Wellness City", "Phone:+1-234-587-890", "Patlont Nanx:John Wlllams", "1", "Doctor:Dr.Johnson", "Medicine", "Dosage", "Frequency", "Duration", "Cup Cypon", "10tablets", "3mesday", "10 days", "Cap Dilanun", "10 tablets", "3tmesaday", "10days", "TabAllegra", "15tablets", "2 tmes a duy", "30 duys", "Tab Cyciopum", "10tablets", "2 tmes a doy", "4days", "Syrup", "Dosago", "Froquancy", "Duratlon", "Syrup TusQ dx", "10ml", "2 tim doy", "30day", "Advico:", "-Takorst", "Eat nsy-to-dlgest food like boiled rice with dal", "-Stynydrated"], "confidence": [0.9532131552696228, 0.8387157320976257, 0.8868597745895386, 0.8705765008926392, 0.9231669902801514, 0.9716724157333374, 0.9307171702384949, 0.9027800559997559, 0.9838371276855469, 0.9623180627822876, 0.9428679347038269, 0.9273074269294739, 0.8427475690841675, 0.948471188545227, 0.9381576180458069, 0.9107781648635864, 0.8446890115737915, 0.9213528037071228, 0.938199520111084, 0.8927748799324036, 0.7724898457527161, 0.9196853041648865, 0.8610498905181885, 0.9273074269294739, 0.7733061909675598, 0.9184122085571289, 0.9728748202323914, 0.9117240309715271, 0.9584259390830994, 0.9347891807556152, 0.9495356678962708, 0.9658069610595703, 0.7382363677024841, 0.8759253621101379, 0.9288334846496582, 0.7500714063644409, 0.8857390284538269, 0.8987074494361877], "label": [1, 1, 1, 0, 0, 0, 0]}