{"text": ["XYZ Hospital", "123 tlealth Street,Wellness City", "Phone:+1-234.587-890", "PatlantNam:Bob D", ":70", "Doctor: Dr. Tumor", "Medicine", "Dosuge", "Frequency", "Duration", "Tab Febrexplus", "15tablets", "20ms dey", "30 days", "Tab Pan d", "10 tablets", "2 ums  doy", "4days", "Cap Cypon", "10 tablets", "2 tmes day", "7 days", "Tab Evion", "20 toblets", "3tmes aday", "t4days", "Cup Colmmune", "10 tablets", "3 tmesaday", "10days", "Syrup", "Dosopo", "Froquoncy", "Duratlon", "Syrup Cypon", "10ml", "2timdy", "14day", "Advico:", "-Tako tod rost", "Eat nsy-to-dlgest food like boiled dce with dal", "-Staytydrated"], "confidence": [0.9556874632835388, 0.8413002490997314, 0.8577502369880676, 0.8293065428733826, 0.7763848900794983, 0.9391220808029175, 0.9254783391952515, 0.9431764483451843, 0.9838371276855469, 0.964890718460083, 0.9426197409629822, 0.8647039532661438, 0.7692691087722778, 0.8676621317863464, 0.9202485680580139, 0.8921223878860474, 0.7191870808601379, 0.8935898542404175, 0.9421277642250061, 0.8921223878860474, 0.721615195274353, 0.8720644116401672, 0.9279268980026245, 0.8743324279785156, 0.8471330404281616, 0.8406792283058167, 0.8528482913970947, 0.901634693145752, 0.8478784561157227, 0.924377977848053, 0.9720994234085083, 0.7710023522377014, 0.9624842405319214, 0.9654592275619507, 0.991102933883667, 0.9347427487373352, 0.8358383178710938, 0.7760825753211975, 0.9691476225852966, 0.7908543944358826, 0.9010859727859497, 0.937537431716919], "label": [1, 1, 1, 0, 0, 0, 0]}