{"text": ["XYZ Hospital", "123 tlealth Street,Wellness City", "Phone:+1-234.587-890", "Patlant Nanx:Davld D", ":40", "Doctor: Dr.Lao", "Medicine", "Dosuge", "Frequency", "Duration", "Cap Pan d", "20 tblets", "3mesdey", "4days", "Tab Dolo650", "15tablets", "2 ums  doy", "5days", "Cap Cypon", "10 tablets", "2 tmes day", "4 days", "Tab Combinam", "10 tablets", "3 tmesa dey", "$ days", "TabCiplox 500", "10 tablets", "2tmesaday", "4days", "Syrup", "Dosapo", "Froquoncy", "Duratlon", "Syrup Corox-dx", "Sml", "3timsday", "14day", "Advico:", "-Tako tod rost", "Eat nsy-to-digest food like boiled dce with dal", "-Staytydrated"], "confidence": [0.9493833184242249, 0.8471035957336426, 0.8541738390922546, 0.7833880186080933, 0.8325653076171875, 0.9070560336112976, 0.930323600769043, 0.9427713751792908, 0.9838371276855469, 0.9629472494125366, 0.8757061958312988, 0.9135541915893555, 0.8327884078025818, 0.9607241749763489, 0.8290521502494812, 0.9090301990509033, 0.7191870808601379, 0.8691898584365845, 0.9413890838623047, 0.8921223878860474, 0.721615195274353, 0.8880710601806641, 0.9098255634307861, 0.901634693145752, 0.8120609521865845, 0.9286584258079529, 0.9109957218170166, 0.901634693145752, 0.8579052090644836, 0.9184122085571289, 0.9747051000595093, 0.8742751479148865, 0.9624842405319214, 0.962416410446167, 0.9769250750541687, 0.9197258949279785, 0.7474058866500854, 0.7760825753211975, 0.9675191640853882, 0.8305254578590393, 0.89924156665802, 0.9372954964637756], "label": [1, 1, 1, 0, 0, 0, 0]}