{"text": ["XYZ Hospital", "123 tlealth Street,Wellness City", "Phone:+1-234.587-890", "Patlont Namx:Chardlo Smith", "Ap:75", "Doctor: Dr.Johnson", "Medidine", "Dosuge", "Frequency", "Duration", "Tab Evion", "20 tblets", "20ms doy", "t4days", "Cap Coimmune", "20 tablets", "20mesaday", "30 days", "Tab Combinam", "t5tablets", "3tmes day", "7 days", "Cap Zovirax", "20 tablets", "2 tmesa dey", "t4days", "TabClavum 025", "20 tablets", "3 tmesaday", "30 days", "Syrup", "Dosapo", "Froquancy", "Duratlon", "Syrup Cypon", "10ml", "2tmdoy", "5day", "Syrup Brozodox", "Sml", "3tims doy", "5 days", "Advico:", "-Tako tod rost", "Eat nsy-to-digest food like boiled rice with dnl", "Stoytydrated"], "confidence": [0.9477817416191101, 0.8420253992080688, 0.8589719533920288, 0.8175903558731079, 0.7691259980201721, 0.9679127931594849, 0.8929821848869324, 0.9740098118782043, 0.9788968563079834, 0.9629752039909363, 0.9270737767219543, 0.9135541915893555, 0.7523245811462402, 0.8849427700042725, 0.8860805034637451, 0.9054545164108276, 0.7241058349609375, 0.8663529753684998, 0.9407810568809509, 0.8766900897026062, 0.795462429523468, 0.8831198811531067, 0.9086700677871704, 0.8863240480422974, 0.8118886351585388, 0.8406792283058167, 0.8058651685714722, 0.8863240480422974, 0.8439608812332153, 0.8853435516357422, 0.9719002842903137, 0.7913495898246765, 0.8946319222450256, 0.9908849000930786, 0.9832866787910461, 0.9483411312103271, 0.7179483771324158, 0.7321327924728394, 0.9708676338195801, 0.9197258949279785, 0.7529909014701843, 0.8215978741645813, 0.9687759280204773, 0.7555519938468933, 0.8504207730293274, 0.871784508228302], "label": [1, 1, 1, 0, 0, 0, 0]}