{"text": ["XYZ Hospital", "123 tlealth Street,Wellness City", "Phone:+1-234-587-890", "Patlont Nanx:Charlo Wlllams", "Ap:25", "Doctor:Dr.Patol", "Medicine", "Dosuge", "Frequency", "Duration", "Tab Cyclomeff", "5 tablets", "20ms doy", "30 days", "Cap Omez", "20 tablets", "3tmesaday", "7 days", "Tab Dolonexdt", "t5tblets", "3 tmes a duy", "10 duys", "Tab Suno cold", "t5tablets", "2 tmes a doy", "10days", "Syrup", "Dosago", "Froquancy", "Duration", "Syrup Cypon", "10ml", "2 tim doy", "30day", "Advico:", "-Tako bod rost", "Eat nsy-to-dlgest food like boiled rice with dal", "-Stytydrated"], "confidence": [0.9532425403594971, 0.8392246961593628, 0.8814093470573425, 0.8413622975349426, 0.761734664440155, 0.9379401803016663, 0.9259157180786133, 0.9030749201774597, 0.9821071624755859, 0.964890718460083, 0.8265451788902283, 0.8841409683227539, 0.7529489994049072, 0.8676621317863464, 0.8864823579788208, 0.9054545164108276, 0.8034953474998474, 0.8480218052864075, 0.9378198385238647, 0.9061143398284912, 0.8733134865760803, 0.8872557878494263, 0.8603653311729431, 0.8856318593025208, 0.7674559950828552, 0.9213528037071228, 0.9852066040039062, 0.9117240309715271, 0.935694694519043, 0.9392375946044922, 0.9513744711875916, 0.9658069610595703, 0.7463570237159729, 0.8721305131912231, 0.9268304705619812, 0.7415408492088318, 0.8857390284538269, 0.910991907119751], "label": [1, 1, 1, 0, 0, 0, 0]}