{"text": ["XYZ Hospital", "123 tlealth Street,Wellness City", "Phone:+1-234.587-890", "Patlant Namx:Llam Millar", ":30", "Doctor: Dr. Tumor", "Medicine", "Dosage", "Frequency", "Duration", "TabDolo650", "5tablets", "3mesaday", "5days", "Tab Zole fcream", "15tablets", "20mesaday", "t4days", "Tab Cetine", "15tablets", "2 tmes day", "30 days", "Tab Clavum025", "20 toblets", "2 tms a doy", "5 days", "TabCiplox 500", "20tablets", "3 tmesaday", "7 days", "Syrup", "Dosapo", "Froquoncy", "Duratlon", "Syrup TusQ-dx", "Sml", "2timday", "10day", "Advico:", "-Tako tod rost", "Eat nsy-to-dlgest food like boiled dce with dal", "-Stayhydrated"], "confidence": [0.9544928669929504, 0.8445388078689575, 0.8541738390922546, 0.837538480758667, 0.786027729511261, 0.9332931637763977, 0.9286406636238098, 0.9033363461494446, 0.986274003982544, 0.965709924697876, 0.8823356628417969, 0.9079194068908691, 0.8035884499549866, 0.8343985676765442, 0.8712989091873169, 0.8647039532661438, 0.7784956693649292, 0.8406792283058167, 0.9279612302780151, 0.8913987278938293, 0.7205934524536133, 0.8867191672325134, 0.8481363654136658, 0.8743324279785156, 0.7903292179107666, 0.8977670669555664, 0.9224821925163269, 0.8978633880615234, 0.8438262939453125, 0.8720644116401672, 0.9747051000595093, 0.8742751479148865, 0.9624842405319214, 0.8988408446311951, 0.9561455249786377, 0.9197258949279785, 0.7432094216346741, 0.8202261924743652, 0.96775883436203, 0.7905479669570923, 0.9010121822357178, 0.8896684050559998], "label": [1, 0, 1, 0, 0, 0, 0]}