{"text": ["XYZ Hospital", "123 tlealth Street,Wellness City", "Phone:+1-234-587-890", "Patlont Namx:Llam Smith", "p:03", "Doctor: Dr.Lao", "Medicine", "Dosuge", "Frequency", "Duration", "Tab Neurobin Forte", "15tablets", "3mesday", "30 days", "Tab Combinlam", "5tablets", "3tmesaday", "30 days", "TabAluhrocin S00", "10tblets", "3 tmes a duy", "30 duys", "Cap Dilantn", "t5tablets", "3 tmesa dey", "4days", "Syrup", "Dosago", "Froquancy", "Ouration", "Syrup TusQ dx", "10ml", "3tims doy", "5days", "Advico:", "-Tako bod rost", "Eat nsy-to-dlgest food like boiled rice with dal", "-Stytydrated"], "confidence": [0.9482889175415039, 0.8437840342521667, 0.887356162071228, 0.806642472743988, 0.741835355758667, 0.9071701765060425, 0.9240130186080933, 0.975483238697052, 0.9788968563079834, 0.964890718460083, 0.9329092502593994, 0.8927748799324036, 0.8407676815986633, 0.8676621317863464, 0.904182493686676, 0.895728349685669, 0.8034953474998474, 0.8500292897224426, 0.7588580846786499, 0.9008221626281738, 0.8768436908721924, 0.9196853041648865, 0.8529943227767944, 0.8856318593025208, 0.7706842422485352, 0.9184122085571289, 0.9908796548843384, 0.9117240309715271, 0.9325470328330994, 0.9243900775909424, 0.9445343017578125, 0.9658069610595703, 0.7523825764656067, 0.8875328302383423, 0.9288334846496582, 0.7142534255981445, 0.8857390284538269, 0.9112634658813477], "label": [1, 1, 1, 0, 0, 0, 0]}