{"text": ["XYZ Hospital", "123 tlealth Street,Wellness City", "Phone:+1-234.587-890", "PatlantNamx:Llam Davs", "p:74", "Doctor: Dr.Lao", "Medicine", "Dosuge", "Frequency", "Duration", "Tab Allegra", "20 tblets", "20ms day", "$ duys", "Tab Dolo650", "t5tablets", "3umesadey", "10days", "Tab Zole fcream", "5tablets", "3tmes aday", "4 days", "Tab Evion", "5tablets", "2tmesadey", "30 days", "Cap Zovirax", "20tablets", "2tmesaday", "30 days", "Syrup", "Dosapo", "Froquoncy", "Duratlon", "Syrup Zodax", "Sml", "3tms doy", "10dny", "Syrup Brozodox", "10ml", "3tims doy", "4 days", "Advico:", "-Tako to rost", "Eat nsy-to-digest food like boiled rice with dnl", "Stoybydrated"], "confidence": [0.9558648467063904, 0.849846601486206, 0.8582290410995483, 0.8319063782691956, 0.7748444080352783, 0.899018406867981, 0.9258362054824829, 0.9740098118782043, 0.9838371276855469, 0.964890718460083, 0.9100603461265564, 0.9135541915893555, 0.7605679631233215, 0.8785698413848877, 0.8468781113624573, 0.8836497068405151, 0.8198149800300598, 0.9015160202980042, 0.88272625207901, 0.9093613624572754, 0.8216320872306824, 0.8880710601806641, 0.9232249855995178, 0.8861472606658936, 0.8530535101890564, 0.8853435516357422, 0.8704531192779541, 0.8978633880615234, 0.8239051103591919, 0.8853435516357422, 0.9703512191772461, 0.7913495898246765, 0.9255363941192627, 0.957970380783081, 0.9058071374893188, 0.927854061126709, 0.7197035551071167, 0.6375325322151184, 0.976361095905304, 0.9616332650184631, 0.7592406868934631, 0.8612959980964661, 0.9671358466148376, 0.7393526434898376, 0.8504207730293274, 0.8402523994445801], "label": [1, 1, 1, 0, 0, 0, 0]}