{"text": ["XYZ Hospital", "123 tlealth Street,Wellness City", "Phone:+1-234.587-890", "PatlantNanx:Bob Dav", "Ap:27", "DoctorDr.Johnson", "Medicine", "Dosuge", "Frequency", "Duration", "Tab Sumo cold", "10tablets", "20ms day", "4days", "Cap Omez", "10 tablets", "3 0ms dey", "5days", "TabAluhrodin S00", "10 tablets", "2tmesaday", "7 days", "Cap Dilantn", "10 tablets", "2tmesaday", "5days", "Cap Colmmune", "5tablets", "2tmesaday", "30 days", "Syrup", "Dosago", "Froquoncy", "Duratlon", "Syrup Brozodax", "Sml", "3timsday", "30days", "Advico:", "-Tako tod rost", "Eat nsy-to-dlgest food like boiled dce with dal", "-Stayhydrated"], "confidence": [0.9573611617088318, 0.8471035957336426, 0.8541738390922546, 0.8258234262466431, 0.720230758190155, 0.9631726741790771, 0.930323600769043, 0.9349806904792786, 0.9838371276855469, 0.9629472494125366, 0.9143809080123901, 0.9273074269294739, 0.7605679631233215, 0.9227895736694336, 0.7629082798957825, 0.9107781648635864, 0.7231447696685791, 0.8691898584365845, 0.7645636796951294, 0.8921223878860474, 0.8620349168777466, 0.8767657279968262, 0.9193612933158875, 0.901634693145752, 0.8693881630897522, 0.886221706867218, 0.8847939372062683, 0.9057856798171997, 0.8561273813247681, 0.8853435516357422, 0.9720994234085083, 0.9117240309715271, 0.9749724864959717, 0.9881021976470947, 0.9833493828773499, 0.9197258949279785, 0.7220712900161743, 0.8138046264648438, 0.9671358466148376, 0.8235440850257874, 0.9010121822357178, 0.880672037601471], "label": [1, 1, 1, 0, 0, 0, 0]}