{"text": ["XYZ Hospital", "123 tlealth Street,Wellness City", "Phone:+1-234.587-890", "PatlantNanxo:Davld Willlams", ":40", "Doctor:Dr.Smith", "Medicine", "Dosuge", "Frequency", "Duration", "Cap Zovirax", "20 tblets", "2 umes a day", "10days", "Cap Cypon", "20 tablets", "3 umes dey", "4days", "TabAluhrodin 500", "20 tblets", "3 tmes dey", "4days", "Cap Dilantn", "5tablets", "3 tmesa doy", "10days", "TabClovum 025", "10 tablets", "3 tmesaday", "7 days", "Syrup", "Dosapo", "Froquoncy", "Duratlon", "Syrup Corox", "Sml", "2timdy", "14day", "Advico:", "-Tako tod rost", "Eat nsy-to-digest food like boiled dce with dal", "-Stayhydrated"], "confidence": [0.9573611617088318, 0.8380128741264343, 0.8541738390922546, 0.8201289176940918, 0.7442576289176941, 0.9709880948066711, 0.9291049838066101, 0.9427713751792908, 0.9838371276855469, 0.9623180627822876, 0.8637662529945374, 0.9135541915893555, 0.8016192317008972, 0.8628065586090088, 0.9460340142250061, 0.9054545164108276, 0.7338784337043762, 0.8935898542404175, 0.7435046434402466, 0.9248446226119995, 0.7872068881988525, 0.9184122085571289, 0.8997467160224915, 0.8846966028213501, 0.7666757702827454, 0.924377977848053, 0.7837120890617371, 0.8958706855773926, 0.8478784561157227, 0.8720644116401672, 0.9720994234085083, 0.9054598808288574, 0.9624842405319214, 0.9654592275619507, 0.9607416391372681, 0.9197258949279785, 0.8297489285469055, 0.7760825753211975, 0.9675191640853882, 0.8260635733604431, 0.89924156665802, 0.8874865770339966], "label": [1, 1, 1, 0, 0, 0, 0]}