{"text": ["XYZ Hospital", "123 tlealth Street,Wellness City", "Phone:+1-234.587-890", "Patlant Namx:Jano Willlams", "Ap:53", "Doctor: Dr.Lao", "Medicine", "Dosuge", "Frequency", "Duration", "Tab Pan d", "20 tblets", "3umesa day", "10days", "Cap Dilanun", "20 tablets", "3 tmes dey", "10days", "TabCyclomeff", "10tablets", "3 tmesaday", "5days", "Tab Allegra", "15tablets", "3tmes aday", "30 days", "TabAluhrodin 500", "15tablets", "3tmes aday", "t4days", "Syrup", "Dosago", "Froquancy", "Duratlon", "Syrup Zodax", "10ml", "3timsday", "10day", "Advico:", "-Tako tod rost", "Eat nsy-to-dlgest food like boiled dce with dal", "-Staytydrated"], "confidence": [0.9531888961791992, 0.8409596681594849, 0.8577502369880676, 0.8306149840354919, 0.7789907455444336, 0.9044675827026367, 0.9180112481117249, 0.9427713751792908, 0.9838371276855469, 0.9623180627822876, 0.8942930698394775, 0.9135541915893555, 0.8401643633842468, 0.9539411067962646, 0.8942663669586182, 0.9054545164108276, 0.7654374837875366, 0.9213528037071228, 0.8198387026786804, 0.9273074269294739, 0.8247963190078735, 0.8344883918762207, 0.8739837408065796, 0.8871575593948364, 0.8221608996391296, 0.8867191672325134, 0.747738242149353, 0.8871575593948364, 0.8221608996391296, 0.8406792283058167, 0.9720994234085083, 0.8300634026527405, 0.9370110630989075, 0.9654592275619507, 0.9230165481567383, 0.9347427487373352, 0.7220712900161743, 0.8202261924743652, 0.96775883436203, 0.7947360873222351, 0.9010859727859497, 0.937537431716919], "label": [1, 1, 1, 0, 0, 0, 0]}