{"text": ["XYZ Hospital", "123 tlealth Street,Wellness City", "Phone:+1-234.587-890", "Patlant Nanx:Davd Dav", "p:50", "Doctor: Dr.Lo", "Medicine", "Dosuge", "Frequency", "Duration", "Tab Combinam", "5 tablets", "20ms dey", "5 days", "Tab Cetine", "t5tablets", "2tmesa dey", "10days", "Tab Triz", "t5tblets", "3 tmesaday", "10days", "TabZole fcream", "10tablets", "3 tmesa dey", "5 days", "Syrup", "Dosogo", "Froquoncy", "Duratlon", "Syrup Grillnctus bm", "Sml", "2 tm doy", "14day", "SyrupZodax", "Sml", "2timday", "30dy", "Advico:", "-Tako bod rost", "Eat nsy-to-digest food like boiled dce with dal", "-Staytydrated"], "confidence": [0.9546694755554199, 0.8350533843040466, 0.8577502369880676, 0.7765069603919983, 0.7119712829589844, 0.9319362044334412, 0.930323600769043, 0.9427713751792908, 0.9560942053794861, 0.964890718460083, 0.936842143535614, 0.8638057708740234, 0.7692691087722778, 0.7393367886543274, 0.9316986203193665, 0.8831853270530701, 0.7338863611221313, 0.9015160202980042, 0.9775725603103638, 0.9061143398284912, 0.8493043780326843, 0.910726010799408, 0.8823711276054382, 0.9247161149978638, 0.8120609521865845, 0.7932131886482239, 0.9720994234085083, 0.7991173267364502, 0.8970111012458801, 0.9546948671340942, 0.9711799621582031, 0.8684621453285217, 0.7824395895004272, 0.8127212524414062, 0.898558497428894, 0.9197258949279785, 0.7958639860153198, 0.9695253372192383, 0.967370867729187, 0.8279812932014465, 0.9078223705291748, 0.9250409007072449], "label": [1, 0, 1, 0, 0, 0, 0]}