{"text": ["XYZ Hospital", "123 tlealth Street,Wellness City", "Phone:+1-234-587-890", "Patlont Namx:Charlo Smith", "Apo:77", "Doctor:Dr.Patol", "Medicine", "Dosuge", "Frequency", "Qurabon", "Tab Trtz", "10 tablets", "3mesdey", "7 days", "Cap Pan d", "10tablets", "3 umes duy", "4duys", "TabAllegra", "20 tablets", "3 tmesa duy", "4duys", "TabAlurocin 500", "20tblets", "2 tmesa day", "7 days", "TabNeurobin Forte", "5tablets", "3 tmesaday", "5days", "Cap Dilanun", "20tblets", "2 tmes a doy", "30 days", "Syrup", "Dosago", "Froquoncy", "Duratlon", "Syrup Cypon", "Sml", "2 timdoy", "30day", "Syrup Zodox", "10ml", "3timsday", "14day", "Advico:", "-Tako tod rst", "Eat nsy-to-digest food like boiled rice with dnl", "-Stytydrated"], "confidence": [0.9470226764678955, 0.8395678997039795, 0.8857169151306152, 0.8331702351570129, 0.7262139916419983, 0.9514607787132263, 0.9251660108566284, 0.9422492384910583, 0.9902750849723816, 0.8740919232368469, 0.804344654083252, 0.8778047561645508, 0.8327884078025818, 0.861883819103241, 0.903003454208374, 0.9273074269294739, 0.7033320069313049, 0.9136894941329956, 0.9169790148735046, 0.8709948658943176, 0.8109228014945984, 0.9083743095397949, 0.8007463812828064, 0.9412925839424133, 0.8068044185638428, 0.861883819103241, 0.9554169774055481, 0.9079194068908691, 0.8478784561157227, 0.8520981669425964, 0.8560308814048767, 0.9145114421844482, 0.7914705872535706, 0.9300812482833862, 0.9879225492477417, 0.8285646438598633, 0.9466862082481384, 0.9899555444717407, 0.991066038608551, 0.860496461391449, 0.7554259300231934, 0.8886368870735168, 0.9223028421401978, 0.9599877595901489, 0.7865440845489502, 0.7873247861862183, 0.9628795385360718, 0.7309774160385132, 0.8472650647163391, 0.9058265686035156], "label": [1, 1, 1, 0, 0, 0, 0]}