{"text": ["XYZ Hospital", "123 tlealth Street,Wellness City", "Phone:+1-234.587-890", "PatlontNamx:Bob Brown", ":47", "DoctorDr.Johnson", "Medicine", "Dosuge", "Frequency", "Duration", "Cap Cypon", "20 tblets", "2 umes a day", "10days", "Tab Evion", "15tablets", "3 0ms dey", "10days", "Tab Combinam", "15tablets", "3 tmesa day", "10 days", "Tab Dolonex dt", "20 toblets", "2 tmsa dey", "30 days", "TabZole fcream", "20 tablets", "3 tmesaday", "7 days", "Syrup", "Dosapo", "Froquoncy", "Duratlon", "Syrup Fobrox plus", "Sml", "3timsday", "7day", "Advico:", "-Tako tod rost", "Eat nsy-to-dlgest food like boiled dce with dal", "-Stayhydrated"], "confidence": [0.9544928669929504, 0.8380128741264343, 0.8541738390922546, 0.8768938183784485, 0.8488302230834961, 0.9615441560745239, 0.9286406636238098, 0.9427713751792908, 0.9838371276855469, 0.9623180627822876, 0.9240240454673767, 0.9135541915893555, 0.8037311434745789, 0.9233501553535461, 0.9250327348709106, 0.9092390537261963, 0.7231447696685791, 0.9213528037071228, 0.9448361396789551, 0.8913987278938293, 0.7573702335357666, 0.8715320229530334, 0.9180983304977417, 0.8743324279785156, 0.8031952977180481, 0.8867191672325134, 0.8823711276054382, 0.8863240480422974, 0.8457149267196655, 0.8720644116401672, 0.9882689714431763, 0.8742751479148865, 0.9624842405319214, 0.910537838935852, 0.9926649928092957, 0.9197258949279785, 0.7220712900161743, 0.8434621095657349, 0.9687759280204773, 0.8077505826950073, 0.9014807939529419, 0.8786836266517639], "label": [1, 1, 1, 0, 0, 0, 0]}