{"text": ["XYZ Hospital", "123 tlealth Street,Wellness City", "Phone:+1-234.587-890", "Patlnt Namx:Mla Ro", "Ap:32", "Doctor: Dr. Smith", "Medicine", "Dosage", "Frequency", "Duration", "Cap Dilanun", "20 tblets", "20ms day", "30 duys", "Tab Cyclopam", "10tablets", "3tmesaday", "10days", "Cup Cypon", "5tablets", "2 tmes a duy", "7 days", "Cup Omez", "15tablets", "2tmesa day", "10days", "Tab Febrexplus", "10tablets", "3 tmesaday", "30 days", "Tab Pand", "5tablets", "3 tmesa dey", "$ days", "Syrup", "Dosago", "Froquoncy", "Duratlon", "Syrup TusQ-dx", "Sml", "2tmdoy", "30 dny", "Advico:", "-Tako tod rost", "Eat nsy-to-digest food like boiled dce with dnl", "Stoybydrated"], "confidence": [0.95210862159729, 0.8416517972946167, 0.8589719533920288, 0.7787643074989319, 0.7324033975601196, 0.9411486387252808, 0.8953059315681458, 0.9033363461494446, 0.9790523052215576, 0.964890718460083, 0.8789188265800476, 0.9003804326057434, 0.7605679631233215, 0.9206424355506897, 0.8964502811431885, 0.9273074269294739, 0.8251487016677856, 0.8654675483703613, 0.9065883159637451, 0.916618824005127, 0.7192685604095459, 0.8580665588378906, 0.7516178488731384, 0.8647039532661438, 0.817900538444519, 0.8654675483703613, 0.9272428154945374, 0.9273074269294739, 0.8289969563484192, 0.8513266444206238, 0.9204728007316589, 0.8909797668457031, 0.7865843176841736, 0.9325768351554871, 0.9719002842903137, 0.9144992828369141, 0.9633573889732361, 0.9835640788078308, 0.9332492351531982, 0.927854061126709, 0.7008616924285889, 0.7926518321037292, 0.9678854942321777, 0.7721758484840393, 0.8601347208023071, 0.8264799118041992], "label": [1, 1, 1, 0, 0, 0, 0]}