{"text": ["XYZ Hospital", "123 tlealth Street,Wellness City", "Phone:+1-234.587-890", "PatlantNamo:Evo Brown", ":41", "Doctor: Dr. Millor", "Medicine", "Dosuge", "Frequency", "Duration", "Cap Pan d", "15tablets", "3mesday", "30 duys", "Tab Febrex plus", "t5tablets", "3 tmes duy", "$ days", "TabCyclopam", "10tablets", "2tmesa day", "10days", "TabDolo650", "5tblets", "3 tmesa dey", "4days", "Syrup", "Dosapo", "Froquancy", "Duratlon", "Syrup TusQ-dx", "Sml", "2 tmdoy", "14 days", "Syrup Fobroxplus", "Sml", "3timsday", "10day", "Advico:", "-Tako tod rost", "Eat nsy-to-dlgest food like boiled dce with dal", "-Stayhydrated"], "confidence": [0.9544928669929504, 0.8380128741264343, 0.8571933507919312, 0.841149091720581, 0.8224173188209534, 0.9391562938690186, 0.9318302869796753, 0.9427713751792908, 0.9838371276855469, 0.964890718460083, 0.8858659863471985, 0.8927748799324036, 0.8416870832443237, 0.9156034588813782, 0.9183347225189209, 0.8833587169647217, 0.7430770993232727, 0.9359393119812012, 0.8930419683456421, 0.9273074269294739, 0.8240203857421875, 0.9063949584960938, 0.8823356628417969, 0.8796586990356445, 0.7014458179473877, 0.9184122085571289, 0.9747051000595093, 0.8093938827514648, 0.9563462734222412, 0.9502712488174438, 0.9653847217559814, 0.8684621453285217, 0.7173526883125305, 0.8229333162307739, 0.8312637805938721, 0.9197258949279785, 0.7330020666122437, 0.7979649305343628, 0.9688101410865784, 0.8293460011482239, 0.9003587961196899, 0.8834782838821411], "label": [1, 1, 1, 0, 0, 0, 0]}