{"text": ["XYZ Hospital", "123 tlealth Street,Wellness City", "Phone:+1-234.587-890", "PatlntNam:Jan R", "p:03", "Doctor: Dr.Pato1", "Medicine", "Dosuge", "Frequency", "Duration", "TabFebrexplus", "20tblets", "3mesday", "7 days", "Tab Evion", "5tablets", "2tmesa dey", "7days", "Tab Cetine", "10tablets", "2 tmes a duy", "14days", "Cap Cypon", "20 tablets", "3 tmesa dey", "10days", "Syrup", "Dosago", "Froquancy", "Duratlon", "Syrup TusQ-dx", "10ml", "3tmsdoy", "30 days", "Syrup Cypon", "10ml", "3timsday", "14day", "Advico:", "-Tako bod rost", "Eat nsy-to-digest food like boiled rice with dal", "-Staytydrated"], "confidence": [0.953935444355011, 0.838995099067688, 0.8577502369880676, 0.8362389206886292, 0.7430418729782104, 0.9169014096260071, 0.930323600769043, 0.9427713751792908, 0.9838371276855469, 0.964890718460083, 0.9706103801727295, 0.9343926906585693, 0.8320165276527405, 0.8635157942771912, 0.9279268980026245, 0.8909797668457031, 0.7338863611221313, 0.9236086010932922, 0.9154947400093079, 0.9247161149978638, 0.8087854385375977, 0.8349022269248962, 0.9558568596839905, 0.8983814120292664, 0.7414395809173584, 0.9470896124839783, 0.9747051000595093, 0.8347269892692566, 0.9061452150344849, 0.937681257724762, 0.9513934850692749, 0.9347427487373352, 0.7024494409561157, 0.9693498611450195, 0.9272768497467041, 0.911413848400116, 0.7793974876403809, 0.7760825753211975, 0.967370867729187, 0.8301025629043579, 0.8990753293037415, 0.9250409007072449], "label": [1, 1, 1, 0, 0, 0, 0]}