{"text": ["XYZ Hospital", "123 tlealth Street,Wellness City", "Phone:+1-234.587-890", "PatlntNamx:Llam R", "Doctor: Dr. Millor", "Medicine", "Dosauge", "Frequency", "Duration", "Tab Cetine", "10 tablets", "20ms dey", "7 duys", "Tab Cyciomelf", "15tablets", "3 umes doy", "5days", "Tab Trtz", "20 tablets", "2mes aday", "30 duys", "Tab Evlon", "20 tablets", "3tmes aday", "7 days", "Cup Omez", "15tablets", "2 tmes a duy", "7 days", "Cap Pan d", "10tablets", "2 tmes a day", "30 days", "Syrup", "Dosago", "Froquoncy", "Duratlon", "Syrup Cypon", "10ml", "2tm doy", "10dy", "Advico:", "-Tako tod rost", "Eat nsy-to-digest food like boiled dce with dnl", "Stoybydrated"], "confidence": [0.9557154178619385, 0.8397927284240723, 0.8531273007392883, 0.7799516916275024, 0.9770409464836121, 0.9278041124343872, 0.8137890696525574, 0.9790523052215576, 0.9564203023910522, 0.9246856570243835, 0.8824431300163269, 0.7692691087722778, 0.9828178286552429, 0.8494595289230347, 0.8959775567054749, 0.7165395617485046, 0.8520981669425964, 0.785164475440979, 0.8709948658943176, 0.7745811939239502, 0.9156034588813782, 0.9178164601325989, 0.8967920541763306, 0.8536925315856934, 0.861883819103241, 0.8356970548629761, 0.8647039532661438, 0.7704176902770996, 0.8720644116401672, 0.9221227169036865, 0.9273074269294739, 0.7614920139312744, 0.8867191672325134, 0.9719002842903137, 0.958836555480957, 0.8976813554763794, 0.9836410284042358, 0.9506130814552307, 0.9717352390289307, 0.7230568528175354, 0.9338974952697754, 0.9678854942321777, 0.7591238617897034, 0.861255407333374, 0.821565568447113], "label": [1, 1, 1, 0, 0, 0, 0]}