{"text": ["XYZ Hospital", "123 tlealth Street,Wellness City", "Phone:+1-234.587-890", "PatlantNam:Llam R", "54", "Doctor: Dr.Johnson", "Medicine", "Dosauge", "Frequency", "Duration", "Tab Dolonex dt", "10 tablets", "3mesday", "$ days", "Tab Cetine", "10 tablets", "3 umes doy", "10days", "Cap Colmmune", "20 tblets", "3tmes day", "10 days", "TabCiplox 500", "20 tablets", "2 tmesa dey", "t4days", "Tab Cyciomeff", "20 tablets", "2tmesaday", "10days", "Syrup", "Dosapo", "Froquancy", "Duratlon", "Syrup Corox", "10ml", "3tms doy", "30dny", "Syrup Zodox", "Sml", "3tims doy", "10dny", "Advico:", "-Tako to rost", "Eat ensy-to-digest food like boiled rice with dnl", "Stoytydrated"], "confidence": [0.9478399157524109, 0.8422218561172485, 0.8575018644332886, 0.7978837490081787, 0.9625065326690674, 0.9651215672492981, 0.9246234893798828, 0.8137890696525574, 0.9838311672210693, 0.964890718460083, 0.9169400334358215, 0.901634693145752, 0.8458738923072815, 0.837290346622467, 0.921965479850769, 0.8921223878860474, 0.6744430065155029, 0.9015160202980042, 0.9026286005973816, 0.9248446226119995, 0.795462429523468, 0.8622841835021973, 0.9047183990478516, 0.9061443209648132, 0.8118886351585388, 0.8510770797729492, 0.8486291170120239, 0.8974159359931946, 0.8577829003334045, 0.9213528037071228, 0.9719002842903137, 0.7913495898246765, 0.8946319222450256, 0.9960426092147827, 0.9759426712989807, 0.9483411312103271, 0.7066380381584167, 0.8377351760864258, 0.8493207693099976, 0.9197258949279785, 0.7529909014701843, 0.7591055631637573, 0.9671232104301453, 0.7243521809577942, 0.844878613948822, 0.8652937412261963], "label": [1, 1, 1, 0, 0, 0, 0]}