{"text": ["XYZ Hospital", "123 tlealth Street,Wellness City", "Phone:+1-234.587-890", "PatlontNamx:Llam Whito", "p:37", "Doctor: Dr.Lao", "Medicine", "Dosuge", "Frequency", "Duration", "TabA1urodin 500", "20 tblets", "20ms dey", "30 duys", "Cap Zovirax", "10tablets", "20mesa duy", "10days", "TabCiplox500", "20 tablets", "2mes aday", "5 days", "Tab Cyciopam", "15tablets", "3tmes aday", "5days", "TabClavum 025", "20 tblets", "2 tmes a duy", "30 days", "Tab Combinam", "10tablets", "3 tmesa dey", "$ days", "Syrup", "Dosago", "Froquoncy", "Duratlon", "Syrup TusQ dx", "10ml", "2tm doy", "10dy", "Advico:", "-Tako to rost", "Eat nsy-to-digest food like boiled dce with dnl", "Stoytydrated"], "confidence": [0.9545212388038635, 0.8440488576889038, 0.8531273007392883, 0.8608605861663818, 0.7839953899383545, 0.8984217047691345, 0.930323600769043, 0.9427713751792908, 0.9790523052215576, 0.965709924697876, 0.8379297256469727, 0.9003804326057434, 0.7692691087722778, 0.9206424355506897, 0.9207450747489929, 0.9273074269294739, 0.7259731888771057, 0.8654675483703613, 0.9413133263587952, 0.8709948658943176, 0.7745811939239502, 0.7493965029716492, 0.8589074015617371, 0.8671495914459229, 0.8595724105834961, 0.8520981669425964, 0.8249198198318481, 0.9003804326057434, 0.7853452563285828, 0.8853435516357422, 0.8943693041801453, 0.9273074269294739, 0.7711530923843384, 0.9325768351554871, 0.9720994234085083, 0.958836555480957, 0.8976813554763794, 0.9836410284042358, 0.943820595741272, 0.9717352390289307, 0.7230568528175354, 0.9338974952697754, 0.9678854942321777, 0.7605816721916199, 0.8616782426834106, 0.8621355891227722], "label": [1, 1, 1, 0, 0, 0, 0]}