{"text": ["XYZ Hospital", "123 tlealth Street,Wellness City", "Phone:+1-234-587-890", "Patlont Nanx:Davld Ro", "Apo:77", "Doctor: Dr. Tumor", "Medicine", "Dosuge", "Frequency", "Duration", "TubCiplox500", "5 tablets", "20ms doy", "7 duys", "Tab Cetine", "10 tablets", "3tmesaday", "10days", "Cap Zovirax", "20 tablets", "2 tmes a duy", "7days", "TabAluhrocin 500", "5tablets", "3 tmesa dey", "4days", "Syrup", "Dosago", "Froquancy", "Duratlon", "Syrup TusQ dx", "Sml", "3tims doy", "10days", "Advico:", "-Tako bod rost", "Eat nsy-to-dlgest food like boiled rice with dal", "-Stytydrated"], "confidence": [0.9545047879219055, 0.847599446773529, 0.8946743011474609, 0.7711576819419861, 0.7262139916419983, 0.9597766995429993, 0.9259157180786133, 0.9030749201774597, 0.9816504716873169, 0.955414891242981, 0.8428323268890381, 0.887381374835968, 0.7529489994049072, 0.8653728365898132, 0.9288303256034851, 0.8921223878860474, 0.8201786875724792, 0.8654675483703613, 0.9156240820884705, 0.8709948658943176, 0.8734862804412842, 0.9236086010932922, 0.766118049621582, 0.8909797668457031, 0.7049140334129333, 0.9184122085571289, 0.9728748202323914, 0.9117240309715271, 0.9354243874549866, 0.9500347375869751, 0.9520286321640015, 0.8684621453285217, 0.7523825764656067, 0.8736727833747864, 0.9288334846496582, 0.7142534255981445, 0.8857390284538269, 0.9112634658813477], "label": [1, 1, 1, 0, 0, 0, 0]}