{"text": ["XYZ Hospital", "123 tlealth Street,Wellness City", "Phone:+1-234.587-890", "Patlant Namx:Llam Whito", ":44", "Doctor: Dr. Smith", "Medicine", "Dosuge", "Frequency", "Duration", "TabDolo650", "5 tablets", "20ms doy", "30 days", "Tab Allegra", "5tablets", "20mes dey", "t4days", "Tab Zole fcream", "10 tablets", "2 tmes aday", "7 days", "Tab Neurobin Forte", "10 tablets", "2 tmes adey", "10days", "Tab Pand", "15tablets", "2tmesaday", "30 days", "Syrup", "Dosapo", "Froquoncy", "Duratlon", "SyrupGrillnctus bm", "Sml", "2tmdoy", "30dny", "Syrup Corox-dx", "10ml", "3tims doy", "10dny", "Advico:", "-Tako to rost", "Eat nsy-to-digest food like boiled rice with dnl", "Stoytydrated"], "confidence": [0.9489903450012207, 0.8465441465377808, 0.8575018644332886, 0.8287948966026306, 0.8580889701843262, 0.9573272466659546, 0.9503599405288696, 0.979745090007782, 0.9560942053794861, 0.965709924697876, 0.8790748715400696, 0.8705056309700012, 0.7523245811462402, 0.8724113702774048, 0.8742099404335022, 0.9057856798171997, 0.7744828462600708, 0.8406792283058167, 0.8436183929443359, 0.8921223878860474, 0.7674550414085388, 0.8767657279968262, 0.9483057856559753, 0.901634693145752, 0.8046001195907593, 0.9213528037071228, 0.9204728007316589, 0.8865651488304138, 0.8577829003334045, 0.8853435516357422, 0.974157989025116, 0.9113816618919373, 0.9083086848258972, 0.9907678961753845, 0.9400258660316467, 0.9197258949279785, 0.7179483771324158, 0.8377351760864258, 0.9816890954971313, 0.94232577085495, 0.7529909014701843, 0.7591055631637573, 0.9662078022956848, 0.7243521809577942, 0.8501596450805664, 0.8626587390899658], "label": [1, 0, 1, 0, 0, 0, 0]}