{"text": ["XYZ Hospital", "123 tlealth Street,Wellness City", "Phone:+1-234-587-890", "Patlant Nanx:Allco Ro", ":07", "Doctor:Dr.Patol", "Medicine", "Dosage", "Frequency", "Duration", "Tab Febrexplus", "15tablets", "20ms doy", "10duys", "TabCiplox500", "20 tablets", "3mesaday", "30 days", "TabZole fcream", "20 tablets", "2 tmes a duy", "5 days", "Cap Pand", "t5tablets", "3 tmesa dey", "t4days", "Syrup", "Dosapo", "Froquancy", "Duratlon", "Syrup Cypon", "Sml", "3tims doy", "14 day", "Advico:", "-Tako bod rost", "Eat nsy-to-dlgest food like boiled rice with dal", "-Stytydrated"], "confidence": [0.9437327980995178, 0.8395678997039795, 0.9048346281051636, 0.7523308992385864, 0.8011953830718994, 0.946814239025116, 0.951400876045227, 0.9033363461494446, 0.9838371276855469, 0.9623180627822876, 0.9219473004341125, 0.8927748799324036, 0.7564270496368408, 0.9152160286903381, 0.9292893409729004, 0.9054545164108276, 0.8108937740325928, 0.8513266444206238, 0.8864263296127319, 0.8967920541763306, 0.9000213742256165, 0.7393367886543274, 0.9235751628875732, 0.8856318593025208, 0.7706842422485352, 0.8406792283058167, 0.9852066040039062, 0.8093938827514648, 0.935694694519043, 0.9634062051773071, 0.9527111649513245, 0.8684621453285217, 0.7523825764656067, 0.7775042057037354, 0.9288334846496582, 0.7415408492088318, 0.8857390284538269, 0.910991907119751], "label": [1, 1, 1, 0, 0, 0, 0]}