{"text": ["XYZ Hospital", "123 tlealth Street,Wellness City", "Phone:+1-234.587-890", "Patlant Namx:Allco Wlson", "4", "Doctor: Dr. Tumor", "Medicine", "Dosuge", "Frequency", "Duration", "Cap Colmmune", "5 tablets", "3mesaduy", "$ duys", "Tab Pan d", "20 tablets", "3tmesaday", "4duys", "Tab Sumo cold", "10tablets", "2 tmesa duy", "7 days", "Tab Combinam", "20 tablets", "2tmesaday", "30 days", "Cap Omez", "20 tblets", "3 tmesaday", "7 days", "Cap Pan d", "20 tablets", "3 tmesa dey", "30 days", "Syrup", "Dosago", "Froquoncy", "Duratlon", "Syrup TusQx", "Sml", "2tmdoy", "14dy", "Advico:", "-Tako to rst", "Eat nsy-to-digest food like boiled dce with dnl", "Stoytydrated"], "confidence": [0.9500302672386169, 0.8408339023590088, 0.8581722378730774, 0.8238363265991211, 0.9744680523872375, 0.9753202795982361, 0.9328186511993408, 0.979745090007782, 0.98100346326828, 0.965709924697876, 0.8811934590339661, 0.887381374835968, 0.8196605443954468, 0.8634000420570374, 0.9077429175376892, 0.8709948658943176, 0.8278234004974365, 0.9083743095397949, 0.9189685583114624, 0.9273074269294739, 0.7242051959037781, 0.8580665588378906, 0.9405993819236755, 0.8709948658943176, 0.788751482963562, 0.8853435516357422, 0.8261221647262573, 0.9003804326057434, 0.849814236164093, 0.8720644116401672, 0.9111461639404297, 0.8797799944877625, 0.7711530923843384, 0.8867191672325134, 0.9719002842903137, 0.958836555480957, 0.9442562460899353, 0.9843534231185913, 0.9355440735816956, 0.9028758406639099, 0.7179483771324158, 0.932861328125, 0.9678854942321777, 0.7433000206947327, 0.8616782426834106, 0.871784508228302], "label": [1, 1, 1, 0, 0, 0, 0]}