{"text": ["XYZ Hospital", "123 tlealth Street,Wellness City", "Phone:+1-234.587-890", "PatlantNamx:Allco Whito", ":24", "Doctor: Dr. Tumor", "Medicine", "Dosauge", "Frequency", "Duration", "TabClavum 025", "10 tablets", "3mesday", "7 duys", "TabA1urocin 500", "5 tablets", "20mes dey", "10days", "Tab Thiz", "10 tablets", "3tmes aday", "10 days", "Tab Febrex plus", "20 toblets", "3tmes aday", "5days", "Tab Combinam", "5 tablets", "3 tmesaday", "t4days", "Syrup", "Dosapo", "Froquoncy", "Duratlon", "Syrup Brozodax", "Sml", "2tmdoy", "30dny", "Syrup Cypon", "10ml", "3 tims doy", "5 days", "Advico:", "-Tako bod rst", "Eat nsy-to-digest food like boiled rice with dnl", "Stoy bydrated"], "confidence": [0.9501902461051941, 0.8402389287948608, 0.8575018644332886, 0.8541954159736633, 0.882969081401825, 0.9645172357559204, 0.951400876045227, 0.8137890696525574, 0.9788968563079834, 0.9564203023910522, 0.8232250809669495, 0.9107781648635864, 0.843670666217804, 0.8653728365898132, 0.8364753127098083, 0.8309895992279053, 0.7687022686004639, 0.9015160202980042, 0.8297414183616638, 0.8921223878860474, 0.8267742395401001, 0.8622841835021973, 0.9207028746604919, 0.8586471676826477, 0.8498398065567017, 0.8756504058837891, 0.9413216710090637, 0.8480369448661804, 0.8439608812332153, 0.8406792283058167, 0.9648510217666626, 0.7913495898246765, 0.9255363941192627, 0.9916149973869324, 0.9580727815628052, 0.927854061126709, 0.7155683040618896, 0.8377351760864258, 0.9898486733436584, 0.9401394128799438, 0.7696221470832825, 0.8215978741645813, 0.9687759280204773, 0.7890586853027344, 0.8504207730293274, 0.806763768196106], "label": [1, 0, 1, 0, 0, 0, 0]}