{"text": ["XYZ Hospital", "123 tlealth Street,Wellness City", "Phone:+1-234.587-890", "PatlantNam:Bob D", ":24", "DoctorDr.Johnson", "Medicine", "Dosuge", "Frequency", "Duration", "TabZole fcreum", "15tablets", "3mesdey", "5 days", "Cap Dilanun", "20 tablets", "2 tmes  duy", "$ days", "Cap CoImmune", "20tblets", "2tmesa dey", "7 days", "Tab Tz", "5tablets", "3 tmesa dey", "30 days", "Syrup", "Dosago", "Froquancy", "Duratlon", "Syrup Fobrox plus", "10ml", "2 tm doy", "10 day", "Syrup Cypon", "10ml", "2timday", "10day", "Advico:", "-Tako bod rost", "Eat nsy-to-digest food like boiled rice with dal", "-Stayhydrated"], "confidence": [0.95541912317276, 0.8413002490997314, 0.860508918762207, 0.8293065428733826, 0.882969081401825, 0.9631726741790771, 0.930323600769043, 0.9427713751792908, 0.9838371276855469, 0.964890718460083, 0.897516131401062, 0.8927748799324036, 0.8336987495422363, 0.7393367886543274, 0.9058524966239929, 0.9054545164108276, 0.7066835165023804, 0.9286584258079529, 0.882753849029541, 0.9412925839424133, 0.8125902414321899, 0.8480218052864075, 0.8948634266853333, 0.8878754377365112, 0.7414395809173584, 0.8500292897224426, 0.9747051000595093, 0.8239191174507141, 0.9061452150344849, 0.8653408288955688, 0.9902052879333496, 0.9483411312103271, 0.7493499517440796, 0.7860756516456604, 0.930280327796936, 0.911413848400116, 0.7986935377120972, 0.7979649305343628, 0.967370867729187, 0.8230072855949402, 0.8990753293037415, 0.8757689595222473], "label": [1, 1, 1, 0, 0, 0, 0]}