{"text": ["XYZ Hospital", "123 tlealth Street,Wellness City", "Phone:+1-234.587-890", "PatlntNamx:EvoJohnson", "Apo:55", "Doctor: Dr. Millor", "Medidine", "Dosuge", "Frequency", "Duration", "Tab Evlon", "20 tblets", "3mesday", "30 days", "Cap Dilanun", "10 tablets", "3 ums doy", "4days", "Tab Neurobin Forte", "10 tablets", "3tmes day", "4 days", "Cap CoImmune", "15tablets", "2 tmesa dey", "7 days", "TabAllegra", "20 tablets", "2tmesaday", "10days", "Syrup", "Dosapo", "Froquancy", "Duratlon", "SyrupTusdx", "10ml", "2tm doy", "4dy", "Syrup Fobrox plus", "10ml", "3tims doy", "7days", "Advico:", "-Tako bod rst", "Eat nsy-to-digest food like boiled rice with dnl", "Stoy bydrated"], "confidence": [0.9457597732543945, 0.8416517972946167, 0.8575018644332886, 0.8618238568305969, 0.7238374352455139, 0.9660083055496216, 0.9153572916984558, 0.9427713751792908, 0.9838371276855469, 0.964890718460083, 0.9262429475784302, 0.9135541915893555, 0.843670666217804, 0.8724113702774048, 0.8977370858192444, 0.8921223878860474, 0.7073218822479248, 0.8935898542404175, 0.9501283168792725, 0.8921223878860474, 0.8061782717704773, 0.8902750611305237, 0.8993533253669739, 0.8865651488304138, 0.8118886351585388, 0.8767657279968262, 0.9467397928237915, 0.8974159359931946, 0.8577829003334045, 0.924377977848053, 0.9703512191772461, 0.8843854069709778, 0.9532040357589722, 0.9654592275619507, 0.9038240313529968, 0.9347427487373352, 0.7230568528175354, 0.962104082107544, 0.993816614151001, 0.9150266051292419, 0.7523825764656067, 0.9038707613945007, 0.96775883436203, 0.7464123964309692, 0.8504207730293274, 0.806763768196106], "label": [1, 1, 1, 0, 0, 0, 0]}