{"text": ["XYZ Hospital", "123 tlealth Street,Wellness City", "Phone:+1-234.587-890", "PatlantNamx:Allco Whito", ":42", "Doctor: Dr.Pato1", "Medicine", "Dosuge", "Frequency", "Duration", "TabFebrexplus", "20 tblets", "20ms doy", "5 days", "Cap Dilanun", "15tablets", "3 umes dey", "5days", "Cap Omez", "15tablets", "2 tmes dey", "t4days", "TabCiplox 500", "5tablets", "3 tmesa dey", "5 days", "Cap Zovirax", "15tablets", "2tmesaday", "5days", "Syrup", "Dosapo", "Froquoncy", "Duratlon", "Syrup TusQ-dx", "Sml", "3timsday", "10day", "Advico:", "-Tako tod rost", "Eat nsy-to-dlgest food like boiled dce with dal", "-Staytydrated"], "confidence": [0.9513452053070068, 0.8372484445571899, 0.8541738390922546, 0.8531054854393005, 0.812186062335968, 0.9176145792007446, 0.930323600769043, 0.9427713751792908, 0.9838371276855469, 0.965709924697876, 0.9706058502197266, 0.9135541915893555, 0.7482061982154846, 0.7472350001335144, 0.8825647830963135, 0.9090301990509033, 0.7338784337043762, 0.8756504058837891, 0.8134474754333496, 0.8913987278938293, 0.7602824568748474, 0.8406792283058167, 0.9114258289337158, 0.8846966028213501, 0.8120609521865845, 0.8013837933540344, 0.8589721918106079, 0.8865651488304138, 0.8577829003334045, 0.8882506489753723, 0.9720994234085083, 0.8742751479148865, 0.9749724864959717, 0.8988408446311951, 0.9553414583206177, 0.9197258949279785, 0.7377283573150635, 0.8202261924743652, 0.96775883436203, 0.795816957950592, 0.9010121822357178, 0.937537431716919], "label": [1, 1, 1, 0, 0, 0, 0]}