{"text": ["XYZ Hospital", "123 tlealth Street,Wellness City", "Phone:+1-234.587-890", "Patlant Namx:Evo Millor", "Ap:59", "Doctor: Dr. Millor", "Medicine", "Dosuge", "Frequency", "Duration", "Cap Zovirax", "10tablets", "3mesday", "30 duys", "Tab Cyciomeff", "10 tablets", "3 umes duy", "4days", "Cap Omez", "10 tablets", "3 tmesaday", "t4days", "TabClavum025", "20 tablets", "2 tms a doy", "30 days", "Syrup", "Dosago", "Froquoncy", "Duratlon", "Syrup Fobrox plus", "10ml", "3tms doy", "7days", "Syrup Corax", "Sml", "2timday", "5doy", "Advico:", "-Tako tod rost", "Eat nsy-to-dlgest food like boiled dce with dal", "-Stayhydrated"], "confidence": [0.951866626739502, 0.8400601148605347, 0.8541738390922546, 0.8526302576065063, 0.660327136516571, 0.9586471915245056, 0.9307171702384949, 0.9349806904792786, 0.9838371276855469, 0.964890718460083, 0.8619762659072876, 0.9273074269294739, 0.8170825242996216, 0.9156034588813782, 0.8513645529747009, 0.8921223878860474, 0.7057475447654724, 0.8935898542404175, 0.8033256530761719, 0.8921223878860474, 0.8432919383049011, 0.8250519633293152, 0.8721716403961182, 0.8983814120292664, 0.7903292179107666, 0.9300812482833862, 0.9886301159858704, 0.9568085670471191, 0.9251506328582764, 0.9519932270050049, 0.9921347498893738, 0.9410436153411865, 0.7114845514297485, 0.8807341456413269, 0.8723503351211548, 0.9197258949279785, 0.7986935377120972, 0.7402545213699341, 0.9683253169059753, 0.7933914065361023, 0.9067167639732361, 0.8757689595222473], "label": [1, 1, 1, 0, 0, 0, 0]}