{"text": ["XYZ Hospital", "123 tlealth Street,Wellness City", "Phone:+1-234-587-890", "Patlont Nanx:Davld Smith", ":31", "Doctor: Dr.Lao", "Medicine", "Dosuge", "Frequency", "Duration", "Cap Dilanun", "20 tblets", "20ms dey", "10days", "Tab Zole fcreum", "10tablets", "2 um05  duy", "7 days", "Tab Dolonex dt", "10tablets", "3 tmesa doy", "7 days", "Cap Zovirax", "10tablets", "3 tmes aday", "5days", "Tab Cetine", "15tablets", "3 tmesaday", "30 days", "TabCiplox500", "20 tablets", "2 tmesa dey", "t4days", "Syrup", "Dosapo", "Froquoncy", "Durotlon", "Syrup Fobrox plus", "Sml", "2 tim doy", "7days", "Syrup TusQx", "10ml", "3timday", "7day", "Advico:", "-Tako tod rst", "Eat nsy-to-digest food like boiled rice with dal", "-Stytydrated"], "confidence": [0.9541555047035217, 0.8413002490997314, 0.8895711898803711, 0.8206688761711121, 0.8215105533599854, 0.896708607673645, 0.9121580123901367, 0.9427713751792908, 0.9902750849723816, 0.9623180627822876, 0.8851996064186096, 0.9003804326057434, 0.7692691087722778, 0.8628065586090088, 0.8150792717933655, 0.9273074269294739, 0.7148935794830322, 0.861883819103241, 0.9151673316955566, 0.9273074269294739, 0.7694242000579834, 0.861883819103241, 0.893118679523468, 0.9273074269294739, 0.8281913995742798, 0.8366293907165527, 0.9364941716194153, 0.8647039532661438, 0.8438262939453125, 0.8518379926681519, 0.8706953525543213, 0.8797799944877625, 0.820049524307251, 0.8406792283058167, 0.983737587928772, 0.8228013515472412, 0.9466862082481384, 0.9339734315872192, 0.9936562776565552, 0.9028758406639099, 0.7873589992523193, 0.9075732231140137, 0.9398233294487, 0.9357630014419556, 0.7877011895179749, 0.8532044887542725, 0.9374408721923828, 0.7242653369903564, 0.9021574854850769, 0.9058265686035156], "label": [1, 1, 1, 0, 0, 0, 0]}