{"text": ["XYZ Hospital", "123 tlealth Street,Wellness City", "Phone:+1-234.587-890", "Patlont Namx:Allco Davs", "p:5", "Doctor: Dr. Tumor", "Medicine", "Dosuge", "Frequency", "Duration", "TabCyciomelf", "15tablets", "2 umes a day", "10days", "Cap Omez", "10 tablets", "2 ums  doy", "4days", "Tab Triz", "20 tblets", "3 tmes dey", "4days", "Tab Sumo cold", "20 toblets", "2 tms a day", "30 days", "Tab Dolonex dt", "15tablets", "3 tmesaday", "7 days", "Syrup", "Dosapo", "Froquoncy", "Duratlon", "Syrup Zodax", "Sml", "3timsday", "10day", "Advico:", "-Tako tod rost", "Eat nsy-to-dlgest food like boiled dce with dal", "-Staytydrated"], "confidence": [0.9531888961791992, 0.8467555046081543, 0.8541738390922546, 0.8234783411026001, 0.5828918814659119, 0.9344292283058167, 0.930323600769043, 0.9420654773712158, 0.9838371276855469, 0.9629752039909363, 0.868514358997345, 0.8647039532661438, 0.8016192317008972, 0.8958680033683777, 0.8705072402954102, 0.8921223878860474, 0.7191870808601379, 0.8935898542404175, 0.8540539145469666, 0.9248446226119995, 0.7872068881988525, 0.9184122085571289, 0.8950319886207581, 0.8743324279785156, 0.8000491857528687, 0.8867191672325134, 0.9152517318725586, 0.8865651488304138, 0.8478784561157227, 0.8720644116401672, 0.9747051000595093, 0.8742751479148865, 0.9546997547149658, 0.962416410446167, 0.9236021041870117, 0.9197258949279785, 0.7406063079833984, 0.8202261924743652, 0.96775883436203, 0.7947360873222351, 0.9010121822357178, 0.937537431716919], "label": [1, 1, 1, 0, 0, 0, 0]}