{"text": ["XYZ Hospital", "123 tlealth Street,Wellness City", "Phone:+1-234-587-890", "Patlant Namxo:John Davs", ":74", "Doctor: Dr.Patol", "Medidine", "Dosage", "Frequency", "Duration", "Tab Allegra", "20 tblets", "20ms day", "7 duys", "Tab Cetine", "10 tablets", "3umesaday", "t4duys", "Tab Pan d", "5tablets", "2 tmes adey", "4 days", "Cap CoImmune", "10 tablets", "3tmes adey", "10days", "Cap Dilanun", "5tablets", "3tmesaday", "30 days", "Syrup", "Dosago", "Froquancy", "Duratlon", "Syrup Cypon", "Sml", "2mdoy", "5day", "Syrup Zodox", "Sml", "2tims doy", "7days", "Advico:", "-Tako tod rost", "Eat ensy-to-digest food like boiled rice with dnl", "Stoybydrated"], "confidence": [0.9544302821159363, 0.8494900465011597, 0.8676124811172485, 0.8313912749290466, 0.8511033058166504, 0.9450865983963013, 0.9058064222335815, 0.8897534012794495, 0.9788968563079834, 0.9564203023910522, 0.9293495416641235, 0.9135541915893555, 0.7605679631233215, 0.8653728365898132, 0.9327921867370605, 0.8921223878860474, 0.8518244028091431, 0.8104643225669861, 0.8942930698394775, 0.913161039352417, 0.7663896679878235, 0.8659627437591553, 0.8998532295227051, 0.901634693145752, 0.8477534055709839, 0.9213528037071228, 0.8540723919868469, 0.9079194068908691, 0.8785970211029053, 0.8867191672325134, 0.9720994234085083, 0.8148204684257507, 0.9368769526481628, 0.957970380783081, 0.9894387722015381, 0.8684621453285217, 0.7551538348197937, 0.7321327924728394, 0.962128221988678, 0.9197258949279785, 0.7249763607978821, 0.9060519337654114, 0.9671232104301453, 0.7486037015914917, 0.844878613948822, 0.8244300484657288], "label": [1, 1, 1, 0, 0, 0, 0]}