{"text": ["XYZ Hospital", "123 tlealth Street,Wellness City", "Phone:+1-234.587-890", "PatlantNamx:Chadlo Brown", "Doctor: Dr.Pato1", "Medicine", "Dosuge", "Frequency", "Duration", "Tab Allegra", "20tblets", "3mesday", "5 days", "Tab Dolonex dt", "5tablets", "3 tmes doy", "4days", "TabAluhrodin500", "20 tblets", "2 tmes a duy", "7 days", "Tab Trz", "5tblets", "2 tms  doy", "t4days", "Syrup", "Dosago", "Froquoncy", "Duratlon", "Syrup Corox", "Sml", "2m doy", "5 days", "Syrup Cypon", "Sml", "3mday", "30dy", "Advico:", "-Tako bod rost", "Eat nsy-to-digest food like boiled dce with dal", "-Staytydrated"], "confidence": [0.9530686736106873, 0.8386499881744385, 0.8577502369880676, 0.8331151008605957, 0.9176145792007446, 0.930323600769043, 0.9427713751792908, 0.9838371276855469, 0.964890718460083, 0.9037486910820007, 0.9343926906585693, 0.8320165276527405, 0.7393367886543274, 0.919579029083252, 0.895728349685669, 0.7507402896881104, 0.9184122085571289, 0.7821550369262695, 0.9086169004440308, 0.7841776013374329, 0.8767657279968262, 0.8342235684394836, 0.8796586990356445, 0.7158662676811218, 0.8406792283058167, 0.9747051000595093, 0.8239191174507141, 0.9646628499031067, 0.9498113989830017, 0.9666271209716797, 0.8684621453285217, 0.7446933388710022, 0.8145861029624939, 0.9280782341957092, 0.9197258949279785, 0.81695556640625, 0.9695253372192383, 0.967370867729187, 0.8301025629043579, 0.9078223705291748, 0.9250409007072449], "label": [1, 0, 1, 0, 0, 0, 0]}