{"text": ["XYZ Hospital", "123 tlealth Street,Wellnes City", "Phone:+1-234.587-890", "Patlant Namx:Mla Millor", "Ap:52", "Doctor: Dr.Patol", "Medicine", "Dosuge", "Frequency", "Duration", "TabA1urodin 500", "10 tablets", "3mesday", "7 duys", "Tab Zole fcreum", "15tablets", "20mesa duy", "5days", "TabClavum025", "20 tablets", "3tmesaday", "30 duys", "Cap Dilanun", "10tablets", "3 tmes aday", "5days", "Cup Omez", "20 tblets", "3 tmesaday", "5days", "Tab Febrexplus", "20 tablets", "2 tms a dey", "t4days", "Syrup", "Dosago", "Froquoncy", "Duratlon", "Syrup Cypon", "Sml", "3tms doy", "10dy", "Advico:", "-Tako bod rst", "Eat nsy-to-digest food like boiled dce with dnl", "Stoy bydrated"], "confidence": [0.9508797526359558, 0.8493285775184631, 0.8531273007392883, 0.7929149270057678, 0.7315886616706848, 0.961713433265686, 0.9246234893798828, 0.9415733814239502, 0.9790523052215576, 0.9564203023910522, 0.8379297256469727, 0.8778047561645508, 0.843670666217804, 0.9796134829521179, 0.8822438716888428, 0.8671495914459229, 0.6870274543762207, 0.8520981669425964, 0.9067468643188477, 0.8709948658943176, 0.8611586093902588, 0.9156034588813782, 0.8972381353378296, 0.9273074269294739, 0.8287243247032166, 0.8520981669425964, 0.826431155204773, 0.9003804326057434, 0.849814236164093, 0.8520981669425964, 0.9340141415596008, 0.8797799944877625, 0.7383468747138977, 0.8406792283058167, 0.9719002842903137, 0.958836555480957, 0.9442562460899353, 0.9836410284042358, 0.9472665190696716, 0.9028758406639099, 0.7060664892196655, 0.9338974952697754, 0.9678854942321777, 0.7454431056976318, 0.861255407333374, 0.7900274991989136], "label": [1, 1, 1, 0, 0, 0, 0]}