{"text": ["XYZ Hospital", "123 tlealth Street,Wellness City", "Phone:+1-234-587-890", "Patlont Nanx:Llam Brown", "1", "Doctor: Dr. Tumor", "Medicine", "Dosuge", "Frequency", "Duration", "Tab Allegra", "5 tablets", "20ms doy", "30 days", "Tab Pan d", "20 tablets", "2tmes  duy", "10days", "TabCiplox500", "t5tblets", "3 tmes a duy", "5 days", "Tab Suno cold", "20 tblets", "2 tmes a doy", "30 days", "Syrup", "Dosago", "Froquancy", "Duratlon", "Syrup Corx", "10ml", "3tims doy", "30day", "Advico:", "-Tako bod rost", "Eat nsy-to-dlgest food like boiled rice with dal", "-Stytydrated"], "confidence": [0.9534003138542175, 0.8385964632034302, 0.8895711898803711, 0.8239904642105103, 0.9231669902801514, 0.9440622925758362, 0.930323600769043, 0.9030749201774597, 0.9821071624755859, 0.965709924697876, 0.8746972680091858, 0.8757308125495911, 0.7529489994049072, 0.9822376370429993, 0.9056241512298584, 0.9054545164108276, 0.7110925912857056, 0.8655838966369629, 0.9256764054298401, 0.9061143398284912, 0.8733134865760803, 0.7866043448448181, 0.8636128902435303, 0.9086169004440308, 0.7674559950828552, 0.8853435516357422, 0.9728748202323914, 0.9191999435424805, 0.935694694519043, 0.9573420286178589, 0.9240598678588867, 0.9658069610595703, 0.7522122859954834, 0.8759253621101379, 0.9288334846496582, 0.7142534255981445, 0.8857390284538269, 0.9112634658813477], "label": [1, 0, 1, 0, 0, 0, 0]}