{"text": ["XYZ Hospital", "123 tlealth Street,Wellness City", "Phone:+1-234.587-890", "PatlantNamx:Llam Wilson", "p:21", "Doctor: Dr.Lo", "Medicine", "Dosuge", "Frequency", "Duration", "TabZole fcream", "20tblets", "3mesday", "10duys", "Tab Triz", "10 tablets", "2 tmes  duy", "$ days", "Tab Dolonex dt", "10tablets", "2tmesaduy", "30 days", "TabCiplox 500", "10tablets", "2 tmes a doy", "10days", "Syrup", "Dosago", "Froquancy", "Duratlon", "Syrup Fobrox plus", "10ml", "2 tmdoy", "4 day", "SyrupZodax", "Sml", "2timday", "10day", "Advico:", "-Tako bod rost", "Eat nsy-to-digest food like boiled dce with dal", "-Staytydrated"], "confidence": [0.9555370807647705, 0.8376824259757996, 0.8577502369880676, 0.8416085243225098, 0.6957564949989319, 0.9281219840049744, 0.930323600769043, 0.9427713751792908, 0.9832303524017334, 0.9623180627822876, 0.8823711276054382, 0.9619661569595337, 0.8416870832443237, 0.9137234091758728, 0.9879308342933655, 0.8903642892837524, 0.681406557559967, 0.9286584258079529, 0.9152517318725586, 0.9294177293777466, 0.8289502263069153, 0.8866694569587708, 0.9190508127212524, 0.9247161149978638, 0.770778238773346, 0.9470896124839783, 0.9886301159858704, 0.9191999435424805, 0.9308193922042847, 0.9347891807556152, 0.9907509088516235, 0.9410436153411865, 0.7173526883125305, 0.7662840485572815, 0.8844374418258667, 0.9197258949279785, 0.7565017938613892, 0.7979649305343628, 0.967370867729187, 0.8304697871208191, 0.9078223705291748, 0.9250409007072449], "label": [1, 0, 1, 0, 0, 0, 0]}