{"text": ["XYZ Hospital", "123 tlealth Street,Wellness City", "Phone:+1-234-587-890", "Patlont Nanx:Davld Smith", ":41", "Doctor:Dr.Johnson", "Medicine", "Dosage", "Frequency", "Quraton", "Tab Sumo cold", "5tablets", "3mesa duy", "30 duys", "TabCiplox500", "20 tblets", "3 tmes duy", "t4duys", "TabAlhrodin 500", "20 tblets", "2 tmes a duy", "t4duys", "Tab Febrex plus", "10tablets", "2tmesa day", "30 days", "TabZole fcream", "15tablets", "2 umes a duy", "10days", "Cap Zovirax", "5tablets", "2 tms a dey", "4days", "Syrup", "Dosago", "Froquoncy", "Duratlon", "Syrup Zodox", "10ml", "3tims doy", "10day", "Syrup Grillnctus tm", "10ml", "2timday", "7day", "Advico:", "-Tako tod rost", "Eat nsy-to-digest food like boiled rice with dnl", "-Stytydrated"], "confidence": [0.9556874632835388, 0.8418617844581604, 0.8895711898803711, 0.8137432932853699, 0.8224173188209534, 0.9565936923027039, 0.930323600769043, 0.9033363461494446, 0.9848875403404236, 0.8290681838989258, 0.9053919911384583, 0.901167631149292, 0.7727578282356262, 0.9137939810752869, 0.9225418567657471, 0.9248446226119995, 0.7145172357559204, 0.8104643225669861, 0.7871996164321899, 0.9248446226119995, 0.7253734469413757, 0.8104643225669861, 0.9201355576515198, 0.9273074269294739, 0.8295831680297852, 0.8853435516357422, 0.9067220091819763, 0.8647039532661438, 0.7527843117713928, 0.9213528037071228, 0.8722892999649048, 0.8909797668457031, 0.7880218029022217, 0.9184122085571289, 0.988613486289978, 0.8360254764556885, 0.9474319815635681, 0.9799938797950745, 0.9171708822250366, 0.9702969789505005, 0.7389755249023438, 0.8265790939331055, 0.984279453754425, 0.9599877595901489, 0.7662373781204224, 0.8654559254646301, 0.9625463485717773, 0.7679581642150879, 0.8472199440002441, 0.9176039695739746], "label": [1, 1, 1, 0, 0, 0, 0]}