{"text": ["XYZ Hospital", "123 tlealth Street,Wellness City", "Phone:+1-234-587-890", "Patlont Namx:Charlo Millor", ":24", "Doctor: Dr. Tumor", "Medidine", "Dosuge", "Frequency", "Duration", "Tab Pan d", "5tablets", "3 mes doy", "7 duys", "TabCyclopam", "5tablets", "3 tmes doy", "30 days", "Tab Cyciomeff", "5tablets", "2 tmesa doy", "5days", "Tab Cetine", "10tablets", "2tmesa day", "t4duys", "TabAllegra", "20tblets", "2 tmes a duy", "30 days", "Tab Dolonex dt", "5tablets", "2 tmesa dey", "5 duys", "Syrup", "Dosago", "Froquoncy", "Duratlon", "Syrup Grillnctus tm.", "Sml", "3tims doy", "7days", "Syrup Zodox", "Sml", "2timday", "10day", "Advico:", "-Tako tod rost", "Eat nsy-to-digest food like boiled rice with dal", "-Stytydrated"], "confidence": [0.9462621212005615, 0.8384838700294495, 0.8858551979064941, 0.8110844492912292, 0.882969081401825, 0.959038257598877, 0.8900896310806274, 0.9740098118782043, 0.9852608442306519, 0.965709924697876, 0.8776441812515259, 0.901167631149292, 0.7591496109962463, 0.9750018119812012, 0.8868554830551147, 0.8873331546783447, 0.7266961336135864, 0.8518379926681519, 0.8439615964889526, 0.9090673923492432, 0.7371322512626648, 0.8520981669425964, 0.9331361651420593, 0.9247161149978638, 0.7996856570243835, 0.8394883275032043, 0.938199520111084, 0.9145114421844482, 0.7853452563285828, 0.8500292897224426, 0.9150214791297913, 0.8909797668457031, 0.820049524307251, 0.9175510406494141, 0.983737587928772, 0.8496239185333252, 0.9466862082481384, 0.9799938797950745, 0.9593135714530945, 0.9028758406639099, 0.7306855320930481, 0.8784116506576538, 0.9223028421401978, 0.927854061126709, 0.8059935569763184, 0.817059338092804, 0.9625463485717773, 0.7723812460899353, 0.9027966856956482, 0.9196614623069763], "label": [1, 0, 1, 0, 0, 0, 0]}