{"text": ["XYZ Hospital", "123 tlealth Street,Wellness City", "Phone:+1-234.587-890", "Patlant Namx:Jano Wlllams", "p:45", "DoctorDr.Johnson", "Medicine", "Dosuge", "Frequency", "Duration", "Tab Evion", "15tablets", "3mesday", "5 days", "Tab Combinam", "10 tablets", "2 um5  dey", "5days", "Cap Omez", "15tablets", "2 tmes aday", "7 days", "Cap Zovirax", "5tablets", "2 tms a dey", "7 days", "Tab Cetine", "15tablets", "2tmesaday", "4days", "Syrup", "Dosago", "Froquoncy", "Duratlon", "Syrup Brozodax", "Sml", "2timday", "14day", "Advico:", "-Tako tod rost", "Eat nsy-to-dlgest food like boiled dce with dal", "-Staytydrated"], "confidence": [0.9531888961791992, 0.8409596681594849, 0.8577502369880676, 0.8284754753112793, 0.7807413339614868, 0.9639472961425781, 0.9258362054824829, 0.975483238697052, 0.9838371276855469, 0.964890718460083, 0.9308684468269348, 0.8647039532661438, 0.8353540301322937, 0.7493965029716492, 0.9165491461753845, 0.8921223878860474, 0.6873760223388672, 0.8344883918762207, 0.8963239192962646, 0.8913987278938293, 0.7432613372802734, 0.8720644116401672, 0.9142510890960693, 0.8902075290679932, 0.7360888123512268, 0.8720644116401672, 0.9193005561828613, 0.8623680472373962, 0.8616918325424194, 0.9184122085571289, 0.9720994234085083, 0.9064610600471497, 0.9749724864959717, 0.9632958173751831, 0.9832631349563599, 0.9197258949279785, 0.7550383806228638, 0.7760825753211975, 0.9671358466148376, 0.8324451446533203, 0.9010121822357178, 0.9319948554039001], "label": [1, 1, 1, 0, 0, 0, 0]}