{"text": ["XYZ Hospital", "123 tlealth Street,Wellness City", "Phone:+1-234-587-890", "Patlont Nanx:John Brown", ":38", "Doctor: Dr.Lao", "Medicine", "Dosuge", "Frequency", "Duration", "TabNeurobin Forte", "20tblets", "20ms dey", "30 duys", "TabClavun25", "5tablets", "2 tm0s  duy", "4duys", "Tab Febrex plus", "20 tblets", "2 tmes a day", "10days", "Tab Cyclomeff", "20 tblets", "2 tmesa day", "7 days", "Tab Evlon", "15tablets", "3 tmesaday", "30 duys", "Tab Triz", "5tablets", "3 tmesa dey", "7 days", "Syrup", "Dosago", "Froquoncy", "Duratlon", "Syrup Corox", "10ml", "3tims doy", "10days", "Syrup Corox-dx", "10ml", "2timday", "10days", "Advico:", "-Tako tod rost", "Eat nsy-to-digest food like boiled rice with dnl", "-Stytydrated"], "confidence": [0.9473487734794617, 0.8389220237731934, 0.8965312242507935, 0.8208667635917664, 0.8272957801818848, 0.9009281992912292, 0.9286406636238098, 0.9427713751792908, 0.9902750849723816, 0.964890718460083, 0.9619014859199524, 0.9145114421844482, 0.7692691087722778, 0.9137939810752869, 0.8646587133407593, 0.8909797668457031, 0.7051472663879395, 0.9083743095397949, 0.9161363244056702, 0.9086169004440308, 0.7271961569786072, 0.8626441955566406, 0.8475367426872253, 0.9086169004440308, 0.8068044185638428, 0.8580665588378906, 0.916233479976654, 0.8647039532661438, 0.8251968622207642, 0.9069848656654358, 0.9694429636001587, 0.8909797668457031, 0.8336135745048523, 0.991462230682373, 0.988613486289978, 0.8496239185333252, 0.9466862082481384, 0.9896453619003296, 0.8918397426605225, 0.9702969789505005, 0.7394411563873291, 0.8172560334205627, 0.9718355536460876, 0.9599877595901489, 0.8141447305679321, 0.8326132893562317, 0.9632426500320435, 0.7662091851234436, 0.8472650647163391, 0.9000880718231201], "label": [1, 0, 1, 0, 0, 0, 0]}