{"text": ["XYZ Hospital", "123 tlealth Street,Wellness City", "Phone:+1-234.587-890", "PatlantNamx:Bob Wlson", "p:50", "DoctorDr.Tumor", "Medicine", "Dosuge", "Frequency", "Duration", "Tab Pan d", "10 tablets", "3umesa day", "30 days", "Tab Febrexplus", "10 tablets", "3 umes dey", "7 days", "Cup Omez", "5tablets", "3 tmesaday", "4 days", "Tab Cetine", "5tablets", "2 tmes a day", "10days", "TabCyclopam", "20 toblets", "2tmesaday", "5days", "Syrup", "Dosopo", "Froquoncy", "Duratlon", "Syrup Zodox", "10ml", "3timsday", "7day", "Advico:", "-Tako tod rost", "Eat nsy-to-dlgest food like boiled dce with dal", "-Staytydrated"], "confidence": [0.9527682662010193, 0.8380128741264343, 0.8541738390922546, 0.859953761100769, 0.7197458744049072, 0.9609097242355347, 0.9318302869796753, 0.9375312328338623, 0.9838371276855469, 0.964890718460083, 0.8942930698394775, 0.8921223878860474, 0.836573600769043, 0.8676621317863464, 0.9449456334114075, 0.8921223878860474, 0.7338784337043762, 0.8720644116401672, 0.7540427446365356, 0.9073119759559631, 0.822350800037384, 0.8880710601806641, 0.9296540021896362, 0.8846966028213501, 0.7614920139312744, 0.9213528037071228, 0.892010509967804, 0.8743324279785156, 0.848638653755188, 0.8882506489753723, 0.9747051000595093, 0.8205359578132629, 0.9728686809539795, 0.910537838935852, 0.9014583826065063, 0.9483411312103271, 0.7440491914749146, 0.8434621095657349, 0.96775883436203, 0.7908543944358826, 0.9010859727859497, 0.937537431716919], "label": [1, 0, 1, 0, 0, 0, 0]}