{"text": ["XYZ Hospital", "123 tlealth Street,Wellness City", "Phone:+1-234.587-890", "Patlont Nam:Mla Whito", "p:31", "Doctor: Dr. Millor", "Medicine", "Dosuge", "Frequency", "Duration", "Cap CoImmune", "5 tablets", "3mesaday", "10duys", "Tab Pan d", "t5tablets", "3 tmes doy", "5days", "Cup Cypon", "20 tablets", "2tmesa dey", "7 days", "Tab Evion", "20 tablets", "2 tmes a day", "30 days", "Syrup", "Dosago", "Froquancy", "Duratlon", "Syrup Corox", "10ml", "2 tm doy", "5days", "SyrupCorox-dx", "10ml", "3timsday", "30dy", "Advico:", "-Tako tod rost", "Eat nsy-to-dlgest food like boiled rice with dal", "-Staytydrated"], "confidence": [0.9527682662010193, 0.8400601148605347, 0.8541738390922546, 0.8579066395759583, 0.739750325679779, 0.9544703960418701, 0.9307171702384949, 0.9427713751792908, 0.9859857559204102, 0.9623180627822876, 0.8554632663726807, 0.8638057708740234, 0.7852119207382202, 0.9106659889221191, 0.9056241512298584, 0.8833587169647217, 0.7589079141616821, 0.8691898584365845, 0.9019837975502014, 0.8967920541763306, 0.8306969404220581, 0.8720644116401672, 0.9199547171592712, 0.8983814120292664, 0.7614920139312744, 0.8500292897224426, 0.9701129198074341, 0.8239191174507141, 0.9082189202308655, 0.8827411532402039, 0.9688339829444885, 0.9347427487373352, 0.7740520238876343, 0.8852624893188477, 0.8813915252685547, 0.911413848400116, 0.7852563858032227, 0.9695253372192383, 0.9688101410865784, 0.8298397660255432, 0.9003981947898865, 0.9319948554039001], "label": [1, 1, 1, 0, 0, 0, 0]}