{"text": ["XYZ Hospital", "123 tlealth Street,Wellnes City", "Phone:+1-234-587-890", "Patlont Nanx:Mla Davs", "p:78", "Doctor: Dr. Millor", "Medicine", "Dosage", "Frequency", "Duration", "Tab Cyciomef", "15tablets", "3mesday", "4 duys", "Tab Cetine", "10 tablets", "2mes  duy", "30 days", "Cap Pan d", "5tablets", "3 tmes a duy", "10 days", "Tab Neurobin Forte", "t5tablets", "3 tmesadey", "7 days", "Syrup", "Dosago", "Froquancy", "Duratlon", "Syrup Grillnctus tm", "10ml", "3tims doy", "5days", "Advico:", "-Tako bod rost", "Eat nsy-to-dlgest food like boiled rice with dal", "-Stytydrated"], "confidence": [0.9484283924102783, 0.8448141813278198, 0.8976541757583618, 0.8142657279968262, 0.7854874134063721, 0.9567925333976746, 0.951400876045227, 0.8880900740623474, 0.9838371276855469, 0.9623180627822876, 0.8940879702568054, 0.8910351991653442, 0.8407676815986633, 0.9153589606285095, 0.925218939781189, 0.8921223878860474, 0.7472155094146729, 0.8663529753684998, 0.8980923891067505, 0.9093613624572754, 0.8768436908721924, 0.8502650260925293, 0.9338002800941467, 0.8583819270133972, 0.7185487747192383, 0.8767657279968262, 0.9728748202323914, 0.9117240309715271, 0.9354243874549866, 0.9347891807556152, 0.990453839302063, 0.9658069610595703, 0.7523825764656067, 0.8500345349311829, 0.9288334846496582, 0.7142534255981445, 0.8857390284538269, 0.9112634658813477], "label": [1, 1, 1, 0, 0, 0, 0]}