{"text": ["XYZ Hospital", "123 tlealth Street,Wellness City", "Phone:+1-234.587-890", "Patlant Namx:AllcoJohnson", ":47", "Doctor:Dr.Smith", "Medicine", "Dosuge", "Frequency", "Duration", "Cap Zovirax", "20 tblets", "3mesday", "30 days", "Cap Coimmune", "15tablets", "3 0ms dey", "7 days", "Cap Omez", "15tablets", "3 tmesa day", "10 days", "Tab Zole fcream", "5tablets", "3tmesaday", "30 days", "Tab Evion", "15tablets", "2tmesaday", "30 days", "Syrup", "Dosogo", "Froquoncy", "Duratlon", "Syrup TusQ dx", "10ml", "2timday", "10day", "Advico:", "-Tako tod rost", "Eat nsy-to-dlgest food like boiled dce with dal", "-Stayhydrated"], "confidence": [0.951866626739502, 0.8402663469314575, 0.8577502369880676, 0.8607292175292969, 0.8488302230834961, 0.9712860584259033, 0.9259157180786133, 0.9427713751792908, 0.9838371276855469, 0.964890718460083, 0.8362434506416321, 0.9135541915893555, 0.8410215377807617, 0.8676621317863464, 0.887441873550415, 0.9090301990509033, 0.7231447696685791, 0.8831198811531067, 0.8167082071304321, 0.8913987278938293, 0.7573702335357666, 0.8622841835021973, 0.8763648867607117, 0.8846966028213501, 0.8835886120796204, 0.8853435516357422, 0.9600751399993896, 0.8865651488304138, 0.8574197292327881, 0.8853435516357422, 0.9747051000595093, 0.8471839427947998, 0.9624842405319214, 0.9654592275619507, 0.9495112895965576, 0.9347427487373352, 0.7432094216346741, 0.8202261924743652, 0.9675191640853882, 0.7905479669570923, 0.8972930908203125, 0.8896684050559998], "label": [1, 1, 1, 0, 0, 0, 0]}