{"text": ["XYZ Hospital", "123 tlealth Street,Wellness City", "Phone:+1-234-587-890", "Patlont Nanx:Bob Wlllams", "p:78", "Doctor:Dr.Patol", "Medicine", "Dosuge", "Frequency", "Duration", "Tab Allegra", "5 tablets", "3mesaday", "4 duys", "Cap Colmmune", "t5tablets", "3tmesaday", "30 days", "Tab Sumo cold", "20 tablets", "2tmesaday", "5 days", "Cap Zovirax", "5tablets", "2 tm5 a doy", "7 days", "Syrup", "Dosago", "Froquancy", "Duratlon", "Syrup TusQ-dx", "Sml", "2 tm doy", "10dnys", "Advico:", "-Tako bod rost", "Eat nsy-to-dlgest food like boiled rice with dal", "-Stytydrated"], "confidence": [0.9428516030311584, 0.8476700782775879, 0.8882525563240051, 0.7725046277046204, 0.7413574457168579, 0.947117030620575, 0.8984020948410034, 0.9030749201774597, 0.9823787212371826, 0.9623180627822876, 0.8971193432807922, 0.8705056309700012, 0.7886044979095459, 0.9153589606285095, 0.9042285084724426, 0.8833587169647217, 0.8201786875724792, 0.8663529753684998, 0.8862351179122925, 0.8709948658943176, 0.858680784702301, 0.7472350001335144, 0.8703895807266235, 0.8909797668457031, 0.7780935168266296, 0.8767657279968262, 0.970925509929657, 0.9191999435424805, 0.9354243874549866, 0.8653408288955688, 0.9527475833892822, 0.8684621453285217, 0.7225327491760254, 0.849909245967865, 0.9288334846496582, 0.7142534255981445, 0.8857390284538269, 0.9112634658813477], "label": [1, 1, 1, 0, 0, 0, 0]}