{"text": ["XYZ Hospital", "123 tlealth Street,Wellness City", "Phone:+1-234.587-890", "Patlant Namx:John Wilson", "Doctor:Dr.Smith", "Medicine", "Dosuge", "Frequency", "Duration", "Tab Clvum 025", "20 tblets", "3mesday", "30 days", "Cap Pan d", "10tablets", "2 tmes  duy", "7 days", "Tab Evion", "5tablets", "3 tmesaday", "5days", "Cap Omez", "5tblets", "3 tmesa dey", "7days", "Syrup", "Dosago", "Froquoncy", "Duration", "Syrup TusQx", "10ml", "3tmsdoy", "30 days", "SyrupZodax", "Sml", "3mday", "5doy", "Advico:", "-Tako bod rost", "Eat nsy-to-digest food like boiled dce with dal", "-Staytydrated"], "confidence": [0.9549286961555481, 0.8386499881744385, 0.8577502369880676, 0.862827479839325, 0.9714006185531616, 0.9259157180786133, 0.9427713751792908, 0.9838311672210693, 0.964890718460083, 0.8162228465080261, 0.9135541915893555, 0.836832582950592, 0.8676621317863464, 0.9022939205169678, 0.9273074269294739, 0.7066835165023804, 0.8720644116401672, 0.9258148670196533, 0.9093613624572754, 0.8439608812332153, 0.8950570225715637, 0.9013955593109131, 0.8720654249191284, 0.7762048244476318, 0.9454089403152466, 0.9728748202323914, 0.8239191174507141, 0.9702069163322449, 0.9552180767059326, 0.9657022356987, 0.9410436153411865, 0.7096486687660217, 0.9535742402076721, 0.8965408205986023, 0.9197258949279785, 0.8202085494995117, 0.7402545213699341, 0.967370867729187, 0.822790801525116, 0.9078223705291748, 0.9250409007072449], "label": [1, 1, 1, 0, 0, 0, 0]}