{"text": ["XYZ Hospital", "123 tlealth Street,Wellness City", "Phone:+1-234-587-890", "Patlant Nanx:Bob Wilson", "1", "Doctor:Dr.Patol", "Medicine", "Dosage", "Frequency", "Duration", "Tab Trtz", "20 tblets", "20ms doy", "7 days", "TabClavum025", "20 tablets", "3tmesaday", "7 days", "Tab Pan d", "t5tblets", "2 tmes a duy", "4 days", "Cap Omez", "10tablets", "2 tmes a doy", "5 days", "Syrup", "Dosago", "Froquancy", "Duratlon", "Syrup Corx", "10ml", "3tims doy", "30dny", "Advico:", "-Tako bod rost", "Eat nsy-to-dlgest food like boiled rice with dal", "-Stynydrated"], "confidence": [0.9436275362968445, 0.8385964632034302, 0.887463390827179, 0.834575891494751, 0.9231669902801514, 0.9479681849479675, 0.9302595853805542, 0.8897534012794495, 0.9788968563079834, 0.964890718460083, 0.788279116153717, 0.9135541915893555, 0.7564270496368408, 0.9877565503120422, 0.8896441459655762, 0.9054545164108276, 0.811162531375885, 0.8720644116401672, 0.9419484734535217, 0.9061143398284912, 0.8503907322883606, 0.8902750611305237, 0.8725644946098328, 0.9273074269294739, 0.7674559950828552, 0.8378275036811829, 0.9825723767280579, 0.9117240309715271, 0.9325470328330994, 0.8827411532402039, 0.9269081354141235, 0.9658069610595703, 0.7522122859954834, 0.8771942257881165, 0.9288334846496582, 0.7142534255981445, 0.8857390284538269, 0.8977336883544922], "label": [1, 1, 1, 0, 0, 0, 0]}