{"text": ["XYZ Hospital", "123 tlealth Street,Wellness City", "Phone:+1-234-587-890", "Patlont Nanx:Graco Millor", "p:5", "Doctor:Dr.Smith", "Medicine", "Dosage", "Frequency", "Duration", "TabDolo 650", "20 tblets", "20ms doy", "7 days", "TabCiplox500", "20 tablets", "2tmes  duy", "30 days", "Cap Dilanun", "t5tblets", "3 tmes a duy", "30 days", "TabClavum 025", "20 tblets", "2 tms a dey", "5days", "Syrup", "Dosago", "Froquancy", "Duratlon", "Syrup Grillnctus tm", "Sml", "3tims doy", "7 days", "Advico:", "-Tako bod rost", "Eat nsy-to-dlgest food like boiled rice with dal", "-Stytydrated"], "confidence": [0.9533526301383972, 0.8484009504318237, 0.8798349499702454, 0.8283110857009888, 0.5828918814659119, 0.9774691462516785, 0.930323600769043, 0.8897534012794495, 0.9772398471832275, 0.964890718460083, 0.8607881665229797, 0.9135541915893555, 0.7564270496368408, 0.9877565503120422, 0.9292893409729004, 0.9054545164108276, 0.7222400307655334, 0.8853435516357422, 0.9310066103935242, 0.9061143398284912, 0.8485350012779236, 0.8866694569587708, 0.83241868019104, 0.9086169004440308, 0.7360888123512268, 0.8950570225715637, 0.9728748202323914, 0.9117240309715271, 0.9355165958404541, 0.8827411532402039, 0.9919008016586304, 0.8684621453285217, 0.7522122859954834, 0.9641744494438171, 0.9288334846496582, 0.7142534255981445, 0.8857390284538269, 0.9112634658813477], "label": [1, 1, 1, 0, 0, 0, 0]}