{"text": ["XYZ Hospital", "123 tlealth Street,Wellness City", "Phone:+1-234-587-890", "Patlont Nanx:Charlo Wlllams", ":70", "Doctor:Dr.Johnson", "Medicine", "Dosuge", "Frequency", "Duration", "Tab Cyciomelf", "15tablets", "3mesdey", "30 duys", "Cap Dilanun", "20 tablets", "2 tm0s  duy", "10days", "Tab Evion", "20 tablets", "2 tmes a day", "5days", "Tab Sumo cold", "10tablets", "3tmes aday", "4duys", "Cup Cypon", "5tablets", "2 umes a duy", "7 days", "TabFebrexplus", "10tablets", "2 tms a doy", "7 days", "Syrup", "Dosapo", "Froquoncy", "Duratlon", "Syrup TusQ dx", "10ml", "3 tims doy", "10day", "Syrup Grillnctus tm", "10ml", "2timday", "7day", "Advico:", "-Tako tod rst", "Eat nsy-to-digest food like boiled rice with dnl", "-Stytydrated"], "confidence": [0.9528822898864746, 0.8392246961593628, 0.8814093470573425, 0.8360123634338379, 0.7153405547142029, 0.9507091641426086, 0.9246234893798828, 0.9427713751792908, 0.9905779957771301, 0.964890718460083, 0.8435598611831665, 0.8927748799324036, 0.8327884078025818, 0.9137939810752869, 0.9032631516456604, 0.9054545164108276, 0.7051472663879395, 0.85993891954422, 0.9276864528656006, 0.8709948658943176, 0.7271961569786072, 0.8366293907165527, 0.9328155517578125, 0.9273074269294739, 0.8568207025527954, 0.9083743095397949, 0.9033001661300659, 0.9079194068908691, 0.7387182116508484, 0.8452855944633484, 0.9537072777748108, 0.9273074269294739, 0.8156778216362, 0.9913495182991028, 0.988613486289978, 0.8228013515472412, 0.9466862082481384, 0.9896453619003296, 0.9477811455726624, 0.9702969789505005, 0.7524312138557434, 0.8265790939331055, 0.9921392202377319, 0.9599877595901489, 0.7733154892921448, 0.8654559254646301, 0.9625285863876343, 0.7309774160385132, 0.8460922241210938, 0.9058265686035156], "label": [1, 1, 1, 0, 0, 0, 0]}