{"text": ["XYZ Hospital", "123 tlealth Street,Wellness City", "Phone:+1-234.587-890", "PatlntNam:Graco Ro", "Ap:53", "Doctor: Dr.Lo", "Medicine", "Dosuge", "Frequency", "Duration", "Tab Sumo cold", "20 tblets", "3mesday", "30 duys", "Cap Cypon", "20 tablets", "2tmesaday", "7 days", "Tab Dolonex dt", "15tablets", "3 tmesa duy", "30 duys", "Tab Trz", "10tablets", "3 tmesa doy", "10days", "Cup Coimmune", "5tablets", "3 tmes a day", "7 days", "TabAllegr", "5tablets", "3 tmesa dey", "7 days", "Syrup", "Dosapo", "Froquoncy", "Duratlon", "Syrup Corox", "Sml", "3tmsdoy", "5 day", "Advico:", "-Tako tod rost", "Eat nsy-to-digest food like boiled dce with dnl", "Stoybydrated"], "confidence": [0.9544302821159363, 0.8444144129753113, 0.846886157989502, 0.7766096591949463, 0.7789907455444336, 0.9228541851043701, 0.930323600769043, 0.9427713751792908, 0.9790523052215576, 0.964890718460083, 0.9201828837394714, 0.9003804326057434, 0.8467262983322144, 0.9137939810752869, 0.9443438053131104, 0.8967920541763306, 0.8067965507507324, 0.861883819103241, 0.9169458746910095, 0.8647039532661438, 0.798012912273407, 0.9069848656654358, 0.9565912485122681, 0.9273074269294739, 0.8015906810760498, 0.8654675483703613, 0.8657054901123047, 0.9079194068908691, 0.8023188710212708, 0.8452855944633484, 0.935485303401947, 0.8909797668457031, 0.7805267572402954, 0.991462230682373, 0.9719002842903137, 0.7875345349311829, 0.9524527788162231, 0.9855690598487854, 0.8823903799057007, 0.927854061126709, 0.7260910272598267, 0.8135870099067688, 0.9678854942321777, 0.7726987600326538, 0.861255407333374, 0.8185601830482483], "label": [1, 1, 1, 0, 0, 0, 0]}