{"text": ["XYZ Hospital", "123 tlealth Street,Wellness City", "Phone:+1-234.587-890", "Patlont Nanx:Davld Smith", "p:9", "DoctorDr.Johnson", "Medicine", "Dosuge", "Frequency", "Duration", "Tab Cetine", "10tablets", "3mesday", "30 days", "Tab Neurobin Forte", "10tablets", "2 tms  duy", "4days", "TabClovum 025", "10tablets", "2tmesaday", "t4days", "Tab Combinam", "5tablets", "3 tmesa dey", "7days", "Syrup", "Dosapo", "Froquancy", "Duratlon", "Syrup Grillnctus tm", "10ml", "3tms doy", "5days", "SyrupTusx", "Sml", "3timsday", "30dy", "Advico:", "-Tako tod rost", "Eat nsy-to-digest food like boiled dce with dal", "-Stayhydrated"], "confidence": [0.9573611617088318, 0.8413002490997314, 0.8541738390922546, 0.824643611907959, 0.5454330444335938, 0.9608418941497803, 0.930323600769043, 0.9422492384910583, 0.9832684397697449, 0.964890718460083, 0.9173374176025391, 0.9283921122550964, 0.8444523215293884, 0.8676621317863464, 0.9362795352935791, 0.9273074269294739, 0.7146862745285034, 0.9184122085571289, 0.8111528158187866, 0.9283921122550964, 0.8533108234405518, 0.8406792283058167, 0.937817394733429, 0.8878754377365112, 0.7074933648109436, 0.9454089403152466, 0.9728748202323914, 0.8093938827514648, 0.9196217656135559, 0.9498113989830017, 0.9800217151641846, 0.9410436153411865, 0.6762081384658813, 0.8852624893188477, 0.8738195896148682, 0.9197258949279785, 0.7865939140319824, 0.9695253372192383, 0.9678854942321777, 0.7783742547035217, 0.907055139541626, 0.8780062198638916], "label": [1, 0, 1, 0, 0, 0, 0]}