{"text": ["XYZ Hospital", "123 tlealth Street,Wellness City", "Phone:+1-234.587-890", "PatlantNamx:Llam Wilson", ":07", "Doctor: Dr.Patol", "Medicine", "Dosauge", "Frequency", "Duration", "Cap Omez", "10tablets", "3mesday", "30 duys", "Tab Sumo cold", "15tablets", "3umesaday", "7 days", "Tab Neurobin Forte", "15tablets", "3tmes day", "7 days", "Tab Febrexplus", "15tablets", "2 tmesa dey", "4days", "Cap Pand", "5tablets", "2tmesaday", "5days", "Syrup", "Dosapo", "Froquancy", "Duratlon", "Syrup Corox-dx", "Sml", "3tms doy", "Sday", "Syrup Corox", "Sml", "3tims doy", "4 day", "Advico:", "-Tako tod rost", "Eat nsy-to-digest food like boiled rice with dnl", "Stoytydrated"], "confidence": [0.9488534331321716, 0.8406941890716553, 0.8589719533920288, 0.8402667045593262, 0.8011953830718994, 0.9537677764892578, 0.9307171702384949, 0.8137890696525574, 0.9788968563079834, 0.964890718460083, 0.8450015783309937, 0.9273074269294739, 0.8458738923072815, 0.9069848656654358, 0.9060181975364685, 0.8647039532661438, 0.8479437828063965, 0.8720644116401672, 0.951806366443634, 0.8623680472373962, 0.8064771294593811, 0.9913495182991028, 0.9395574927330017, 0.8865651488304138, 0.8118886351585388, 0.9184122085571289, 0.9205145835876465, 0.9057856798171997, 0.8577829003334045, 0.8882506489753723, 0.9703512191772461, 0.8614616990089417, 0.8954519629478455, 0.957970380783081, 0.9738151431083679, 0.8684621453285217, 0.7066380381584167, 0.7331788539886475, 0.8967664837837219, 0.9197258949279785, 0.7529909014701843, 0.7794343829154968, 0.9678077101707458, 0.7555519938468933, 0.8504207730293274, 0.871784508228302], "label": [1, 1, 1, 0, 0, 0, 0]}