{"text": ["XYZ Hospital", "123 tlealth Street,Wellness City", "Phone:+1-234.587-890", "Patlant Namx:Charlo Millor", "Ap:51", "Doctor: Dr. Smith", "Medicine", "Dosuge", "Frequency", "Duration", "Tab Clavum 025", "5 tablets", "20ms doy", "10 days", "Tab Sumo cold", "5tablets", "3tmesaday", "5days", "Cap Cypon", "10tablets", "3 tmesa duy", "30 duys", "Cap Zovirax", "20 tblets", "3 tmesa duy", "4days", "Cup CoImmune", "15tablets", "2 tmes a duy", "30 days", "Tab Evion", "10tablets", "2 tmes a dey", "t4days", "Syrup", "Dosago", "Froquoncy", "Duratlon", "Syrup Cypon", "10ml", "2tmdoy", "7day", "Advico:", "-Tako tod rost", "Eat nsy-to-digest food like boiled dce with dnl", "Stoytydrated"], "confidence": [0.9549444317817688, 0.8390575647354126, 0.8581722378730774, 0.8380698561668396, 0.7541440725326538, 0.9437006711959839, 0.9546432495117188, 0.979745090007782, 0.9791619777679443, 0.9629752039909363, 0.7997785806655884, 0.8705056309700012, 0.7523245811462402, 0.9548414945602417, 0.9179455637931824, 0.9079194068908691, 0.8278234004974365, 0.8366293907165527, 0.9452608823776245, 0.9273074269294739, 0.8074479699134827, 0.9069848656654358, 0.8512117862701416, 0.9086169004440308, 0.7931598424911499, 0.9184122085571289, 0.8741004467010498, 0.8647039532661438, 0.7857459187507629, 0.8853435516357422, 0.924030601978302, 0.9273074269294739, 0.7939390540122986, 0.8406792283058167, 0.9719002842903137, 0.9641801714897156, 0.9637989401817322, 0.9877357482910156, 0.9472665190696716, 0.9717352390289307, 0.7179483771324158, 0.940690815448761, 0.9678854942321777, 0.7538960576057434, 0.861255407333374, 0.856630802154541], "label": [1, 1, 1, 0, 0, 0, 0]}