{"text": ["XYZ Hospital", "123 tlealth Street,Wellness City", "Phone:+1-234.587-890", "Patlant Nanx:Jano Whito", "p:43", "Doctor: Dr.Johnson", "Medicine", "Dosuge", "Frequency", "Duration", "Cap Omez", "20 tblets", "20ms doy", "$ days", "Tab Febrexplus", "20 tablets", "3umesaday", "10days", "Cap Colmmune", "15tablets", "3tmes day", "10 days", "Tab Allegra", "15tablets", "2 tmesa dey", "5days", "Tab Dolonex dt", "20 tablets", "3 tmesaday", "7 days", "Syrup", "Dosapo", "Froquancy", "Duratlon", "Syrup Fobroxplus", "10ml", "2tm doy", "10dny", "Syrup Grillnctus bm", "Sml", "3tims doy", "30days", "Advico:", "-Tako tod rost", "Eat nsy-to-digest food like boiled rice with dnl", "-Stytydrated"], "confidence": [0.9442035555839539, 0.8474778532981873, 0.8575018644332886, 0.848285436630249, 0.7557733058929443, 0.9715272188186646, 0.9248821139335632, 0.9427713751792908, 0.9788968563079834, 0.964890718460083, 0.7887846827507019, 0.9135541915893555, 0.7509744167327881, 0.837290346622467, 0.9437092542648315, 0.9054545164108276, 0.8462352156639099, 0.924377977848053, 0.9028295874595642, 0.8927748799324036, 0.795462429523468, 0.8690416216850281, 0.9254880547523499, 0.8871575593948364, 0.8118886351585388, 0.8691898584365845, 0.9150214791297913, 0.8974159359931946, 0.8439608812332153, 0.8720644116401672, 0.974157989025116, 0.8934853076934814, 0.8946319222450256, 0.9950222373008728, 0.8690788149833679, 0.9347427487373352, 0.7230568528175354, 0.6375325322151184, 0.9747210144996643, 0.9197258949279785, 0.7445110082626343, 0.9039595127105713, 0.96775883436203, 0.7504927515983582, 0.8504207730293274, 0.9289731979370117], "label": [1, 1, 1, 0, 0, 0, 0]}