{"text": ["XYZ Hospital", "123 tlealth Street,Wellness City", "Phone:+1-234-587-890", "Patlont Nanx:Graco Willlams", "p:23", "Doctor:Dr.Johnson", "Medicine", "Dosuge", "Frequency", "Duration", "Tab Dolonex dt", "5 tablets", "3mesday", "$ days", "Cap Dilanun", "t5tablets", "3tmesaday", "30 days", "Tab Combinam", "5tablets", "3 tmes a duy", "5 days", "Tab Cetine", "10tablets", "2 tm5 a doy", "5days", "Syrup", "Dosago", "Froquancy", "Duratlon", "Syrup Brozodax", "Sml", "2 tim doy", "5days", "Advico:", "-Tako bod rost", "Eat nsy-to-dlgest food like boiled rice with dal", "-Stytydrated"], "confidence": [0.9470403790473938, 0.851996898651123, 0.8675873875617981, 0.8204134702682495, 0.7894628047943115, 0.9697134494781494, 0.9556780457496643, 0.979745090007782, 0.9823787212371826, 0.964890718460083, 0.9097552299499512, 0.887381374835968, 0.843670666217804, 0.837290346622467, 0.932770311832428, 0.8833587169647217, 0.8201786875724792, 0.8853435516357422, 0.943977415561676, 0.9079194068908691, 0.8619096875190735, 0.802062451839447, 0.9145100712776184, 0.9247161149978638, 0.7780935168266296, 0.8950570225715637, 0.9728748202323914, 0.9117240309715271, 0.9354243874549866, 0.8827411532402039, 0.9844931364059448, 0.8684621453285217, 0.7463570237159729, 0.8675468564033508, 0.9288334846496582, 0.7142534255981445, 0.8857390284538269, 0.9112634658813477], "label": [1, 1, 1, 0, 0, 0, 0]}