{"text": ["XYZ Hospital", "123 tlealth Street,Wellness City", "Phone:+1-234-587-890", "Patlont Nam:Charlo Ro", ":28", "Doctor: Dr. Millor", "Medicine", "Dosage", "Frequency", "Quradon", "TabAluhrodn 500", "5tablets", "3mesa duy", "t4duys", "Tab Cyciomelf", "5tablets", "3 tmes duy", "30 days", "TabCiplox 500", "20 tblets", "3 tmesa duy", "4duys", "Tab Pan d", "10tablets", "3 tmes aday", "5days", "Tab Cetine", "5tablets", "2 umes a duy", "4duys", "Tab Combilam", "5tablets", "3 tmesa dey", "7 days", "Syrup", "Dosago", "Froquoncy", "Duratlon", "Syrup Brozodax", "Sml", "2 tim doy", "30 dy", "Syrup TusQx", "Sml", "2timday", "14day", "Advico:", "-Tako tod rst", "Eat nsy-to-digest food like boiled rice with dal", "-Stytydrated"], "confidence": [0.9534003138542175, 0.8356792330741882, 0.8937011957168579, 0.7769669890403748, 0.8234057426452637, 0.9675505757331848, 0.9035042524337769, 0.9033363461494446, 0.9852608442306519, 0.8168739080429077, 0.7967910766601562, 0.901167631149292, 0.7605859041213989, 0.8546951413154602, 0.8587263822555542, 0.8909797668457031, 0.7182040214538574, 0.8513266444206238, 0.9194344878196716, 0.9086169004440308, 0.8044043183326721, 0.9083743095397949, 0.9290552139282227, 0.9247161149978638, 0.8218534588813782, 0.8520981669425964, 0.9364941716194153, 0.9079194068908691, 0.7387182116508484, 0.9083743095397949, 0.9116600155830383, 0.8909797668457031, 0.8070211410522461, 0.8767657279968262, 0.9882689714431763, 0.8496239185333252, 0.9466862082481384, 0.9899555444717407, 0.9612036943435669, 0.860496461391449, 0.7471926212310791, 0.8780330419540405, 0.9398233294487, 0.927854061126709, 0.8143227696418762, 0.7873247861862183, 0.9374408721923828, 0.7292758226394653, 0.9021574854850769, 0.9058265686035156], "label": [1, 0, 1, 0, 0, 0, 0]}