{"text": ["XYZ Hospital", "123 tlealth Street,Wellness City", "Phone:+1-234.587-890", "PatlantNamx:Allco Wilson", "Ap:58", "Doctor:Dr.Johnson", "Medicine", "Dosuge", "Frequency", "Duration", "Cap Zovirax", "20 tblets", "3mesday", "5 days", "Cap Pan d", "10 tablets", "3 0ms dey", "t4days", "Cap Omez", "15tablets", "2 tmes day", "5days", "Cap Colmmune", "10 tablets", "3 tmesa dey", "7 days", "Tab Cyciopam", "10 tablets", "3 tmesaday", "7 days", "Syrup", "Dosapo", "Froquoncy", "Duratlon", "Syrup Fobrxplus", "Sml", "2timdy", "7day", "Advico:", "-Tako tod rost", "Eat nsy-to-dlgest food like boiled dce with dal", "-Stayhydrated"], "confidence": [0.951866626739502, 0.8402663469314575, 0.8577502369880676, 0.8318553566932678, 0.5542054772377014, 0.9602234959602356, 0.9237669706344604, 0.9427713751792908, 0.9838371276855469, 0.964890718460083, 0.8619762659072876, 0.9135541915893555, 0.8203554749488831, 0.7393367886543274, 0.9062197208404541, 0.8921223878860474, 0.7231447696685791, 0.8406792283058167, 0.8167082071304321, 0.8913987278938293, 0.7205934524536133, 0.8756504058837891, 0.9002587795257568, 0.901634693145752, 0.7729131579399109, 0.8720644116401672, 0.8560803532600403, 0.901634693145752, 0.8457149267196655, 0.8720644116401672, 0.9714150428771973, 0.8673691749572754, 0.9624842405319214, 0.910537838935852, 0.8471513390541077, 0.9197258949279785, 0.8292061686515808, 0.8434621095657349, 0.9687759280204773, 0.8077505826950073, 0.9014807939529419, 0.8786836266517639], "label": [1, 1, 1, 0, 0, 0, 0]}