{"text": ["XYZ Hospital", "123 tlealth Street,Wellness City", "Phone:+1-234-587-890", "Patlont Nanx:Bob Davs", ":70", "Doctor: Dr. Millor", "Medicine", "Dosage", "Frequency", "Duration", "TabFebrexplus", "5tablets", "3mes doy", "7 days", "Tab Cyciopom", "15tablets", "3 tmes doy", "10days", "Cap Zovirax", "5tablets", "3 tmesa doy", "4duys", "Cap Dilanun", "5tablets", "3 tmes aday", "10days", "Tab Allegra", "10tablets", "3 tmesaday", "30 days", "TabAluhrodin500", "15tablets", "2 tmesa dey", "10days", "Syrup", "Dosapo", "Froquoncy", "Durotlon", "Syrup TusQ dx", "Sml", "2 tim doy", "5days", "Syrup Fobrox plus", "Sml", "3timsday", "7day", "Advico:", "-Tako tod rost", "Eat nsy-to-digest food like boiled rice with dal", "-Stytydrated"], "confidence": [0.9545387625694275, 0.8471035957336426, 0.8954404592514038, 0.8039673566818237, 0.8776335716247559, 0.9581401348114014, 0.930323600769043, 0.9033363461494446, 0.9852608442306519, 0.9564203023910522, 0.979084849357605, 0.901167631149292, 0.7750561833381653, 0.8594018816947937, 0.8317699432373047, 0.9092390537261963, 0.7266961336135864, 0.8628065586090088, 0.8502258658409119, 0.916618824005127, 0.7852831482887268, 0.9136894941329956, 0.8931956887245178, 0.9046000242233276, 0.8286858201026917, 0.8654675483703613, 0.8574976325035095, 0.9273074269294739, 0.8251968622207642, 0.8853435516357422, 0.8124542832374573, 0.9037178754806519, 0.8188995718955994, 0.924377977848053, 0.988613486289978, 0.8228013515472412, 0.9466862082481384, 0.9314339756965637, 0.9477811455726624, 0.860496461391449, 0.7873589992523193, 0.8846160173416138, 0.9932345151901245, 0.927854061126709, 0.750838577747345, 0.8532044887542725, 0.9698401689529419, 0.7658275961875916, 0.9021574854850769, 0.9000576138496399], "label": [1, 1, 1, 0, 0, 0, 0]}