{"text": ["XYZ Hospital", "123 tlealth Street,Wellness City", "Phone:+1-234-587-890", "Patlant Namx:John Brown", "p:73", "DoctorDr.Tumor", "Medicine", "Dosuge", "Frequency", "Duration", "Tab Evlon", "10tablets", "20ms day", "30 duys", "Tab Febrex plus", "20 tablets", "3umesadey", "30 days", "TabCyciomelf", "10 tablets", "2 tmes day", "10 days", "Tab Dolonex dt", "5tablets", "2tmesaday", "30 days", "TabNeurobin Forte", "20 toblets", "3tmesaday", "4days", "Syrup", "Dosago", "Froquoncy", "Duratlon", "Syrup TusQ-dx", "10ml", "3timsday", "10day", "Advico:", "-Tako tod rost", "Eat nsy-to-dlgest food like boiled dce with dal", "-Stayhydrated"], "confidence": [0.9544928669929504, 0.8383288979530334, 0.8651002049446106, 0.8658277988433838, 0.8352077603340149, 0.9609097242355347, 0.9271574020385742, 0.9375312328338623, 0.9838371276855469, 0.964890718460083, 0.9216830134391785, 0.9273074269294739, 0.7605679631233215, 0.9069848656654358, 0.9131221771240234, 0.9054545164108276, 0.8198149800300598, 0.8663529753684998, 0.8694179058074951, 0.8921223878860474, 0.7324858903884888, 0.8715320229530334, 0.9180983304977417, 0.8846966028213501, 0.8693881630897522, 0.8853435516357422, 0.9521375298500061, 0.8743324279785156, 0.8785970211029053, 0.9184122085571289, 0.9747051000595093, 0.8300634026527405, 0.9749724864959717, 0.9632958173751831, 0.9594382643699646, 0.9483411312103271, 0.7220712900161743, 0.8202261924743652, 0.96775883436203, 0.7905479669570923, 0.9010859727859497, 0.8896684050559998], "label": [1, 0, 1, 0, 0, 0, 0]}