{"text": ["XYZ Hospital", "123 tlealth Street,Wellness City", "Phone:+1-234.587-890", "PatlntNam:Allco R", "40", "Doctor: Dr. Millor", "Medicine", "Dosuge", "Frequency", "Duration", "Tab Allegra", "10 tablets", "3mesday", "7 duys", "Tab Dolonex dt", "20 tablets", "20mesa duy", "30 days", "Cap Colmmune", "20 tablets", "3tmesaduy", "t4duys", "Tab Febrexplus", "15tablets", "2tmesa day", "5days", "Tab Cetine", "20 tblets", "3 tmesaday", "5 days", "Cup Dilanun", "15tablets", "2 tms a dey", "$ days", "Syrup", "Dosago", "Froquoncy", "Duratlon", "Syrup TusQ dx", "Sml", "2tmdoy", "14dy", "Advico:", "-Tako tod rost", "Eat nsy-to-digest food like boiled dce with dnl", "Stoytydrated"], "confidence": [0.9544651508331299, 0.8395678997039795, 0.8581722378730774, 0.8074197173118591, 0.7601802945137024, 0.9703414440155029, 0.907014787197113, 0.9375312328338623, 0.9790523052215576, 0.964890718460083, 0.921038806438446, 0.8778047561645508, 0.8458738923072815, 0.8653728365898132, 0.917698860168457, 0.8967920541763306, 0.7259731888771057, 0.8513266444206238, 0.8674864172935486, 0.8709948658943176, 0.8625564575195312, 0.8104643225669861, 0.9429833292961121, 0.8671495914459229, 0.8125905990600586, 0.8520981669425964, 0.9445279836654663, 0.9003804326057434, 0.849814236164093, 0.7517222762107849, 0.9166556000709534, 0.8990643620491028, 0.7383468747138977, 0.9325768351554871, 0.9719002842903137, 0.9144992828369141, 0.9529516696929932, 0.9843534231185913, 0.9441629648208618, 0.927854061126709, 0.7179483771324158, 0.932861328125, 0.9678854942321777, 0.7712351679801941, 0.8616782426834106, 0.8621355891227722], "label": [1, 1, 1, 0, 0, 0, 0]}