{"text": ["XYZ Hospital", "123 tlealth Street,Wellness City", "Phone:+1-234.587-890", "Patlont Namx:Jano Wilson", ":48", "Doctor: Dr.Patol", "Medicine", "Dosuge", "Frequency", "Duration", "Cap Colmmune", "5 tablets", "3mesa duy", "30 duys", "TabDolo650", "10tablets", "3 tmes duy", "10days", "Tab Zole fcream", "10tablets", "2 tmes aduy", "30 duys", "Tab Evlon", "20tblets", "3tmes aday", "10days", "Cup Cypon", "5tablets", "3 tmesaday", "7 days", "Tab Combinam", "15tablets", "2 tmes a dey", "10days", "Syrup", "Dosago", "Froquoncy", "Duratlon", "Syrup Cypon", "10ml", "3tms doy", "7day", "Advico:", "-Tako to rost", "Eat nsy-to-digest food like boiled dce with dnl", "Stoytydrated"], "confidence": [0.9552750587463379, 0.8420339822769165, 0.8581722378730774, 0.8497059941291809, 0.761138379573822, 0.965022087097168, 0.930323600769043, 0.979745090007782, 0.98100346326828, 0.965709924697876, 0.8829101920127869, 0.887381374835968, 0.7645907998085022, 0.9051676392555237, 0.8534194827079773, 0.9273074269294739, 0.712877094745636, 0.8626441955566406, 0.8808057904243469, 0.9273074269294739, 0.7543216347694397, 0.9156034588813782, 0.9202383756637573, 0.9412925839424133, 0.8616535067558289, 0.924377977848053, 0.8986166715621948, 0.9079194068908691, 0.849814236164093, 0.8767657279968262, 0.932682454586029, 0.9037178754806519, 0.7939390540122986, 0.8654675483703613, 0.9719002842903137, 0.9641801714897156, 0.9529516696929932, 0.9878179430961609, 0.9878482818603516, 0.9717352390289307, 0.7066380381584167, 0.940690815448761, 0.9678854942321777, 0.7640179991722107, 0.861255407333374, 0.856630802154541], "label": [1, 1, 1, 0, 0, 0, 0]}