{"text": ["XYZ Hospital", "123 tlealth Street,Wellness City", "Phone:+1-234-587-890", "Patlont Namx:CharloJohnson", ":30", "Doctor:Dr.Smith", "Medicine", "Dosuge", "Frequency", "Duration", "Tab Pan d", "5 tablets", "3mesdey", "t4 days", "Cap Pan d", "t5tablets", "2tmes  duy", "4days", "Cap Cypon", "t5tblets", "2 tmes a duy", "10 days", "Tab Trz", "10tablets", "3 tmesa dey", "30 days", "Syrup", "Dosago", "Froquancy", "Duration", "Syrup Cypon", "Sml", "2 tim doy", "10day", "Advico:", "-Takot rst", "Eat nsy-to-dlgest food like boiled rice with dal", "-Stynydrated"], "confidence": [0.9532425403594971, 0.836279034614563, 0.8814093470573425, 0.8657109141349792, 0.8779355883598328, 0.9756662845611572, 0.9101969003677368, 0.9030749201774597, 0.9827504754066467, 0.9623180627822876, 0.9215136766433716, 0.887381374835968, 0.8327884078025818, 0.9380125999450684, 0.9083597660064697, 0.8831853270530701, 0.7253835201263428, 0.9184122085571289, 0.9467393159866333, 0.878907322883606, 0.8042187690734863, 0.8690416216850281, 0.8257123827934265, 0.9273074269294739, 0.7414395809173584, 0.8853435516357422, 0.9728748202323914, 0.9117240309715271, 0.9325470328330994, 0.9527572989463806, 0.9539554715156555, 0.8684621453285217, 0.81327223777771, 0.8316768407821655, 0.9288334846496582, 0.7326010465621948, 0.8857390284538269, 0.8989808559417725], "label": [1, 1, 1, 0, 0, 0, 0]}