{"text": ["XYZ Hospital", "123 tlealth Street,Wellness City", "Phone:+1-234-587-890", "Patlant Namx:John Ro", ":20", "Doctor: Dr. Smith", "Medicine", "Dosuge", "Frequency", "Duration", "Cap Zovirax", "10 tablets", "3mesday", "4duys", "TabClavum025", "15tablets", "3 umes doy", "7 days", "Tab Triz", "20 tablets", "2mes aday", "30 duys", "Tab Cyciopam", "15tablets", "3tmes aday", "10days", "TabA1urodin 500", "15tablets", "2 tmes a duy", "7 days", "Tab Sumo cold", "20 tablets", "3 tmesa dey", "$ days", "Syrup", "Dosago", "Froquoncy", "Duratlon", "Syrup TusQx", "10ml", "2tmdoy", "5 day", "Advico:", "-Tako to rst", "Eat nsy-to-digest food like boiled dce with dnl", "Stoytydrated"], "confidence": [0.9527716040611267, 0.8394729495048523, 0.8653600811958313, 0.8187803030014038, 0.8733994960784912, 0.9693222045898438, 0.9308179020881653, 0.908909797668457, 0.9790523052215576, 0.9623180627822876, 0.837891161441803, 0.8778047561645508, 0.8458738923072815, 0.9136894941329956, 0.8773696422576904, 0.8671495914459229, 0.7165395617485046, 0.861883819103241, 0.8534448146820068, 0.8709948658943176, 0.7745811939239502, 0.9156034588813782, 0.8589074015617371, 0.8671495914459229, 0.8595724105834961, 0.8654675483703613, 0.8281944394111633, 0.8647039532661438, 0.7853452563285828, 0.8452855944633484, 0.912138819694519, 0.8797799944877625, 0.7711530923843384, 0.9325768351554871, 0.9720994234085083, 0.958836555480957, 0.942815363407135, 0.9843534231185913, 0.9340599179267883, 0.9717352390289307, 0.7179483771324158, 0.8135870099067688, 0.9678854942321777, 0.7433000206947327, 0.8616782426834106, 0.871784508228302], "label": [1, 1, 1, 0, 0, 0, 0]}