{"text": ["XYZ Hospital", "123 tlealth Street,Wellness City", "Phone:+1-234-587-890", "Patlont Nanx:Charlo Davis", "p:78", "Doctor:Dr.Johnson", "Medicine", "Dosuge", "Frequency", "Quraton", "Tab Cetine", "10 tablets", "20ms day", "30 duys", "TabCiplox500", "10tablets", "2 um5  duy", "10days", "Cap Pan d", "20 tablets", "3 tmesaduy", "30 days", "Tab Dolo650", "15tablets", "3tmes aday", "10days", "Cup Colmmune", "20 tblets", "2 tmes a duy", "5days", "TabZole f cream", "20 tablets", "3 tmesa dey", "5 duys", "Syrup", "Dosapo", "Froquoncy", "Duratlon", "Syrup Brozodax", "Sml", "2 tim doy", "14days", "Syrup Corox", "Sml", "3timsday", "30dy", "Advico:", "-Tako tod rost", "Eat nsy-to-digest food like boiled rice with dnl", "-Stytydrated"], "confidence": [0.9539773464202881, 0.8395678997039795, 0.8857169151306152, 0.8097881078720093, 0.7697516679763794, 0.9596628546714783, 0.9286406636238098, 0.9415733814239502, 0.9902750849723816, 0.8290681838989258, 0.911505401134491, 0.8778047561645508, 0.7605679631233215, 0.9069848656654358, 0.908839762210846, 0.9273074269294739, 0.7476545572280884, 0.8654675483703613, 0.9036415815353394, 0.8709948658943176, 0.8196805119514465, 0.8853435516357422, 0.8238462209701538, 0.8671495914459229, 0.852321445941925, 0.924377977848053, 0.8789388537406921, 0.9003804326057434, 0.7704176902770996, 0.8756504058837891, 0.8330342173576355, 0.9364849328994751, 0.7889118194580078, 0.9175510406494141, 0.988613486289978, 0.8228013515472412, 0.9466862082481384, 0.9799938797950745, 0.9858064651489258, 0.860496461391449, 0.7471926212310791, 0.8673887848854065, 0.8926152586936951, 0.927854061126709, 0.7849414348602295, 0.973709762096405, 0.9238536953926086, 0.7723420858383179, 0.8472199440002441, 0.9149386882781982], "label": [1, 1, 1, 0, 0, 0, 0]}