{"text": ["XYZ Hospital", "123 tlealth Street,Wellness City", "Phone:+1-234.587-890", "PatontNam:Mla Wllams", "Ap:33", "DoctorDr.Smith", "Medicine", "Dosuge", "Frequency", "Duration", "Tab Evion", "15tablets", "20ms doy", "7 duys", "Tab Neurobin Forte", "5tablets", "2tmesa duy", "10days", "TabClavum 025", "20 tblets", "3 tmesaday", "10 days", "TabCyciopam", "20 tablets", "3 tmesa dey", "7days", "Syrup", "Dosago", "Froquancy", "Duration", "Syrup Corox", "10ml", "2 tmdoy", "30 days", "Syrup Fobroxplus", "10ml", "2timday", "5doy", "Advico:", "-Tako tod rost", "Eat nsy-to-dlgest food like boiled rice with dal", "-Staytydrated"], "confidence": [0.9539100527763367, 0.8384838700294495, 0.8577502369880676, 0.8202590942382812, 0.7616316080093384, 0.9797292351722717, 0.930323600769043, 0.9420654773712158, 0.9838371276855469, 0.9623180627822876, 0.9238476157188416, 0.8927748799324036, 0.767784595489502, 0.9796134829521179, 0.9362795352935791, 0.8909797668457031, 0.7649374008178711, 0.9015160202980042, 0.830906867980957, 0.9086169004440308, 0.8511756658554077, 0.8690416216850281, 0.9072825908660889, 0.8983814120292664, 0.7014458179473877, 0.9442938566207886, 0.9728748202323914, 0.8347269892692566, 0.9293076395988464, 0.9707295894622803, 0.8950319886207581, 0.9347427487373352, 0.7173526883125305, 0.9123610258102417, 0.8273863792419434, 0.911413848400116, 0.7565017938613892, 0.7402545213699341, 0.9677251577377319, 0.822932243347168, 0.9003981947898865, 0.8817411661148071], "label": [1, 0, 1, 0, 0, 0, 0]}