{"text": ["XYZ Hospital", "123 tlealth Street,Wellness City", "Phone:+1-234.587-890", "PatlntNanx:GracoDavs", "p:31", "Doctor: Dr. Millor", "Medicine", "Dosuge", "Frequency", "Duration", "TabA1urodn 500", "15tablets", "20ms doy", "t4duys", "Cap Cypon", "10 tablets", "20mesaday", "4days", "Tab Triz", "20 tblets", "3tmes day", "10 days", "Tab Zole fcream", "10 tablets", "2 tmesa dey", "7 days", "Tab Neurobin Forte", "15tablets", "2tmesaday", "5days", "Syrup", "Dosapo", "Froquancy", "Duratlon", "Syrup Corox", "Sml", "2tmdoy", "7day", "Syrup TusQ-dx", "10ml", "3tims doy", "30days", "Advico:", "-Tako to rost", "Eat ensy-to-digest food like boiled rice with dnl", "Stoytydrated"], "confidence": [0.947608470916748, 0.8443870544433594, 0.8467027544975281, 0.7897310853004456, 0.739750325679779, 0.9642907381057739, 0.9567275047302246, 0.975483238697052, 0.9788968563079834, 0.9623180627822876, 0.8287022709846497, 0.8647039532661438, 0.7523245811462402, 0.8546951413154602, 0.9472038745880127, 0.8921223878860474, 0.7241058349609375, 0.8935898542404175, 0.8176649808883667, 0.9248446226119995, 0.8064771294593811, 0.8622841835021973, 0.8768779635429382, 0.901634693145752, 0.8118886351585388, 0.8767657279968262, 0.9215752482414246, 0.8865651488304138, 0.8577829003334045, 0.8882506489753723, 0.9703512191772461, 0.90386563539505, 0.9532040357589722, 0.9963582158088684, 0.9736620187759399, 0.9197258949279785, 0.7179483771324158, 0.8483083248138428, 0.9686341881752014, 0.9380403757095337, 0.7529909014701843, 0.9183411002159119, 0.9662078022956848, 0.7243521809577942, 0.844878613948822, 0.8652937412261963], "label": [1, 1, 1, 0, 0, 0, 0]}