{"text": ["XYZ Hospital", "123 tlealth Street,Wellness City", "Phone:+1-234.587-890", "Patlant Namo:John Wilson", ":40", "Doctor: Dr. Tumor", "Medicine", "Dosuge", "Frequency", "Duration", "Cap Cypon", "15tablets", "20ms dey", "7 days", "Cap Zovirax", "5tablets", "3umesaday", "7 days", "TabCombinam", "5tablets", "3tmes aday", "7 days", "TabA1urocin 500", "10 tablets", "3 tmesa dey", "5days", "Tab Triz", "20 tablets", "2tmesaday", "30 days", "Syrup", "Dosapo", "Froquoncy", "Duratlon", "Syrup Brozodx", "10ml", "3tms doy", "10dny", "Syrup Corox-dx", "10ml", "3tims doy", "5 days", "Advico:", "-Tako tod rost", "Eat nsy-to-digest food like boiled rice with dnl", "-Stytydrated"], "confidence": [0.9534473419189453, 0.8416517972946167, 0.8589719533920288, 0.8716961741447449, 0.7442576289176941, 0.957442581653595, 0.9246234893798828, 0.9740098118782043, 0.9788968563079834, 0.965709924697876, 0.9238782525062561, 0.8927748799324036, 0.7692691087722778, 0.9877565503120422, 0.9159099459648132, 0.8912277221679688, 0.8493825197219849, 0.8767657279968262, 0.9481958150863647, 0.8312031030654907, 0.8285436630249023, 0.8767657279968262, 0.8607105612754822, 0.901634693145752, 0.7724913954734802, 0.8882506489753723, 0.9787572622299194, 0.8974159359931946, 0.8577829003334045, 0.8853435516357422, 0.9703512191772461, 0.9139150977134705, 0.9255363941192627, 0.9894639253616333, 0.871116578578949, 0.9483411312103271, 0.711635172367096, 0.6276463270187378, 0.9816890954971313, 0.9150266051292419, 0.7578047513961792, 0.8086541295051575, 0.9678077101707458, 0.7691457867622375, 0.8524071574211121, 0.9215343594551086], "label": [1, 1, 1, 0, 0, 0, 0]}