{"text": ["XYZ Hospital", "123 tlealth Street,Wellness City", "Phone:+1-234.587-890", "PatlntNan:Jan R", "p:45", "Doctor: Dr. Millor", "Medicine", "Dosuge", "Frequency", "Duration", "Cap Dilanun", "10tablets", "20ms doy", "7 duys", "Cap Pan d", "20 tablets", "3tmesaday", "7 days", "Tab Dolo 650", "5tablets", "2 tmes aduy", "7 days", "TabCiplox500", "10tablets", "2tmesa day", "7 days", "Cap Omez", "10tablets", "2 tmes a duy", "30 days", "Cap Co-Immune", "10tablets", "3 tmesa dey", "10days", "Syrup", "Dosago", "Froquoncy", "Duratlon", "Syrup Corox", "10ml", "3tms doy", "7day", "Advico:", "-Tako tod rost", "Eat nsy-to-digest food like boiled dce with dnl", "Stoybydrated"], "confidence": [0.9573611617088318, 0.8395678997039795, 0.8531273007392883, 0.8396912217140198, 0.7807413339614868, 0.9698774814605713, 0.8953059315681458, 0.908909797668457, 0.9788968563079834, 0.964890718460083, 0.8843187093734741, 0.9273074269294739, 0.755928099155426, 0.9828178286552429, 0.9129437208175659, 0.9054545164108276, 0.8355120420455933, 0.861883819103241, 0.8361775279045105, 0.916618824005127, 0.7543216347694397, 0.8580665588378906, 0.9459900856018066, 0.9273074269294739, 0.8152288198471069, 0.861883819103241, 0.8890583515167236, 0.9273074269294739, 0.753273069858551, 0.8513266444206238, 0.8713204860687256, 0.9273074269294739, 0.7934780120849609, 0.924377977848053, 0.9720994234085083, 0.9523525834083557, 0.9529516696929932, 0.9843534231185913, 0.8861015439033508, 0.9717352390289307, 0.7251139283180237, 0.940690815448761, 0.9678854942321777, 0.7592254281044006, 0.861255407333374, 0.8199408650398254], "label": [1, 1, 1, 0, 0, 0, 0]}