{"text": ["XYZ Hospital", "123 tlealth Street,Wellness City", "Phone:+1-234.587-890", "PatlontNanx:Davld Brown", "p:9", "Doctor: Dr. Patol", "Medicine", "Dosage", "Frequency", "Duration", "TabCiplox500", "20 tblets", "20ms doy", "$ duys", "Cap Pan d", "15tablets", "20mesa duy", "4duys", "Tab Zole fcream", "15tablets", "3 tmesa duy", "5 days", "Tab Pan d", "5tablets", "3 tmesaday", "10days", "TabClavum 025", "15tablets", "3 tmesaday", "7 days", "TabAllegra", "10tablets", "2 tmes a doy", "10days", "Syrup", "Dosago", "Froquoncy", "Duratlon", "Syrup TusQx", "Sml", "2tmdoy", "7day", "Advico:", "-Tako to rst", "Eat nsy-to-digest food like boiled dce with dnl", "Stoytydrated"], "confidence": [0.9581725597381592, 0.8389764428138733, 0.8581722378730774, 0.840732991695404, 0.5082249641418457, 0.9444692134857178, 0.930323600769043, 0.9033363461494446, 0.9790523052215576, 0.964890718460083, 0.8803487420082092, 0.9003804326057434, 0.7523245811462402, 0.8634000420570374, 0.9109414219856262, 0.9037178754806519, 0.7259731888771057, 0.9136894941329956, 0.8499457240104675, 0.8647039532661438, 0.8074479699134827, 0.7517222762107849, 0.9290552139282227, 0.9046000242233276, 0.8438262939453125, 0.8654675483703613, 0.8029436469078064, 0.8647039532661438, 0.8438262939453125, 0.8452855944633484, 0.9105583429336548, 0.9273074269294739, 0.8100890517234802, 0.924377977848053, 0.9720994234085083, 0.9641801714897156, 0.9633573889732361, 0.9924637079238892, 0.9335668683052063, 0.927854061126709, 0.7179483771324158, 0.940690815448761, 0.9678854942321777, 0.7431734204292297, 0.8616782426834106, 0.871784508228302], "label": [1, 1, 1, 0, 0, 0, 0]}