{"text": ["XYZ Hospital", "123 tlealth Street,Wellness City", "Phone:+1-234.587-890", "Patlant Nam:ChadloJohnson", "p:72", "Doctor: Dr. Millor", "Medicine", "Dosuge", "Frequency", "Duration", "Tab Combinam", "15tablets", "20ms day", "4days", "Tab Dolonex dt", "10 tablets", "3umesadey", "30 days", "Tab Neurobin Forte", "15tablets", "2tmes aday", "10days", "Cap Cypon", "5tablets", "3tmes adey", "7 days", "TabAluhrodin500", "5tablets", "2tmesaday", "7days", "Syrup", "Dosapo", "Froquoncy", "Duratlon", "Syrup Cypon", "10ml", "3timsday", "30days", "Advico:", "-Tako tod rost", "Eat nsy-to-dlgest food like boiled dce with dal", "-Stayhydrated"], "confidence": [0.9557154178619385, 0.8356792330741882, 0.8577502369880676, 0.8309940099716187, 0.7708295583724976, 0.9723546504974365, 0.9175625443458557, 0.9420654773712158, 0.9838371276855469, 0.9629752039909363, 0.9410035014152527, 0.8927748799324036, 0.7605679631233215, 0.9227895736694336, 0.9177350997924805, 0.8921223878860474, 0.8198149800300598, 0.8853435516357422, 0.9351704716682434, 0.8623680472373962, 0.7747554779052734, 0.924377977848053, 0.9462621212005615, 0.8909797668457031, 0.8477534055709839, 0.8720644116401672, 0.791504979133606, 0.9079194068908691, 0.8493822813034058, 0.9444330930709839, 0.9747051000595093, 0.9315247535705566, 0.9749724864959717, 0.9871726036071777, 0.9490439891815186, 0.9483411312103271, 0.7220712900161743, 0.8138046264648438, 0.9691476225852966, 0.7815971970558167, 0.9010859727859497, 0.8863697052001953], "label": [1, 1, 1, 0, 0, 0, 0]}