{"text": ["XYZ Hospital", "123 tlealth Street,Wellness City", "Phone:+1-234-587-890", "Patlnt Nan:Graco Brown", ":20", "Doctor: Dr. Millor", "Medicine", "Dosuge", "Frequency", "Duration", "TabDolo650", "5 tablets", "3mesaday", "14duys", "Tab Combinam", "20 tblets", "3tmesaday", "30 days", "Cap Colmmune", "10tablets", "2tmesaday", "4 days", "Tab Cyciopam", "10tablets", "3 tmesa dey", "7 days", "Syrup", "Dosago", "Froquancy", "Duration", "Syrup Corx", "10ml", "2 tim doy", "7 days", "Advico:", "-Tako bod rost", "Eat nsy-to-dlgest food like boiled rice with dal", "-Stytydrated"], "confidence": [0.9463983178138733, 0.8487181663513184, 0.8744075894355774, 0.8257684111595154, 0.852616012096405, 0.9540182948112488, 0.930323600769043, 0.9030749201774597, 0.9827357530593872, 0.9623180627822876, 0.8932056427001953, 0.8841409683227539, 0.7886044979095459, 0.8650357723236084, 0.9099741578102112, 0.9248446226119995, 0.8317393660545349, 0.8663529753684998, 0.9049343466758728, 0.9273074269294739, 0.8641469478607178, 0.8659627437591553, 0.8823857307434082, 0.9273074269294739, 0.8120609521865845, 0.8767657279968262, 0.9825723767280579, 0.9117240309715271, 0.9371910095214844, 0.958915650844574, 0.9227269291877747, 0.9658069610595703, 0.7463570237159729, 0.9799483418464661, 0.9288334846496582, 0.7142534255981445, 0.8857390284538269, 0.9112634658813477], "label": [1, 1, 1, 0, 0, 0, 0]}