{"text": ["XYZ Hospital", "123 tlealth Street,Wellness City", "Phone:+1-234.587-890", "PatlantNamx:Allco Wlson", "p:5", "Doctor:Dr.Johnson", "Medicine", "Dosuge", "Frequency", "Duration", "Tab Sumo cold", "15tablets", "3mesday", "7 days", "Tab Pan d", "10 tablets", "3 tmes doy", "$ days", "Cap Omez", "20 tblets", "3 tmesaday", "7 days", "TabAluhrodin500", "t5tablets", "2 tms a day", "10days", "Syrup", "Dosago", "Froquoncy", "Duratlon", "Syrup TusQ dx", "10ml", "2 tm doy", "30 days", "Syrup Cypon", "Sml", "3timsday", "7day", "Advico:", "-Tako bod rost", "Eat nsy-to-digest food like boiled dce with dal", "-Stayhydrated"], "confidence": [0.951866626739502, 0.8402663469314575, 0.8577502369880676, 0.8307993412017822, 0.5828918814659119, 0.9602234959602356, 0.930323600769043, 0.9431764483451843, 0.9838371276855469, 0.955414891242981, 0.9150294065475464, 0.8910351991653442, 0.8383733034133911, 0.8633471131324768, 0.9045711159706116, 0.8921223878860474, 0.7507402896881104, 0.9359393119812012, 0.8976379632949829, 0.9248446226119995, 0.8439608812332153, 0.8720644116401672, 0.8046666383743286, 0.8862625360488892, 0.8000491857528687, 0.9257344603538513, 0.9728748202323914, 0.8496239185333252, 0.8970111012458801, 0.8653408288955688, 0.9831798076629639, 0.9410436153411865, 0.7740520238876343, 0.9152647852897644, 0.9280782341957092, 0.9197258949279785, 0.7808237075805664, 0.8190528750419617, 0.967370867729187, 0.8230072855949402, 0.9078223705291748, 0.8757689595222473], "label": [1, 1, 1, 0, 0, 0, 0]}