{"text": ["XYZ Hospital", "123 tlealth Street,Wellness City", "Phone:+1-234.587-890", "PatlntNam:EvoJohnson", "Ap:75", "DoctorDr.Tumor", "Medicine", "Dosuge", "Frequency", "Duration", "TabCyciomelf", "15tablets", "20ms day", "4duys", "TabA1urocin 500", "5tablets", "3tmesaday", "7days", "Tab Cetine", "5tablets", "2tmes aday", "7 days", "Tab Triz", "t5tablets", "3 tmesa dey", "10days", "TabNeurobin Forte", "5tablets", "2 tmes a duy", "7 days", "Syrup", "Dosago", "Froquoncy", "Duratlon", "Syrup Cypon", "10ml", "2timday", "Sday", "Advico:", "-Tako tod rost", "Eat nsy-to-dlgest food like boiled dce with dal", "-Staytydrated"], "confidence": [0.9546443819999695, 0.8386499881744385, 0.8541738390922546, 0.8784977197647095, 0.7691259980201721, 0.9683685302734375, 0.9009021520614624, 0.9420654773712158, 0.9838371276855469, 0.9623180627822876, 0.8686010241508484, 0.8927748799324036, 0.7605679631233215, 0.9136894941329956, 0.8253230452537537, 0.8912277221679688, 0.841296374797821, 0.9236086010932922, 0.9291049838066101, 0.9057856798171997, 0.7747554779052734, 0.8720644116401672, 0.9902831315994263, 0.8659577965736389, 0.7284836173057556, 0.9213528037071228, 0.9521375298500061, 0.9057856798171997, 0.7454357147216797, 0.8720644116401672, 0.9720994234085083, 0.8360254764556885, 0.9767853617668152, 0.910537838935852, 0.9532224535942078, 0.9483411312103271, 0.7432094216346741, 0.7356988191604614, 0.9691476225852966, 0.7758516073226929, 0.9010859727859497, 0.890696108341217], "label": [1, 0, 1, 0, 0, 0, 0]}