{"text": ["XYZ Hospital", "123 tlealth Street,Wellness City", "Phone:+1-234.587-890", "Patlant Namx:ChadloJohnson", "p:45", "Doctor: Dr.Patol", "Medicine", "Dosage", "Frequency", "Duration", "Tab Cetine", "20 tblets", "20ms doy", "4duys", "Tab Cyclomeff", "10tablets", "3 umes duy", "5days", "Cup Omez", "20 tablets", "3tmesaduy", "30 duys", "Cap Cypon", "20 tablets", "2tmesa day", "10days", "Tab Dolonex dt", "20 tblets", "3 tmesaday", "10days", "Tab Febrexplus", "10tablets", "2 tmes a day", "5 duys", "Syrup", "Dosago", "Froquoncy", "Duratlon", "Syrup Corox-dx", "10ml", "3tmsdoy", "14days", "Advico:", "-Tako tod rost", "Eat nsy-to-digest food like boiled dce with dnl", "Stoybydrated"], "confidence": [0.9544302821159363, 0.8386703133583069, 0.8589719533920288, 0.8128598928451538, 0.7807413339614868, 0.9450036883354187, 0.930323600769043, 0.9033363461494446, 0.9790523052215576, 0.9621754884719849, 0.92510986328125, 0.9003804326057434, 0.7485461831092834, 0.9136894941329956, 0.8612697124481201, 0.9273074269294739, 0.6857804656028748, 0.8366293907165527, 0.8326834440231323, 0.8709948658943176, 0.8547772765159607, 0.9069848656654358, 0.9239026308059692, 0.8967920541763306, 0.7730736136436462, 0.924377977848053, 0.9139804244041443, 0.9003804326057434, 0.849814236164093, 0.9184670448303223, 0.9294818043708801, 0.9273074269294739, 0.7432286143302917, 0.9175510406494141, 0.9719002842903137, 0.958836555480957, 0.9442562460899353, 0.9877357482910156, 0.9839245676994324, 0.9717352390289307, 0.7260910272598267, 0.8428124785423279, 0.9678854942321777, 0.7808472514152527, 0.8601347208023071, 0.8237857818603516], "label": [1, 1, 1, 0, 0, 0, 0]}