{"text": ["XYZ Hospital", "123 tlealth Street,Wellness City", "Phone:+1-234-587-890", "Patlont Nanx:Bob Millor", ":44", "Doctor: Dr. Tumor", "Medicine", "Dosage", "Frequency", "Duration", "Tab Combinam", "15tablets", "20ms doy", "30 days", "Tab Cetine", "20 tablets", "3tmesaday", "5days", "TabAluhrocin 500", "5 tablets", "3 tmesaday", "30 duys", "Cap Zovirax", "t5tablets", "2 tm5 a doy", "30 days", "Syrup", "Dosago", "Froquancy", "Ouration", "Syrup Fobrox plus", "Sml", "2 tim doy", "5days", "Advico:", "-Tako tod rost", "Eat nsy-to-dlgest food like boiled rice with dal", "-Stynydrated"], "confidence": [0.9509110450744629, 0.8406103849411011, 0.8954404592514038, 0.8336049914360046, 0.8580889701843262, 0.9736890196800232, 0.9286406636238098, 0.9033363461494446, 0.9838371276855469, 0.964890718460083, 0.9388242363929749, 0.8927748799324036, 0.7538338303565979, 0.8676621317863464, 0.9331361651420593, 0.9054545164108276, 0.8034953474998474, 0.8701895475387573, 0.766396164894104, 0.8758335113525391, 0.8514732122421265, 0.9196853041648865, 0.8706382513046265, 0.8862625360488892, 0.7402992844581604, 0.8853435516357422, 0.9852066040039062, 0.9117240309715271, 0.9354243874549866, 0.9243900775909424, 0.9940844178199768, 0.8684621453285217, 0.7347371578216553, 0.8875328302383423, 0.9288334846496582, 0.7252967953681946, 0.8857390284538269, 0.8822422027587891], "label": [1, 1, 1, 0, 0, 0, 0]}