{"text": ["XYZ Hospital", "123 tlealth Street,Wellness City", "Phone:+1-234-587-890", "Patlont Namx:John D", ":48", "Doctor: Dr.Lo", "Medicine", "Dosuge", "Frequency", "Duration", "CapColmmune", "20 tblets", "3mesday", "10duys", "Cap Zovirax", "20 tblets", "3 tmes doy", "7days", "Cap Pan d", "5tablets", "3 tmesaday", "7 days", "Tab Trz", "t5tablets", "2 tm5 a day", "5 days", "Syrup", "Dosago", "Froquancy", "Duration", "Syrup TusQx", "10ml", "2tmdoy", "10day", "SyrupZodax", "Sml", "2timday", "5doy", "Advico:", "-Tako bod rost", "Eat nsy-to-digest food like boiled dce with dal", "-Staytydrated"], "confidence": [0.9539773464202881, 0.8388950228691101, 0.8651002049446106, 0.8344358801841736, 0.8221071362495422, 0.9240841269493103, 0.9328186511993408, 0.9427713751792908, 0.9838371276855469, 0.9623180627822876, 0.9210652709007263, 0.9135541915893555, 0.8329204320907593, 0.9106659889221191, 0.8862808346748352, 0.9185055494308472, 0.7507402896881104, 0.9236086010932922, 0.8972174525260925, 0.8878754377365112, 0.8532909154891968, 0.8720644116401672, 0.8342235684394836, 0.8862625360488892, 0.7431930899620056, 0.8369717597961426, 0.9720994234085083, 0.8239191174507141, 0.9293076395988464, 0.9552180767059326, 0.9657022356987, 0.9410436153411865, 0.7513450980186462, 0.7508189082145691, 0.8965408205986023, 0.9197258949279785, 0.8054354786872864, 0.7402545213699341, 0.967370867729187, 0.8304697871208191, 0.9078223705291748, 0.9250409007072449], "label": [1, 1, 1, 0, 0, 0, 0]}