{"text": ["XYZ Hospital", "123 tlealth Street,Wellness City", "Phone:+1-234-587-890", "Patlant Namx:John Ro", "p:73", "Doctor: Dr. Smith", "Medicine", "Dosuge", "Frequency", "Duration", "TabA1urodn 500", "20 tblets", "3mesday", "30 duys", "Tab Febrexplus", "10tablets", "3 umes doy", "5days", "Tab Zole fcream", "15tablets", "3tmesaday", "30 duys", "Cup Omez", "5tablets", "2tmesa dey", "10days", "TabDolo650", "10tablets", "3 tmesaday", "30 days", "Tab Evlon", "20 tablets", "3 tmesa dey", "4duys", "Syrup", "Dosago", "Froquoncy", "Duratlon", "Syrup Brozodax", "10ml", "3tms doy", "30 dny", "Advico:", "-Tako tod rost", "Eat nsy-to-digest food like boiled dce with dnl", "Stoytydrated"], "confidence": [0.9534473419189453, 0.841896653175354, 0.8676124811172485, 0.8189767599105835, 0.8352077603340149, 0.9536572694778442, 0.9194775223731995, 0.9427713751792908, 0.9790523052215576, 0.965709924697876, 0.8463132977485657, 0.9003804326057434, 0.8458738923072815, 0.9137939810752869, 0.9432700872421265, 0.9273074269294739, 0.7165395617485046, 0.8366293907165527, 0.8535823822021484, 0.8647039532661438, 0.859169065952301, 0.9069848656654358, 0.8335634469985962, 0.9046000242233276, 0.8095513582229614, 0.9213528037071228, 0.8790748715400696, 0.9273074269294739, 0.8478784561157227, 0.8853435516357422, 0.9175030589103699, 0.8797799944877625, 0.8179402947425842, 0.9083743095397949, 0.9720994234085083, 0.9641801714897156, 0.9524527788162231, 0.9885905981063843, 0.9615684151649475, 0.9717352390289307, 0.7066380381584167, 0.7926518321037292, 0.9667397141456604, 0.7691457867622375, 0.859491229057312, 0.871784508228302], "label": [1, 0, 1, 0, 0, 0, 0]}