{"text": ["XYZ Hospital", "123 tlealth Street,Wellness City", "Phone:+1-234.587-890", "PatlantNam:Bob D", "Ap:32", "Doctor: Dr. Millor", "Medicine", "Dosuge", "Frequency", "Duration", "TabClovum 025", "20 tblets", "3umesa day", "5 days", "Tab Dolonex dt", "20 tablets", "3 tmes dey", "7 days", "Tab Cyciopom", "20 tablets", "3 tmesaday", "30 days", "Tab Triz", "20 toblets", "3tmesaday", "10days", "TabNeurobin Forte", "t5tablets", "3 tmesaday", "30 days", "Syrup", "Dosapo", "Froquancy", "Duration", "Syrup Fobrxplus", "10ml", "2timday", "30dy", "Advico:", "-Tako tod rost", "Eat nsy-to-dlgest food like boiled dce with dal", "-Stayhydrated"], "confidence": [0.9565640091896057, 0.8413002490997314, 0.8571933507919312, 0.8293065428733826, 0.7326472997665405, 0.9745986461639404, 0.930323600769043, 0.9427713751792908, 0.9838371276855469, 0.964890718460083, 0.8163843750953674, 0.9135541915893555, 0.8344482183456421, 0.7493965029716492, 0.9137622117996216, 0.9054545164108276, 0.7464158535003662, 0.9900434613227844, 0.8665375709533691, 0.8863240480422974, 0.8453844785690308, 0.8833222985267639, 0.9879308342933655, 0.8743324279785156, 0.8583463430404663, 0.9213528037071228, 0.9521375298500061, 0.8791769742965698, 0.8340550661087036, 0.8867191672325134, 0.9747051000595093, 0.9147164225578308, 0.9370110630989075, 0.9667842388153076, 0.8665026426315308, 0.9483411312103271, 0.7518830895423889, 0.9668070673942566, 0.9687759280204773, 0.8008593320846558, 0.901470422744751, 0.8757124543190002], "label": [1, 0, 1, 0, 0, 0, 0]}