{"text": ["XYZ Hospital", "123 tlealth Street,Wellness City", "Phone:+1-234-587-890", "Patlont Nanx:Graco Whito", ":54", "Doctor: Dr. Tumor", "Medicine", "Dosage", "Frequency", "Duration", "TabCyclopam", "20 tblets", "3mesday", "5 days", "Tab Triz", "5tablets", "3tmesaday", "5days", "Tab Neurobin Forte", "10tablets", "3 tmes a duy", "10days", "Cap Omez", "5tablets", "2 tms a doy", "4days", "Syrup", "Dosago", "Froquancy", "Duratlon", "Syrup Zodax", "Sml", "3mday", "14days", "Advico:", "-Tako bod rost", "Eat nsy-to-dlgest food like boiled rice with dal", "-Stynydrated"], "confidence": [0.9534645676612854, 0.8484009504318237, 0.8794944882392883, 0.8235098719596863, 0.8006799817085266, 0.9597349762916565, 0.954825758934021, 0.8897534012794495, 0.9788968563079834, 0.964890718460083, 0.8995922207832336, 0.9135541915893555, 0.8407676815986633, 0.7517222762107849, 0.8993823528289795, 0.895728349685669, 0.811162531375885, 0.8343985676765442, 0.9354254603385925, 0.9273074269294739, 0.8568880558013916, 0.9063949584960938, 0.8686382174491882, 0.8909797668457031, 0.7668960094451904, 0.9184122085571289, 0.9825723767280579, 0.9191999435424805, 0.935694694519043, 0.9634062051773071, 0.9493877291679382, 0.8684621453285217, 0.8106390237808228, 0.875527560710907, 0.9288334846496582, 0.7142534255981445, 0.8857390284538269, 0.8986558318138123], "label": [1, 1, 1, 0, 0, 0, 0]}