{"text": ["XYZ Hospital", "123 tlealth Street,Wellness City", "Phone:+1-234-587-890", "Patlont Nanx:John Whito", "Ap:33", "Doctor: Dr.Pato1", "Medicine", "Dosuge", "Frequency", "Duration", "TabZole fcreum", "5tablets", "3mesaduy", "30 duys", "Cap Zovirax", "20 tablets", "3 tmes duy", "4duys", "TabAluhrodin 500", "20 tablets", "2 tmes aduy", "10days", "Tab Sumo cold", "15tablets", "3tmesaday", "7 days", "TabClavum 025", "5tablets", "3 tmesaday", "30 days", "Cap Omez", "10tablets", "3 tmesa dey", "4duys", "Syrup", "Dosapo", "Froquoncy", "Durotion", "Syrup Grillnctus tm", "Sml", "2 tim doy", "7days", "Syrup Corox", "Sml", "3timday", "7day", "Advico:", "-Tako tod rost", "Eat nsy-to-digest food like boiled rice with dal", "-Stytydrated"], "confidence": [0.9530686736106873, 0.8445388078689575, 0.887356162071228, 0.8628883361816406, 0.7616316080093384, 0.917064905166626, 0.930323600769043, 0.9740098118782043, 0.9848875403404236, 0.964890718460083, 0.8979943990707397, 0.901167631149292, 0.7843856811523438, 0.9137939810752869, 0.8759679794311523, 0.8709948658943176, 0.7182040214538574, 0.9083743095397949, 0.7845253348350525, 0.8707102537155151, 0.7138233184814453, 0.8654675483703613, 0.9154574275016785, 0.867788553237915, 0.877721905708313, 0.861883819103241, 0.8043145537376404, 0.9079194068908691, 0.849814236164093, 0.8513266444206238, 0.8849229216575623, 0.9273074269294739, 0.7889118194580078, 0.9083743095397949, 0.988613486289978, 0.8228013515472412, 0.9474319815635681, 0.9337034225463867, 0.9914394021034241, 0.9028758406639099, 0.7471926212310791, 0.8803855776786804, 0.8836148977279663, 0.927854061126709, 0.7818251848220825, 0.8532044887542725, 0.9238536953926086, 0.7728556990623474, 0.9027966856956482, 0.924018144607544], "label": [1, 1, 1, 0, 0, 0, 0]}