{"text": ["XYZ Hospital", "123 tlealth Street,Wellness City", "Phone:+1-234.587-890", "Patlont Namx:Mla Smith", "Ap:59", "DoctorDr.Johnson", "Medicine", "Dosuge", "Frequency", "Duration", "TabA1urodin 500", "15tablets", "20ms doy", "5 days", "Tab Cetine", "20 tablets", "3 ms dey", "10days", "Tab Dolonex dt", "15tablets", "2 tmes doy", "t4days", "Tab Dolo 650", "15tablets", "2 tms a doy", "10days", "TabCiplox500", "10 tablets", "2tmesaday", "7 days", "Syrup", "Dosapo", "Froquoncy", "Duration", "Syrup Fobrxplus", "10ml", "2timday", "30dy", "Advico:", "-Tako tod rost", "Eat nsy-to-dlgest food like boiled dce with dal", "-Staytydrated"], "confidence": [0.9500302672386169, 0.8435166478157043, 0.8541738390922546, 0.8544830083847046, 0.660327136516571, 0.9483814835548401, 0.9233118295669556, 0.9427713751792908, 0.9838371276855469, 0.964890718460083, 0.8229882121086121, 0.8913987278938293, 0.767784595489502, 0.7393367886543274, 0.9186652302742004, 0.9054545164108276, 0.7794666290283203, 0.9015160202980042, 0.9141064286231995, 0.8927748799324036, 0.7506645917892456, 0.8406792283058167, 0.8071846961975098, 0.8866697549819946, 0.8025541305541992, 0.924377977848053, 0.9439449310302734, 0.901634693145752, 0.8475243449211121, 0.8720644116401672, 0.9720994234085083, 0.8650026917457581, 0.9624842405319214, 0.9667842388153076, 0.851455569267273, 0.9347427487373352, 0.7493798136711121, 0.9668070673942566, 0.9687759280204773, 0.7875855565071106, 0.901470422744751, 0.8774386048316956], "label": [1, 0, 1, 0, 0, 0, 0]}