{"text": ["XYZ Hospital", "123 tlealth Street,Wellness City", "Phone:+1-234-587-890", "Patlant Nanx:Graco Johnson", "p:73", "Doctor: Dr. Millor", "Medidine", "Dosage", "Frequency", "Duration", "Tab Pand", "10tablets", "3mesday", "7 days", "Tab Cyclopum", "5tablets", "2mes  duy", "7days", "Cap Omez", "10tblets", "3 tmes a duy", "10 days", "TabDolo 650", "20 tblets", "2 tm5 adoy", "5days", "Syrup", "Dosapo", "Froquancy", "Ouration", "Syrup TusQ-dx", "10ml", "2 tm doy", "14days", "Advico:", "-Takorst", "Eat nsy-to-dlgest food like boiled rice with dal", "-Stynydrated"], "confidence": [0.9470403790473938, 0.8488829135894775, 0.8675873875617981, 0.8362549543380737, 0.8352077603340149, 0.963807225227356, 0.9187687635421753, 0.8886480927467346, 0.9788968563079834, 0.964890718460083, 0.9261907339096069, 0.9273074269294739, 0.8448235392570496, 0.9900434613227844, 0.8587467670440674, 0.8909797668457031, 0.7555578351020813, 0.9236086010932922, 0.8995419144630432, 0.9008221626281738, 0.8568880558013916, 0.8472437858581543, 0.8674720525741577, 0.9086169004440308, 0.7505994439125061, 0.8882506489753723, 0.9747051000595093, 0.7913495898246765, 0.9354243874549866, 0.9101769924163818, 0.9586653113365173, 0.9658069610595703, 0.7310462594032288, 0.8842740058898926, 0.9288334846496582, 0.7479605674743652, 0.8857390284538269, 0.8980918526649475], "label": [1, 1, 1, 0, 0, 0, 0]}