{"text": ["XYZ Hospital", "123 tlealth Street,Wellness City", "Phone:+1-234.587-890", "Patlant Namx:Jano Whito", "p:27", "Doctor: Dr. Millor", "Medicine", "Dosuge", "Frequency", "Duration", "Tab Evlon", "10tablets", "3mesday", "10duys", "Tab Pan d", "5tablets", "20mesaday", "30 days", "Tab Dolonex dt", "10tablets", "3tmes day", "10 days", "Tab Sumo cold", "15tablets", "3 tmesa dey", "30 days", "Cap Cypon", "10tablets", "3tmesaday", "7 days", "Syrup", "Dosapo", "Froquancy", "Duratlon", "Syrup TusQ-dx", "Sml", "2mdoy", "7day", "Syrup Corox", "Sml", "2tims doy", "4 day", "Advico:", "-Tako tod rost", "Eat ensy-to-digest food like boiled rice with dnl", "Stoytydrated"], "confidence": [0.9528519511222839, 0.8474778532981873, 0.8575018644332886, 0.8435982465744019, 0.8363779187202454, 0.9655706882476807, 0.9271574020385742, 0.9054610133171082, 0.9838371276855469, 0.9623180627822876, 0.9155865907669067, 0.9273074269294739, 0.8203554749488831, 0.9152160286903381, 0.9305731654167175, 0.8716651201248169, 0.7708227634429932, 0.8663529753684998, 0.9046228528022766, 0.9273074269294739, 0.797487735748291, 0.8622841835021973, 0.8892592787742615, 0.8623680472373962, 0.7729131579399109, 0.8867191672325134, 0.9477248787879944, 0.9273074269294739, 0.8785970211029053, 0.8767657279968262, 0.9719002842903137, 0.90386563539505, 0.934296727180481, 0.9682292938232422, 0.9556137919425964, 0.8684621453285217, 0.7551538348197937, 0.8639349937438965, 0.8967664837837219, 0.9197258949279785, 0.7249763607978821, 0.7794343829154968, 0.9662078022956848, 0.7532501816749573, 0.844878613948822, 0.8279827237129211], "label": [1, 1, 1, 0, 0, 0, 0]}