{"text": ["XYZ Hospital", "123 tlealth Street,Wellness City", "Phone:+1-234-587-890", "Patlant Namx:Jano Johnson", ":70", "Doctor:Dr.Patol", "Medicine", "Dosuge", "Frequency", "Duration", "Tab Trtz", "15tablets", "20ms day", "30 duys", "Cap Colmmune", "15tablets", "2 tms  duy", "7 days", "Tab Pan d", "5tablets", "2 tmes a duy", "5days", "Tab Neurobin Forte", "20tblets", "3 tmes aday", "4days", "Tab Febrexplus", "20 tblets", "2 tmes a duy", "7days", "Tab Evion", "20 tablets", "3tmes aday", "$ days", "Syrup", "Dosago", "Froquoncy", "Durotlon", "Syrup Fobrox plus", "Sml", "3tims doy", "7days", "Syrup Corox", "Sml", "3timsday", "Sday", "Advico:", "-Tako tod rost", "Eat nsy-to-digest food like boiled rice with dal", "-Stytydrated"], "confidence": [0.9556338787078857, 0.8386499881744385, 0.8868597745895386, 0.85282301902771, 0.8660268783569336, 0.9488111734390259, 0.9250409603118896, 0.9427713751792908, 0.9905779957771301, 0.965709924697876, 0.804344654083252, 0.8647039532661438, 0.7605679631233215, 0.9137939810752869, 0.8998252749443054, 0.9037178754806519, 0.7418817281723022, 0.8401936888694763, 0.8869227766990662, 0.916618824005127, 0.7192685604095459, 0.8366293907165527, 0.9309629797935486, 0.9412925839424133, 0.8218534588813782, 0.9184122085571289, 0.9402605891227722, 0.9003804326057434, 0.7454357147216797, 0.9444330930709839, 0.9196940660476685, 0.8797799944877625, 0.8271628618240356, 0.9325768351554871, 0.988613486289978, 0.8285646438598633, 0.9466862082481384, 0.9325146675109863, 0.9933104515075684, 0.9028758406639099, 0.7382882833480835, 0.9093872308731079, 0.8926152586936951, 0.927854061126709, 0.7849414348602295, 0.7481143474578857, 0.9238536953926086, 0.7723420858383179, 0.9027966856956482, 0.9149386882781982], "label": [1, 1, 1, 0, 0, 0, 0]}