{"text": ["XYZ Hospital", "123 tlealth Street,Wellness City", "Phone:+1-234-587-890", "Patlont Nanx:Charlo Brown", ":70", "Doctor: Dr. Millor", "Medicine", "Dosage", "Frequency", "Duration", "TabClvum 025", "20 tblets", "3mesday", "$ duys", "Tab Sumo cold", "t5tablets", "3tmesaday", "4days", "Tab Febrexplus", "t5tblets", "3 tmesaday", "4 days", "Tab Combinam", "5tablets", "3 tmesa dey", "5days", "Syrup", "Dosago", "Froquancy", "Ouration", "Syrup TusQ-dx", "Sml", "2 tim doy", "14days", "Advico:", "-Tako tod rost", "Eat nsy-to-dlgest food like boiled rice with dal", "-Stynydrated"], "confidence": [0.9532102942466736, 0.8392246961593628, 0.8858763575553894, 0.8258252143859863, 0.8068459033966064, 0.9644622802734375, 0.9556780457496643, 0.8897534012794495, 0.9789015650749207, 0.964890718460083, 0.8324541449546814, 0.9135541915893555, 0.8427592515945435, 0.860700786113739, 0.9195261597633362, 0.8833587169647217, 0.8161150813102722, 0.8935898542404175, 0.941066563129425, 0.9061143398284912, 0.8532909154891968, 0.8659627437591553, 0.9425952434539795, 0.8909797668457031, 0.7414395809173584, 0.8882506489753723, 0.9728748202323914, 0.9117240309715271, 0.9373424053192139, 0.9101769924163818, 0.9582335948944092, 0.8684621453285217, 0.7574350833892822, 0.875527560710907, 0.9288334846496582, 0.7340252995491028, 0.8857390284538269, 0.8704662919044495], "label": [1, 0, 1, 0, 0, 0, 0]}