{"text": ["XYZ Hospital", "123 tlealth Street,Wellness City", "Phone:+1-234-587-890", "Patlont Namx:Mla Ro", ":30", "Doctor: Dr. Tumor", "Medidine", "Dosage", "Frequency", "Duration", "Cup Pan d", "15tablets", "3mesday", "4 duys", "Tab Zole fcream", "t5tablets", "2tmesa day", "4days", "TabClavum 025", "5tablets", "2 tmes a duy", "5 days", "TabAllegra", "20 tablets", "2 tmes a doy", "7 days", "Syrup", "Dosago", "Froquancy", "Duration", "Syrup TusQ dx", "Sml", "2 tm doy", "14days", "Advico:", "-Tako bod rost", "Eat nsy-to-dlgest food like boiled rice with dal", "-Stytydrated"], "confidence": [0.9509661197662354, 0.8392246961593628, 0.9123506546020508, 0.7747451066970825, 0.8133759498596191, 0.9699845910072327, 0.9153572916984558, 0.9033363461494446, 0.9838371276855469, 0.9623180627822876, 0.9225687384605408, 0.8927748799324036, 0.8407676815986633, 0.9153589606285095, 0.8810843825340271, 0.8833587169647217, 0.7838765382766724, 0.8935898542404175, 0.8333997130393982, 0.9093613624572754, 0.8743255138397217, 0.7472350001335144, 0.960960865020752, 0.8983814120292664, 0.769815981388092, 0.8767657279968262, 0.9825723767280579, 0.9191999435424805, 0.9354243874549866, 0.9758866429328918, 0.9399715065956116, 0.8684621453285217, 0.7225327491760254, 0.8842740058898926, 0.9288334846496582, 0.7142534255981445, 0.8857390284538269, 0.9112634658813477], "label": [1, 0, 1, 0, 0, 0, 0]}