{"text": ["XYZ Hospital", "123 tlealth Street,Wellness City", "Phone:+1-234-587-890", "Patlont Nanx:Charlo Davis", "Ap:53", "Doctor: Dr.Lao", "Medicine", "Dosage", "Frequency", "Duration", "Tab Neurobin Forte", "t5tablets", "3mesday", "7 days", "TabCiplox500", "t5tablets", "3tmesaday", "7days", "Tab Dolo 650", "20 tablets", "2 tmes a duy", "7 days", "TabZole fcream", "t5tablets", "2 tmes a day", "30 days", "Syrup", "Dosago", "Froquancy", "Duratlon", "Syrup Fobrox plus", "10ml", "2 tim doy", "14days", "Advico:", "-Tako tod rst", "Eat nsy-to-dlgest food like boiled rice with dal", "-Styhydrated"], "confidence": [0.9470725655555725, 0.8395678997039795, 0.8857169151306152, 0.8136967420578003, 0.7789907455444336, 0.9007646441459656, 0.9286406636238098, 0.8897534012794495, 0.9789015650749207, 0.964890718460083, 0.9534355998039246, 0.8831853270530701, 0.8425248265266418, 0.9900434613227844, 0.9318872094154358, 0.8836497068405151, 0.8161150813102722, 0.9236086010932922, 0.8279561400413513, 0.8967920541763306, 0.857764482498169, 0.991462230682373, 0.8831033110618591, 0.8856318593025208, 0.7614920139312744, 0.8867191672325134, 0.970925509929657, 0.9117240309715271, 0.9373424053192139, 0.9500347375869751, 0.9734256863594055, 0.9658069610595703, 0.81327223777771, 0.8842740058898926, 0.9268304705619812, 0.7138832807540894, 0.8857390284538269, 0.8823270797729492], "label": [1, 0, 1, 0, 0, 0, 0]}