{"text": ["XYZ Hospital", "123 tlealth Street,Wellness City", "Phone:+1-234.587-890", "Patlont Namx:Graco Millar", "p:23", "DoctorDr.Tumor", "Medicine", "Dosuge", "Frequency", "Duration", "Tab Dolonex dt", "5tablets", "3mesaday", "30 days", "Tab Zole fcream", "10 tablets", "2 tmes  duy", "30 days", "Tab Febrex plus", "20 tablets", "2tmesa day", "30 duys", "TabAluhrodin500", "5tablets", "2 tm5 dey", "7days", "Syrup", "Dosago", "Froquancy", "Duration", "Syrup Fobrox plus", "Sml", "2tmdoy", "10day", "SyrupZodax", "10ml", "2mday", "7day", "Advico:", "-Tako bod rost", "Eat nsy-to-digest food like boiled rice with dal", "-Stayhydrated"], "confidence": [0.9549444317817688, 0.8478810787200928, 0.8465229868888855, 0.8323211669921875, 0.7894628047943115, 0.9669028520584106, 0.9286406636238098, 0.9427713751792908, 0.985615611076355, 0.964890718460083, 0.9156460165977478, 0.901167631149292, 0.7892289161682129, 0.8676621317863464, 0.8810091018676758, 0.8888846635818481, 0.7316315174102783, 0.8500292897224426, 0.9207916855812073, 0.8707102537155151, 0.8246465921401978, 0.9196853041648865, 0.7969855070114136, 0.8878754377365112, 0.7426508665084839, 0.9442938566207886, 0.9701129198074341, 0.8347269892692566, 0.9572234749794006, 0.9552180767059326, 0.9799547791481018, 0.8684621453285217, 0.7145162224769592, 0.7508189082145691, 0.893181324005127, 0.911413848400116, 0.8418462872505188, 0.8190528750419617, 0.967370867729187, 0.8148579597473145, 0.8990753293037415, 0.8762484192848206], "label": [1, 0, 1, 0, 0, 0, 0]}