{"text": ["XYZ Hospital", "123 tlealth Street,Wellness City", "Phone:+1-234-587-890", "PatlontNan:Bob D", "Apo:55", "Doctor:Dr.Patol", "Medicine", "Dosuge", "Frequency", "Duration", "Tab Trtz", "5 tablets", "3mesaday", "4 duys", "Tab Evion", "10 tablets", "2tmes  duy", "10days", "Tab Pan d", "10tablets", "2 tmes a duy", "7days", "Tab Cyciomelf", "20 tblets", "2 tm5 a doy", "t4days", "Syrup", "Dosago", "Froquancy", "Duration", "Syrup Grillnctus tm", "Sml", "2 tim doy", "7 days", "Advico:", "-Tako bod rost", "Eat nsy-to-dlgest food like boiled rice with dal", "-Stynydrated"], "confidence": [0.9541840553283691, 0.8418617844581604, 0.9123506546020508, 0.8164956569671631, 0.7298091053962708, 0.9571353197097778, 0.9254783391952515, 0.9030749201774597, 0.9859857559204102, 0.9623180627822876, 0.788279116153717, 0.887381374835968, 0.7886044979095459, 0.9153589606285095, 0.9232249855995178, 0.8921223878860474, 0.6972072124481201, 0.9015160202980042, 0.8987160921096802, 0.9273074269294739, 0.7920525670051575, 0.9236086010932922, 0.845436155796051, 0.9086169004440308, 0.7406336069107056, 0.8406792283058167, 0.9701129198074341, 0.9117240309715271, 0.9354243874549866, 0.9408240914344788, 0.9904271364212036, 0.8684621453285217, 0.7463570237159729, 0.9799110293388367, 0.9288334846496582, 0.7142534255981445, 0.8857390284538269, 0.8971806168556213], "label": [1, 0, 1, 0, 0, 0, 0]}