{"text": ["XYZ Hospital", "123 tlealth Street,Wellness City", "Phone:+1-234-587-890", "Patlont Nanx:Graco Wlllams", ":70", "Doctor:Dr.Johnson", "Medicine", "Dosuge", "Frequency", "Duration", "Tab Combilam", "15tablets", "20ms dey", "30 duys", "Cap Dilantn", "5tablets", "2 tm0s  duy", "4duys", "TabCiplox500", "5tablets", "3 tmesa doy", "7 days", "Tab Zole f cream", "20 tblets", "3 tmes aday", "4duys", "Tab Pan d", "5tablets", "3 tmesaday", "10days", "Cap Pan d", "20 tablets", "3 tmesa dey", "30 days", "Syrup", "Dosago", "Froquoncy", "Duratlon", "Syrup TusQ-dx", "10ml", "3 tims doy", "30days", "Syrup Grillnctus tm", "Sml", "2timday", "5days", "Advico:", "-Tako tod rost", "Eat nsy-to-digest food like boiled rice with dal", "-Stytydrated"], "confidence": [0.9539773464202881, 0.8514718413352966, 0.8675873875617981, 0.8197381496429443, 0.8835301399230957, 0.9668318629264832, 0.9246234893798828, 0.9412831664085388, 0.9902750849723816, 0.964890718460083, 0.9066798686981201, 0.8647039532661438, 0.7692691087722778, 0.9137939810752869, 0.8932403922080994, 0.8909797668457031, 0.7051472663879395, 0.9083743095397949, 0.8827211856842041, 0.9093613624572754, 0.7852831482887268, 0.861883819103241, 0.8588719367980957, 0.9086169004440308, 0.8272819519042969, 0.9083743095397949, 0.8963916301727295, 0.9079194068908691, 0.8251968622207642, 0.8654675483703613, 0.9246406555175781, 0.8914176821708679, 0.8336135745048523, 0.8963064551353455, 0.988613486289978, 0.8285646438598633, 0.9466862082481384, 0.9893155694007874, 0.9506849050521851, 0.9702969789505005, 0.7524312138557434, 0.8151836395263672, 0.991693377494812, 0.927854061126709, 0.7676267623901367, 0.7154484987258911, 0.9625285863876343, 0.7705491185188293, 0.9020175933837891, 0.8946594595909119], "label": [1, 1, 1, 0, 0, 0, 0]}