{"text": ["XYZ Hospital", "123 tlealth Street,Wellness City", "Phone:+1-234.587-890", "Patlant Namo:John Wilson", "p:50", "Doctor: Dr. Millor", "Medicine", "Dosuge", "Frequency", "Duration", "TabCyciomelf", "20 tblets", "3umesa day", "t4days", "Cap Dilanun", "15tablets", "3 umes dey", "10days", "TabCiplox 500", "5tablets", "2 tmes dey", "7 days", "Tab Cetine", "15tablets", "3 tmesa dey", "30 days", "Cap Zovirax", "10 tablets", "2tmesaday", "4days", "Syrup", "Dosago", "Froquoncy", "Duratlon", "Syrup Fobrox plus", "Sml", "2timday", "7day", "Advico:", "-Tako tod rost", "Eat nsy-to-dlgest food like boiled dce with dal", "-Staytydrated"], "confidence": [0.9539773464202881, 0.8386499881744385, 0.8577502369880676, 0.8674209713935852, 0.7119712829589844, 0.9544703960418701, 0.9286406636238098, 0.9427713751792908, 0.9838371276855469, 0.9629752039909363, 0.8730373382568359, 0.9135541915893555, 0.8330917358398438, 0.8849427700042725, 0.9260837435722351, 0.9090301990509033, 0.7338784337043762, 0.9213528037071228, 0.895959198474884, 0.9073119759559631, 0.7602824568748474, 0.8720644116401672, 0.9307762384414673, 0.8865651488304138, 0.8120609521865845, 0.8867191672325134, 0.864673376083374, 0.901634693145752, 0.8577829003334045, 0.9184122085571289, 0.9714150428771973, 0.9064610600471497, 0.9749724864959717, 0.8988408446311951, 0.9930053949356079, 0.9197258949279785, 0.7550383806228638, 0.8434621095657349, 0.9687759280204773, 0.8118053078651428, 0.9014807939529419, 0.9258518218994141], "label": [1, 1, 1, 0, 0, 0, 0]}