{"text": ["XYZ Hospital", "123 tlealth Street,Wellness City", "Phone:+1-234.587-890", "Patlant Nanx:Davld Dav", ":47", "Doctor: Dr.Lao", "Medicine", "Dosuge", "Frequency", "Duration", "Tab Combinam", "10 tablets", "20ms doy", "4duys", "Tab Evion", "20 tablets", "3 tmes doy", "7days", "Tab Pan d", "15tablets", "2 tmesa dey", "5days", "Tab Cyctopam", "5tablets", "3 tmesa dey", "10days", "Syrup", "Dosago", "Froquancy", "Duration", "Syrup TusQ dx", "10ml", "2 tm doy", "14days", "SyrupZodax", "10ml", "3timsday", "10day", "Advico:", "-Tako bod rost", "Eat nsy-to-digest food like boiled rice with dal", "-Staytydrated"], "confidence": [0.9493833184242249, 0.8350533843040466, 0.8577502369880676, 0.7705113887786865, 0.8488302230834961, 0.9070560336112976, 0.930323600769043, 0.9422492384910583, 0.9905779957771301, 0.9623180627822876, 0.9454720616340637, 0.9107781648635864, 0.759160041809082, 0.9136894941329956, 0.9439893364906311, 0.9054545164108276, 0.7507402896881104, 0.9236086010932922, 0.8995703458786011, 0.8894662857055664, 0.8048120737075806, 0.8343985676765442, 0.8810253739356995, 0.8909797668457031, 0.7414395809173584, 0.9470896124839783, 0.9720994234085083, 0.8239191174507141, 0.9563462734222412, 0.9684042930603027, 0.9836371541023254, 0.9347427487373352, 0.7493499517440796, 0.7755761742591858, 0.8965408205986023, 0.911413848400116, 0.7911369800567627, 0.7979649305343628, 0.967370867729187, 0.8319495320320129, 0.8990753293037415, 0.9250409007072449], "label": [1, 0, 1, 0, 0, 0, 0]}