{"text": ["XYZ Hospital", "123 tlealth Street,Wellness City", "Phone:+1-234.587-890", "PatlantNamx:Chadlo Brown", "p:34", "Doctor: Dr.Patol", "Medicine", "Dosage", "Frequency", "Duration", "TabZole fcream", "5tablets", "3tmesday", "10days", "Tab Neurobin Forte", "5tablets", "3tmesadey", "4days", "Cap Dilanun", "t5tablets", "2 tmesa day", "5days", "TabCiplox500", "10 tablets", "2 tms a doy", "$ days", "Cap Cypon", "20tablets", "2tmesaday", "4days", "Syrup", "Dosapo", "Froquoncy", "Duratlon", "Syrup Corox", "Sml", "2timday", "10day", "Advico:", "-Tako tod rost", "Eat nsy-to-digest food like boiled dce with dal", "-Stayhydrated"], "confidence": [0.9544928669929504, 0.8386499881744385, 0.8577502369880676, 0.8331151008605957, 0.7649431824684143, 0.9599902033805847, 0.9302595853805542, 0.9033363461494446, 0.9860424399375916, 0.9623180627822876, 0.891712486743927, 0.9079194068908691, 0.7911326885223389, 0.8958680033683777, 0.9362795352935791, 0.895728349685669, 0.7950026392936707, 0.8935898542404175, 0.9370871186256409, 0.8774683475494385, 0.7550585269927979, 0.8344883918762207, 0.9319304823875427, 0.901634693145752, 0.7903292179107666, 0.9286584258079529, 0.9549031853675842, 0.8978633880615234, 0.8561273813247681, 0.9184122085571289, 0.9720994234085083, 0.9054598808288574, 0.9749724864959717, 0.9654592275619507, 0.9607416391372681, 0.9197258949279785, 0.7432094216346741, 0.8202261924743652, 0.9675191640853882, 0.8316531181335449, 0.89924156665802, 0.88934326171875], "label": [1, 1, 1, 0, 0, 0, 0]}