{"text": ["XYZ Hospital", "123 tlealth Street,Wellness City", "Phone:+1-234.587-890", "PatlntNanx:Evo Wllams", "p:78", "Doctor: Dr.Johnson", "Medicine", "Dosuge", "Frequency", "Duration", "TabDolo650", "15tablets", "3mesday", "14duys", "TabClavum025", "20 tablets", "3 umes doy", "t4duys", "Tab Dolonex dt", "15tablets", "3tmesaduy", "10 duys", "Tab Cyclopam", "15tablets", "2 tmes a duy", "10days", "Tab Febrexplus", "15tablets", "2 tmes a duy", "30 days", "Tab Evion", "15tablets", "3 tmesa dey", "7 days", "Syrup", "Dosago", "Froquoncy", "Duratlon", "SyrupZodax", "10ml", "2tm doy", "7day", "Advico:", "-Tako to rost", "Eat nsy-to-digest food like boiled dce with dnl", "Stoytydrated"], "confidence": [0.9488534331321716, 0.8390575647354126, 0.8581722378730774, 0.7765154242515564, 0.7413574457168579, 0.9714476466178894, 0.9180112481117249, 0.9427713751792908, 0.9790523052215576, 0.9629752039909363, 0.9013328552246094, 0.8647039532661438, 0.8458738923072815, 0.8650357723236084, 0.8832201361656189, 0.8967920541763306, 0.7165395617485046, 0.8104643225669861, 0.9100155234336853, 0.8647039532661438, 0.8625564575195312, 0.8750689625740051, 0.8723804354667664, 0.8959775567054749, 0.8155198693275452, 0.924377977848053, 0.9423779249191284, 0.8647039532661438, 0.7853452563285828, 0.8867191672325134, 0.9499837160110474, 0.8990643620491028, 0.7711530923843384, 0.8452855944633484, 0.9719002842903137, 0.958836555480957, 0.942815363407135, 0.9877357482910156, 0.8611130714416504, 0.9717352390289307, 0.7230568528175354, 0.940690815448761, 0.9678854942321777, 0.7480148077011108, 0.8616782426834106, 0.8621355891227722], "label": [1, 0, 1, 0, 0, 0, 0]}