{"text": ["XYZ Hospital", "123 tlealth Street,Wellness City", "Phone:+1-234.587-890", "PatlantNamx:Llam Wlllams", "4", "Doctor: Dr. Millor", "Medicine", "Dosuge", "Frequency", "Duration", "Cap Omez", "20 tblets", "20ms dey", "30 days", "Cap Pan d", "5tablets", "3umesaday", "30 days", "TabCiplox500", "10 tablets", "2tmes adey", "30 days", "Tab Triz", "20 toblets", "3tmes aday", "10days", "Tab Neurobin Forte", "5 tablets", "2tmesaday", "30 days", "Syrup", "Dosapo", "Froquoncy", "Duratlon", "SyrupGrillnctus bm", "Sml", "3 tms doy", "10dny", "Syrup Fobrox plusd", "Sml", "3tims doy", "4 days", "Advico:", "-Tako bod rost", "Eat nsy-to-digest food like boiled rice with dnl", "-Stytydrated"], "confidence": [0.9483501315116882, 0.8401622772216797, 0.8589719533920288, 0.8220855593681335, 0.9781603217124939, 0.9637079238891602, 0.930323600769043, 0.9740098118782043, 0.9838311672210693, 0.964890718460083, 0.8940621614456177, 0.9135541915893555, 0.7692691087722778, 0.8724113702774048, 0.9120833277702332, 0.895728349685669, 0.8508873581886292, 0.8663529753684998, 0.9339397549629211, 0.901634693145752, 0.77760249376297, 0.8833222985267639, 0.9879308342933655, 0.8586471676826477, 0.8498398065567017, 0.9193813800811768, 0.9221484065055847, 0.8480369448661804, 0.8239051103591919, 0.8853435516357422, 0.974157989025116, 0.8614616990089417, 0.9255363941192627, 0.957970380783081, 0.9400258660316467, 0.8684621453285217, 0.7108118534088135, 0.6375325322151184, 0.9525874257087708, 0.9197258949279785, 0.7523825764656067, 0.8612959980964661, 0.96775883436203, 0.7325636148452759, 0.8504207730293274, 0.9229051470756531], "label": [1, 1, 1, 0, 0, 0, 0]}