{"text": ["XYZ Hospital", "123 tlealth Street,Wellness City", "Phone:+1-234-587-890", "Patlont Nam:Evo Ro", "Apo:55", "Doctor: Dr. Tumor", "Medicine", "Dosuge", "Frequency", "Duration", "Tab Allegra", "20tblets", "3mesday", "7 duys", "Tab Evlon", "5tablets", "2 tms  duy", "tO days", "Tab Combinam", "20 tblets", "2 tmes aduy", "5days", "TabA1urodn 500", "5tablets", "2tmesa day", "7 days", "Tab Pan d", "20tblets", "3 tmesaday", "5days", "Tab Trz", "10tablets", "2 tmes a dey", "30 days", "Syrup", "Dosago", "Froquoncy", "Duratlon", "Syrup TusQ-dx", "Sml", "2 timdoy", "10day", "Syrup Zodox", "Sml", "2timday", "7day", "Advico:", "-Tako tod rst", "Eat nsy-to-digest food like boiled rice with dal", "-Stytydrated"], "confidence": [0.9544918537139893, 0.8413002490997314, 0.9043426513671875, 0.7662361264228821, 0.7298091053962708, 0.9497014284133911, 0.9035042524337769, 0.9427713751792908, 0.9902750849723816, 0.955414891242981, 0.8804813623428345, 0.9145114421844482, 0.845176637172699, 0.9796134829521179, 0.8993228077888489, 0.8909797668457031, 0.7146862745285034, 0.8244482278823853, 0.9392444491386414, 0.9086169004440308, 0.7543216347694397, 0.8520981669425964, 0.8084346652030945, 0.901509165763855, 0.8345104455947876, 0.861883819103241, 0.8963916301727295, 0.9145114421844482, 0.8460615277290344, 0.8520981669425964, 0.9231915473937988, 0.9273074269294739, 0.8119399547576904, 0.9143680930137634, 0.9882689714431763, 0.8285646438598633, 0.9466862082481384, 0.9893155694007874, 0.9433580040931702, 0.860496461391449, 0.7554259300231934, 0.8418286442756653, 0.9223028421401978, 0.927854061126709, 0.7733154892921448, 0.8654559254646301, 0.9699703454971313, 0.7242653369903564, 0.9021574854850769, 0.9058265686035156], "label": [1, 0, 1, 0, 0, 0, 0]}