{"text": ["XYZ Hospital", "123 tlealth Street,Wellness City", "Phone:+1-234-587-890", "Patlnt Nan:Grco R", "p:37", "Doctor: Dr.Lao", "Medicine", "Dosage", "Frequency", "Duration", "TabCiplox500", "20 tblets", "20ms doy", "10duys", "Tab Allegra", "5tablets", "3tmesaday", "7 days", "Cap Cypon", "t5tblets", "3 tmes a duy", "30 days", "Tab Dolonex dt", "t5tablets", "3 tmesa dey", "7 days", "Syrup", "Dosago", "Froquancy", "Durptlon", "Syrup Fobrox plus", "Sml", "3tims doy", "5days", "Advico:", "-Tako bod rst", "Eat nsy-to-dlgest food like boiled rice with dal", "-Stytydrated"], "confidence": [0.9535403847694397, 0.8444144129753113, 0.8858270645141602, 0.7844233512878418, 0.7839953899383545, 0.907295286655426, 0.930411696434021, 0.8897534012794495, 0.9788968563079834, 0.9623180627822876, 0.8928201794624329, 0.9135541915893555, 0.7564270496368408, 0.9106659889221191, 0.8720228672027588, 0.895728349685669, 0.8034953474998474, 0.9913495182991028, 0.9450807571411133, 0.8782268762588501, 0.8768436908721924, 0.8833222985267639, 0.9178034663200378, 0.8856318593025208, 0.7706842422485352, 0.8767657279968262, 0.9728748202323914, 0.9117240309715271, 0.9325470328330994, 0.8660781383514404, 0.9891749024391174, 0.8684621453285217, 0.7523825764656067, 0.8675468564033508, 0.9268304705619812, 0.7285957932472229, 0.8857390284538269, 0.910991907119751], "label": [1, 1, 1, 0, 0, 0, 0]}