{"text": ["XYZ Hospital", "123 tlealth Street,Wellness City", "Phone:+1-234.587-890", "PatlntNam:Graco Ro", "p:32", "Doctor: Dr. Millor", "Medicine", "Dosage", "Frequency", "Duration", "Cap CoImmune", "20 tblets", "20ms doy", "$ days", "Tab Allegr", "5tablets", "20mesaday", "10days", "Cup Omez", "15tablets", "3tmes day", "4 days", "Tab Neurobin Forte", "15tablets", "3 tmesa dey", "10days", "Tab Sumo cold", "15tablets", "2tmesaday", "30 days", "Syrup", "Dosapo", "Froquancy", "Duratlon", "SyrupTusdx", "Sml", "2m doy", "10dny", "Syrup Grillnctus bm", "10ml", "2tims doy", "5 days", "Advico:", "-Tako tod rost", "Eat ensy-to-digest food like boiled rice with dnl", "Stoy bydrated"], "confidence": [0.9539994597434998, 0.8473905324935913, 0.8499292135238647, 0.7634100914001465, 0.7719925045967102, 0.963069498538971, 0.9554219245910645, 0.8897534012794495, 0.9838371276855469, 0.964890718460083, 0.8876437544822693, 0.9135541915893555, 0.7563122510910034, 0.837290346622467, 0.9206778407096863, 0.8861472606658936, 0.7701637744903564, 0.9015160202980042, 0.7540427446365356, 0.8913987278938293, 0.795462429523468, 0.8659627437591553, 0.9475216269493103, 0.8865651488304138, 0.8120609521865845, 0.9213528037071228, 0.9008995294570923, 0.8865651488304138, 0.8577829003334045, 0.8853435516357422, 0.9701129198074341, 0.8614616990089417, 0.9316151738166809, 0.957970380783081, 0.9007124900817871, 0.9197258949279785, 0.7393810749053955, 0.6375325322151184, 0.9740294218063354, 0.94232577085495, 0.7096242308616638, 0.8086541295051575, 0.9662078022956848, 0.7215834259986877, 0.844878613948822, 0.7960776090621948], "label": [1, 1, 1, 0, 0, 0, 0]}