{"text": ["XYZ Hospital", "123 tlealth Street,Wellness City", "Phone:+1-234.587-890", "Patlant Namo:John Wilson", ":24", "Doctor: Dr. Millor", "Medicine", "Dosuge", "Frequency", "Duration", "Cap Cypon", "15tablets", "20ms dey", "5 days", "TabCyciomeff", "20 tablets", "3 umes dey", "7 days", "Tab Zole fcream", "15tablets", "2 tmes dey", "7 days", "Tab Cetine", "20 toblets", "3 tmesa dey", "30 days", "Tab Pand", "10 tablets", "2tmesaday", "30 days", "Syrup", "Dosago", "Froquoncy", "Duratlon", "Syrup Brozodax", "10ml", "2timdy", "14day", "Advico:", "-Tako tod rost", "Eat nsy-to-dlgest food like boiled dce with dal", "-Stayhydrated"], "confidence": [0.9544928669929504, 0.8386499881744385, 0.8577502369880676, 0.8700132966041565, 0.882969081401825, 0.9656795859336853, 0.9196256399154663, 0.9427713751792908, 0.9905779957771301, 0.965709924697876, 0.924814760684967, 0.8913987278938293, 0.7692691087722778, 0.7472350001335144, 0.878318727016449, 0.9054545164108276, 0.7338784337043762, 0.8767657279968262, 0.8528487086296082, 0.8913987278938293, 0.7602824568748474, 0.8767657279968262, 0.9311724901199341, 0.8743324279785156, 0.8120609521865845, 0.8853435516357422, 0.9194570183753967, 0.901634693145752, 0.8579052090644836, 0.8853435516357422, 0.9747051000595093, 0.8300634026527405, 0.9624842405319214, 0.8988408446311951, 0.9824841618537903, 0.9347427487373352, 0.8292061686515808, 0.7760825753211975, 0.9671358466148376, 0.8293460011482239, 0.9010859727859497, 0.8834782838821411], "label": [1, 1, 1, 0, 0, 0, 0]}