{"text": ["XYZ Hospital", "123 tlealth Street,Wellness City", "Phone:+1-234-587-890", "Patlant Namx:John Millor", "Ap:59", "Doctor: Dr. Smith", "Medicine", "Dosuge", "Frequency", "Duration", "Cap Dilanun", "10tablets", "20ms doy", "7 duys", "Tab Cyciomelf", "20 tablets", "3tmesaday", "5days", "Cap Omez", "15tablets", "2 tmesa duy", "4 duys", "Cap Cypon", "5tablets", "2tmesa day", "30 days", "TabA1urodin 500", "5tablets", "2 tmes a duy", "5days", "TabDolo 650", "15tablets", "3 tmesa dey", "t4days", "Syrup", "Dosago", "Froquoncy", "Duratlon", "Syrup Corox", "10ml", "2tmsdoy", "14dy", "Advico:", "-Tako to rost", "Eat nsy-to-digest food like boiled dce with dnl", "Stoybydrated"], "confidence": [0.9534473419189453, 0.84555983543396, 0.8653600811958313, 0.8703837990760803, 0.660327136516571, 0.9536572694778442, 0.930323600769043, 0.9422492384910583, 0.9790523052215576, 0.9564203023910522, 0.8843231201171875, 0.9273074269294739, 0.7557400465011597, 0.9796134829521179, 0.8394900560379028, 0.8967920541763306, 0.8300704956054688, 0.8520981669425964, 0.8261221647262573, 0.8671495914459229, 0.7515864968299866, 0.9403669238090515, 0.920018196105957, 0.9046000242233276, 0.8131464123725891, 0.8513266444206238, 0.8250407576560974, 0.9079194068908691, 0.753273069858551, 0.8520981669425964, 0.8670675158500671, 0.9037178754806519, 0.7950321435928345, 0.8406792283058167, 0.9719002842903137, 0.958836555480957, 0.9637989401817322, 0.9921525120735168, 0.8845829367637634, 0.9717352390289307, 0.6667668223381042, 0.932861328125, 0.9678854942321777, 0.7605816721916199, 0.861255407333374, 0.8221619129180908], "label": [1, 1, 1, 0, 0, 0, 0]}