{"text": ["XYZ Hospital", "123 tlealth Street,Wellness City", "Phone:+1-234.587-890", "Patlant Nam:Bob Whito", "Ap:57", "Doctor: Dr. Millor", "Medicine", "Dosuge", "Frequency", "Duration", "Cap Omez", "10tablets", "3mesday", "30 days", "Cap Cypon", "5tablets", "20mes dey", "7 days", "TabClavum 025", "10 tablets", "2 tmes aday", "4 days", "Cap Dilantn", "10 tablets", "2 tms a day", "5 days", "TabDolo650", "10 tablets", "3 tmesaday", "5days", "Syrup", "Dosopo", "Froquoncy", "Duratlon", "Syrup TusQx", "10ml", "2timdy", "7day", "Advico:", "-Tako tod rost", "Eat nsy-to-dlgest food like boiled dc with dnt", "-Stayhydrated"], "confidence": [0.951866626739502, 0.8469958305358887, 0.8522945642471313, 0.8615931272506714, 0.7623685598373413, 0.9484677910804749, 0.9263918399810791, 0.9349806904792786, 0.9838371276855469, 0.964890718460083, 0.8499735593795776, 0.9273074269294739, 0.8410215377807617, 0.8676621317863464, 0.9456814527511597, 0.8716651201248169, 0.7687022686004639, 0.8720644116401672, 0.8464980721473694, 0.8921223878860474, 0.7636944055557251, 0.8902750611305237, 0.9027161002159119, 0.901634693145752, 0.8000491857528687, 0.8013837933540344, 0.8870443105697632, 0.901634693145752, 0.8439608812332153, 0.8882506489753723, 0.9747051000595093, 0.7810644507408142, 0.9749724864959717, 0.910537838935852, 0.9397844076156616, 0.9347427487373352, 0.8292061686515808, 0.8434621095657349, 0.9694406390190125, 0.771105945110321, 0.8745375871658325, 0.8786836266517639], "label": [1, 1, 1, 0, 0, 0, 0]}