{"text": ["XYZ Hospital", "123 tlealth Street,Wellness City", "Phone:+1-234.587-890", "PatlantNamx:Allco Wlllams", ":20", "Doctor: Dr.Lao", "Medicine", "Dosage", "Frequency", "Duration", "Cap Dilanun", "5tablets", "20ms doy", "5 days", "Tab Thz", "20 tablets", "20mes dey", "10days", "TabDolo 650", "15tablets", "2 tmes day", "30 days", "Tab Pan d", "5tablets", "3 tmesa dey", "4days", "Cap Zovirax", "15tablets", "3 tmesaday", "30 days", "Syrup", "Dosapo", "Froquoncy", "Duratlon", "Syrup Fobrox plus", "10ml", "2timday", "7day", "Advico:", "-Tako tod rost", "Eat nsy-to-dlgest food like boiled dce with dal", "-Staytydrated"], "confidence": [0.9470915794372559, 0.8397116661071777, 0.8577502369880676, 0.8456780910491943, 0.8861050605773926, 0.9054750800132751, 0.930323600769043, 0.8897534012794495, 0.9560942053794861, 0.964890718460083, 0.8892108798027039, 0.9079194068908691, 0.7505202293395996, 0.7523592114448547, 0.7816287279129028, 0.8967920541763306, 0.7744828462600708, 0.9015160202980042, 0.8545917272567749, 0.8623680472373962, 0.721615195274353, 0.8833222985267639, 0.9056241512298584, 0.8846966028213501, 0.8120609521865845, 0.9184122085571289, 0.8711458444595337, 0.8730565309524536, 0.8439608812332153, 0.8853435516357422, 0.9720994234085083, 0.8934853076934814, 0.9749724864959717, 0.910537838935852, 0.9921675324440002, 0.9347427487373352, 0.7558192014694214, 0.8434621095657349, 0.9687759280204773, 0.8071367144584656, 0.901470422744751, 0.9258518218994141], "label": [1, 1, 1, 0, 0, 0, 0]}