{"text": ["XYZ Hospital", "123 tlealth Street,Wellness City", "Phone:+1-234-587-890", "Patlnt Nan:Grco Ro", "Ap:38", "Doctor:Dr.Johnson", "Medicine", "Dosage", "Frequency", "Duration", "Cap Omez", "20 tblets", "3mesday", "4 duys", "Tab Pan d", "t5tablets", "2tmes  duy", "5days", "Cap Dilantn", "10tablets", "3 tmes a duy", "7 days", "Tab Cyciopom", "10tablets", "3 tmesa dey", "7 days", "Syrup", "Dosago", "Froquancy", "Durntion", "Syrup Cypon", "Sml", "2 tim doy", "10day", "Advico:", "-Takoto rost", "Eat nsy-to-dlgest food like boiled rice with dal", "-Stynydrated"], "confidence": [0.9535403847694397, 0.8444144129753113, 0.8858270645141602, 0.7508462071418762, 0.6763184070587158, 0.975822925567627, 0.9308179020881653, 0.8897534012794495, 0.9788968563079834, 0.9622949361801147, 0.8262873888015747, 0.9135541915893555, 0.8427475690841675, 0.939846932888031, 0.9056241512298584, 0.8836497068405151, 0.7074608206748962, 0.8691898584365845, 0.9319475293159485, 0.9273074269294739, 0.8568880558013916, 0.8720644116401672, 0.872410774230957, 0.9273074269294739, 0.7643855810165405, 0.8480218052864075, 0.9728748202323914, 0.9191999435424805, 0.935694694519043, 0.8845467567443848, 0.9539554715156555, 0.8684621453285217, 0.7382363677024841, 0.8418286442756653, 0.9268304705619812, 0.7071091532707214, 0.8857390284538269, 0.8976402282714844], "label": [1, 1, 1, 0, 0, 0, 0]}