{"text": ["XYZ Hospital", "123 tlealth Street,Wellness City", "Phone:+1-234.587-890", "Patlont Namx:Davld Wilson", "p:03", "Doctor: Dr. Millor", "Medicine", "Dosage", "Frequency", "Duration", "Cap Pan d", "5tablets", "3mesa day", "7 days", "Tab Combinam", "t5tablets", "2tmesa duy", "$ days", "Cap Colmmune", "5tablets", "2 tmes a duy", "30 days", "TabCyciopam", "20 tablets", "2 tme5 a doy", "t4days", "Syrup", "Dosago", "Froquancy", "Duratlon", "Syrup Cypon", "Sml", "3tm doy", "7days", "Syrup Fobroxplus", "10ml", "2timday", "30dy", "Advico:", "-Tako tod rost", "Eat nsy-to-dlgest food like boiled rice with dal", "-Stayhydrated"], "confidence": [0.95541912317276, 0.8471035957336426, 0.8577502369880676, 0.8517114520072937, 0.7430418729782104, 0.9649208784103394, 0.9286406636238098, 0.9033363461494446, 0.9859857559204102, 0.955414891242981, 0.8716112971305847, 0.901167631149292, 0.7508084774017334, 0.8594018816947937, 0.9089953303337097, 0.8833587169647217, 0.7649374008178711, 0.9359393119812012, 0.8959184288978577, 0.9093613624572754, 0.8035736680030823, 0.8676621317863464, 0.9131137728691101, 0.8983814120292664, 0.7411662936210632, 0.8406792283058167, 0.9701129198074341, 0.8239191174507141, 0.9061452150344849, 0.9613759517669678, 0.9903943538665771, 0.8684621453285217, 0.7214878797531128, 0.914350688457489, 0.8273863792419434, 0.911413848400116, 0.7565017938613892, 0.9695253372192383, 0.9677251577377319, 0.8293460011482239, 0.9003981947898865, 0.8834782838821411], "label": [1, 1, 1, 0, 0, 0, 0]}