{"text": ["XYZ Hospital", "123 tlealth Street,Wellness City", "Phone:+1-234-587-890", "Patlant Namxo:John Johnson", ":07", "Doctor: Dr.Smith", "Medicine", "Dosuge", "Frequency", "Duration", "TabAluhrodin 500", "10tablets", "3mesday", "10duys", "Tab Triz", "5tablets", "3tmesaday", "4days", "Tab Cyciomeff", "20 tablets", "2 tmes a duy", "30 days", "Tab Dolonex dt", "5tablets", "2 tms  day", "7 days", "Syrup", "Dosapo", "Froquancy", "Ouration", "Syrup Fobrox plus", "10ml", "3mday", "7 days", "Advico:", "-Tako tod rost", "Eat nsy-to-dlgest food like boiled rice with dal", "-Stynydrated"], "confidence": [0.9538750648498535, 0.8392246961593628, 0.890522837638855, 0.8662547469139099, 0.8373406529426575, 0.9486631155014038, 0.9556780457496643, 0.9054610133171082, 0.9772398471832275, 0.9623180627822876, 0.7855868339538574, 0.9273074269294739, 0.8364831805229187, 0.9152160286903381, 0.9879308342933655, 0.8909797668457031, 0.8181862235069275, 0.8935898542404175, 0.8558065891265869, 0.8707102537155151, 0.8903548717498779, 0.8724113702774048, 0.9173298478126526, 0.8909797668457031, 0.6857351064682007, 0.8720644116401672, 0.9728748202323914, 0.7913495898246765, 0.9355165958404541, 0.9278722405433655, 0.9949677586555481, 0.9658069610595703, 0.808113694190979, 0.9799483418464661, 0.9288334846496582, 0.7252967953681946, 0.8857390284538269, 0.8822422027587891], "label": [1, 0, 1, 0, 0, 0, 0]}