{"text": ["XYZ Hospital", "123 tlealth Street,Wellness City", "Phone:+1-234-587-890", "Patlont Nanx:Evo Davls", "p:38", "Doctor:Dr.Johnson", "Medicine", "Dosage", "Frequency", "Duration", "Tab Evlon", "15tablets", "20msdoy", "7 days", "Tab Cyclopum", "10 tablets", "3 tmesaday", "30 days", "Tab Cetine", "10 tablets", "2 tmes a duy", "30 duys", "Cap Dilanun", "5tablets", "2 tm5 adoy", "30 days", "Syrup", "Dosago", "Froquancy", "Duration", "Syrup TusQ-dx", "Sml", "2 tm doy", "14day", "Advico:", "-Takoto rost", "Eat nsy-to-dlgest food like boiled rice with dal", "-Stynydrated"], "confidence": [0.9519359469413757, 0.8389764428138733, 0.8954404592514038, 0.7730964422225952, 0.7383583188056946, 0.974301815032959, 0.9246234893798828, 0.9028077125549316, 0.9838371276855469, 0.964890718460083, 0.9264383316040039, 0.8910351991653442, 0.791024386882782, 0.9877565503120422, 0.8531796336174011, 0.8921223878860474, 0.7895384430885315, 0.8500292897224426, 0.9309065937995911, 0.8921223878860474, 0.7798504829406738, 0.9196853041648865, 0.8851983547210693, 0.8909797668457031, 0.7505994439125061, 0.8853435516357422, 0.9908796548843384, 0.9117240309715271, 0.9354243874549866, 0.9527572989463806, 0.9586653113365173, 0.8684621453285217, 0.7310462594032288, 0.8130840063095093, 0.9288334846496582, 0.6700620055198669, 0.8857390284538269, 0.8979136347770691], "label": [1, 1, 1, 0, 0, 0, 0]}