{"text": ["XYZ Hospital", "123 tlealth Street,Wellness City", "Phone:+1-234.587-890", "Patlont Namx:John Wilson", ":24", "Doctor: Dr. Tumor", "Medicine", "Dosuge", "Frequency", "Duration", "Tab Cetine", "20 tblets", "20ms doy", "7 duys", "Tab Clavum025", "20 tablets", "20mesa duy", "7days", "Tab Suno cold", "10tablets", "2tmsa duy", "7 days", "Tab Dolo650", "15tablets", "2tmesa dey", "7 days", "Tab Dolonex dt", "15tablets", "3 tmesaday", "5 days", "Cup Cypon", "15tablets", "2 tmes a doy", "7 days", "Syrup", "Dosago", "Froquoncy", "Duratlon", "Syrup Fobrox plus", "Sml", "3tms doy", "30 dny", "Advico:", "-Tako bod rst", "Eat nsy-to-digest food like boiled dce with dnl", "Stoy bydrated"], "confidence": [0.9534473419189453, 0.8392246961593628, 0.8581722378730774, 0.8682243227958679, 0.882969081401825, 0.9550212621688843, 0.930323600769043, 0.9427713751792908, 0.9790523052215576, 0.965709924697876, 0.9164446592330933, 0.9003804326057434, 0.7529489994049072, 0.9750018119812012, 0.8510928750038147, 0.8967920541763306, 0.6870274543762207, 0.9236086010932922, 0.8790618181228638, 0.9273074269294739, 0.7521365284919739, 0.8720644116401672, 0.8338258862495422, 0.8647039532661438, 0.8084509968757629, 0.8767657279968262, 0.9109030365943909, 0.8647039532661438, 0.8478784561157227, 0.7635278701782227, 0.9472620487213135, 0.8990643620491028, 0.7914690375328064, 0.8404199481010437, 0.9719002842903137, 0.9144992828369141, 0.9524527788162231, 0.9885905981063843, 0.9922525882720947, 0.927854061126709, 0.7060664892196655, 0.7926518321037292, 0.9678077101707458, 0.7890586853027344, 0.8593538999557495, 0.806763768196106], "label": [1, 0, 1, 0, 0, 0, 0]}