{"text": ["XYZ Hospital", "123 tlealth Street,Wellness City", "Phone:+1-234.587-890", "PatlantNam:Bob Ro", "p:03", "DoctorDr.Johnson", "Medicine", "Dosuge", "Frequency", "Duration", "Tab Combilam", "15tablets", "3mesdey", "10days", "Tab Pan d", "15tablets", "20mesa day", "30 days", "Cap Cypon", "15tablets", "3 tmes dey", "5days", "Cap Dilanun", "10 tablets", "2tmesa dey", "30 days", "Tab Evion", "20tablets", "2tmesaday", "10days", "Syrup", "Dosopo", "Froquoncy", "Duration", "Syrup Fobrxplus", "10ml", "3timsday", "30dy", "Advico:", "-Tako tod rost", "Eat nsy-to-dlgest food like boiled dce with dal", "-Stayhydrated"], "confidence": [0.9532526135444641, 0.8385250568389893, 0.8577502369880676, 0.8188877105712891, 0.7430418729782104, 0.9615128040313721, 0.930323600769043, 0.9427713751792908, 0.9838371276855469, 0.9623180627822876, 0.9068076610565186, 0.8913987278938293, 0.8327884078025818, 0.8628065586090088, 0.9305731654167175, 0.9090301990509033, 0.7354874014854431, 0.8663529753684998, 0.9406924843788147, 0.8913987278938293, 0.7872068881988525, 0.8344883918762207, 0.9371320605278015, 0.901634693145752, 0.848609447479248, 0.8853435516357422, 0.9262643456459045, 0.8978633880615234, 0.8579052090644836, 0.924377977848053, 0.9720994234085083, 0.7710023522377014, 0.9624842405319214, 0.9667842388153076, 0.8635472655296326, 0.9347427487373352, 0.7407669425010681, 0.9668070673942566, 0.9687759280204773, 0.8077505826950073, 0.901470422744751, 0.8786836266517639], "label": [1, 1, 1, 0, 0, 0, 0]}