{"text": ["XYZ Hospital", "123 tlealth Street,Wellness City", "Phone:+1-234.587-890", "PatlantNamx:Llam Wlllams", ":40", "Doctor: Dr.L", "Medicine", "Dosuge", "Frequency", "Duration", "Cup Colmmune", "15tablets", "3mesday", "7 duys", "Tab Febrex plus", "10 tablets", "2 tmes  duy", "4days", "TabCyclopam", "t5tablets", "3 tmesaday", "30 days", "TabClavum 025", "5tablets", "3 tmesadey", "7days", "Syrup", "Dosapo", "Froquancy", "Duration", "Syrup TusQ-dx", "10ml", "3tmdoy", "30 days", "SyrupTus dx", "10ml", "2timday", "7day", "Advico:", "-Tako tod rost", "Eat nsy-to-dlgest food like boiled rice with dal", "-Staytydrated"], "confidence": [0.9556874632835388, 0.8371395468711853, 0.8577502369880676, 0.8255854249000549, 0.8325653076171875, 0.9347650408744812, 0.930411696434021, 0.9420654773712158, 0.9838371276855469, 0.9623180627822876, 0.8366920948028564, 0.8910351991653442, 0.8463670015335083, 0.9796134829521179, 0.9175014495849609, 0.8921223878860474, 0.7049427628517151, 0.8935898542404175, 0.892010509967804, 0.8833587169647217, 0.8514732122421265, 0.8867191672325134, 0.8300154805183411, 0.8909797668457031, 0.7064571380615234, 0.9442938566207886, 0.9728748202323914, 0.8093938827514648, 0.9169834852218628, 0.9552180767059326, 0.9556137919425964, 0.9347427487373352, 0.7328545451164246, 0.9401676058769226, 0.8708605170249939, 0.911413848400116, 0.808265745639801, 0.8190528750419617, 0.96641606092453, 0.7916994690895081, 0.9056201577186584, 0.932716965675354], "label": [1, 0, 1, 0, 0, 0, 0]}