{"text": ["XYZ Hospital", "123 tlealth Street,Wellness City", "Phone:+1-234-587-890", "Patlont Nanx:Charlo Whito", "p:22", "Doctor: Dr. Millor", "Medicine", "Dosuge", "Frequency", "Duration", "Tab Sumo cold", "15tablets", "3mesday", "7 days", "Cap Dilanun", "10 tablets", "3umesaday", "7 days", "Cap Zovirax", "t5tablets", "3 tmes a duy", "7 days", "TabAllegra", "20 tblets", "3 tmesa dey", "5 days", "Syrup", "Dosago", "Froquancy", "Duration", "Syrup TusQ dx", "10ml", "3tims doy", "7 days", "Advico:", "-Tako bod rost", "Eat nsy-to-dlgest food like boiled rice with dal", "-Stynydrated"], "confidence": [0.9470725655555725, 0.8392246961593628, 0.8857169151306152, 0.8312798142433167, 0.7705976963043213, 0.9486639499664307, 0.930323600769043, 0.975483238697052, 0.9788968563079834, 0.964890718460083, 0.9045736789703369, 0.8910351991653442, 0.8407676815986633, 0.9877565503120422, 0.8934967517852783, 0.8921223878860474, 0.8562780022621155, 0.8480218052864075, 0.8877450823783875, 0.8833587169647217, 0.8733134865760803, 0.8480218052864075, 0.9628683924674988, 0.9086169004440308, 0.7706842422485352, 0.8334064483642578, 0.9728748202323914, 0.9117240309715271, 0.935694694519043, 0.9605920314788818, 0.9520286321640015, 0.9658069610595703, 0.7523825764656067, 0.8708378672599792, 0.9288334846496582, 0.7142534255981445, 0.8857390284538269, 0.8980219960212708], "label": [1, 1, 1, 0, 0, 0, 0]}