{"text": ["XYZ Hospital", "123 tlealth Street,Wellness City", "Phone:+1-234.587-890", "Patlant Namx:LlamJohnson", "p:78", "Doctor: Dr. Tumor", "Medicine", "Dosuge", "Frequency", "Duration", "TabCyclopum", "10 tablets", "3mesday", "30 duys", "Tab Cetine", "5tablets", "3tmesaday", "7 days", "Tab Trtz", "15tablets", "2 tmsa duy", "4 duys", "Tab Combinam", "15tablets", "2tmesa dey", "30 days", "Tab Clavun 25", "15tablets", "2 tmes a duy", "7 days", "Tab Dolonex dt", "15tablets", "3 tmesa dey", "$ days", "Syrup", "Dosago", "Froquoncy", "Duratlon", "Syrup Brozodax", "Sml", "2tm doy", "7day", "Advico:", "-Tako tod rost", "Eat nsy-to-digest food like boiled dce with dnl", "Stoytydrated"], "confidence": [0.9563324451446533, 0.8392246961593628, 0.8581722378730774, 0.8785820007324219, 0.7078232169151306, 0.9667938351631165, 0.930323600769043, 0.908909797668457, 0.9790523052215576, 0.964890718460083, 0.8663153052330017, 0.8778047561645508, 0.8458738923072815, 0.9137939810752869, 0.9317387342453003, 0.9046000242233276, 0.8485071659088135, 0.861883819103241, 0.785164475440979, 0.8671495914459229, 0.7483718395233154, 0.9335014224052429, 0.9414786696434021, 0.8671495914459229, 0.8084509968757629, 0.8518379926681519, 0.815357506275177, 0.8647039532661438, 0.7522758841514587, 0.8401936888694763, 0.9121999740600586, 0.8990643620491028, 0.783811628818512, 0.9325768351554871, 0.9720994234085083, 0.9641801714897156, 0.9638596773147583, 0.9843534231185913, 0.9615684151649475, 0.927854061126709, 0.7230568528175354, 0.940690815448761, 0.9667397141456604, 0.771318256855011, 0.8616782426834106, 0.871784508228302], "label": [1, 0, 1, 0, 0, 0, 0]}