{"text": ["XYZ Hospital", "123 tlealth Street,Wellness City", "Phone:+1-234-587-890", "Patlont Namx:Charlo Smith", "80", "Doctor:Dr.Smith", "Medidine", "Dosuge", "Frequency", "Duration", "Tab Pan d", "20 tblets", "20ms dey", "30 duys", "Tab Triz", "10tablets", "2 um05  duy", "5days", "Tab Allegra", "20 tablets", "3 tmesaduy", "7 days", "Tab Zole fcream", "20 tblets", "2 tmesa day", "t4duys", "TabCiplox 500", "10tablets", "3 tmesaday", "10days", "Cap Omez", "10tablets", "2tmesa day", "30 days", "Syrup", "Dosapo", "Froquoncy", "Duratlon", "Syrup TusQ-dx", "Sml", "3tims doy", "7days", "Syrup TusQ dx", "10ml", "2timday", "10day", "Advico:", "-Takoto rost", "Eat nsy-to-digest food like boiled rice with dal", "-Stytydrated"], "confidence": [0.9470226764678955, 0.838995099067688, 0.8857169151306152, 0.8330875635147095, 0.8957566618919373, 0.9388177990913391, 0.8831000924110413, 0.9427713751792908, 0.9902750849723816, 0.964890718460083, 0.9158036112785339, 0.9003804326057434, 0.7692691087722778, 0.9137939810752869, 0.8916318416595459, 0.9273074269294739, 0.7148935794830322, 0.8520981669425964, 0.8568249344825745, 0.8709948658943176, 0.8275696635246277, 0.8580665588378906, 0.8762274980545044, 0.9086169004440308, 0.805739164352417, 0.8104643225669861, 0.9027840495109558, 0.9273074269294739, 0.8478784561157227, 0.8626441955566406, 0.9003946781158447, 0.9273074269294739, 0.8366473317146301, 0.8867191672325134, 0.988613486289978, 0.8240053653717041, 0.9466862082481384, 0.9893155694007874, 0.9452909827232361, 0.9028758406639099, 0.7260931730270386, 0.8716343641281128, 0.952340841293335, 0.9357630014419556, 0.8162146806716919, 0.817059338092804, 0.9699703454971313, 0.716871440410614, 0.9020175933837891, 0.904712438583374], "label": [1, 1, 1, 0, 0, 0, 0]}