{"text": ["XYZ Hospital", "123 tlealth Street,Wellness City", "Phone:+1-234-587-890", "Patlont Namx:Evo Brown", "p:23", "Doctor: Dr.Lao", "Medicine", "Dosuge", "Frequency", "Duration", "Tab Evlon", "5 tablets", "20ms doy", "30 days", "Tab Cetine", "10 tablets", "2tmes  duy", "7days", "Cup Omez", "5tablets", "2 tmes a duy", "10 days", "Tab Dolonex dt", "5tablets", "3 tmes doy", "10days", "Syrup", "Dosapo", "Froquancy", "Ouration", "Syrup TusQ-dx", "Sml", "2tmdoy", "5days", "Advico:", "-Takoto rost", "Eat nsy-to-dlgest food like boiled rice with dal", "-Stynydrated"], "confidence": [0.9535127282142639, 0.8385964632034302, 0.8921799659729004, 0.8242396712303162, 0.7894628047943115, 0.8749284148216248, 0.9314273595809937, 0.9030749201774597, 0.9821071624755859, 0.964890718460083, 0.9264383316040039, 0.863848865032196, 0.7485461831092834, 0.8676621317863464, 0.9137005805969238, 0.8921223878860474, 0.7074608206748962, 0.9236086010932922, 0.8411909341812134, 0.9093613624572754, 0.8666040897369385, 0.8841529488563538, 0.9177371263504028, 0.8909797668457031, 0.704179584980011, 0.924377977848053, 0.9728748202323914, 0.7913495898246765, 0.935694694519043, 0.9101769924163818, 0.9575085043907166, 0.8684621453285217, 0.7590412497520447, 0.8856489062309265, 0.9288334846496582, 0.6669559478759766, 0.8857390284538269, 0.8979556560516357], "label": [1, 0, 1, 0, 0, 0, 0]}