{"text": ["XYZ Hospital", "123 tlealth Street,Wellness City", "Phone:+1-234.587-890", "Patlant Nam:EvoSmith", "Ap:57", "Doctor: Dr.Tumor", "Medicine", "Dosuge", "Frequency", "Duration", "Cap Cypon", "15tablets", "20ms day", "7 days", "Tab Zole fcream", "10 tablets", "20mesaday", "7 days", "Tab Evion", "20 tblets", "2 tmes aday", "5days", "TabCiplox 500", "t5tablets", "3tmesaday", "30 days", "TabA1uhrocin 500", "5tablets", "2tmesaday", "4days", "Syrup", "Dosapo", "Froquoncy", "Duratlon", "Syrup TusQx", "10ml", "3timsday", "7day", "Advico:", "-Tako tod rost", "Eat nsy-to-dlgest food like boiled dc with dnt", "-Stayhydrated"], "confidence": [0.95210862159729, 0.8469958305358887, 0.8522945642471313, 0.8582555651664734, 0.7623685598373413, 0.9509380459785461, 0.9318302869796753, 0.9420654773712158, 0.9838371276855469, 0.965709924697876, 0.924814760684967, 0.8927748799324036, 0.7605679631233215, 0.8635157942771912, 0.873212993144989, 0.8921223878860474, 0.7708227634429932, 0.8767657279968262, 0.9267144799232483, 0.9248446226119995, 0.762387216091156, 0.8756504058837891, 0.9129422307014465, 0.8697188496589661, 0.8836535811424255, 0.8853435516357422, 0.7733049392700195, 0.9079194068908691, 0.8561273813247681, 0.9184122085571289, 0.9747051000595093, 0.9315247535705566, 0.9749724864959717, 0.8988408446311951, 0.939666211605072, 0.9483411312103271, 0.7220712900161743, 0.8434621095657349, 0.9694406390190125, 0.759749710559845, 0.8745375871658325, 0.8779224157333374], "label": [1, 1, 1, 0, 0, 0, 0]}