{"text": ["XYZ Hospital", "123 tlealth Street,Wellness City", "Phone:+1-234.587-890", "PatlantNanxo:Davd Willlams", "p:39", "Doctor: Dr. Tumor", "Medicine", "Dosuge", "Frequency", "Duration", "Tab Dolonex dt", "20tblets", "3mesday", "5 days", "Tab Cyciopam", "5tablets", "2tmesaday", "10days", "Tab Triz", "t5tablets", "3 tmesaday", "10 days", "Cap Cypon", "5tblets", "2 tms  doy", "7days", "Syrup", "Dosago", "Froquoncy", "Duratlon", "Syrup Brozodox", "10ml", "2mdoy", "5days", "SyrupTusdx", "10ml", "3mday", "7day", "Advico:", "-Tako tod rost", "Eat nsy-to-dlgest food like boiled rice with dal", "-Staytydrated"], "confidence": [0.9555370807647705, 0.8380128741264343, 0.8541738390922546, 0.8169825077056885, 0.737036406993866, 0.9509201049804688, 0.9286406636238098, 0.9427713751792908, 0.9838371276855469, 0.964890718460083, 0.9159464240074158, 0.9343926906585693, 0.8170825242996216, 0.7472350001335144, 0.8817718625068665, 0.895728349685669, 0.8111010789871216, 0.9015160202980042, 0.8540539145469666, 0.8511607646942139, 0.8432919383049011, 0.8611816167831421, 0.9557991027832031, 0.8796586990356445, 0.7009269595146179, 0.9454089403152466, 0.9747051000595093, 0.8239191174507141, 0.9646628499031067, 0.9498113989830017, 0.9748592972755432, 0.9483411312103271, 0.7492217421531677, 0.8552625775337219, 0.8984538316726685, 0.911413848400116, 0.8235791325569153, 0.8483083248138428, 0.96641606092453, 0.7950741052627563, 0.9056201577186584, 0.932716965675354], "label": [1, 1, 1, 0, 0, 0, 0]}