{"text": ["XYZ Hospital", "123 tlealth Street,Wellness City", "Phone:+1-234-587-890", "Patlant Nanx:Mla Wilson", ":20", "Doctor: Dr.Lao", "Medicine", "Dosuge", "Frequency", "Quraton", "TabNeurobin Forte", "15tblets", "3mesday", "5days", "Tab Pan d", "10 tablets", "3 umes duy", "30 days", "TabAlhrodin500", "10tablets", "3tmesaday", "4duys", "Cap Colmmune", "10tablets", "3tmes aday", "4duys", "Tab Dolonex dt", "15tablets", "2 tmes a duy", "30 duys", "Tab Sumo cold", "15tablets", "3 tmesa dey", "7 days", "Syrup", "Dosapo", "Froquoncy", "Duration", "Syrup TusQ-dx", "Sml", "2 tim doy", "30dy", "Syrup Zodox", "Sml", "3timsday", "14day", "Advico:", "-Tako tod rost", "Eat nsy-to-digest food like boiled rice with dnl", "-Stytydrated"], "confidence": [0.9428961873054504, 0.8385964632034302, 0.8928923606872559, 0.8059291243553162, 0.8505358099937439, 0.9068025350570679, 0.9318302869796753, 0.9420654773712158, 0.9902750849723816, 0.8290681838989258, 0.9611048698425293, 0.900070071220398, 0.8376972079277039, 0.8627163171768188, 0.9090089797973633, 0.8824431300163269, 0.7057475447654724, 0.8513266444206238, 0.799873948097229, 0.9273074269294739, 0.8563566207885742, 0.9083743095397949, 0.873934268951416, 0.9273074269294739, 0.852321445941925, 0.9083743095397949, 0.9094135165214539, 0.8647039532661438, 0.7724898457527161, 0.9156034588813782, 0.8768113851547241, 0.9037178754806519, 0.7889118194580078, 0.991462230682373, 0.9883453249931335, 0.8228013515472412, 0.9466862082481384, 0.9799325466156006, 0.9428913593292236, 0.860496461391449, 0.7471926212310791, 0.9722570776939392, 0.9223028421401978, 0.927854061126709, 0.7806689143180847, 0.7873247861862183, 0.9250312447547913, 0.7723812460899353, 0.8472650647163391, 0.9093573093414307], "label": [1, 1, 1, 0, 0, 0, 0]}