{"text": ["XYZ Hospital", "123 tlealth Street,Wellness City", "Phone:+1-234.587-890", "PatlantNamx:Bob Smith", "Ap:53", "Doctor: Dr. Smith", "Medicine", "Dosauge", "Frequency", "Duration", "Tab Pan d", "10tablets", "20ms day", "5 days", "Tab Evion", "15tablets", "3umesadey", "7 days", "TabAllegra", "10 tablets", "2 tmes dey", "7 days", "TabA1urocin 500", "10 tablets", "2 tms a doy", "4days", "Tab Sumo cold", "15tablets", "2tmesaday", "5days", "Syrup", "Dosapo", "Froquancy", "Duratlon", "Syrup TusQ dx", "Sml", "2 tm doy", "10dny", "Syrup Zodox", "Sml", "2tims doy", "10dny", "Advico:", "-Tako tod rost", "Eat ensy-to-digest food like boiled rice with dnl", "Stoytydrated"], "confidence": [0.9530181884765625, 0.8387026190757751, 0.8499292135238647, 0.854053795337677, 0.7789907455444336, 0.9724993705749512, 0.9101969003677368, 0.8137890696525574, 0.9788968563079834, 0.964890718460083, 0.9297789335250854, 0.9273074269294739, 0.7605679631233215, 0.7493965029716492, 0.9252458214759827, 0.8927748799324036, 0.8198149800300598, 0.8720644116401672, 0.9442430734634399, 0.8921223878860474, 0.7422879934310913, 0.9913495182991028, 0.8341177701950073, 0.901634693145752, 0.7903292179107666, 0.9184122085571289, 0.900282621383667, 0.8865651488304138, 0.8482097387313843, 0.8746163249015808, 0.9703512191772461, 0.9054598808288574, 0.9114760160446167, 0.957970380783081, 0.9433781504631042, 0.8684621453285217, 0.713553249835968, 0.6375325322151184, 0.9553470611572266, 0.9197258949279785, 0.7249763607978821, 0.7591055631637573, 0.9662078022956848, 0.7400653958320618, 0.844878613948822, 0.8280181288719177], "label": [1, 0, 1, 0, 0, 0, 0]}