{"text": ["XYZ Hospital", "123 tlealth Street,Wellness City", "Phone:+1-234.587-890", "Patlont Nanx:Chadlo Wlllams", "Ap:65", "DoctorDr.Tumor", "Medicine", "Dosuge", "Frequency", "Duration", "Tab Evlon", "20 tblets", "3mesday", "4duys", "Tab Cyclopam", "10 tablets", "2 tms  duy", "10days", "TabCiplox500", "5tablets", "3 tmesaday", "5days", "Cap Omez", "20 tablets", "3 tmesa dey", "30 days", "Syrup", "Dosapo", "Froquancy", "Duratlon", "Syrup Corox", "Sml", "3tm doy", "7days", "SyrupTusx", "Sml", "3timsday", "10day", "Advico:", "-Tako tod rost", "Eat nsy-to-digest food like boiled dce with dal", "-Staytydrated"], "confidence": [0.9539773464202881, 0.8386499881744385, 0.8577502369880676, 0.784546434879303, 0.6137485504150391, 0.9669028520584106, 0.9318302869796753, 0.9427713751792908, 0.9838371276855469, 0.9623180627822876, 0.9264383316040039, 0.9135541915893555, 0.8170825242996216, 0.9136894941329956, 0.8866080641746521, 0.8921223878860474, 0.7418817281723022, 0.9015160202980042, 0.9479290843009949, 0.8878754377365112, 0.8535230755805969, 0.8882506489753723, 0.8961082696914673, 0.8983814120292664, 0.7000328302383423, 0.8867191672325134, 0.9747051000595093, 0.8093938827514648, 0.9085054397583008, 0.8653408288955688, 0.890136182308197, 0.8684621453285217, 0.7288550138473511, 0.8774265050888062, 0.8749332427978516, 0.9197258949279785, 0.7859691381454468, 0.7979649305343628, 0.9678854942321777, 0.7910183668136597, 0.907055139541626, 0.9258518218994141], "label": [1, 1, 1, 0, 0, 0, 0]}