{"text": ["XYZ Hospital", "123 tlealth Street,Wellness City", "Phone:+1-234-587-890", "Patlnt Nanx:Grco D", ":20", "Doctor:Dr.Patol", "Medicine", "Dosuge", "Frequency", "Duration", "Tab Suno cold", "20tblets", "3mesdey", "30 duys", "Cap Dilanun", "15tablets", "2 um05  duy", "30 days", "Tab Triz", "15tablets", "2mes aday", "7 days", "Cap Omez", "10tablets", "3 tmes aday", "4duys", "Cap CoImmune", "15tablets", "3 tmesaday", "4duys", "TabNeurobin Forte", "15tablets", "2 tmes a doy", "7 days", "Syrup", "Dosapo", "Froquoncy", "Durotlon", "Syrup Cypon", "10ml", "2 tim doy", "14 doy", "Syrup Grillnctus tm", "10ml", "3timsday", "14 doy", "Advico:", "-Tako tod rost", "Eat nsy-to-digest food like boiled rice with dnl", "-Stytydrated"], "confidence": [0.9539773464202881, 0.8444144129753113, 0.8858270645141602, 0.7972356081008911, 0.8861050605773926, 0.9512655735015869, 0.9239950180053711, 0.9427713751792908, 0.9902750849723816, 0.964890718460083, 0.8829761147499084, 0.9145114421844482, 0.8327884078025818, 0.9137939810752869, 0.891092836856842, 0.9037178754806519, 0.7148935794830322, 0.8479889631271362, 0.834576427936554, 0.8647039532661438, 0.7745811939239502, 0.861883819103241, 0.8324724435806274, 0.9273074269294739, 0.8254381418228149, 0.9083743095397949, 0.892899215221405, 0.8647039532661438, 0.8478784561157227, 0.9083743095397949, 0.9595513343811035, 0.8990643620491028, 0.7914705872535706, 0.8767657279968262, 0.988613486289978, 0.8228013515472412, 0.9466862082481384, 0.934342622756958, 0.9899075031280518, 0.9702969789505005, 0.7873589992523193, 0.770780086517334, 0.9919459819793701, 0.9599877595901489, 0.7849414348602295, 0.770780086517334, 0.9631933569908142, 0.7688633799552917, 0.8472650647163391, 0.8946594595909119], "label": [1, 1, 1, 0, 0, 0, 0]}