{"text": ["XYZ Hospital", "123 tlealth Street,Wellness City", "Phone:+1-234-587-890", "Patlont Nanx:Charlo Brown", "1", "Doctor:Dr.Patol", "Medicine", "Dosage", "Frequency", "Duration", "Cup Co-Immune", "15tablets", "3mesday", "30 days", "TabCiplox500", "5tablets", "3tmesaday", "5days", "Cap Dilantn", "10tblets", "3 tmes a duy", "30 duys", "TabClavum 025", "10tablets", "2 tm5 a doy", "10days", "Syrup", "Dosago", "Froquancy", "Duration", "Syrup TusQ dx", "Sml", "2 tim doy", "10day", "Advico:", "-Tako bod rost", "Eat nsy-to-dlgest food like boiled rice with dal", "-Stytydrated"], "confidence": [0.9532102942466736, 0.8392246961593628, 0.8858763575553894, 0.8446289896965027, 0.8787527680397034, 0.940946638584137, 0.9307171702384949, 0.8880900740623474, 0.9788968563079834, 0.964890718460083, 0.8819400072097778, 0.8927748799324036, 0.8407676815986633, 0.8676621317863464, 0.9043356776237488, 0.8909797668457031, 0.8034953474998474, 0.8691898584365845, 0.9056072235107422, 0.9008221626281738, 0.8768436908721924, 0.9196853041648865, 0.8397274613380432, 0.9273074269294739, 0.7406336069107056, 0.924377977848053, 0.9852066040039062, 0.9117240309715271, 0.9354243874549866, 0.9392375946044922, 0.9445343017578125, 0.8684621453285217, 0.7463570237159729, 0.8316768407821655, 0.9288334846496582, 0.7142534255981445, 0.8857390284538269, 0.9112634658813477], "label": [1, 1, 1, 0, 0, 0, 0]}