{"text": ["XYZ Hospital", "123 tlealth Street,Wellness City", "Phone:+1-234-587-890", "Patlant Namxo:John Davs", "Apo:55", "Doctor: Dr. Smith", "Medicine", "Dosage", "Frequency", "Duration", "Cap Pan d", "15tblets", "20ms dey", "4duys", "Cap Zovirax", "10tablets", "2tmesa dey", "5days", "Cap Dilantn", "5tablets", "3 tmesa doy", "7 days", "Tab Zole fcream", "20tblets", "2tmesa dey", "30 days", "TabCyclopum", "10tablets", "3 tmesaday", "7 days", "Tab Triz", "5tablets", "3 tmesa dey", "t4days", "Syrup", "Dosago", "Froquoncy", "Duratlon", "SyrupZodax", "Sml", "2tm doy", "14dy", "Advico:", "-Tako to rost", "Eat nsy-to-digest food like boiled dce with dnl", "Stoybydrated"], "confidence": [0.9558648467063904, 0.8472570776939392, 0.8653600811958313, 0.8190195560455322, 0.7238374352455139, 0.9752777218818665, 0.8897854089736938, 0.9028077125549316, 0.9790523052215576, 0.9618746042251587, 0.9696552753448486, 0.9046850204467773, 0.7692691087722778, 0.9136894941329956, 0.8870925903320312, 0.9273074269294739, 0.7338863611221313, 0.8520981669425964, 0.8756031394004822, 0.916618824005127, 0.7852831482887268, 0.861883819103241, 0.8550007939338684, 0.9412925839424133, 0.8084509968757629, 0.8513266444206238, 0.875680148601532, 0.9273074269294739, 0.8289969563484192, 0.8452855944633484, 0.9694429636001587, 0.8909797668457031, 0.8244291543960571, 0.8406792283058167, 0.9719002842903137, 0.9144992828369141, 0.9633573889732361, 0.9845994710922241, 0.8660050630569458, 0.927854061126709, 0.7230568528175354, 0.932861328125, 0.9678854942321777, 0.7702858448028564, 0.8616782426834106, 0.8261477947235107], "label": [1, 1, 1, 0, 0, 0, 0]}