{"text": ["XYZ Hospital", "123 tlealth Street,Wellness City", "Phone:+1-234.587-890", "Patlant Namx:Allco Davs", "p:74", "Doctor: Dr.Lao", "Medicine", "Dosage", "Frequency", "Duration", "Tab Dolonex dt", "20 tblets", "3mesday", "$ days", "Tab Pan d", "t5tablets", "3 umes doy", "10days", "Cap Colmmune", "t5tablets", "2 tms day", "t4days", "Tab Zole fcream", "20 toblets", "2 tmes adey", "5days", "Tab Combinam", "5tablets", "3 tmesaday", "10days", "Syrup", "Dosapo", "Froquancy", "Duratlon", "Syrup TusQ-dx", "10ml", "3tms doy", "7day", "Syrup Zodox", "10ml", "3 tims doy", "10dny", "Advico:", "-Tako tod rost", "Eat ensy-to-digest food like boiled rice with dnl", "Stoytydrated"], "confidence": [0.9506605267524719, 0.8494900465011597, 0.8575018644332886, 0.8134360909461975, 0.7748444080352783, 0.8961678147315979, 0.9584001898765564, 0.8897534012794495, 0.9838311672210693, 0.965709924697876, 0.9108849167823792, 0.9135541915893555, 0.8458738923072815, 0.837290346622467, 0.9056241512298584, 0.8831853270530701, 0.6744430065155029, 0.9213528037071228, 0.8789525628089905, 0.8534514904022217, 0.7628087401390076, 0.8406792283058167, 0.8749058842658997, 0.8586471676826477, 0.8046001195907593, 0.8756504058837891, 0.9330198168754578, 0.9079194068908691, 0.8439608812332153, 0.924377977848053, 0.974157989025116, 0.7913495898246765, 0.8954519629478455, 0.9899115562438965, 0.9550187587738037, 0.9483411312103271, 0.7066380381584167, 0.830951988697052, 0.9553470611572266, 0.9604064226150513, 0.7696221470832825, 0.7591055631637573, 0.9662078022956848, 0.7481929063796997, 0.844878613948822, 0.8652937412261963], "label": [1, 1, 1, 0, 0, 0, 0]}