{"text": ["XYZ Hospital", "123 tlealth Street,Wellness City", "Phone:+1-234.587-890", "Patlant Namx:LlamJohnson", "Doctor: Dr. Smith", "Medicine", "Dosuge", "Frequency", "Duration", "Cap Dilanun", "5 tablets", "20ms doy", "30 days", "Tab Neurobin Forte", "15tablets", "3tmesadey", "30 days", "TabDolo650", "10 tablets", "3tmes day", "30 days", "Cap Pan d", "10 tablets", "3 tmesa dey", "7 days", "Tab Febrexplus", "15tablets", "2tmesaday", "7days", "Syrup", "Dosapo", "Froquancy", "Duratlon", "Syrup TusQx", "Sml", "2 tm doy", "10dny", "Syrup Zodox", "10ml", "2tims doy", "4 days", "Advico:", "-Tako to rost", "Eat ensy-to-digest food like boiled rice with dnl", "Stoytydrated"], "confidence": [0.9533364772796631, 0.8416517972946167, 0.8589719533920288, 0.8790119290351868, 0.9532235264778137, 0.9278041124343872, 0.979745090007782, 0.9821071624755859, 0.965709924697876, 0.8799039721488953, 0.887381374835968, 0.7557400465011597, 0.8920504450798035, 0.9541727900505066, 0.8623680472373962, 0.8010978698730469, 0.8867191672325134, 0.9027754664421082, 0.8921223878860474, 0.809278666973114, 0.8866694569587708, 0.907629132270813, 0.901634693145752, 0.8120609521865845, 0.8720644116401672, 0.9353156685829163, 0.8865651488304138, 0.8577829003334045, 0.9444330930709839, 0.9682205319404602, 0.9054598808288574, 0.8946319222450256, 0.9921525120735168, 0.9421020150184631, 0.9197258949279785, 0.7005824446678162, 0.6276463270187378, 0.961574375629425, 0.9380403757095337, 0.7241223454475403, 0.8612959980964661, 0.9662078022956848, 0.7236803770065308, 0.844878613948822, 0.7941193580627441], "label": [1, 1, 1, 0, 0, 0, 0]}