{"text": ["XYZ Hospital", "123 tlealth Street,Wellness City", "Phone:+1-234.587-890", "Patlant Namx:Davld Millar", "p:34", "Doctor: Dr.Pato1", "Medicine", "Dosage", "Frequency", "Duration", "Tab Allegra", "5tablets", "20ms dey", "5 days", "Tab Combinam", "20 tablets", "3 tmes dey", "10days", "TabCiplox500", "10 tablets", "3 tmes dey", "30 days", "Cap Colmmune", "10 tablets", "2 tmesa dey", "10days", "Cap Pand", "10 tablets", "3 tmesaday", "7 days", "Syrup", "Dosogo", "Froquoncy", "Duratlon", "Syrup TusQ-dx", "10ml", "3timsday", "Sday", "Advico:", "-Tako tod rost", "Eat nsy-to-dlgest food like boiled dce with dal", "-Staytydrated"], "confidence": [0.953935444355011, 0.8380128741264343, 0.8541738390922546, 0.8535218834877014, 0.7649431824684143, 0.9172613620758057, 0.930323600769043, 0.9033363461494446, 0.9560942053794861, 0.964890718460083, 0.8999242782592773, 0.901167631149292, 0.7692691087722778, 0.7393367886543274, 0.932041347026825, 0.8709948658943176, 0.7472718954086304, 0.9213528037071228, 0.9480031132698059, 0.8921223878860474, 0.7872068881988525, 0.8866694569587708, 0.909877598285675, 0.901634693145752, 0.8118886351585388, 0.924377977848053, 0.9235751628875732, 0.901634693145752, 0.8450846672058105, 0.8720644116401672, 0.9747051000595093, 0.8471839427947998, 0.9624842405319214, 0.910537838935852, 0.9553414583206177, 0.9347427487373352, 0.7377283573150635, 0.7356988191604614, 0.96775883436203, 0.795816957950592, 0.9010859727859497, 0.937537431716919], "label": [1, 1, 1, 0, 0, 0, 0]}