{"text": ["XYZ Hospital", "123 tlealth Street,Wellness City", "Phone:+1-234.587-890", "PatlantNamx:Allco Wlllams", "Ap:75", "Doctor: Dr. Smith", "Medicine", "Dosage", "Frequency", "Duration", "Tab Pan d", "15tablets", "3mesday", "30 days", "Tab Cetine", "20 tablets", "2tmesaday", "7 days", "Cap Omez", "20 tablets", "3tmes aday", "10 days", "Tab Cyclopam", "5tablets", "2 tms a duy", "10days", "TabZole fcream", "5 tablets", "2tmesaday", "30 days", "Syrup", "Dosapo", "Froquoncy", "Duratlon", "Syrup Corox", "10ml", "2mdoy", "Sday", "Syrup TusQ-dx", "Sml", "2tims doy", "4 day", "Advico:", "-Tako tod rost", "Eat ensy-to-digest food like boiled rice with dnl", "Stoybydrated"], "confidence": [0.9538541436195374, 0.8428828716278076, 0.8589719533920288, 0.8450372815132141, 0.7691259980201721, 0.9709579348564148, 0.9101969003677368, 0.9033363461494446, 0.9838371276855469, 0.964890718460083, 0.898218035697937, 0.8913987278938293, 0.8203554749488831, 0.8676621317863464, 0.9212517738342285, 0.9054545164108276, 0.8136573433876038, 0.8831198811531067, 0.8167082071304321, 0.8863240480422974, 0.8121234774589539, 0.8690416216850281, 0.8747016787528992, 0.8669136762619019, 0.7953894138336182, 0.924377977848053, 0.8916231989860535, 0.8480369448661804, 0.8123878240585327, 0.8867191672325134, 0.9703512191772461, 0.7913495898246765, 0.9494552612304688, 0.9960426092147827, 0.9759426712989807, 0.9483411312103271, 0.7551538348197937, 0.7331788539886475, 0.9705040454864502, 0.9197258949279785, 0.7249763607978821, 0.7794343829154968, 0.9662078022956848, 0.7193099856376648, 0.844878613948822, 0.824800968170166], "label": [1, 1, 1, 0, 0, 0, 0]}