{"text": ["XYZ Hospital", "123 tlealth Street,Wellness City", "Phone:+1-234.587-890", "Patlont Nanx:Davld D", "p:22", "Doctor: Dr.Johnson", "Medicine", "Dosuge", "Frequency", "Duration", "Tab Cetine", "20 tblets", "3mesday", "7 days", "Tab Evion", "15tablets", "20mesaday", "5days", "TabAllegra", "5tablets", "2tmsa day", "10 days", "Tab Combinam", "10 tablets", "2 tmes adey", "30 days", "Tab Febrexplus", "10 tablets", "2tmesaday", "7days", "Syrup", "Dosapo", "Froquoncy", "Duratlon", "Syrup Corox", "10ml", "3tms doy", "14dy", "Syrup TusQ-dx", "Sml", "2tims doy", "10dny", "Advico:", "-Tako to rost", "Eat ensy-to-digest food like boiled rice with dnl", "Stoytydrated"], "confidence": [0.9488534331321716, 0.8498444557189941, 0.8575018644332886, 0.7992547750473022, 0.7944168448448181, 0.9736536741256714, 0.9246234893798828, 0.9740098118782043, 0.9838371276855469, 0.9564203023910522, 0.9062473177909851, 0.9135541915893555, 0.8203554749488831, 0.8594018816947937, 0.9283020496368408, 0.9090301990509033, 0.7708227634429932, 0.7988810539245605, 0.9442430734634399, 0.9106838703155518, 0.7973998188972473, 0.8690416216850281, 0.9214849472045898, 0.901634693145752, 0.8098935484886169, 0.8853435516357422, 0.9322507977485657, 0.901634693145752, 0.8482097387313843, 0.9444330930709839, 0.9703512191772461, 0.9121663570404053, 0.910404622554779, 0.9908950328826904, 0.9759426712989807, 0.9347427487373352, 0.7197035551071167, 0.8365260362625122, 0.9705040454864502, 0.9197258949279785, 0.7249763607978821, 0.7591055631637573, 0.9662078022956848, 0.7215479612350464, 0.844878613948822, 0.832436740398407], "label": [1, 0, 1, 0, 0, 0, 0]}