{"text": ["XYZ Hospital", "123 tlealth Street,Wellness City", "Phone:+1-234.587-890", "PatlantNamx:Llam Wilson", ":70", "Doctor:Dr.Patol", "Medicine", "Dosuge", "Frequency", "Duration", "Tab Combinam", "15tablets", "20ms doy", "30 days", "Cap Cypon", "5tablets", "20mes dey", "10days", "Tab Sumo cold", "5tablets", "3 tmesadey", "10 days", "Tab Triz", "t5tablets", "3 tmesa dey", "4days", "Tab Cetine", "20tablets", "2tmesaday", "4days", "Syrup", "Dosapo", "Froquoncy", "Duration", "Syrup Zodox", "Sml", "3timsday", "30dy", "Advico:", "-Tako tod rost", "Eat nsy-to-dlgest food like boiled dce with dal", "-Staytydrated"], "confidence": [0.9555370807647705, 0.8376824259757996, 0.8577502369880676, 0.8380906581878662, 0.7153405547142029, 0.9238155484199524, 0.9259157180786133, 0.9420654773712158, 0.9838371276855469, 0.964890718460083, 0.9404928088188171, 0.8927748799324036, 0.751822292804718, 0.8676621317863464, 0.9358433485031128, 0.8912277221679688, 0.7687022686004639, 0.9015160202980042, 0.9014319181442261, 0.8861472606658936, 0.8391181230545044, 0.8715320229530334, 0.9902831315994263, 0.8659577965736389, 0.8120609521865845, 0.9184122085571289, 0.9190582036972046, 0.8978633880615234, 0.848638653755188, 0.9184122085571289, 0.9747051000595093, 0.90958172082901, 0.9749724864959717, 0.9667842388153076, 0.9014583826065063, 0.9197258949279785, 0.7406063079833984, 0.9668070673942566, 0.96775883436203, 0.7947360873222351, 0.9010121822357178, 0.937537431716919], "label": [1, 1, 1, 0, 0, 0, 0]}