{"text": ["XYZ Hospital", "123 tlealth Street,Wellness City", "Phone:+1-234.587-890", "Patlant Namx:Llam Millor", "p:22", "Doctor: Dr. Tumor", "Medicine", "Dosuge", "Frequency", "Duration", "Tab Cyclomef", "15tablets", "20ms doy", "10duys", "Tab Dolonexdt", "10 tablets", "3tmesaday", "4duys", "Cup Omez", "20 tblets", "3 tmesa doy", "4 duys", "TabAllegr", "15tablets", "2 tmes a duy", "5days", "TabDolo650", "5tablets", "2 tmes a duy", "5 days", "Tab Zole fcream", "15tablets", "2 tms a doy", "7 days", "Syrup", "Dosago", "Froquoncy", "Duratlon", "Syrup Grillnctus tm", "Sml", "2tmdoy", "10days", "Advico:", "-Tako to rost", "Eat nsy-to-digest food like boiled dce with dnl", "Stoytydrated"], "confidence": [0.9534473419189453, 0.8450579047203064, 0.8531273007392883, 0.8543192744255066, 0.7705976963043213, 0.9710124731063843, 0.9501501321792603, 0.9420654773712158, 0.9788968563079834, 0.9623180627822876, 0.8708603382110596, 0.8647039532661438, 0.7523245811462402, 0.9152160286903381, 0.946212649345398, 0.8921223878860474, 0.8485071659088135, 0.9136894941329956, 0.8356970548629761, 0.9248446226119995, 0.7852831482887268, 0.9403669238090515, 0.935485303401947, 0.8647039532661438, 0.7944900393486023, 0.8520981669425964, 0.8790748715400696, 0.9079194068908691, 0.7522758841514587, 0.7517222762107849, 0.8832219839096069, 0.8647039532661438, 0.8156778216362, 0.8767657279968262, 0.9788066744804382, 0.9641801714897156, 0.9638596773147583, 0.9844989776611328, 0.9849842190742493, 0.927854061126709, 0.7179483771324158, 0.8282742500305176, 0.9678854942321777, 0.7605816721916199, 0.8616782426834106, 0.856630802154541], "label": [1, 0, 1, 0, 0, 0, 0]}