{"text": ["XYZ Hospital", "123 tlealth Street,Wellness City", "Phone:+1-234-587-890", "Patlant Nanx:Jano Millor", "p:39", "Doctor:Dr.Patol", "Medicine", "Dosage", "Frequency", "Duration", "Tab Evlon", "10 tablets", "20ms doy", "30 days", "Cap Zovirax", "15tablets", "2tmesa day", "5days", "Tab Thiz", "10 tablets", "2 tmes a duy", "7 days", "TabAluhrodin S00", "5tablets", "2 tmes a doy", "4days", "Syrup", "Dosago", "Froquancy", "Duration", "Syrup Fobrox plus.", "Sml", "2 tm doy", "14days", "Advico:", "-Tako bod rst", "Eat nsy-to-dlgest food like boiled rice with dal", "-Stytydrated"], "confidence": [0.9440207481384277, 0.8450579047203064, 0.888440728187561, 0.8586570620536804, 0.7092078924179077, 0.9500476121902466, 0.9154037237167358, 0.8886480927467346, 0.9838371276855469, 0.964890718460083, 0.9264383316040039, 0.901634693145752, 0.7564270496368408, 0.9803526997566223, 0.9156240820884705, 0.8927748799324036, 0.7838765382766724, 0.8691898584365845, 0.8297414183616638, 0.8921223878860474, 0.8743255138397217, 0.9913495182991028, 0.7689793109893799, 0.8909797668457031, 0.769815981388092, 0.9184122085571289, 0.9728748202323914, 0.9117240309715271, 0.9354243874549866, 0.9758866429328918, 0.9327455163002014, 0.8684621453285217, 0.7225327491760254, 0.8842740058898926, 0.9268304705619812, 0.7285957932472229, 0.8857390284538269, 0.910991907119751], "label": [1, 1, 1, 0, 0, 0, 0]}