{"text": ["XYZ Hospital", "123 tlealth Street,Wellness City", "Phone:+1-234.587-890", "Patlont Namx:Chorlo Millr", "Ap:53", "Doctor: Dr.Lo", "Medicine", "Dosuge", "Frequency", "Duration", "Tab Zole fcrem", "5 tablets", "3mes day", "7 duys", "Cap Pan d", "5tablets", "20mesaday", "4duys", "Tab Pan d", "20 tablets", "2 tmsa duy", "5 days", "Tab Cetine", "15tablets", "2tmesaday", "7 days", "Tab Trz", "10tablets", "3 tmesaday", "5days", "TabCyclopum", "20 tablets", "2 tms a doy", "30 days", "Syrup", "Dosago", "Froquoncy", "Duratlon", "Syrup TusQ dx", "Sml", "3tms doy", "5 day", "Advico:", "-Tako tod rost", "Eat nsy-to-digest food like boiled dce with dnl", "Stoybydrated"], "confidence": [0.9558648467063904, 0.8390575647354126, 0.8581722378730774, 0.784151017665863, 0.7789907455444336, 0.9260603189468384, 0.95079106092453, 0.9740098118782043, 0.98100346326828, 0.955414891242981, 0.8912264108657837, 0.887381374835968, 0.7658721804618835, 0.9796134829521179, 0.9036415815353394, 0.8909797668457031, 0.7755182385444641, 0.9136894941329956, 0.9079844355583191, 0.8709948658943176, 0.7545597553253174, 0.7517222762107849, 0.9221501350402832, 0.8647039532661438, 0.8519291281700134, 0.861883819103241, 0.9231915473937988, 0.9273074269294739, 0.8251968622207642, 0.8520981669425964, 0.8800035119056702, 0.8797799944877625, 0.7748550772666931, 0.8867191672325134, 0.9719002842903137, 0.9641801714897156, 0.8976813554763794, 0.9843534231185913, 0.9360784888267517, 0.927854061126709, 0.7197035551071167, 0.8135870099067688, 0.9678854942321777, 0.7691553831100464, 0.8616782426834106, 0.8261477947235107], "label": [1, 1, 1, 0, 0, 0, 0]}