{"text": ["XYZ Hospital", "123 tlealth Street,Wellness City", "Phone:+1-234-587-890", "Patlant Nanx:Allco Davs", "p:03", "Doctor: Dr.Pato1", "Medicine", "Dosuge", "Frequency", "Duration", "TabFebrexplus", "20 tblets", "20ms day", "5days", "Tab Cetine", "10tablets", "3 umes duy", "10days", "Cap Colmmune", "15tablets", "2tmesaday", "7 days", "TabAlurocin 500", "10tablets", "3tmes aday", "4duys", "TabClvum 025", "10tablets", "2 tmes a duy", "10days", "Cap Pan d", "10tablets", "2tmesa day", "4duys", "Syrup", "Dosapo", "Froquoncy", "Duratlon", "Syrup Cypon", "Sml", "2 tim doy", "14 day", "Syrup Fobrox plus", "Sml", "3timsday", "Sday", "Advico:", "-Tako tod rost", "Eat nsy-to-digest food like boiled rice with dnl", "-Stytydrated"], "confidence": [0.9513452053070068, 0.8472570776939392, 0.8872672319412231, 0.8003919720649719, 0.7430418729782104, 0.9187980890274048, 0.930323600769043, 0.9427713751792908, 0.9900026321411133, 0.964890718460083, 0.9773176908493042, 0.8845076560974121, 0.7605679631233215, 0.8641525506973267, 0.9274088144302368, 0.9273074269294739, 0.7057475447654724, 0.8628065586090088, 0.8630061149597168, 0.8671495914459229, 0.8475326895713806, 0.8594018816947937, 0.7949275374412537, 0.9273074269294739, 0.852321445941925, 0.9136894941329956, 0.8377835154533386, 0.9273074269294739, 0.7853452563285828, 0.8654675483703613, 0.9695506691932678, 0.925683319568634, 0.8353765606880188, 0.9083743095397949, 0.988613486289978, 0.8256519436836243, 0.9459841251373291, 0.9913142919540405, 0.9868335127830505, 0.9028758406639099, 0.7471926212310791, 0.7830430865287781, 0.9940919280052185, 0.927854061126709, 0.7789431810379028, 0.7643508911132812, 0.9210488200187683, 0.7728556990623474, 0.8472199440002441, 0.924018144607544], "label": [1, 1, 1, 0, 0, 0, 0]}