{"text": ["XYZ Hospital", "123 tlealth Street,Wellnes City", "Phone:+1-234.587-890", "Patlant Namx:Mla Millr", "p:25", "Doctor: Dr.Lao", "Medicine", "Dosuge", "Frequency", "Duration", "TabA1urodn 500", "20 tblets", "3mesday", "5 days", "Tab Pan d", "10tablets", "3 umes duy", "7 days", "Tab Clavun 25", "15tablets", "3 tmesa duy", "4 duys", "Cap Zovirax", "10tablets", "3 tmesa doy", "7 days", "TabAllegra", "10tablets", "3 tmesaday", "10days", "TabDolo 650", "20 tablets", "3 tmesa dey", "10days", "Syrup", "Dosago", "Froquoncy", "Duratlon", "Syrup TusQ-dx", "Sml", "3tms doy", "5 days", "Advico:", "-Tako tod rost", "Eat nsy-to-digest food like boiled dce with dnl", "Stoybydrated"], "confidence": [0.9529951214790344, 0.8493285775184631, 0.8531273007392883, 0.8012499213218689, 0.8360955119132996, 0.8924927711486816, 0.930323600769043, 0.9427713751792908, 0.9790523052215576, 0.964890718460083, 0.8387636542320251, 0.9003804326057434, 0.8372184634208679, 0.7547540068626404, 0.9182332158088684, 0.9273074269294739, 0.6991283893585205, 0.861883819103241, 0.8171946406364441, 0.8647039532661438, 0.7953788638114929, 0.9403669238090515, 0.8504308462142944, 0.9273074269294739, 0.8013067245483398, 0.861883819103241, 0.9404371976852417, 0.9273074269294739, 0.8478784561157227, 0.8654675483703613, 0.8670675158500671, 0.8797799944877625, 0.8301133513450623, 0.924377977848053, 0.9719002842903137, 0.958836555480957, 0.942815363407135, 0.9915661811828613, 0.9404671788215637, 0.927854061126709, 0.7250189781188965, 0.7886900901794434, 0.9678854942321777, 0.7618414759635925, 0.8616782426834106, 0.8273892998695374], "label": [1, 1, 1, 0, 0, 0, 0]}