{"text": ["XYZ Hospital", "123 tlealth Street,Wellness City", "Phone:+1-234-587-890", "Patlant Nanx:Allco Millor", "1", "Doctor: Dr.Johnson", "Medicine", "Dosage", "Frequency", "Duration", "Tab Neurobin Forte", "20 tblets", "20ms doy", "10duys", "Tab Zole fcream", "t5tablets", "3tmesaday", "10days", "TabClavum 025", "t5tblets", "2 tmes a duy", "5 days", "Cap Dilantn", "t5tablets", "3 tmesa dey", "5 days", "Syrup", "Dosapo", "Froquancy", "Duratlon", "Syrup Cypon", "Sml", "2 tim doy", "10dnys", "Advico:", "-Tako tod rost", "Eat nsy-to-dlgest food like boiled rice with dal", "-Stynydrated"], "confidence": [0.9531888961791992, 0.8440488576889038, 0.888440728187561, 0.8341448307037354, 0.9054326415061951, 0.9496282935142517, 0.9291204214096069, 0.9033363461494446, 0.9838371276855469, 0.9623180627822876, 0.9326967597007751, 0.9135541915893555, 0.7552156448364258, 0.9152160286903381, 0.8766666054725647, 0.8836497068405151, 0.8034953474998474, 0.9015160202980042, 0.8304484486579895, 0.9061143398284912, 0.9000213742256165, 0.7472350001335144, 0.8328108191490173, 0.8856318593025208, 0.7700328230857849, 0.8378275036811829, 0.9852066040039062, 0.8093938827514648, 0.935694694519043, 0.8653408288955688, 0.9516541957855225, 0.8684621453285217, 0.7526785135269165, 0.849909245967865, 0.9288334846496582, 0.7599701881408691, 0.8857390284538269, 0.8881500363349915], "label": [1, 1, 1, 0, 0, 0, 0]}