{"text": ["XYZ Hospital", "123 tlealth Street,Wellness City", "Phone:+1-234.587-890", "Patlant Nanx:Davld D", "Ap:27", "Doctor: Dr. Smith", "Medicine", "Dosuge", "Frequency", "Duration", "Tab Sumo cold", "20 tblets", "3mesday", "30 days", "Cap Cypon", "20 tablets", "20mes dey", "7 days", "Tab Cyciopom", "10 tablets", "3tmesday", "30 days", "Tab Dolonex dt", "10 tablets", "2 tmesa dey", "10days", "Tab Triz", "10 tablets", "3 tmesaday", "t4days", "Syrup", "Dosapo", "Froquancy", "Duratlon", "Syrup Brozodax", "10ml", "3tmsdoy", "14dy", "Syrup Cypon", "10ml", "3tims doy", "30days", "Advico:", "-Tako tod rost", "Eat nsy-to-digest food like boiled rice with dnl", "Stoybydrated"], "confidence": [0.9558982253074646, 0.8498444557189941, 0.8575018644332886, 0.7886060476303101, 0.720230758190155, 0.9378921985626221, 0.9286406636238098, 0.9427713751792908, 0.9788968563079834, 0.965709924697876, 0.9165120720863342, 0.9135541915893555, 0.8467262983322144, 0.8676621317863464, 0.94162917137146, 0.9054545164108276, 0.7687022686004639, 0.8720644116401672, 0.8661901950836182, 0.8921223878860474, 0.8412098288536072, 0.8866694569587708, 0.9129493832588196, 0.901634693145752, 0.8118886351585388, 0.924377977848053, 0.9694429636001587, 0.901634693145752, 0.8439608812332153, 0.8406792283058167, 0.9719002842903137, 0.9054598808288574, 0.8946319222450256, 0.9907678961753845, 0.9620343446731567, 0.9347427487373352, 0.7260910272598267, 0.8365260362625122, 0.9898486733436584, 0.9150266051292419, 0.7417122721672058, 0.9039595127105713, 0.9687759280204773, 0.7849678993225098, 0.8504207730293274, 0.8402068614959717], "label": [1, 1, 1, 0, 0, 0, 0]}