{"text": ["XYZ Hospital", "123 tlealth Street,Wellness City", "Phone:+1-234-587-890", "Patlont Nam:Evo Ro", "p:43", "Doctor: Dr.Smith", "Medicine", "Dosuge", "Frequency", "Duration", "TabCiplox500", "20 tblets", "3mesdey", "30 duys", "Tab Evlon", "20 tablets", "2 tm0s  duy", "30 days", "Cup Cypon", "20 tablets", "2 tmes a day", "t4duys", "Tab Taz", "5tablets", "2 tmesa day", "5days", "Tab Combiam", "15tablets", "2 umes a duy", "5days", "Tab Neurobin Forte", "20 tablets", "2 tms a doy", "10days", "Syrup", "Dosago", "Froquoncy", "Durotlon", "Syrup Grillnctus tm", "Sml", "3 tims doy", "14 doy", "Syrup Fobrox plus", "Sml", "3timsday", "14day", "Advico:", "-Tako tod rost", "Eat nsy-to-digest food like boiled rice with dal", "-Stytydrated"], "confidence": [0.9544918537139893, 0.8413002490997314, 0.9043426513671875, 0.7662361264228821, 0.7557733058929443, 0.9596661329269409, 0.930323600769043, 0.9427713751792908, 0.9905779957771301, 0.964890718460083, 0.9250888228416443, 0.9135541915893555, 0.8327884078025818, 0.9137939810752869, 0.8897180557250977, 0.9054545164108276, 0.7051472663879395, 0.8513266444206238, 0.8969627022743225, 0.8709948658943176, 0.7271961569786072, 0.8104643225669861, 0.8006169199943542, 0.901509165763855, 0.8068044185638428, 0.8366293907165527, 0.9508215188980103, 0.8647039532661438, 0.7387182116508484, 0.8366293907165527, 0.9323307871818542, 0.8797799944877625, 0.8156778216362, 0.924377977848053, 0.9882689714431763, 0.8285646438598633, 0.9466862082481384, 0.9314339756965637, 0.9890117645263672, 0.9028758406639099, 0.7524312138557434, 0.770780086517334, 0.9938003420829773, 0.927854061126709, 0.7901103496551514, 0.7873247861862183, 0.9631933569908142, 0.7646108865737915, 0.9021574854850769, 0.902330219745636], "label": [1, 0, 1, 0, 0, 0, 0]}