{"text": ["XYZ Hospital", "123 tlealth Street,Wellness City", "Phone:+1-234-587-890", "Patlont Nanx:Charlo D", "p:72", "Doctor:Dr.Smith", "Medicine", "Dosuge", "Frequency", "Duration", "TabClvum 025", "20 tblets", "3mesdey", "4duys", "Tab Pan d", "20 tablets", "3 umes duy", "5days", "Tab Cetine", "15tablets", "2mes aday", "7 days", "Tab Sumo cold", "10tablets", "2 tmesa day", "30 days", "TabCiplox500", "10tablets", "2 tmes a duy", "t4duys", "Cap Zovirax", "10tablets", "2 tmes a doy", "30 days", "Syrup", "Dosapo", "Froquoncy", "Duratlon", "Syrup TusQx", "Sml", "3tims doy", "10days", "Syrup Zodox", "Sml", "3timsday", "30 days", "Advico:", "-Tako tod rst", "Eat nsy-to-digest food like boiled rice with dal", "-Stytydrated"], "confidence": [0.9534003138542175, 0.8356792330741882, 0.8937011957168579, 0.7812508940696716, 0.8203001022338867, 0.9667500257492065, 0.9180112481117249, 0.9427713751792908, 0.9902750849723816, 0.9621754884719849, 0.8548319339752197, 0.9003804326057434, 0.8327884078025818, 0.9136894941329956, 0.9090089797973633, 0.8967920541763306, 0.7033320069313049, 0.8366293907165527, 0.9377728700637817, 0.8647039532661438, 0.7745811939239502, 0.8452855944633484, 0.8978731632232666, 0.9273074269294739, 0.805739164352417, 0.8500292897224426, 0.9129219651222229, 0.9273074269294739, 0.7853452563285828, 0.8394883275032043, 0.8630403876304626, 0.9273074269294739, 0.7914705872535706, 0.863133430480957, 0.988613486289978, 0.8228013515472412, 0.9466862082481384, 0.9799938797950745, 0.9349162578582764, 0.860496461391449, 0.732460081577301, 0.7868053317070007, 0.9223028421401978, 0.927854061126709, 0.7865440845489502, 0.7511711120605469, 0.9686400294303894, 0.7309774160385132, 0.9020175933837891, 0.9058265686035156], "label": [1, 1, 1, 0, 0, 0, 0]}