{"text": ["XYZ Hospital", "123 tlealth Street,Wellness City", "Phone:+1-234.587-890", "Patlant Nam:Allco Millar", ":07", "Doctor:Dr.Millor", "Medidine", "Dosuge", "Frequency", "Duration", "Tab Pan d", "5 tablets", "20ms dey", "10duys", "Tab Neurobin Forte", "20tblets", "2tmesa dey", "10days", "TabAllegra", "20 tablets", "2 tmes a duy", "30 days", "TabAluhrodin500", "20 tablets", "2 tmes a day", "30 days", "Syrup", "Dosago", "Froquancy", "Duration", "Syrup Cypon", "10ml", "2tmdoy", "4 day", "SyrupCorax", "10ml", "3timsday", "10day", "Advico:", "-Tako tod rost", "Eat nsy-to-digest food like boiled rice with dal", "-Stayhydrated"], "confidence": [0.9533373713493347, 0.8435166478157043, 0.8541738390922546, 0.8433051109313965, 0.822493851184845, 0.93763667345047, 0.9153572916984558, 0.9427713751792908, 0.9823358058929443, 0.9623180627822876, 0.8833444118499756, 0.8638057708740234, 0.7692691087722778, 0.8971586227416992, 0.9274117350578308, 0.9516710042953491, 0.7338863611221313, 0.9213528037071228, 0.9469073414802551, 0.8709948658943176, 0.8042187690734863, 0.8500292897224426, 0.8046666383743286, 0.8983814120292664, 0.7614920139312744, 0.8853435516357422, 0.975112795829773, 0.8239191174507141, 0.9061452150344849, 0.9527572989463806, 0.9884451031684875, 0.9483411312103271, 0.7254101634025574, 0.7662840485572815, 0.9210001230239868, 0.911413848400116, 0.7829885482788086, 0.7979649305343628, 0.967370867729187, 0.7835198044776917, 0.8990753293037415, 0.8740262985229492], "label": [1, 0, 1, 0, 0, 0, 0]}