{"text": ["XYZ Hospital", "123 tlealth Street,Wellness City", "Phone:+1-234-587-890", "Patlont Nanx:Mla Brown", ":48", "Doctor:Dr.Patol", "Medicine", "Dosuge", "Frequency", "Quraton", "Cap Zovirax", "10 tablets", "20ms dey", "30 duys", "Tab Febrexplus", "10tablets", "3 umes doy", "30 days", "TabAlhrocin 500", "5tablets", "2mes aday", "4duys", "TabDolo 650", "5tablets", "2 tmesa day", "30 days", "Cup Cypon", "20 tblets", "3 tmesaday", "7days", "Cap Colmmune", "5tablets", "3 tmesa dey", "10days", "Syrup", "Dosago", "Froquoncy", "Duratlon", "Syrup Tusdx", "10ml", "2 tim doy", "10day", "Syrup TusQx", "10ml", "3timsday", "Sday", "Advico:", "-Tako tod rost", "Eat nsy-to-digest food like boiled rice with dnl", "-Stytydrated"], "confidence": [0.9539773464202881, 0.8450579047203064, 0.8941647410392761, 0.8212848901748657, 0.8073854446411133, 0.9244322180747986, 0.931088387966156, 0.9422492384910583, 0.9902750849723816, 0.8290681838989258, 0.8706382513046265, 0.8778047561645508, 0.7692691087722778, 0.9051676392555237, 0.9270449280738831, 0.9273074269294739, 0.7165395617485046, 0.8518379926681519, 0.7857924103736877, 0.916618824005127, 0.7745811939239502, 0.9083743095397949, 0.8529302477836609, 0.9046000242233276, 0.805739164352417, 0.8867191672325134, 0.9001482725143433, 0.8838595747947693, 0.8478784561157227, 0.9485983848571777, 0.8824558258056641, 0.8909797668457031, 0.8597587943077087, 0.8654675483703613, 0.983737587928772, 0.8496239185333252, 0.9466862082481384, 0.9799938797950745, 0.8920627236366272, 0.9702969789505005, 0.7249144315719604, 0.8265790939331055, 0.9398233294487, 0.9599877595901489, 0.7849414348602295, 0.7643508911132812, 0.9699703454971313, 0.7723420858383179, 0.8460922241210938, 0.8946594595909119], "label": [1, 1, 1, 0, 0, 0, 0]}