{"text": ["XYZ Hospital", "123 tlealth Street,Wellness City", "Phone:+1-234.587-890", "PatlantNamx:BobJohnson", ":54", "Doctor: Dr. Smith", "Medicine", "Dosuge", "Frequency", "Duration", "Tab Allegra", "5 tablets", "20ms doy", "30 duys", "Tab Combinam", "5tablets", "20mesaduy", "7 days", "TabA1urodin 500", "20 tblets", "2 tmesa duy", "30 days", "TabDolo650", "20 tblets", "2tmesaday", "30 days", "Cap Zovirax", "10tablets", "2 umes a duy", "30days", "Cap Pan d", "10tablets", "3 tmesa dey", "7 days", "Syrup", "Dosago", "Froquoncy", "Duratlon", "Syrup TusQ dx", "Sml", "2tmsdoy", "30 dny", "Advico:", "-Tako tod rost", "Eat nsy-to-digest food like boiled dce with dnl", "Stoybydrated"], "confidence": [0.953843355178833, 0.8416517972946167, 0.8589719533920288, 0.8626341223716736, 0.8006799817085266, 0.9724993705749512, 0.907014787197113, 0.979745090007782, 0.9801251292228699, 0.965709924697876, 0.921038806438446, 0.887381374835968, 0.7557400465011597, 0.9051676392555237, 0.8922465443611145, 0.8909797668457031, 0.7669493556022644, 0.8463113903999329, 0.8281944394111633, 0.9248446226119995, 0.7515864968299866, 0.8866694569587708, 0.9020558595657349, 0.9086169004440308, 0.8253226280212402, 0.8500292897224426, 0.8512117862701416, 0.9273074269294739, 0.7527843117713928, 0.8994854092597961, 0.9373091459274292, 0.9273074269294739, 0.7950321435928345, 0.8404199481010437, 0.9719002842903137, 0.9641801714897156, 0.9637989401817322, 0.9885905981063843, 0.9441629648208618, 0.927854061126709, 0.6667668223381042, 0.7926518321037292, 0.9678854942321777, 0.7585877180099487, 0.8601347208023071, 0.8272665143013], "label": [1, 1, 1, 0, 0, 0, 0]}