{"text": ["XYZ Hospital", "123 tlealth Street,Wellness City", "Phone:+1-234-587-890", "Patlant Namx:John Millar", "Ap:27", "Doctor: Dr. Tumor", "Medicine", "Dosage", "Frequency", "Duration", "Tab Cyciomeff", "20 tblets", "20ms dey", "30 days", "Cap Cypon", "15tablets", "3umesaday", "30 days", "Tab Thiz", "15tablets", "3tmes day", "7 days", "Tab Dolonexdt", "15tablets", "2 tmes adey", "10days", "Tab Febrexplus", "5tablets", "2tmesaday", "10days", "Syrup", "Dosapo", "Froquancy", "Duratlon", "Syrup Fobrox plus", "Sml", "3tms doy", "Sday", "Syrup Zodox", "Sml", "3tims doy", "10dny", "Advico:", "-Tako tod rost", "Eat nsy-to-digest food like boiled rice with dnl", "Stoytydrated"], "confidence": [0.9530457854270935, 0.8479770421981812, 0.8676124811172485, 0.855390727519989, 0.720230758190155, 0.96904057264328, 0.9286406636238098, 0.8897534012794495, 0.9788968563079834, 0.965709924697876, 0.8382409811019897, 0.9135541915893555, 0.7692691087722778, 0.8724113702774048, 0.9457072019577026, 0.9090301990509033, 0.8479437828063965, 0.8867191672325134, 0.8297414183616638, 0.8913987278938293, 0.795462429523468, 0.8767657279968262, 0.94517582654953, 0.8865651488304138, 0.8046001195907593, 0.9213528037071228, 0.9364853501319885, 0.9057856798171997, 0.8577829003334045, 0.9213528037071228, 0.974157989025116, 0.8614616990089417, 0.8954519629478455, 0.9916149973869324, 0.9913492798805237, 0.8684621453285217, 0.7066380381584167, 0.7331788539886475, 0.9617475867271423, 0.9197258949279785, 0.7529909014701843, 0.7591055631637573, 0.9687759280204773, 0.7086157202720642, 0.8504207730293274, 0.871784508228302], "label": [1, 1, 1, 0, 0, 0, 0]}