{"text": ["XYZ Hospital", "123 tlealth Street,Wellness City", "Phone:+1-234-587-890", "Patlont Nanx:Charlo Ro", "p:50", "Doctor: Dr. Millor", "Medicine", "Dosage", "Frequency", "Duration", "Tab Dolo 650", "15tablets", "3mesday", "4 duys", "Cap Zovirax", "20 tablets", "2tmesa day", "4days", "Cap Pan d", "S tablets", "3 tmes a duy", "5 days", "TabAllegra", "20 tablets", "2 tm5 a doy", "7 days", "Syrup", "Dosapo", "Froquancy", "Duratlon", "Syrup TusQx", "10ml", "2 tm doy", "7 days", "Advico:", "-Takoto rost", "Eat nsy-to-dlgest food like boiled rice with dal", "-Stynydrated"], "confidence": [0.9534003138542175, 0.836279034614563, 0.8937011957168579, 0.7708370089530945, 0.7119712829589844, 0.9431807398796082, 0.930323600769043, 0.8897534012794495, 0.9788968563079834, 0.9623180627822876, 0.8380792140960693, 0.8927748799324036, 0.8377088308334351, 0.9150466918945312, 0.916670024394989, 0.9054545164108276, 0.7840588688850403, 0.9184122085571289, 0.8959009647369385, 0.8312456011772156, 0.8568880558013916, 0.7885099053382874, 0.9716264605522156, 0.8983814120292664, 0.7541052103042603, 0.8480218052864075, 0.9728748202323914, 0.7913495898246765, 0.9354243874549866, 0.9490550756454468, 0.9471550583839417, 0.9746028780937195, 0.750927209854126, 0.8708378672599792, 0.9288334846496582, 0.6629655361175537, 0.8857390284538269, 0.8982930779457092], "label": [1, 1, 1, 0, 0, 0, 0]}