{"text": ["XYZ Hospital", "123 tlealth Street,Wellness City", "Phone:+1-234-587-890", "Patlant Nanx:Jano Whito", ":02", "Doctor:Dr.Johnson", "Medicine", "Dosuge", "Frequency", "Duration", "Tab Neurobin Forte", "20tblets", "3mesdey", "30 duys", "Cap Zovirax", "15tablets", "3 umes doy", "5days", "TabCiplox 500", "20 tablets", "3tmesaday", "10days", "Tab Combinam", "10tablets", "3 tmes aday", "5days", "Tab Cetine", "10tablets", "3 tmesaday", "7 days", "TabFebrexplus", "20 tablets", "2 tmes a doy", "7 days", "Syrup", "Dosapo", "Froquoncy", "Duratlon", "Syrup Corox-dx", "10ml", "3 tims doy", "5 days", "Syrup TusQx", "10ml", "3timsday", "S days", "Advico:", "-Tako tod rost", "Eat nsy-to-digest food like boiled rice with dnl", "-Stytydrated"], "confidence": [0.9428961873054504, 0.8450579047203064, 0.888440728187561, 0.8372529149055481, 0.6712973713874817, 0.9595150947570801, 0.9240130186080933, 0.9427713751792908, 0.9902750849723816, 0.964890718460083, 0.9326967597007751, 0.9145114421844482, 0.8327884078025818, 0.9137939810752869, 0.9189836382865906, 0.9037178754806519, 0.7165395617485046, 0.8366293907165527, 0.9193076491355896, 0.8709948658943176, 0.8563566207885742, 0.8626441955566406, 0.9367318749427795, 0.9273074269294739, 0.8282737731933594, 0.8520981669425964, 0.9418686032295227, 0.9273074269294739, 0.8439608812332153, 0.8720644116401672, 0.957375168800354, 0.8797799944877625, 0.7914705872535706, 0.9902164340019226, 0.988613486289978, 0.8228013515472412, 0.9466862082481384, 0.9910321235656738, 0.9718355536460876, 0.9702969789505005, 0.7524312138557434, 0.8219525814056396, 0.9398233294487, 0.9599877595901489, 0.7521536350250244, 0.7549194693565369, 0.917208194732666, 0.7472178339958191, 0.8460922241210938, 0.902330219745636], "label": [1, 1, 1, 0, 0, 0, 0]}