{"text": ["XYZ Hospital", "123 tlealth Street,Wellness City", "Phone:+1-234-587-890", "PatlntNan:John D", "p:43", "DoctorDr.Smith", "Medicine", "Dosuge", "Frequency", "Duration", "Cap Pan d", "t5tablets", "3mesadoy", "5 days", "Tab Combinlam", "t5tablets", "2 tmes  duy", "$ days", "TabCiplox500", "10tablets", "2tmesaduy", "30days", "Tab Cyciomelf", "10tablets", "2 tmes a doy", "5 days", "Syrup", "Dosapo", "Froquancy", "Duratlon", "Syrup TusQ dx", "10ml", "2tmdoy", "14 day", "SyrupTusdx", "10ml", "3timsday", "5day", "Advico:", "-Tako tod rost", "Eat nsy-to-dlgest food like boiled rice with dal", "-Staytydrated"], "confidence": [0.9539773464202881, 0.8388950228691101, 0.8651002049446106, 0.8569321632385254, 0.7557733058929443, 0.974786639213562, 0.9246234893798828, 0.9427713751792908, 0.9838371276855469, 0.964890718460083, 0.8858659863471985, 0.8831853270530701, 0.7787086963653564, 0.7393367886543274, 0.9099119901657104, 0.8836497068405151, 0.681406557559967, 0.9286584258079529, 0.95378178358078, 0.9273074269294739, 0.8289502263069153, 0.9208064079284668, 0.8437232971191406, 0.9247161149978638, 0.770778238773346, 0.8235217928886414, 0.9728748202323914, 0.8093938827514648, 0.9293076395988464, 0.8749319911003113, 0.9488634467124939, 0.9347427487373352, 0.7560526728630066, 0.7830430865287781, 0.9014169573783875, 0.9165780544281006, 0.7330020666122437, 0.7321327924728394, 0.96641606092453, 0.7950741052627563, 0.9056201577186584, 0.932716965675354], "label": [1, 1, 1, 0, 0, 0, 0]}