{"text": ["XYZ Hospital", "123 tlealth Street,Wellness City", "Phone:+1-234.587-890", "Patlont Namx:GracoWlllams", "p:5", "Doctor:Dr.Smith", "Medicine", "Dosuge", "Frequency", "Duration", "TabDolo 650", "10 tablets", "3mesday", "10duys", "Tab Clavum025", "15tablets", "2 tmes  duy", "7 days", "Tab Sumo cold", "5tablets", "2 tmes a duy", "7 days", "Cap Zovirax", "10tablets", "2 tmes a doy", "4days", "Syrup", "Dosapo", "Froquancy", "Duratlon", "Syrup Grillnctus tm", "Sml", "2 tmdoy", "7days", "SyrupFobroxplus", "Sml", "3mday", "14dy", "Advico:", "-Tako tod rost", "Eat nsy-to-dlgest food like boiled dce with dal", "-Stayhydrated"], "confidence": [0.9544928669929504, 0.8514718413352966, 0.8465229868888855, 0.8467259407043457, 0.5828918814659119, 0.9712860584259033, 0.930323600769043, 0.9422492384910583, 0.9838371276855469, 0.9623180627822876, 0.8670675158500671, 0.901634693145752, 0.8342382311820984, 0.9137234091758728, 0.8721998929977417, 0.9092390537261963, 0.722106397151947, 0.8720644116401672, 0.9029190540313721, 0.8933669328689575, 0.7798504829406738, 0.8480218052864075, 0.8703895807266235, 0.9247161149978638, 0.779254674911499, 0.9184122085571289, 0.9747051000595093, 0.8093938827514648, 0.9293076395988464, 0.9490550756454468, 0.9789354205131531, 0.8684621453285217, 0.7227462530136108, 0.914350688457489, 0.8877030611038208, 0.9197258949279785, 0.8284962773323059, 0.8365260362625122, 0.9677251577377319, 0.8293460011482239, 0.9003587961196899, 0.8834782838821411], "label": [1, 1, 1, 0, 0, 0, 0]}