{"text": ["XYZ Hospital", "123 tlealth Street,Wellness City", "Phone:+1-234.587-890", "Patlont Namx:Bob Millar", "p:73", "Doctor: Dr.Lo", "Medicine", "Dosuge", "Frequency", "Duration", "TabCiplox 500", "20 tblets", "20ms dey", "30 days", "Tab Evion", "15tablets", "20mes dey", "4days", "Tab Triz", "5tablets", "2 tmes day", "4days", "Tab Combinam", "15tablets", "3 tmesa dey", "10days", "Tab Sumo cold", "10 tablets", "3 tmesaday", "10days", "Syrup", "Dosago", "Froquoncy", "Duratlon", "Syrup TusQ-dx", "Sml", "3timsday", "14day", "Advico:", "-Tako tod rst", "Eat nsy-to-dlgest food like boiled dce with dal", "-Staytydrated"], "confidence": [0.9470915794372559, 0.8400601148605347, 0.8541738390922546, 0.8618547320365906, 0.8230582475662231, 0.9412403106689453, 0.930323600769043, 0.9427713751792908, 0.9838371276855469, 0.964890718460083, 0.8615932464599609, 0.9135541915893555, 0.7692691087722778, 0.8676621317863464, 0.9439893364906311, 0.9090301990509033, 0.7687022686004639, 0.8935898542404175, 0.8540539145469666, 0.9073119759559631, 0.721615195274353, 0.9184122085571289, 0.9101225733757019, 0.8865651488304138, 0.8120609521865845, 0.9213528037071228, 0.9177164435386658, 0.901634693145752, 0.8439608812332153, 0.9213528037071228, 0.9747051000595093, 0.9064610600471497, 0.9749724864959717, 0.9654592275619507, 0.9550187587738037, 0.9197258949279785, 0.7440789937973022, 0.7760825753211975, 0.96775883436203, 0.7383317947387695, 0.9010121822357178, 0.937537431716919], "label": [1, 0, 1, 0, 0, 0, 0]}