{"text": ["XYZ Hospital", "123 tlealth Street,Wellness City", "Phone:+1-234.587-890", "Patlont Namx:Charlo Wlson", "p:50", "Doctor: Dr. Smith", "Medicine", "Dosuge", "Frequency", "Duration", "Tab Combinlam", "5 tablets", "3tmesaday", "$ days", "Cap Pan d", "15tablets", "20mesaday", "10days", "Cap Cypon", "10 tablets", "2 tms day", "7 days", "Cap Omez", "15tablets", "2tmesa dey", "7 days", "TabAlurocin 500", "10 tablets", "2tmesaday", "30 days", "Syrup", "Dosapo", "Froquancy", "Duratlon", "SyrupCorox-dx", "10ml", "2tmdoy", "14dy", "Syrup Brozodox", "Sml", "2tims doy", "30days", "Advico:", "-Tako tod rost", "Eat nsy-to-digest food like boiled rice with dnl", "Stoytydrated"], "confidence": [0.9530181884765625, 0.8386703133583069, 0.8589719533920288, 0.8530129194259644, 0.7119712829589844, 0.9527606964111328, 0.9286406636238098, 0.979745090007782, 0.9829168319702148, 0.965709924697876, 0.9174010157585144, 0.887381374835968, 0.7520063519477844, 0.837290346622467, 0.9094559550285339, 0.8623680472373962, 0.7719011902809143, 0.924377977848053, 0.9428229928016663, 0.8921223878860474, 0.7628087401390076, 0.8767657279968262, 0.8154489994049072, 0.8865651488304138, 0.8417045474052429, 0.8720644116401672, 0.8067680597305298, 0.901634693145752, 0.8577829003334045, 0.8853435516357422, 0.974157989025116, 0.8906665444374084, 0.9316151738166809, 0.9908950328826904, 0.8764009475708008, 0.9347427487373352, 0.7434632182121277, 0.8365260362625122, 0.9708676338195801, 0.9197258949279785, 0.7041686773300171, 0.9039595127105713, 0.9678077101707458, 0.7713730931282043, 0.8524071574211121, 0.871784508228302], "label": [1, 1, 1, 0, 0, 0, 0]}