{"text": ["XYZ Hospital", "123 tlealth Street,Wellness City", "Phone:+1-234.587-890", "PatlantNamx:Jano Brown", "p:22", "Doctor: Dr. Millor", "Medicine", "Dosuge", "Frequency", "Duration", "TabDolo650", "15tablets", "3mesday", "7 days", "TabA1urodn500", "5tablets", "2tmesaday", "$ duys", "Tab Triz", "20 tblets", "3 tmesaday", "7 days", "TabCiplox500", "10 tablets", "2 tms a duy", "10days", "Tab Dolonex dt", "5 tablets", "2 umes a duy", "7 days", "Syrup", "Dosago", "Froquoncy", "Duratlon", "Syrup Corox-dx", "10ml", "2timday", "Sday", "Advico:", "-Tako tod rost", "Eat nsy-to-digest food like boiled dce with dal", "-Stayhydrated"], "confidence": [0.95541912317276, 0.8380128741264343, 0.8541738390922546, 0.863896906375885, 0.7944168448448181, 0.9531019926071167, 0.930323600769043, 0.9420654773712158, 0.9838371276855469, 0.955414891242981, 0.8762186765670776, 0.8927748799324036, 0.8203554749488831, 0.8594018816947937, 0.7977036237716675, 0.8912277221679688, 0.8136573433876038, 0.9324522018432617, 0.8540539145469666, 0.9086169004440308, 0.8247963190078735, 0.8720644116401672, 0.9363288879394531, 0.8958706855773926, 0.7953894138336182, 0.924377977848053, 0.9169639348983765, 0.8480369448661804, 0.7387182116508484, 0.8720644116401672, 0.9720994234085083, 0.9843099117279053, 0.9767853617668152, 0.910537838935852, 0.9649395942687988, 0.9483411312103271, 0.7432094216346741, 0.7356988191604614, 0.9675191640853882, 0.8316531181335449, 0.8992130160331726, 0.88934326171875], "label": [1, 0, 1, 0, 0, 0, 0]}