{"text": ["XYZ Hospital", "123 tlealth Street,Wellness City", "Phone:+1-234-587-890", "Patlant Namx:John Ro", ":70", "Doctor: Dr. Smith", "Medicine", "Dosuge", "Frequency", "Duration", "Tab Zole fcream", "20 tblets", "20ms doy", "7 days", "Cap Zovirax", "10 tablets", "2tmesa dey", "7 days", "Tab Cyciomeff", "5tablets", "3tmesaday", "10 days", "Tab Dolonexdt", "5tablets", "2umesa dey", "10days", "Tab Pand", "10 tablets", "2tmesaday", "7 days", "Syrup", "Dosapo", "Froquoncy", "Duratlon", "SyrupTusx", "10ml", "2tm doy", "4dy", "Syrup Fobrox plus", "10ml", "3tims doy", "5 days", "Advico:", "-Tako tod rost", "Eat ensy-to-digest food like boiled rice with dnl", "Stoytydrated"], "confidence": [0.9558648467063904, 0.841896653175354, 0.8676124811172485, 0.8189767599105835, 0.8450034260749817, 0.9714494347572327, 0.9286406636238098, 0.9427713751792908, 0.9788968563079834, 0.964890718460083, 0.8979836702346802, 0.9135541915893555, 0.7523245811462402, 0.8635157942771912, 0.9159099459648132, 0.8921223878860474, 0.7638556957244873, 0.8720644116401672, 0.8507207632064819, 0.9093613624572754, 0.8616325855255127, 0.8690416216850281, 0.9491860866546631, 0.8716651201248169, 0.7750450372695923, 0.924377977848053, 0.9194570183753967, 0.901634693145752, 0.8281590342521667, 0.8720644116401672, 0.9703512191772461, 0.9139150977134705, 0.9496034979820251, 0.9960426092147827, 0.875289261341095, 0.9483411312103271, 0.7230568528175354, 0.962104082107544, 0.9946660399436951, 0.9150266051292419, 0.7529909014701843, 0.8086541295051575, 0.96775883436203, 0.7293953895568848, 0.844878613948822, 0.8652937412261963], "label": [1, 1, 1, 0, 0, 0, 0]}