{"text": ["XYZ Hospital", "123 tlealth Street,Wellness City", "Phone:+1-234.587-890", "PatlntNam:GrcoRo", "p:71", "Doctor: Dr. Smith", "Medidine", "Dosuge", "Frequency", "Duration", "Tab Evlon", "10tablets", "20ms dey", "5 days", "Cap Pan d", "10tablets", "2tmesa dey", "5days", "Cap Co-immune", "10 tablets", "2 tmsa duy", "30 duys", "Tab Cyciomelf", "5tablets", "2tmesa dey", "5days", "Tab Pan d", "10tablets", "2 umes a duy", "5 days", "Cap Cypon", "10tablets", "3 tmesa dey", "7days", "Syrup", "Dosago", "Froquoncy", "Duratlon", "Syrup TusQ dx", "10ml", "3 tms doy", "7day", "Advico:", "-Tako tod rost", "Eat nsy-to-digest food like boiled dce with dnl", "Stoybydrated"], "confidence": [0.9549444317817688, 0.8473905324935913, 0.8499292135238647, 0.7838313579559326, 0.7839610576629639, 0.9502937197685242, 0.9190990924835205, 0.908909797668457, 0.9788968563079834, 0.964890718460083, 0.9147937297821045, 0.9273074269294739, 0.7692691087722778, 0.7547540068626404, 0.9109414219856262, 0.9273074269294739, 0.7338863611221313, 0.8520981669425964, 0.8536351919174194, 0.8921223878860474, 0.7483718395233154, 0.8944264054298401, 0.8428520560264587, 0.9046000242233276, 0.8103421926498413, 0.8520981669425964, 0.8869227766990662, 0.9273074269294739, 0.7387182116508484, 0.7517222762107849, 0.9921102523803711, 0.9273074269294739, 0.8244291543960571, 0.9444330930709839, 0.9755377769470215, 0.9641801714897156, 0.8976813554763794, 0.9845994710922241, 0.9360784888267517, 0.9751888513565063, 0.7108118534088135, 0.940690815448761, 0.9678854942321777, 0.7721758484840393, 0.8601347208023071, 0.8264799118041992], "label": [1, 1, 1, 0, 0, 0, 0]}