{"text": ["XYZ Hospital", "123 tlealth Street,Wellness City", "Phone:+1-234.587-890", "PatlntNamx:Llam R", "Ap:52", "Doctor: Dr. Millor", "Medicine", "Dosuge", "Frequency", "Duration", "Tab Febrexplus", "20 tblets", "3mesday", "4duys", "TabCiplox500", "15tablets", "3umesaday", "30 days", "Tab Cetine", "10 tablets", "3 tmesa day", "7 days", "Cap Omez", "5tablets", "2 tms a doy", "7 days", "Cap Pand", "10 tablets", "2tmesaday", "7 days", "Syrup", "Dosopo", "Froquoncy", "Duration", "Syrup TusQ-dx", "10ml", "2timday", "30days", "Advico:", "-Tako tod rost", "Eat nsy-to-dlgest food like boiled dce with dal", "-Staytydrated"], "confidence": [0.9544302821159363, 0.8392036557197571, 0.8541738390922546, 0.7796739935874939, 0.7315886616706848, 0.9523960947990417, 0.9286406636238098, 0.9427713751792908, 0.9838371276855469, 0.9623180627822876, 0.9291200637817383, 0.9135541915893555, 0.8390634655952454, 0.9136894941329956, 0.9310246109962463, 0.9090301990509033, 0.8518244028091431, 0.8853435516357422, 0.9291049838066101, 0.8921223878860474, 0.7573702335357666, 0.8767657279968262, 0.8546280264854431, 0.8846966028213501, 0.7903292179107666, 0.8720644116401672, 0.9078732132911682, 0.901634693145752, 0.8561273813247681, 0.8720644116401672, 0.9747051000595093, 0.7710023522377014, 0.9749724864959717, 0.9667842388153076, 0.9561455249786377, 0.9347427487373352, 0.7432094216346741, 0.8138046264648438, 0.96775883436203, 0.7913121581077576, 0.9010859727859497, 0.937537431716919], "label": [1, 1, 1, 0, 0, 0, 0]}