{"text": ["XYZ Hospital", "123 tlealth Street,Wellness City", "Phone:+1-234.587-890", "Patlant Nanx:Davld Whito", ":70", "Doctor: Dr. Tumor", "Medicine", "Dosuge", "Frequency", "Duration", "Tab Combilam", "10 tablets", "20ms doy", "4duys", "Cap Omez", "10tablets", "3 0ms duy", "5days", "Tab Pand", "10tablets", "2 tmes aduy", "7 days", "Tab Febrex plus", "10tablets", "3 tmes aday", "5days", "TabAllegr", "20 tblets", "3 tmesaday", "t4duys", "TabA1urodin 500", "10 tablets", "2 tms a dey", "t4days", "Syrup", "Dosago", "Froquoncy", "Duratlon", "Syrup Brozodax", "10ml", "2tmdoy", "14dy", "Advico:", "-Tako tod rost", "Eat nsy-to-digest food like boiled dce with dnl", "Stoybydrated"], "confidence": [0.953843355178833, 0.8385964632034302, 0.8531273007392883, 0.833240807056427, 0.8660268783569336, 0.9753202795982361, 0.930323600769043, 0.908909797668457, 0.9790523052215576, 0.9618746042251587, 0.8985769748687744, 0.8824431300163269, 0.7498652935028076, 0.9136894941329956, 0.8365799188613892, 0.9273074269294739, 0.7248404622077942, 0.8520981669425964, 0.9166018962860107, 0.9273074269294739, 0.7138233184814453, 0.8425600528717041, 0.9567110538482666, 0.9273074269294739, 0.8230957388877869, 0.8366293907165527, 0.9359873533248901, 0.9003804326057434, 0.849814236164093, 0.8104643225669861, 0.8281944394111633, 0.8921223878860474, 0.7383468747138977, 0.8406792283058167, 0.9720994234085083, 0.8327839374542236, 0.9442562460899353, 0.9845994710922241, 0.9569488763809204, 0.9751888513565063, 0.6953840851783752, 0.932861328125, 0.9667397141456604, 0.7713730931282043, 0.8598954081535339, 0.8411200642585754], "label": [1, 1, 1, 0, 0, 0, 0]}