{"text": ["XYZ Hospital", "123 tlealth Street,Wellness City", "Phone:+1-234.587-890", "Patlant Namx:Jano Davs", "80", "Doctor: Dr. Millor", "Medicine", "Dosuge", "Frequency", "Duration", "TabA1uhrodn500", "15tablets", "20ms dey", "5 days", "Tab Pan d", "20 tblets", "3 umes dey", "10days", "TabCyciomelf", "5tablets", "3 tmesaday", "30 days", "Cap Dilanun", "20 toblets", "2 tmesa dey", "10days", "TabNeurobin Forte", "10 tablets", "2tmesaday", "10days", "Syrup", "Dosapo", "Froquoncy", "Duratlon", "Syrup Cypon", "Sml", "3timsday", "7day", "Advico:", "-Tako tod rost", "Eat nsy-to-dlgest food like boiled dce with dal", "-Stayhydrated"], "confidence": [0.9573611617088318, 0.8467555046081543, 0.8541738390922546, 0.8260185718536377, 0.8890917301177979, 0.9698774814605713, 0.930323600769043, 0.9427713751792908, 0.9838371276855469, 0.964890718460083, 0.812574028968811, 0.8913987278938293, 0.7692691087722778, 0.7493965029716492, 0.9305731654167175, 0.9185055494308472, 0.7338784337043762, 0.9015160202980042, 0.8726169466972351, 0.8933669328689575, 0.8129498362541199, 0.8833222985267639, 0.934170126914978, 0.8743324279785156, 0.8118886351585388, 0.9213528037071228, 0.9521375298500061, 0.901634693145752, 0.8577829003334045, 0.9213528037071228, 0.9720994234085083, 0.90958172082901, 0.9749724864959717, 0.910537838935852, 0.9505860805511475, 0.9197258949279785, 0.7384964227676392, 0.8434621095657349, 0.9691476225852966, 0.7805672287940979, 0.9010121822357178, 0.8882160782814026], "label": [1, 1, 1, 0, 0, 0, 0]}