{"text": ["XYZ Hospital", "123 tlealth Street,Wellness City", "Phone:+1-234.587-890", "PatlantNamx:Allco Wlson", ":40", "Doctor: Dr. Smith", "Medicine", "Dosuge", "Frequency", "Duration", "TabCiplox 500", "20 tblets", "20ms day", "5 days", "Tab Triz", "10 tablets", "20mesaday", "10days", "TabNeurobin Forte", "20 tblets", "3 tmesa day", "7 days", "TabA1uhrodin 500", "5tablets", "3 tmesa dey", "7 days", "Cap Colmmune", "10 tablets", "2tmesaday", "10days", "Syrup", "Dosago", "Froquoncy", "Duratlon", "Syrup Corox-dx", "Sml", "2timday", "14day", "Advico:", "-Tako tod rost", "Eat nsy-to-digest food like boiled dce with dal", "-Stayhydrated"], "confidence": [0.95210862159729, 0.8402663469314575, 0.8577502369880676, 0.8370033502578735, 0.7442576289176941, 0.9386443495750427, 0.9286406636238098, 0.9427713751792908, 0.9838371276855469, 0.965709924697876, 0.8897778987884521, 0.9135541915893555, 0.7605679631233215, 0.7393367886543274, 0.8224189281463623, 0.8921223878860474, 0.7708227634429932, 0.924377977848053, 0.9465928673744202, 0.9248446226119995, 0.7573702335357666, 0.8767657279968262, 0.789650559425354, 0.8846966028213501, 0.7729131579399109, 0.8720644116401672, 0.8822947144508362, 0.901634693145752, 0.8482097387313843, 0.9213528037071228, 0.9720994234085083, 0.9064610600471497, 0.9749724864959717, 0.8988408446311951, 0.9675631523132324, 0.9197258949279785, 0.7432094216346741, 0.7760825753211975, 0.9675191640853882, 0.8272841572761536, 0.89924156665802, 0.8873699903488159], "label": [1, 1, 1, 0, 0, 0, 0]}