{"text": ["XYZ Hospital", "123 tlealth Street,Wellness City", "Phone:+1-234.587-890", "Patlant Namx:Davld Millar", "p:22", "DoctorDr.Johnson", "Medicine", "Dosuge", "Frequency", "Duration", "Tab Febrexplus", "10tablets", "20ms dey", "5days", "Tab Evion", "10 tablets", "2tmes day", "4days", "TabCyclopam", "20tblets", "2tmesa dey", "t4days", "Cap Cypon", "5tblets", "2 tmes a day", "30 days", "Syrup", "Dosapo", "Froquancy", "Duratlon", "Syrup Brozodax", "Sml", "3 ts doy", "4 day", "SyrupZodax", "Sml", "2timday", "10day", "Advico:", "-Tako bod rost", "Eat nsy-to-digest food like boiled dce with dal", "-Staytydrated"], "confidence": [0.9556874632835388, 0.8380128741264343, 0.8541738390922546, 0.8535218834877014, 0.7944168448448181, 0.9615128040313721, 0.930323600769043, 0.9422492384910583, 0.9905779957771301, 0.964890718460083, 0.9441179633140564, 0.9273074269294739, 0.7710025310516357, 0.8343985676765442, 0.9279268980026245, 0.8921223878860474, 0.7933801412582397, 0.9184122085571289, 0.892010509967804, 0.9516710042953491, 0.8125902414321899, 0.8406792283058167, 0.9558568596839905, 0.8796586990356445, 0.7614920139312744, 0.8500292897224426, 0.9747051000595093, 0.8093938827514648, 0.9169834852218628, 0.9347891807556152, 0.9837291836738586, 0.8684621453285217, 0.6967481374740601, 0.7662840485572815, 0.898558497428894, 0.9197258949279785, 0.8057705163955688, 0.7979649305343628, 0.967370867729187, 0.822790801525116, 0.9078223705291748, 0.9250409007072449], "label": [1, 1, 1, 0, 0, 0, 0]}