{"text": ["XYZ Hospital", "123 tlealth Street,Wellness City", "Phone:+1-234.587-890", "Patlant Namx:Davld Millar", "p:5", "Doctor: Dr. Millor", "Medicine", "Dosuge", "Frequency", "Duration", "Tab Trtz", "20 tblets", "20ms dey", "t4days", "Tab Neurobin Forte", "10 tablets", "20mes dey", "4days", "Cap CoImmune", "15tablets", "2 tmes aday", "30 days", "Tab Allegre", "15tablets", "3 tmesa dey", "7 days", "Cap Omez", "5tablets", "2tmesaday", "10days", "Syrup", "Dosopo", "Froquoncy", "Duratlon", "Syrup Brozodax", "10ml", "3timsday", "Sday", "Advico:", "-Tako tod rost", "Eat nsy-to-dlgest food like boiled dce with dal", "-Stayhydrated"], "confidence": [0.95541912317276, 0.8380128741264343, 0.8541738390922546, 0.8476281762123108, 0.5828918814659119, 0.9531019926071167, 0.9695621132850647, 0.9427713751792908, 0.9838371276855469, 0.9629752039909363, 0.788279116153717, 0.9135541915893555, 0.7692691087722778, 0.8578319549560547, 0.9274117350578308, 0.8921223878860474, 0.7687022686004639, 0.9184122085571289, 0.9039633274078369, 0.8913987278938293, 0.7636944055557251, 0.8867191672325134, 0.8713741898536682, 0.9035497307777405, 0.8120609521865845, 0.9913495182991028, 0.7873196601867676, 0.9057856798171997, 0.8577829003334045, 0.9213528037071228, 0.9747051000595093, 0.7710023522377014, 0.9749724864959717, 0.8988408446311951, 0.9824841618537903, 0.9347427487373352, 0.7407669425010681, 0.7356988191604614, 0.9671358466148376, 0.8293460011482239, 0.9010859727859497, 0.8834782838821411], "label": [1, 1, 1, 0, 0, 0, 0]}