{"text": ["XYZ Hospital", "123 tlealth Street,Wellness City", "Phone:+1-234.587-890", "Patlant Namx:Graco Wlllams", "40", "Doctor: Dr. Millor", "Medicine", "Dosuge", "Frequency", "Duration", "Tab Dolonex dt", "20 tblets", "20ms doy", "10duys", "Tab Allegra", "10 tablets", "3umesaday", "30 days", "Tab Evion", "10 tablets", "3tmes day", "30 days", "Cap Colmmune", "20 toblets", "3 tmesa dey", "30 days", "Tab Combinam", "5tablets", "3 tmesaday", "4days", "Syrup", "Dosapo", "Froquancy", "Duratlon", "Syrup Corox", "10ml", "2tmsdoy", "14dy", "Syrup TusQ dx", "Sml", "2tims doy", "10dny", "Advico:", "-Tako tod rost", "Eat ensy-to-digest food like boiled rice with dnl", "Stoytydrated"], "confidence": [0.9536144137382507, 0.8544544577598572, 0.8499292135238647, 0.8237069845199585, 0.7601802945137024, 0.9704163670539856, 0.9258362054824829, 0.9740098118782043, 0.9838311672210693, 0.9623180627822876, 0.9139989018440247, 0.9135541915893555, 0.7523245811462402, 0.9152160286903381, 0.8742099404335022, 0.8921223878860474, 0.8479437828063965, 0.8853435516357422, 0.9258222579956055, 0.8921223878860474, 0.8064771294593811, 0.8833222985267639, 0.8978192210197449, 0.8586471676826477, 0.8120609521865845, 0.8741859793663025, 0.9427052140235901, 0.9057856798171997, 0.8439608812332153, 0.9184122085571289, 0.9703512191772461, 0.90386563539505, 0.9532040357589722, 0.9472008943557739, 0.9759426712989807, 0.9347427487373352, 0.6871513724327087, 0.8365260362625122, 0.9806254506111145, 0.9197258949279785, 0.7041686773300171, 0.7591055631637573, 0.9662078022956848, 0.7354203462600708, 0.844878613948822, 0.8652937412261963], "label": [1, 1, 1, 0, 0, 0, 0]}