{"text": ["XYZ Hospital", "123 tlealth Street,Wellness City", "Phone:+1-234.587-890", "PatlantNamx:Mla Wlson", ":40", "Doctor: Dr.Lao", "Medicine", "Dosuge", "Frequency", "Duration", "Tab Cetine", "20 tblets", "20ms dey", "5 days", "Tab Evion", "20 tablets", "3 umes dey", "7 days", "Cup Co-lmmune", "5tablets", "3 tmes dey", "7 days", "Tab Allegra", "10 tablets", "3 tmesa dey", "4days", "Tab Cyclomeff", "10 tablets", "2tmesaday", "4days", "Syrup", "Dosapo", "Froquoncy", "Duratlon", "Syrup Corox", "10ml", "3timsday", "10day", "Advico:", "-Tako tod rost", "Eat nsy-to-digest food like boiled dce with dal", "-Staytydrated"], "confidence": [0.9531888961791992, 0.8380128741264343, 0.8577502369880676, 0.8351658582687378, 0.7442576289176941, 0.8863537907600403, 0.930323600769043, 0.9427713751792908, 0.9838371276855469, 0.964890718460083, 0.9128592610359192, 0.9135541915893555, 0.7692691087722778, 0.7517222762107849, 0.9279268980026245, 0.9054545164108276, 0.7338784337043762, 0.8720644116401672, 0.8287741541862488, 0.8846966028213501, 0.7872068881988525, 0.8720644116401672, 0.9259791970252991, 0.901634693145752, 0.7700328230857849, 0.9184122085571289, 0.8256028294563293, 0.901634693145752, 0.8579052090644836, 0.9184122085571289, 0.9747051000595093, 0.7875345349311829, 0.9624842405319214, 0.9632958173751831, 0.9781517386436462, 0.9347427487373352, 0.7406063079833984, 0.8202261924743652, 0.9675191640853882, 0.8345187902450562, 0.8992130160331726, 0.9372954964637756], "label": [1, 0, 1, 0, 0, 0, 0]}