{"text": ["XYZ Hospital", "123 tlealth Street,Wellness City", "Phone:+1-234-587-890", "Patlont Nanx:Allco Wlllams", "1", "Doctor: Dr. Tumor", "Medicine", "Dosage", "Frequency", "Duration", "TabCiplox500", "20 tblets", "20ms doy", "30 days", "Tab Cyclopam", "t5tablets", "3tmesaday", "10days", "TabClavum 025", "5tablets", "3 tmesaday", "30 duys", "Cap Cypon", "20 tablets", "3 tmesadey", "10days", "Syrup", "Dosago", "Froquancy", "Duration", "Syrup Corx", "Sml", "2 tim doy", "7 daya", "Advico:", "-Tako bod rost", "Eat nsy-to-dlgest food like boiled rice with dal", "-Stytydrated"], "confidence": [0.9505834579467773, 0.8402786254882812, 0.886119544506073, 0.8300567269325256, 0.9054326415061951, 0.9572495818138123, 0.954825758934021, 0.8897534012794495, 0.9788968563079834, 0.964890718460083, 0.9262881875038147, 0.9135541915893555, 0.7564270496368408, 0.8676621317863464, 0.888901948928833, 0.8833587169647217, 0.8034953474998474, 0.924377977848053, 0.8272656798362732, 0.9093613624572754, 0.8514732122421265, 0.9196853041648865, 0.9558568596839905, 0.8983814120292664, 0.7185487747192383, 0.9213528037071228, 0.9825723767280579, 0.9191999435424805, 0.9354243874549866, 0.9527572989463806, 0.9239195585250854, 0.8684621453285217, 0.7495908737182617, 0.8706228733062744, 0.9288334846496582, 0.7142534255981445, 0.8857390284538269, 0.9112634658813477], "label": [1, 1, 1, 0, 0, 0, 0]}