{"text": ["XYZ Hospital", "123 tlealth Street,Wellness City", "Phone:+1-234.587-890", "PatlntNam:Evo D", ":74", "Doctor: Dr. Millor", "Medicine", "Dosuge", "Frequency", "Duration", "Cap CoImmune", "20 tblets", "3mesday", "10 days", "Tab Zole fcreum", "15tablets", "3 umes doy", "5days", "TabA1urodn 500", "5tablets", "3tmesaduy", "10duys", "Cap Dilantn", "10tablets", "3tmes aday", "5days", "Tab Trz", "15tablets", "3 tmesaday", "5days", "Cap Zovirax", "15tablets", "3 tmesa dey", "t4days", "Syrup", "Dosago", "Froquoncy", "Duratlon", "Syrup Cypon", "10ml", "2tmdoy", "30 dny", "Advico:", "-Tako to rost", "Eat nsy-to-digest food like boiled dce with dnl", "Stoytydrated"], "confidence": [0.9523743987083435, 0.8418617844581604, 0.8531273007392883, 0.8289293646812439, 0.8511033058166504, 0.9792183637619019, 0.954825758934021, 0.9427713751792908, 0.9790523052215576, 0.9623180627822876, 0.8673072457313538, 0.9003804326057434, 0.8458738923072815, 0.9548414945602417, 0.8720982670783997, 0.9037178754806519, 0.7165395617485046, 0.8520981669425964, 0.8298062682151794, 0.916618824005127, 0.8625564575195312, 0.9106659889221191, 0.872136116027832, 0.9273074269294739, 0.8595724105834961, 0.8520981669425964, 0.9231915473937988, 0.8647039532661438, 0.8478784561157227, 0.8520981669425964, 0.8640068173408508, 0.8990643620491028, 0.7711530923843384, 0.8406792283058167, 0.9719002842903137, 0.958836555480957, 0.9524527788162231, 0.9814329147338867, 0.9840652942657471, 0.9717352390289307, 0.7179483771324158, 0.7926518321037292, 0.9678854942321777, 0.7605816721916199, 0.861255407333374, 0.856630802154541], "label": [1, 1, 1, 0, 0, 0, 0]}