{"text": ["XYZ Hospital", "123 tlealth Street,Wellness City", "Phone:+1-234-587-890", "Patlont Nanx:Mla Wlllams", ":40", "Doctor: Dr.Lao", "Medicine", "Dosuge", "Frequency", "Duration", "TabAluhrodn 500", "10tablets", "20ms dey", "10days", "Tab Trz", "20 tablets", "3 tmes doy", "t4duys", "Tab Zole fcream", "15tablets", "3 tmesa doy", "7 days", "Cap Pan d", "5tablets", "2 tmesa day", "10days", "Cap Dilanun", "5tablets", "3 tmesaday", "7 days", "TabCiplox500", "15tablets", "3 tmesa dey", "$ days", "Syrup", "Dosago", "Froquoncy", "Durotlon", "Syrup Cypon", "Sml", "2 timdoy", "7days", "Syrup Brozodax", "10ml", "2timday", "7day", "Advico:", "-Tako tod rst", "Eat nsy-to-digest food like boiled rice with dal", "-Stytydrated"], "confidence": [0.9506051540374756, 0.8384838700294495, 0.8921415209770203, 0.7800690531730652, 0.799386203289032, 0.8980931043624878, 0.907014787197113, 0.9422492384910583, 0.9902750849723816, 0.9623180627822876, 0.7972703576087952, 0.9273074269294739, 0.7692691087722778, 0.8628065586090088, 0.8565524220466614, 0.8967920541763306, 0.7507402896881104, 0.8146358132362366, 0.8537684679031372, 0.8671495914459229, 0.7852831482887268, 0.8401936888694763, 0.9105875492095947, 0.9046000242233276, 0.8068044185638428, 0.8654675483703613, 0.9081286787986755, 0.9079194068908691, 0.8251968622207642, 0.8452855944633484, 0.9226422905921936, 0.8990643620491028, 0.8336135745048523, 0.9325768351554871, 0.988613486289978, 0.8285646438598633, 0.9466862082481384, 0.9339734315872192, 0.9880268573760986, 0.9028758406639099, 0.7554259300231934, 0.9075732231140137, 0.9885231852531433, 0.9357630014419556, 0.7733154892921448, 0.8532044887542725, 0.9684262275695801, 0.7242653369903564, 0.9027966856956482, 0.9149673581123352], "label": [1, 1, 1, 0, 0, 0, 0]}