{"text": ["XYZ Hospital", "123 tlealth Street,Wellness City", "Phone:+1-234-587-890", "Patlnt Nan:Allco R", "p:23", "Doctor: Dr. Millor", "Medicine", "Dosuge", "Frequency", "Duration", "TabCyciomelf", "15tablets", "20ms doy", "10duys", "Tab Zole fcream", "5tablets", "3tmesaday", "10days", "TabDolo650", "5tablets", "3 tmes a duy", "10 days", "Cap Omez", "20 tablets", "3 tmesa dey", "10days", "Syrup", "Dosopo", "Froquancy", "Ouration", "Syrup Corox-dx", "10ml", "3mday", "7days", "Advico:", "-Tako bod rost", "Eat nsy-to-dlgest food like boiled rice with dal", "-Stynydrated"], "confidence": [0.9430069327354431, 0.8395678997039795, 0.9056805372238159, 0.7484827041625977, 0.7894628047943115, 0.9622380137443542, 0.954825758934021, 0.975483238697052, 0.9772398471832275, 0.9623180627822876, 0.8673532009124756, 0.8927748799324036, 0.7564270496368408, 0.9152160286903381, 0.887616753578186, 0.895728349685669, 0.8181862235069275, 0.9015160202980042, 0.9055817723274231, 0.8238018751144409, 0.8485350012779236, 0.8472437858581543, 0.8485184907913208, 0.8983814120292664, 0.7313879132270813, 0.924377977848053, 0.9825723767280579, 0.7810644507408142, 0.9318037033081055, 0.9101769924163818, 0.9694970846176147, 0.9658069610595703, 0.8066997528076172, 0.8926272392272949, 0.9288334846496582, 0.7142534255981445, 0.8857390284538269, 0.8972119688987732], "label": [1, 1, 1, 0, 0, 0, 0]}