{"text": ["XYZ Hospital", "123 tlealth Street,Wellness City", "Phone:+1-234.587-890", "Patlant Nanx:Davld Smith", "p:73", "Doctor:Dr.Millor", "Medicine", "Dosuge", "Frequency", "Duration", "Tab Trtz", "10tablets", "3mesday", "30 days", "Tab Neurobin Forte", "15tablets", "3 tmes duy", "7days", "Tab Combinam", "15tablets", "2 tmes aday", "10 days", "TabAluhrodin 500", "10tablets", "3 tmesa dey", "5days", "Syrup", "Dosogo", "Froquoncy", "Duratlon", "Syrup Brozodox", "10ml", "2 tm doy", "14day", "SyrupTusdx", "Sml", "2timday", "7day", "Advico:", "-Tako tod rost", "Eat nsy-to-dlgest food like boiled dce with dal", "-Stayhydrated"], "confidence": [0.9558982253074646, 0.8413002490997314, 0.8541738390922546, 0.7983599305152893, 0.8352077603340149, 0.9203998446464539, 0.9287864565849304, 0.9349806904792786, 0.9838311672210693, 0.964890718460083, 0.788279116153717, 0.925683319568634, 0.8416870832443237, 0.8833222985267639, 0.9274117350578308, 0.8910235166549683, 0.7430770993232727, 0.9236086010932922, 0.9477403163909912, 0.8910235166549683, 0.805636465549469, 0.842936098575592, 0.7435046434402466, 0.9247161149978638, 0.8120609521865845, 0.886221706867218, 0.9728748202323914, 0.7991173267364502, 0.8694943189620972, 0.8700814247131348, 0.9734998941421509, 0.9410436153411865, 0.7138250470161438, 0.8005935549736023, 0.9000024795532227, 0.9197258949279785, 0.7565017938613892, 0.8190528750419617, 0.96641606092453, 0.7817802429199219, 0.9047735333442688, 0.8821853995323181], "label": [1, 0, 1, 0, 0, 0, 0]}