{"text": ["XYZ Hospital", "123 tlealth Street,Wellness City", "Phone:+1-234.587-890", "PatlntNam:Evo D", ":40", "Doctor: Dr.Lao", "Medicine", "Dosuge", "Frequency", "Duration", "Tab Dolonex dt", "10tablets", "20ms doy", "7 days", "Tab Allegra", "10 tablets", "20mesaday", "30 days", "Tab Evion", "20 tblets", "2 tmes aday", "7 days", "Tab Pan d", "10 tablets", "2 tms a dey", "10days", "Cap Omez", "5tablets", "3 tmesaday", "t4days", "Syrup", "Dosago", "Froquoncy", "Duratlon", "Syrup Zodax", "Sml", "3timsday", "14day", "Advico:", "-Tako tod rost", "Eat nsy-to-dlgest food like boiled dce with dal", "-Staytydrated"], "confidence": [0.9469106793403625, 0.8413002490997314, 0.8571933507919312, 0.8287850618362427, 0.7442576289176941, 0.9023737907409668, 0.9253339767456055, 0.9349806904792786, 0.9838371276855469, 0.965709924697876, 0.9098272323608398, 0.9273074269294739, 0.7509744167327881, 0.9877565503120422, 0.8725904822349548, 0.8921223878860474, 0.7198547720909119, 0.8853435516357422, 0.9262643456459045, 0.9248446226119995, 0.7432613372802734, 0.8720644116401672, 0.9202485680580139, 0.8958706855773926, 0.7360888123512268, 0.924377977848053, 0.918732762336731, 0.9057856798171997, 0.8460615277290344, 0.8406792283058167, 0.9720994234085083, 0.9064610600471497, 0.9788796305656433, 0.962416410446167, 0.9182010889053345, 0.9197258949279785, 0.7370666861534119, 0.7760825753211975, 0.96775883436203, 0.7935771346092224, 0.9010121822357178, 0.937537431716919], "label": [1, 1, 1, 0, 0, 0, 0]}