{"text": ["XYZ Hospital", "123 tlealth Street,Wellness City", "Phone:+1-234.587-890", "Patlnt Nanx:Evo Wllams", "p:39", "Doctor: Dr. Millor", "Medicine", "Dosage", "Frequency", "Duration", "Tab Cyciomeff", "20 tblets", "3mesday", "30 duys", "Tab Triz", "20 tablets", "20mes dey", "4days", "TabClavum 25", "15tablets", "3tmes day", "30 days", "Tab Dolonex dt", "10 tablets", "2 tmesa dey", "30 days", "TabCiplox 500", "20 tablets", "2tmesaday", "4days", "Syrup", "Dosapo", "Froquancy", "Duratlon", "Syrup Brozodax", "Sml", "2tmdoy", "14dy", "Syrup TusQ dx", "10ml", "2tims doy", "10dny", "Advico:", "-Tako tod rost", "Eat nsy-to-digest food like boiled rice with dnl", "Stoytydrated"], "confidence": [0.9550206065177917, 0.8415372371673584, 0.8575018644332886, 0.7742648720741272, 0.7092078924179077, 0.977349042892456, 0.930323600769043, 0.9033363461494446, 0.9838371276855469, 0.964890718460083, 0.8431559205055237, 0.9135541915893555, 0.8458738923072815, 0.9051676392555237, 0.880497932434082, 0.9054545164108276, 0.7687022686004639, 0.8935898542404175, 0.8262426257133484, 0.8913987278938293, 0.795462429523468, 0.8833222985267639, 0.9163484573364258, 0.901634693145752, 0.8118886351585388, 0.8741859793663025, 0.9253673553466797, 0.8863240480422974, 0.8577829003334045, 0.9184122085571289, 0.9703512191772461, 0.9054598808288574, 0.8946319222450256, 0.9472008943557739, 0.9605389833450317, 0.9197258949279785, 0.7434632182121277, 0.8365260362625122, 0.9829253554344177, 0.9380403757095337, 0.7041686773300171, 0.7591055631637573, 0.9687759280204773, 0.7769070863723755, 0.8504207730293274, 0.871784508228302], "label": [1, 0, 1, 0, 0, 0, 0]}