{"text": ["XYZ Hospital", "123 tlealth Street,Wellness City", "Phone:+1-234-587-890", "Patlont Nanx:John Wlllams", ":30", "Doctor:Dr.Smith", "Medicine", "Dosuge", "Frequency", "Duration", "TabCyciomelf", "10 tablets", "3mesday", "5days", "Tab Neurobin Forte", "15tablets", "3 umes duy", "7 days", "Tab Combinam", "5tablets", "2 tmsa duy", "10 duys", "Cup Cypon", "10tablets", "2tmesa day", "7 days", "TabCiplox500", "15tablets", "3 tmesaday", "10days", "Tab Cetine", "10tablets", "3 tmesa dey", "t4days", "Syrup", "Dosapo", "Froquoncy", "Duratlon", "Syrup Brozodax", "10ml", "3tims doy", "30 dy", "Syrup TusQ-dx", "10ml", "2timday", "14day", "Advico:", "-Tako tod rost", "Eat nsy-to-digest food like boiled rice with dnl", "-Stytydrated"], "confidence": [0.953065812587738, 0.8387157320976257, 0.8826906085014343, 0.8705765008926392, 0.8873375058174133, 0.9367042779922485, 0.930323600769043, 0.9415733814239502, 0.9902750849723816, 0.964890718460083, 0.8688231110572815, 0.8778047561645508, 0.8203554749488831, 0.8641525506973267, 0.9164950251579285, 0.8671495914459229, 0.7057475447654724, 0.861883819103241, 0.9450958371162415, 0.916618824005127, 0.7545597553253174, 0.8863319754600525, 0.9051306247711182, 0.9273074269294739, 0.8348559141159058, 0.861883819103241, 0.8759835362434387, 0.8647039532661438, 0.8438262939453125, 0.8654675483703613, 0.9301382303237915, 0.9273074269294739, 0.7889118194580078, 0.8406792283058167, 0.988613486289978, 0.8228013515472412, 0.9466862082481384, 0.9899555444717407, 0.9625455141067505, 0.9702969789505005, 0.7382882833480835, 0.8780330419540405, 0.9556137919425964, 0.9599877595901489, 0.8172538876533508, 0.7873247861862183, 0.9238536953926086, 0.7472178339958191, 0.8472199440002441, 0.9115187525749207], "label": [1, 0, 1, 0, 0, 0, 0]}