{"text": ["XYZ Hospital", "123 tlealth Street,Wellness City", "Phone:+1-234-587-890", "Patlont Nanx:Llam Davs", ":38", "Doctor: Dr.Lao", "Medidine", "Dosuge", "Frequency", "Duration", "Tab Pan d", "15tablets", "3mesday", "7 days", "Tab Zolefcreum", "20 tablets", "2 tms  duy", "7 days", "TabAlurodn 500", "5tablets", "2 tmes a duy", "14duys", "TabClavum025", "10tablets", "3tmes aday", "7 days", "Tab Cetine", "15tablets", "2 umes a duy", "30 days", "TabNeurobin Forte", "15tablets", "2tmesaday", "10days", "Syrup", "Dosapo", "Froquoncy", "Duratlon", "Syrup Grillnctus tm", "Sml", "2 tim doy", "30 days", "Syrup TusQx", "Sml", "3timsday", "30 days", "Advico:", "-Tako tod rost", "Eat nsy-to-digest food like boiled rice with dal", "-Stytydrated"], "confidence": [0.9538248181343079, 0.8470800518989563, 0.8887737989425659, 0.8131297826766968, 0.8272957801818848, 0.9071235060691833, 0.9153572916984558, 0.9427713751792908, 0.9905779957771301, 0.964890718460083, 0.9237191081047058, 0.8927748799324036, 0.8376972079277039, 0.8594018816947937, 0.83255535364151, 0.9054545164108276, 0.7418817281723022, 0.861883819103241, 0.788493275642395, 0.916618824005127, 0.7192685604095459, 0.8727502822875977, 0.8825080394744873, 0.9273074269294739, 0.8476999402046204, 0.861883819103241, 0.9418686032295227, 0.8647039532661438, 0.7387182116508484, 0.8513266444206238, 0.9568243622779846, 0.8990643620491028, 0.8441126346588135, 0.924377977848053, 0.983737587928772, 0.8228013515472412, 0.9466862082481384, 0.9559439420700073, 0.9712478518486023, 0.9028758406639099, 0.7471926212310791, 0.7578871846199036, 0.9398233294487, 0.927854061126709, 0.777565598487854, 0.7511711120605469, 0.9237281680107117, 0.7682695984840393, 0.9020175933837891, 0.9120380282402039], "label": [1, 0, 1, 0, 0, 0, 0]}