{"text": ["XYZ Hospital", "123 tlealth Street,Wellness City", "Phone:+1-234-587-890", "Patlont Nan:Bob D", ":38", "Doctor: Dr. Millor", "Medicine", "Dosage", "Frequency", "Duration", "TabCiplox 500", "5tablets", "3 mes doy", "10days", "Cap Cypon", "5tablets", "2 m0s  duy", "7 days", "Cap Dilantn", "15tablets", "2 tmes a day", "30 duys", "Cap Colmmune", "20 tblets", "2 tmesa day", "7 days", "Tab Zole fcreum", "10tablets", "2 tmes a duy", "5days", "TabAllegr", "5tablets", "3 tmesa dey", "$ duys", "Syrup", "Dosago", "Froquoncy", "Duratlon", "Syrup TusQ-dx", "10ml", "3tims doy", "30days", "Syrup TusQ dx", "Sml", "2timday", "5doys", "Advico:", "-Tako tod rst", "Eat nsy-to-digest food like boiled rice with dnl", "-Stytydrated"], "confidence": [0.9544918537139893, 0.8418617844581604, 0.9043426513671875, 0.7990553379058838, 0.8272957801818848, 0.959182620048523, 0.930323600769043, 0.9033363461494446, 0.9852608442306519, 0.9623180627822876, 0.9041270613670349, 0.901167631149292, 0.7526925802230835, 0.8628065586090088, 0.9385598301887512, 0.8909797668457031, 0.7353242039680481, 0.8401936888694763, 0.8967721462249756, 0.86665940284729, 0.7271961569786072, 0.8944264054298401, 0.8636324405670166, 0.9086169004440308, 0.8068044185638428, 0.8452855944633484, 0.8376866579055786, 0.9273074269294739, 0.7724898457527161, 0.8520981669425964, 0.9376838207244873, 0.8909797668457031, 0.8322397470474243, 0.9236800670623779, 0.9885613322257996, 0.8496239185333252, 0.9466862082481384, 0.9673064351081848, 0.9452909827232361, 0.9702969789505005, 0.732460081577301, 0.8151836395263672, 0.9453410506248474, 0.927854061126709, 0.7733154892921448, 0.7227104306221008, 0.9699703454971313, 0.7242653369903564, 0.8460922241210938, 0.9058265686035156], "label": [1, 1, 1, 0, 0, 0, 0]}