{"text": ["XYZ Hospital", "123 tlealth Street,Wellness City", "Phone:+1-234.587-890", "Patlant Namx:Davld Ro", "p:33", "Doctor: Dr.Lao", "Medicine", "Dosuge", "Frequency", "Duration", "TabClavum 025", "15tablets", "3mesday", "4days", "Tab Neurobin Forte", "5tablets", "3umesaday", "7 days", "Tab Cetine", "5 tablets", "2tmes adey", "5 days", "Cap Dilanun", "10 tablets", "2tmesa dey", "30 days", "Cap CoImmune", "15tablets", "3 tmesaday", "4days", "Syrup", "Dosapo", "Froquoncy", "Duratlon", "Syrup Cypon", "10ml", "3tmsdoy", "5day", "Syrup TusQ dx", "10ml", "2tims doy", "7days", "Advico:", "-Tako tod rost", "Eat nsy-to-digest food like boiled rice with dnl", "Stoybydrated"], "confidence": [0.9549853205680847, 0.8498444557189941, 0.8575018644332886, 0.7690045237541199, 0.8159250020980835, 0.878334641456604, 0.930323600769043, 0.9740098118782043, 0.9788968563079834, 0.9629752039909363, 0.8363438844680786, 0.8927748799324036, 0.8467262983322144, 0.8829224705696106, 0.9541727900505066, 0.895728349685669, 0.8435301780700684, 0.8720644116401672, 0.9184460639953613, 0.8691415786743164, 0.7675563097000122, 0.7600082755088806, 0.9441571831703186, 0.901634693145752, 0.839201807975769, 0.8853435516357422, 0.90069180727005, 0.8871575593948364, 0.8309677243232727, 0.9184122085571289, 0.9703512191772461, 0.9139150977134705, 0.9345409870147705, 0.9921525120735168, 0.9832866787910461, 0.9483411312103271, 0.7260910272598267, 0.7321327924728394, 0.9829253554344177, 0.9150266051292419, 0.6940467357635498, 0.9060519337654114, 0.9687759280204773, 0.7557078003883362, 0.8504207730293274, 0.8416121602058411], "label": [1, 1, 1, 0, 0, 0, 0]}