{"text": ["XYZ Hospital", "123 tlealth Street,Wellness City", "Phone:+1-234.587-890", "Patlont Namx:Charlo Smith", "p:31", "Doctor: Dr.Pato1", "Medicine", "Dosuge", "Frequency", "Duration", "TabFebrexplus", "15tablets", "20ms dey", "4duys", "Tab Allegra", "20 tablets", "2 tm0s  duy", "$ days", "Cap Omez", "20 tablets", "2 tmes a duy", "10days", "Cap Zovirax", "10 tablets", "3 tmesa dey", "10days", "Syrup", "Dosago", "Froquoncy", "Duration", "Syrup Corox", "Sml", "3tmsdoy", "10day", "SyrupTus dx", "Sml", "3timsday", "5doy", "Advico:", "-Tako tod rost", "Eat nsy-to-dlgest food like boiled dce with dal", "-Staytydrated"], "confidence": [0.9530686736106873, 0.838995099067688, 0.8577502369880676, 0.8473716974258423, 0.739750325679779, 0.9187980890274048, 0.930323600769043, 0.9427713751792908, 0.9838371276855469, 0.9622949361801147, 0.9706058502197266, 0.8927748799324036, 0.7710025310516357, 0.9083743095397949, 0.8742099404335022, 0.9054545164108276, 0.7051472663879395, 0.9286584258079529, 0.825120747089386, 0.8967920541763306, 0.78944331407547, 0.9266385436058044, 0.8704531192779541, 0.8802648782730103, 0.8120609521865845, 0.9470896124839783, 0.9720994234085083, 0.8496239185333252, 0.9308472871780396, 0.9527572989463806, 0.9754342436790466, 0.8684621453285217, 0.7024494409561157, 0.7469603419303894, 0.878349244594574, 0.9197258949279785, 0.7793974876403809, 0.7402545213699341, 0.96641606092453, 0.7968388199806213, 0.9047735333442688, 0.932716965675354], "label": [1, 1, 1, 0, 0, 0, 0]}