{"text": ["XYZ Hospital", "123 tlealth Street,Wellness City", "Phone:+1-234-587-890", "Patlont Nanx:Davld Davs", ":48", "Doctor: Dr. Millor", "Medicine", "Dosuge", "Frequency", "Quraton", "Cap Colmmune", "20tblets", "3mesday", "30 duys", "Tab Zolefcream", "5tablets", "2 tms  duy", "10days", "Cup Cypon", "20 tblets", "2 tmes a duy", "5days", "Tab Pan d", "15tablets", "2tmesa day", "30 days", "Cap Zovirax", "5tablets", "2 tmes a duy", "5days", "TabNeurobin Forte", "10tablets", "3 tmes adey", "10days", "Syrup", "Dosago", "Froquoncy", "Duratlon", "Syrup Grillnctus tm", "Sml", "2 tim doy", "7days", "Syrup Fobrox plus", "10ml", "2timday", "30dys", "Advico:", "-Tako tod rost", "Eat nsy-to-digest food like boiled rice with dnl", "-Stytydrated"], "confidence": [0.9546694755554199, 0.8356626629829407, 0.8930080533027649, 0.7939853072166443, 0.8221071362495422, 0.9702080488204956, 0.930323600769043, 0.9427713751792908, 0.9902750849723816, 0.8290681838989258, 0.8668548464775085, 0.9145114421844482, 0.8203554749488831, 0.9093779921531677, 0.8686822652816772, 0.8909797668457031, 0.7418817281723022, 0.8654675483703613, 0.9003956913948059, 0.9086169004440308, 0.7192685604095459, 0.8691898584365845, 0.8942930698394775, 0.86665940284729, 0.8348559141159058, 0.8867191672325134, 0.8877450823783875, 0.9079194068908691, 0.7724898457527161, 0.8756504058837891, 0.9591615200042725, 0.9273074269294739, 0.8263003826141357, 0.8654675483703613, 0.988613486289978, 0.8285646438598633, 0.9466862082481384, 0.9799938797950745, 0.9718594551086426, 0.9028758406639099, 0.7471926212310791, 0.9114284515380859, 0.9938902258872986, 0.9599877595901489, 0.801243007183075, 0.9068120121955872, 0.9631933569908142, 0.7699165344238281, 0.8472650647163391, 0.9120380282402039], "label": [1, 1, 1, 0, 0, 0, 0]}