{"text": ["XYZ Hospital", "123 tlealth Street,Wellness City", "Phone:+1-234.587-890", "PatlantNamo:Evo Brown", "Ap:52", "Doctor: Dr.Tumor", "Medicine", "Dosage", "Frequency", "Duration", "CupCypon", "20tblets", "3mesday", "5 days", "Tab Triz", "5tablets", "3 tmes dey", "7 days", "Cap Pan d", "20 toblets", "2tmes aday", "14days", "Tab Clavum 025", "5tablets", "3 tmesa dey", "7 days", "Tab Cyciopam", "5 tablets", "3 tmesaday", "5days", "Syrup", "Dosapo", "Froquoncy", "Duratlon", "Syrup Brozodax", "Sml", "2timdy", "7day", "Advico:", "-Tako tod rost", "Eat nsy-to-dlgest food like boiled dce with dal", "-Staytydrated"], "confidence": [0.9549286961555481, 0.8380128741264343, 0.8541738390922546, 0.841149091720581, 0.7315886616706848, 0.9518722891807556, 0.9318302869796753, 0.9033363461494446, 0.9838371276855469, 0.964890718460083, 0.9319764375686646, 0.9343926906585693, 0.8203554749488831, 0.7493965029716492, 0.9866247177124023, 0.895728349685669, 0.736356258392334, 0.8720644116401672, 0.9074792861938477, 0.8743324279785156, 0.7747554779052734, 0.8413376212120056, 0.833258330821991, 0.8669136762619019, 0.7284836173057556, 0.8720644116401672, 0.8517172932624817, 0.8480369448661804, 0.8304389119148254, 0.8691898584365845, 0.9720994234085083, 0.918595016002655, 0.9767853617668152, 0.910537838935852, 0.9837291836738586, 0.9197258949279785, 0.8358383178710938, 0.8434621095657349, 0.9671358466148376, 0.8298397660255432, 0.9010121822357178, 0.9319948554039001], "label": [1, 1, 1, 0, 0, 0, 0]}