{"text": ["XYZ Hospital", "123 tlealth Street,Wellness City", "Phone:+1-234.587-890", "PatlontNam:Bob Ro", ":44", "Doctor: Dr.Lao", "Medicine", "Dosuge", "Frequency", "Duration", "Cap Zovirax", "10tablets", "20ms dey", "30 days", "TabClavum025", "20 tablets", "3 umes dey", "5days", "TabCyciomelf", "5tablets", "3 tmes dey", "4 days", "Tab Evion", "10 tablets", "2 tmesa dey", "5 days", "Tab Pand", "10 tablets", "2tmesaday", "5days", "Syrup", "Dosago", "Froquoncy", "Duratlon", "Syrup Grillnctus tm", "Sml", "2timdy", "30days", "Advico:", "-Tako tod rost", "Eat nsy-to-dlgest food like boiled dce with dal", "-Staytydrated"], "confidence": [0.9525117874145508, 0.8385250568389893, 0.8571933507919312, 0.8373153805732727, 0.8580889701843262, 0.9082068204879761, 0.9286406636238098, 0.9349806904792786, 0.9838371276855469, 0.965709924697876, 0.8637662529945374, 0.9273074269294739, 0.7692691087722778, 0.8833222985267639, 0.8959173560142517, 0.8967920541763306, 0.7338784337043762, 0.8756504058837891, 0.8247764706611633, 0.8846966028213501, 0.7872068881988525, 0.8902750611305237, 0.9232249855995178, 0.901634693145752, 0.8118886351585388, 0.8013837933540344, 0.928550660610199, 0.901634693145752, 0.8577829003334045, 0.8882506489753723, 0.9720994234085083, 0.9064610600471497, 0.9749724864959717, 0.9881021976470947, 0.9704811573028564, 0.9197258949279785, 0.8264021277427673, 0.8138046264648438, 0.9678854942321777, 0.7846784591674805, 0.9014807939529419, 0.9258518218994141], "label": [1, 1, 1, 0, 0, 0, 0]}