{"text": ["XYZ Hospital", "123 tlealth Street,Wellness City", "Phone:+1-234.587-890", "Patlont Namx:Jano Millar", "Ap:35", "Doctor: Dr. Millor", "Medicine", "Dosuge", "Frequency", "Duration", "Tab Combinam", "5tablets", "3mesaday", "5 days", "Tab Sumo cold", "t5tablets", "2tmesa dey", "5 duys", "Tab Febrex plus", "10tablets", "3 tmesaday", "10duys", "Tab Dolonex dt", "10tablets", "3 tmesa dey", "5days", "Syrup", "Dosago", "Froquoncy", "Duratlon", "Syrup Fobrox plus", "Sml", "2 tm doy", "30 days", "SyrupTusx", "Sml", "2timday", "5doy", "Advico:", "-Tako tod rost", "Eat nsy-to-digest food like boiled dce with dal", "-Stayhydrated"], "confidence": [0.9532526135444641, 0.8445388078689575, 0.8541738390922546, 0.8418294787406921, 0.7742155194282532, 0.9523960947990417, 0.9302595853805542, 0.9427713751792908, 0.9860044121742249, 0.965709924697876, 0.9427878260612488, 0.901167631149292, 0.7892289161682129, 0.7393367886543274, 0.9154900312423706, 0.8808125257492065, 0.729718804359436, 0.9158236980438232, 0.9116061329841614, 0.925683319568634, 0.8493043780326843, 0.9116313457489014, 0.9200500249862671, 0.9247161149978638, 0.703156054019928, 0.886221706867218, 0.9747051000595093, 0.8496239185333252, 0.8694943189620972, 0.8907557725906372, 0.9929467439651489, 0.8684621453285217, 0.7157291769981384, 0.8685017824172974, 0.87227463722229, 0.9197258949279785, 0.811744749546051, 0.7402545213699341, 0.9678854942321777, 0.7862769961357117, 0.907055139541626, 0.8786836266517639], "label": [1, 0, 1, 0, 0, 0, 0]}