{"text": ["XYZ Hospital", "123 tlealth Street,Wellness City", "Phone:+1-234.587-890", "Patlont Nanx:Davld Whito", "Apo:55", "Doctor: Dr.Lao", "Medicine", "Dosuge", "Frequency", "Duration", "Cap Omez", "5 tablets", "2tmes duy", "10 days", "Cap Zovirax", "15tablets", "20mesaday", "7 days", "TabCiplox500", "5tablets", "2tmes duy", "10 duys", "Cap Co-Immune", "5tablets", "2tmesaday", "7 days", "Tab Zole fcream", "5tablets", "3 tmes aday", "5days", "Cap Cypon", "5tablets", "2 tmes a dey", "t4days", "Syrup", "Dosago", "Froquoncy", "Duratlon", "Syrup Brozodax", "10ml", "3tmsdoy", "10days", "Advico:", "-Tako tod rost", "Eat nsy-to-digest food like boiled dce with dnl", "-Stytydrated"], "confidence": [0.9581725597381592, 0.8410260081291199, 0.8575018644332886, 0.8455656170845032, 0.7298091053962708, 0.878334641456604, 0.9291049838066101, 0.979745090007782, 0.9822903871536255, 0.9623180627822876, 0.8027142882347107, 0.887381374835968, 0.7071618437767029, 0.9548414945602417, 0.887336790561676, 0.8656508922576904, 0.7566056847572327, 0.8452855944633484, 0.9459590911865234, 0.9016453623771667, 0.7161591053009033, 0.8863319754600525, 0.8680310845375061, 0.9079194068908691, 0.7892115116119385, 0.8452855944633484, 0.886150598526001, 0.9079194068908691, 0.8107104897499084, 0.8691898584365845, 0.9569501876831055, 0.8909797668457031, 0.728033721446991, 0.8406792283058167, 0.9719002842903137, 0.8148204684257507, 0.9442562460899353, 0.9844989776611328, 0.9629725217819214, 0.9751888513565063, 0.7260910272598267, 0.8282742500305176, 0.9667397141456604, 0.774960994720459, 0.859491229057312, 0.9341309666633606], "label": [1, 1, 1, 0, 0, 0, 0]}