{"text": ["XYZ Hospital", "123 tlealth Street,Wellness City", "Phone:+1-234-587-890", "Patlont Nanx:Evo Whito", ":02", "Doctor:Dr.Patol", "Medicine", "Dosuge", "Frequency", "Duration", "Tab Zole fcream", "20 tblets", "20ms dey", "30 duys", "Tab Dolonexdt", "15tablets", "3 umes doy", "4duys", "TabDolo650", "20 tablets", "3tmesaday", "7 days", "Tab Febrexplus", "10tablets", "2 tmesa day", "4duys", "Cap Cypon", "10tablets", "2 tmes a duy", "30 duys", "Cap Pan d", "10tablets", "2 tmes a doy", "$ days", "Syrup", "Dosapo", "Froquoncy", "Durotlon", "Syrup Corox", "10ml", "2 timdoy", "14 doy", "Syrup Corox-dx", "Sml", "2timday", "14 doy", "Advico:", "-Tako tod rost", "Eat nsy-to-digest food like boiled rice with dnl", "-Stytydrated"], "confidence": [0.9545387625694275, 0.8450579047203064, 0.8954404592514038, 0.8395975232124329, 0.6242145895957947, 0.9539028406143188, 0.930323600769043, 0.9427713751792908, 0.9902750849723816, 0.964890718460083, 0.8568211197853088, 0.9003804326057434, 0.7692691087722778, 0.9137939810752869, 0.9364047646522522, 0.9037178754806519, 0.7165395617485046, 0.9083743095397949, 0.877494215965271, 0.8709948658943176, 0.859169065952301, 0.861883819103241, 0.9335689544677734, 0.9273074269294739, 0.805739164352417, 0.9083743095397949, 0.902934730052948, 0.9273074269294739, 0.7704176902770996, 0.9156034588813782, 0.9697298407554626, 0.9273074269294739, 0.7914705872535706, 0.9325768351554871, 0.9882689714431763, 0.8228013515472412, 0.9466862082481384, 0.9314339756965637, 0.8918397426605225, 0.9746028780937195, 0.7500443458557129, 0.770780086517334, 0.9718355536460876, 0.927854061126709, 0.8154367208480835, 0.770780086517334, 0.917208194732666, 0.7681971788406372, 0.8472650647163391, 0.9000576138496399], "label": [1, 1, 1, 0, 0, 0, 0]}