{"text": ["XYZ Hospital", "123 tlealth Street,Wellness City", "Phone:+1-234-587-890", "Patlont Nanx:Chorlo Wlllams", "p:22", "Doctor:Dr.Patol", "Medicine", "Dosage", "Frequency", "Duration", "Cup Colmmune", "20 tblets", "20ms doy", "7 days", "Tab Combinam", "20 tablets", "3tmesaday", "7 days", "Tab Cyciomelf", "20 tablets", "2tmesaday", "7 days", "Tab Evion", "5tablets", "3 tmesadey", "30 days", "Syrup", "Dosapo", "Froquancy", "Duratlon", "Syrup TusQx", "10ml", "2 tim doy", "5days", "Advico:", "-Tako bod rost", "Eat nsy-to-dlgest food like boiled rice with dal", "-Stytydrated"], "confidence": [0.9533000588417053, 0.8392246961593628, 0.8814378976821899, 0.8031114935874939, 0.7705976963043213, 0.9369246959686279, 0.9307171702384949, 0.8897534012794495, 0.9788968563079834, 0.964890718460083, 0.8528313040733337, 0.9135541915893555, 0.7564270496368408, 0.9877565503120422, 0.9452848434448242, 0.9054545164108276, 0.8034953474998474, 0.8720644116401672, 0.8494840860366821, 0.8967920541763306, 0.8593667149543762, 0.991462230682373, 0.9518323540687561, 0.8909797668457031, 0.7185487747192383, 0.8867191672325134, 0.9825723767280579, 0.7913495898246765, 0.9354243874549866, 0.8827411532402039, 0.9429664611816406, 0.9746028780937195, 0.7463570237159729, 0.8675468564033508, 0.9288334846496582, 0.7142534255981445, 0.8857390284538269, 0.9112634658813477], "label": [1, 0, 1, 0, 0, 0, 0]}