{"text": ["XYZ Hospital", "123 tlealth Street,Wellness City", "Phone:+1-234-587-890", "Patlont Namx:EvoSmith", "p:28", "Doctor: Dr.Lao", "Medicine", "Dosage", "Frequency", "Duration", "Tab Pan d", "10 tablets", "20ms doy", "5 days", "Tab Allegra", "20 tablets", "2mes  duy", "4days", "Tab Febrexplus", "10 tablets", "3 tmesaday", "30 days", "TabCiplox500", "5tablets", "3 tmesadey", "t4days", "Syrup", "Dosago", "Froquancy", "Duratlon", "Syrup Grillnctus tm", "Sml", "3tims doy", "5days", "Advico:", "-Tako bod rost", "Eat nsy-to-dlgest food like boiled rice with dal", "-Stytydrated"], "confidence": [0.9509110450744629, 0.8450579047203064, 0.8954404592514038, 0.8227861523628235, 0.7335016131401062, 0.9028307199478149, 0.9286406636238098, 0.8886480927467346, 0.9838371276855469, 0.964890718460083, 0.9297789335250854, 0.9107781648635864, 0.7564270496368408, 0.7393367886543274, 0.8737680315971375, 0.9054545164108276, 0.7472155094146729, 0.8935898542404175, 0.9417278170585632, 0.8921223878860474, 0.8514732122421265, 0.8793798685073853, 0.9346692562103271, 0.8909797668457031, 0.7185487747192383, 0.8406792283058167, 0.9728748202323914, 0.9191999435424805, 0.9354243874549866, 0.8738883137702942, 0.9911777377128601, 0.8684621453285217, 0.7523825764656067, 0.8614164590835571, 0.9288334846496582, 0.7142534255981445, 0.8857390284538269, 0.9112634658813477], "label": [1, 0, 1, 0, 0, 0, 0]}