{"text": ["XYZ Hospital", "123 tlealth Street,Wellness City", "Phone:+1-234-587-890", "Patlont Nanx:Jano Millor", ":02", "Doctor: Dr.Pato1", "Medicine", "Dosuge", "Frequency", "Duration", "TabClvum 025", "15tablets", "3mesday", "30 duys", "Tab Febrexplus", "15tablets", "2 um5  duy", "30 days", "Tab Neurobin Forte", "10tablets", "2mes aduy", "5days", "Cap Zovirax", "15tablets", "3tmes aday", "7 days", "Tab Sumo cold", "20 tblets", "3 tmesaday", "5days", "TabAllegr", "15tablets", "2 tmes a doy", "7 days", "Syrup", "Dosapo", "Froquoncy", "Duratlon", "Syrup TusQ-dx", "Sml", "3tims doy", "10day", "Syrup Grillnctus tm.", "Sml", "2timday", "7day", "Advico:", "-Tako tod rost", "Eat nsy-to-digest food like boiled rice with dnl", "-Stytydrated"], "confidence": [0.9524848461151123, 0.8450579047203064, 0.888440728187561, 0.8575593829154968, 0.6242145895957947, 0.9181328415870667, 0.930323600769043, 0.9427713751792908, 0.9902750849723816, 0.964890718460083, 0.8509111404418945, 0.8647039532661438, 0.8376972079277039, 0.9137939810752869, 0.9317077398300171, 0.9037178754806519, 0.7476545572280884, 0.8518379926681519, 0.94130939245224, 0.9273074269294739, 0.7659589648246765, 0.8366293907165527, 0.8502258658409119, 0.8671495914459229, 0.852321445941925, 0.8452855944633484, 0.9025481343269348, 0.9003804326057434, 0.8438262939453125, 0.8520981669425964, 0.9370623826980591, 0.8990643620491028, 0.7862532138824463, 0.8404199481010437, 0.988613486289978, 0.8228013515472412, 0.9466862082481384, 0.9896453619003296, 0.9504623413085938, 0.9028758406639099, 0.7382882833480835, 0.8265790939331055, 0.9593351483345032, 0.927854061126709, 0.802455484867096, 0.8654559254646301, 0.9625285863876343, 0.7708154320716858, 0.8460922241210938, 0.9140819907188416], "label": [1, 1, 1, 0, 0, 0, 0]}