{"text": ["XYZ Hospital", "123 tlealth Street,Wellness City", "Phone:+1-234-587-890", "Patlont Nanx:Evo Millor", "p:78", "Doctor: Dr.Lao", "Medicine", "Dosuge", "Frequency", "Quraton", "Tab Tz", "15tablets", "20ms dey", "5days", "Cap Cypon", "20 tablets", "2 um05  duy", "5days", "Tab Zole fcream", "10tablets", "3 tmesa doy", "5days", "Tab Combinlam", "5tablets", "2 tmesa day", "30 days", "Tab Cyciometf", "20tblets", "3 tmesaday", "7 days", "Tab Evion", "20 tablets", "3 tmesa dey", "10days", "Syrup", "Dosago", "Froquoncy", "Duration", "Syrup Cypon", "10ml", "2 tim doy", "14 day", "Syrup TusQ dx", "10ml", "3timsday", "Sday", "Advico:", "-Takoto rost", "Eat nsy-to-digest food like boiled rice with dnl", "-Stynydrated"], "confidence": [0.950718343257904, 0.8406103849411011, 0.8966376185417175, 0.8493013978004456, 0.7413574457168579, 0.9042286276817322, 0.8852550983428955, 0.9427713751792908, 0.9902750849723816, 0.8290681838989258, 0.8537101149559021, 0.8647039532661438, 0.7692691087722778, 0.8641525506973267, 0.9492337703704834, 0.8967920541763306, 0.7148935794830322, 0.8520981669425964, 0.8528701663017273, 0.9273074269294739, 0.7852831482887268, 0.8366293907165527, 0.8604653477668762, 0.9046000242233276, 0.8068044185638428, 0.8513266444206238, 0.844164252281189, 0.9145114421844482, 0.8478784561157227, 0.8452855944633484, 0.9196940660476685, 0.8797799944877625, 0.7826222777366638, 0.924377977848053, 0.988613486289978, 0.8285646438598633, 0.9466862082481384, 0.9799325466156006, 0.9881301522254944, 0.9702969789505005, 0.7234081029891968, 0.7830430865287781, 0.952340841293335, 0.9599877595901489, 0.7874224185943604, 0.7643508911132812, 0.9699703454971313, 0.7328586578369141, 0.8472650647163391, 0.8896828293800354], "label": [1, 1, 1, 0, 0, 0, 0]}