{"text": ["XYZ Hospital", "123 tlealth Street,Wellness City", "Phone:+1-234.587-890", "PatlantNamx:Bob Willlams", ":70", "Doctor: Dr.Lo", "Medicine", "Dosuge", "Frequency", "Duration", "TabCiplox 500", "t5tablets", "3mesday", "5 days", "Cap Zovirax", "t5tablets", "3 tmes doy", "7 days", "Cap Dilanun", "10tablets", "2 tmes a duy", "7 days", "Tab Cyciomeff", "20 tablets", "3 tmesa dey", "10days", "Syrup", "Dosago", "Froquoncy", "Duratlon", "Syrup TusQ dx", "10ml", "2 tm doy", "7days", "SyrupZodax", "Sml", "2timday", "7day", "Advico:", "-Tako bod rost", "Eat nsy-to-digest food like boiled dce with dal", "-Staytydrated"], "confidence": [0.9470915794372559, 0.8471758365631104, 0.8577502369880676, 0.8071255683898926, 0.7153405547142029, 0.9300315380096436, 0.930323600769043, 0.9427713751792908, 0.9838371276855469, 0.964890718460083, 0.8701563477516174, 0.8831853270530701, 0.8425248265266418, 0.7393367886543274, 0.8821117877960205, 0.8853757381439209, 0.7507402896881104, 0.8720644116401672, 0.8937433362007141, 0.9273074269294739, 0.7798504829406738, 0.8767657279968262, 0.8461610078811646, 0.8983814120292664, 0.8120609521865845, 0.9257344603538513, 0.9720994234085083, 0.9593794941902161, 0.8970111012458801, 0.9490550756454468, 0.9831798076629639, 0.9410436153411865, 0.7824395895004272, 0.9057456851005554, 0.8965408205986023, 0.9197258949279785, 0.8091887831687927, 0.8483083248138428, 0.967370867729187, 0.7782970666885376, 0.9078223705291748, 0.9250409007072449], "label": [1, 1, 1, 0, 0, 0, 0]}