{"text": ["XYZ Hospital", "123 tlealth Street,Wellness City", "Phone:+1-234.587-890", "Patlant Namx:GracoJohnson", "p:47", "Doctor: Dr.Patol", "Medicine", "Dosuge", "Frequency", "Duration", "TabCyciomelf", "15tablets", "3mesday", "5 days", "Tab Allegra", "10 tablets", "2 ums  doy", "$ days", "Cap Dilanun", "20 tblets", "3 tmesaday", "30 days", "Tab Neurobin Forte", "10 tablets", "3tmes aday", "30 days", "TabFebrexplus", "10 tablets", "3 tmesaday", "4days", "Syrup", "Dosago", "Froquoncy", "Duratlon", "Syrup TusQx", "Sml", "3timsday", "10day", "Advico:", "-Tako tod rost", "Eat nsy-to-dlgest food like boiled dc with dnt", "-Staytydrated"], "confidence": [0.9544302821159363, 0.8509621620178223, 0.8453382253646851, 0.8529935479164124, 0.7643239498138428, 0.9426735639572144, 0.8984020948410034, 0.975483238697052, 0.9838371276855469, 0.964890718460083, 0.8733430504798889, 0.8647039532661438, 0.8203554749488831, 0.7393367886543274, 0.8720228672027588, 0.8921223878860474, 0.7034355998039246, 0.9474455714225769, 0.8985759615898132, 0.9248446226119995, 0.8151966333389282, 0.8833222985267639, 0.9370557069778442, 0.901634693145752, 0.8479517102241516, 0.8853435516357422, 0.9625754952430725, 0.901634693145752, 0.8457149267196655, 0.9184122085571289, 0.9720994234085083, 0.9064610600471497, 0.9624842405319214, 0.9632958173751831, 0.9429664611816406, 0.9197258949279785, 0.7220712900161743, 0.8202261924743652, 0.9694406390190125, 0.771562397480011, 0.8665194511413574, 0.9281126260757446], "label": [1, 1, 1, 0, 0, 0, 0]}