{"text": ["XYZ Hospital", "123 tlealth Street,Wellness City", "Phone:+1-234-587-890", "Patlant Nam:John Ro", "Ap:27", "Doctor: Dr.Patol", "Medicine", "Dosuge", "Frequency", "Duration", "Tab Neurobin Forte", "20 tblets", "3mesday", "30 duys", "Tab Combinam", "15tablets", "3 tmes doy", "4duys", "Tab Cetine", "20 tablets", "2 tmes a day", "30 days", "Tab Cyciometf", "5tablets", "3tmes aday", "30 days", "Cap Pan d", "5tablets", "2 tmes a duy", "10days", "TabCyciopam", "10tablets", "3 tmesa dey", "30 days", "Syrup", "Dosago", "Froquoncy", "Duratlon", "Syrup TusQ-dx", "10ml", "2tmdoy", "7day", "Advico:", "-Tako to rost", "Eat nsy-to-digest food like boiled dce with dnl", "Stoytydrated"], "confidence": [0.9478399157524109, 0.8394729495048523, 0.8653600811958313, 0.8370424509048462, 0.720230758190155, 0.953412652015686, 0.9418545961380005, 0.9427713751792908, 0.9790523052215576, 0.965709924697876, 0.9243684411048889, 0.9003804326057434, 0.8458738923072815, 0.9069848656654358, 0.911823034286499, 0.9037178754806519, 0.7507402896881104, 0.9083743095397949, 0.9406334161758423, 0.8709948658943176, 0.7271961569786072, 0.8866694569587708, 0.856883704662323, 0.9046000242233276, 0.8616535067558289, 0.8500292897224426, 0.9105875492095947, 0.9079194068908691, 0.7522758841514587, 0.8809830546379089, 0.8728258609771729, 0.9273074269294739, 0.783811628818512, 0.8513266444206238, 0.9719002842903137, 0.958836555480957, 0.9638596773147583, 0.9877357482910156, 0.9404671788215637, 0.9717352390289307, 0.7179483771324158, 0.940690815448761, 0.9678854942321777, 0.7507117390632629, 0.8616782426834106, 0.8621355891227722], "label": [1, 1, 1, 0, 0, 0, 0]}