{"text": ["XYZ Hospital", "123 tlealth Street,Wellness City", "Phone:+1-234.587-890", "Patlant Nanx:Davld Whito", "p:02", "DoctorDr.Johnson", "Medicine", "Dosuge", "Frequency", "Duration", "TabA1uhrodn 500", "15tablets", "20ms dey", "10 days", "Tab Neurobin Forte", "20 tablets", "2tmesa day", "5days", "Tab Dolonex dt", "20 tablets", "3 tmesa duy", "4 duys", "Tab Taz", "5tablets", "3tmes aday", "7 days", "Tab Evlon", "15tablets", "3 tmesaday", "14duys", "Tab Cyciomeff", "5tablets", "2 tms a doy", "$ days", "Syrup", "Dosago", "Froquoncy", "Duratlon", "Syrup Corox-dx", "10ml", "2tmdoy", "7day", "Advico:", "-Tako to rost", "Eat nsy-to-digest food like boiled dce with dnl", "Stoytydrated"], "confidence": [0.9488534331321716, 0.8385964632034302, 0.8581722378730774, 0.833240807056427, 0.5924407243728638, 0.9668878316879272, 0.9556780457496643, 0.9427713751792908, 0.9790523052215576, 0.9623180627822876, 0.8053032755851746, 0.8647039532661438, 0.7692691087722778, 0.9548414945602417, 0.9480393528938293, 0.8967920541763306, 0.7703806161880493, 0.8520981669425964, 0.9099909663200378, 0.8709948658943176, 0.8074479699134827, 0.939846932888031, 0.8006169199943542, 0.9046000242233276, 0.8616535067558289, 0.8401936888694763, 0.9150547385215759, 0.8647039532661438, 0.8352519273757935, 0.8798058032989502, 0.8548222780227661, 0.8909797668457031, 0.8156778216362, 0.9325768351554871, 0.9719002842903137, 0.958836555480957, 0.9638596773147583, 0.9843534231185913, 0.9731125235557556, 0.9717352390289307, 0.7179483771324158, 0.940690815448761, 0.9678854942321777, 0.7480148077011108, 0.8616782426834106, 0.8621355891227722], "label": [1, 0, 1, 0, 0, 0, 0]}