{"text": ["XYZ Hospital", "123 tlealth Street,Wellness City", "Phone:+1-234.587-890", "Patlont Namx:Davld Wilson", "Doctor: Dr. Tumor", "Medicine", "Dosuge", "Frequency", "Duration", "Tab Zole fcream", "5 tablets", "3 mesdey", "4days", "Cap Cypon", "10tablets", "3tmesaday", "4days", "Tab Cetine", "t5tablets", "3tmes day", "30 days", "Tab Dolonex dt", "20 toblets", "2 tmes adey", "7 days", "TabFebrexplus", "5tablets", "3 tmesaday", "4days", "Syrup", "Dosapo", "Froquancy", "Duratlon", "Syrup TusQx", "10ml", "3tms doy", "10dny", "Syrup Corox-dx", "10ml", "3tims doy", "7days", "Advico:", "-Tako tod rost", "Eat ensy-to-digest food like boiled rice with dnl", "Stoytydrated"], "confidence": [0.953682005405426, 0.8498444557189941, 0.8575018644332886, 0.8534897565841675, 0.9681077599525452, 0.9497852325439453, 0.979745090007782, 0.9829168319702148, 0.9629752039909363, 0.8650135397911072, 0.8705056309700012, 0.8015594482421875, 0.9657290577888489, 0.945322573184967, 0.9273074269294739, 0.8195570111274719, 0.9184122085571289, 0.9139901995658875, 0.8831853270530701, 0.8064771294593811, 0.8833222985267639, 0.9185104966163635, 0.8586471676826477, 0.8046001195907593, 0.8767657279968262, 0.9707232117652893, 0.9079194068908691, 0.8439608812332153, 0.9184122085571289, 0.9703512191772461, 0.9139150977134705, 0.8954519629478455, 0.9916149973869324, 0.9397844076156616, 0.9483411312103271, 0.7066380381584167, 0.6375325322151184, 0.9816890954971313, 0.9150266051292419, 0.7529909014701843, 0.9038707613945007, 0.96775883436203, 0.7170714139938354, 0.844878613948822, 0.8652937412261963], "label": [1, 1, 1, 0, 0, 0, 0]}