{"text": ["XYZ Hospital", "123 tlealth Street,Wellness City", "Phone:+1-234.587-890", "PatlntNam:Llam D", ":40", "Doctor: Dr. Millor", "Medicine", "Dosuge", "Frequency", "Duration", "Cap Zovirax", "20 tblets", "20ms dey", "30 duys", "Tab Cyclopam", "20 tablets", "2 tm0s  duy", "7days", "Cap Cypon", "10tablets", "2tmesa dey", "14days", "TabDolo 650", "20 tablets", "2 tmes a day", "5days", "Syrup", "Dosago", "Froquoncy", "Duratlon", "Syrup TusQx", "Sml", "3tmsdoy", "10day", "Syrup Cypon", "10ml", "3timsday", "5doy", "Advico:", "-Tako bod rost", "Eat nsy-to-digest food like boiled rice with dal", "-Staytydrated"], "confidence": [0.9539773464202881, 0.8392036557197571, 0.8577502369880676, 0.7992590665817261, 0.8325653076171875, 0.9599148631095886, 0.9286406636238098, 0.9427713751792908, 0.9838371276855469, 0.964890718460083, 0.837891161441803, 0.9135541915893555, 0.7710025310516357, 0.9156034588813782, 0.8866080641746521, 0.9054545164108276, 0.7051472663879395, 0.9236086010932922, 0.9450807571411133, 0.9273074269294739, 0.8103421926498413, 0.8413376212120056, 0.8626942038536072, 0.8983814120292664, 0.7614920139312744, 0.886221706867218, 0.9747051000595093, 0.8496239185333252, 0.9034984111785889, 0.9498113989830017, 0.9645798206329346, 0.8684621453285217, 0.7064982056617737, 0.7873427867889404, 0.9280782341957092, 0.911413848400116, 0.7859691381454468, 0.7402545213699341, 0.967370867729187, 0.8304697871208191, 0.8990753293037415, 0.9250409007072449], "label": [1, 1, 1, 0, 0, 0, 0]}