{"text": ["XYZ Hospital", "123 tlealth Street,Wellness City", "Phone:+1-234.587-890", "PatlntNam:Evo D", "p:22", "Doctor: Dr. Millor", "Medicine", "Dosuge", "Frequency", "Duration", "TabCyciomelf", "5 tablets", "20ms doy", "4duys", "Tab Clavum 025", "5 tablets", "3tmesaday", "5days", "TabAluhrodin500", "5tablets", "2tmesaday", "5 days", "Tab Evion", "10tablets", "3 tmesa dey", "5 days", "Syrup", "Dosago", "Froquoncy", "Duration", "Syrup TusQx", "Sml", "3tm doy", "7days", "Syrup Fobroxplus", "Sml", "mday", "14dy", "Advico:", "-Tako tod rost", "Eat nsy-to-dlgest food like boiled dce with dal", "-Stayhydrated"], "confidence": [0.9556474685668945, 0.8413002490997314, 0.8571933507919312, 0.8287850618362427, 0.7944168448448181, 0.9714028239250183, 0.9175625443458557, 0.9427713751792908, 0.9867760539054871, 0.9622949361801147, 0.8730902671813965, 0.863848865032196, 0.767784595489502, 0.9083743095397949, 0.8333948254585266, 0.8665355443954468, 0.8351958394050598, 0.8691898584365845, 0.791504979133606, 0.9079194068908691, 0.8650650978088379, 0.802062451839447, 0.9495925903320312, 0.9247161149978638, 0.7325305938720703, 0.8369717597961426, 0.9701129198074341, 0.8347269892692566, 0.9697930216789246, 0.9527572989463806, 0.9582244753837585, 0.8684621453285217, 0.7214878797531128, 0.914350688457489, 0.8312637805938721, 0.9197258949279785, 0.8451722264289856, 0.8365260362625122, 0.9688101410865784, 0.8235440850257874, 0.9003587961196899, 0.880672037601471], "label": [1, 0, 1, 0, 0, 0, 0]}