{"text": ["XYZ Hospital", "123 tlealth Street,Wellness City", "Phone:+1-234-587-890", "Patlant Namx:Allco Johnson", ":30", "Doctor: Dr.Lao", "Medicine", "Dosuge", "Frequency", "Duration", "Tab Neurobin Forte", "10 tablets", "3mesdey", "7 days", "TabClavun25", "20 tablets", "3 umes duy", "30 days", "Tab Cyclopam", "5tablets", "2 tmes a duy", "7 days", "Tab Dolonexdt", "10tablets", "2tmesa day", "4duys", "Tab Cyciomeff", "15tablets", "3 tmesaday", "10days", "Cap Co-Immune", "10tablets", "3 tmesa dey", "$ days", "Syrup", "Dosapo", "Froquoncy", "Durotlon", "Syrup Grillnctus tm", "Sml", "2 tim doy", "10day", "Syrup Fobrox plus", "10ml", "2timday", "14 doy", "Advico:", "-Tako tod rost", "Eat nsy-to-digest food like boiled rice with dnl", "-Stytydrated"], "confidence": [0.9531888961791992, 0.8408339023590088, 0.886119544506073, 0.8398135900497437, 0.7879967093467712, 0.879051685333252, 0.9259157180786133, 0.9415733814239502, 0.9900026321411133, 0.964890718460083, 0.9361967444419861, 0.8778047561645508, 0.8327884078025818, 0.8594018816947937, 0.8677085638046265, 0.8967920541763306, 0.6857804656028748, 0.8513266444206238, 0.8701326251029968, 0.901509165763855, 0.7814663052558899, 0.861883819103241, 0.9448598027229309, 0.9273074269294739, 0.8332340121269226, 0.9083743095397949, 0.8328440189361572, 0.8647039532661438, 0.8478784561157227, 0.8654675483703613, 0.8505471348762512, 0.9273074269294739, 0.7770482897758484, 0.9325768351554871, 0.983737587928772, 0.8228013515472412, 0.9459841251373291, 0.9339734315872192, 0.9916965365409851, 0.9028758406639099, 0.7873589992523193, 0.7873427867889404, 0.9942079186439514, 0.9599877595901489, 0.8111116290092468, 0.770780086517334, 0.9631933569908142, 0.7705491185188293, 0.8472650647163391, 0.8946594595909119], "label": [1, 1, 1, 0, 0, 0, 0]}