{"text": ["XYZ Hospital", "123 tlealth Street,Wellness City", "Phone:+1-234.587-890", "PatlantNamx:Llam Wlson", "p:28", "Doctor: Dr.Patol", "Medicine", "Dosuge", "Frequency", "Duration", "Cap Pan d", "10tablets", "3mesday", "30 days", "Tab Febrex plus", "10 tablets", "3 0ms dey", "5days", "Tab Combinam", "10 tablets", "2 tmes day", "5 days", "Tab Zole fcream", "10 tablets", "3tmes aday", "10days", "Tab Cetine", "20tablets", "3 tmesaday", "7days", "Syrup", "Dosopo", "Froquoncy", "Duratlon", "Syrup TusQx", "10ml", "3timsday", "30days", "Advico:", "-Tako tod rost", "Eat nsy-to-dlgest food like boiled dc with dnt", "-Staytydrated"], "confidence": [0.9551815986633301, 0.8399162888526917, 0.8555625081062317, 0.8574517965316772, 0.7335016131401062, 0.9438773989677429, 0.9246234893798828, 0.9349806904792786, 0.9838371276855469, 0.965709924697876, 0.8757061958312988, 0.9273074269294739, 0.8203554749488831, 0.8833222985267639, 0.9137313365936279, 0.9107781648635864, 0.7231447696685791, 0.8756504058837891, 0.9448891282081604, 0.8921223878860474, 0.7324858903884888, 0.802062451839447, 0.8806551694869995, 0.901634693145752, 0.8479517102241516, 0.9213528037071228, 0.9246532320976257, 0.8978633880615234, 0.8457149267196655, 0.9444330930709839, 0.9747051000595093, 0.7710023522377014, 0.9624842405319214, 0.9850874543190002, 0.9398233294487, 0.9347427487373352, 0.7220712900161743, 0.8138046264648438, 0.9694406390190125, 0.771562397480011, 0.8745375871658325, 0.9281126260757446], "label": [1, 1, 1, 0, 0, 0, 0]}