{"text": ["XYZ Hospital", "123 tlealth Street,Wellness City", "Phone:+1-234.587-890", "PatlantNam:Jano R", ":24", "Doctor: Dr.Johnson", "Medicine", "Dosuge", "Frequency", "Duration", "Cap Zovirax", "15tablets", "3mesday", "30 days", "Tab Febrexplus", "10 tablets", "20mesaday", "7 days", "Tab Evion", "5tablets", "2tmes aday", "4 days", "Tab Pan d", "5tablets", "3tmesaday", "4days", "TabZole fcream", "20 tablets", "3 umes aduy", "5days", "Syrup", "Dosapo", "Froquoncy", "Duratlon", "Syrup TusQx", "10ml", "3tms doy", "5day", "Syrup Cypon", "10ml", "3tims doy", "7days", "Advico:", "-Tako to rost", "Eat ensy-to-digest food like boiled rice with dnl", "Stoybydrated"], "confidence": [0.9488534331321716, 0.8420253992080688, 0.8589719533920288, 0.8096261024475098, 0.882969081401825, 0.9746953248977661, 0.9307171702384949, 0.9420654773712158, 0.9838371276855469, 0.964890718460083, 0.8629161715507507, 0.8927748799324036, 0.8203554749488831, 0.8676621317863464, 0.9381974935531616, 0.8921223878860474, 0.7708227634429932, 0.8720644116401672, 0.9258222579956055, 0.9073119759559631, 0.7747554779052734, 0.8880710601806641, 0.9056241512298584, 0.8861472606658936, 0.8757919669151306, 0.9184122085571289, 0.8871317505836487, 0.8863240480422974, 0.7754021286964417, 0.8805907964706421, 0.9674128293991089, 0.7913495898246765, 0.9345409870147705, 0.9627294540405273, 0.9368862509727478, 0.9483411312103271, 0.7197035551071167, 0.7321327924728394, 0.9867132306098938, 0.9604064226150513, 0.7592406868934631, 0.9060519337654114, 0.9662078022956848, 0.7484818696975708, 0.844878613948822, 0.827582061290741], "label": [1, 1, 1, 0, 0, 0, 0]}