{"text": ["XYZ Hospital", "123 tlealth Street,Wellness City", "Phone:+1-234.587-890", "PatlantNamx:Mla Wlson", "0:25", "Doctor: Dr.Lao", "Medicine", "Dosuge", "Frequency", "Duration", "TabNeurobin Forte", "15tablets", "20ms day", "$ days", "Tab Clavum025", "10 tablets", "2 ums  doy", "5 days", "TabCyclopam", "15tablets", "2 tmes aday", "5 days", "Cap Zovirax", "5tablets", "2tmesaday", "$ days", "Tab Combinam", "20 tablets", "2tmesaday", "30 days", "Syrup", "Dosago", "Froquoncy", "Duratlon", "Syrup Corox", "10ml", "2timday", "Sday", "Advico:", "-Tako tod rost", "Eat nsy-to-digest food like boiled dce with dal", "-Staytydrated"], "confidence": [0.9527682662010193, 0.8380128741264343, 0.8577502369880676, 0.8406937122344971, 0.7596067190170288, 0.8860999345779419, 0.9286406636238098, 0.9420654773712158, 0.9838371276855469, 0.965709924697876, 0.9551669955253601, 0.8927748799324036, 0.7605679631233215, 0.724358081817627, 0.8601097464561462, 0.8921223878860474, 0.7034355998039246, 0.8051655292510986, 0.8912551999092102, 0.8913987278938293, 0.762387216091156, 0.802062451839447, 0.913591206073761, 0.8933669328689575, 0.8693881630897522, 0.8910719752311707, 0.9417837262153625, 0.8863240480422974, 0.8561273813247681, 0.8853435516357422, 0.9747051000595093, 0.8300634026527405, 0.9749724864959717, 0.962416410446167, 0.9781517386436462, 0.9483411312103271, 0.7432094216346741, 0.7356988191604614, 0.9675191640853882, 0.8320817351341248, 0.8992130160331726, 0.9372954964637756], "label": [1, 1, 1, 0, 0, 0, 0]}