{"text": ["XYZ Hospital", "123 tlealth Street,Wellness City", "Phone:+1-234-587-890", "Patlont Nanx:John Davls", ":9", "Doctor: Dr.Lao", "Medicine", "Dosuge", "Frequency", "Duration", "TabCiplox500", "5tablets", "3mes doy", "7 days", "Tab Sumo cold", "20tblets", "3 tmes doy", "7 days", "Tab Zole fcreum", "5tablets", "3 tmesa doy", "5days", "Cap Pan d", "20 tblets", "2 tmesa day", "5days", "Tab Evlon", "20tblets", "3 tmesaday", "t4duys", "TabFebrexplus", "5tablets", "2 tmes a doy", "10days", "Syrup", "Dosago", "Froquoncy", "Durotlon", "Syrup Brozodax", "Sml", "2 tim doy", "14 doy", "Syrup TusQ-dx", "Sml", "3timsday", "14 doy", "Advico:", "-Tako tod rst", "Eat nsy-to-digest food like boiled rice with dal", "-Stytydrated"], "confidence": [0.9474150538444519, 0.8467555046081543, 0.8803019523620605, 0.8154004812240601, 0.7344461679458618, 0.8997843861579895, 0.9315592050552368, 0.9740098118782043, 0.9852608442306519, 0.964890718460083, 0.8764310479164124, 0.901167631149292, 0.7750561833381653, 0.8594018816947937, 0.8896723985671997, 0.9412925839424133, 0.7266961336135864, 0.861883819103241, 0.8445180654525757, 0.916618824005127, 0.7852831482887268, 0.8366293907165527, 0.9105875492095947, 0.9086169004440308, 0.8068044185638428, 0.8366293907165527, 0.9146842956542969, 0.9145114421844482, 0.8251968622207642, 0.8104643225669861, 0.9597041010856628, 0.8909797668457031, 0.8046655058860779, 0.924377977848053, 0.988613486289978, 0.8496239185333252, 0.9466862082481384, 0.9314339756965637, 0.9060832262039185, 0.860496461391449, 0.7873589992523193, 0.770780086517334, 0.9556137919425964, 0.927854061126709, 0.7865440845489502, 0.770780086517334, 0.937720775604248, 0.7242653369903564, 0.9027966856956482, 0.9149673581123352], "label": [1, 1, 1, 0, 0, 0, 0]}