{"text": ["XYZ Hospital", "123 tlealth Street,Wellness City", "Phone:+1-234-587-890", "Patlont Namx:Jano Smith", ":70", "Doctor: Dr.Lao", "Medicine", "Dosuge", "Frequency", "Duration", "TabNeurobin Forte", "5tablets", "20ms dey", "7 duys", "Tab Febrex plus", "5tablets", "20mes dey", "30 days", "TabAllegra", "15tablets", "3 tmesa doy", "5days", "Cap Pan d", "15tablets", "3 tmes aday", "30 days", "Tab Pan d", "10tablets", "2 tmes a duy", "t4duys", "Tab Triz", "5tablets", "2 tmesa dey", "$ duys", "Syrup", "Dosago", "Froquoncy", "Duratlon", "Syrup Corox", "10ml", "3tims doy", "5days", "Syrup Fobrox plus", "10ml", "2timday", "Sday", "Advico:", "-Tako tod rst", "Eat nsy-to-digest food like boiled rice with dal", "-Stytydrated"], "confidence": [0.9436566829681396, 0.8442541360855103, 0.887356162071228, 0.8268542885780334, 0.8776335716247559, 0.8956195116043091, 0.9337788820266724, 0.9740098118782043, 0.985968291759491, 0.965709924697876, 0.9543099999427795, 0.901167631149292, 0.7692691087722778, 0.9750018119812012, 0.9066599011421204, 0.8909797668457031, 0.7428823113441467, 0.8518379926681519, 0.9598310589790344, 0.867788553237915, 0.7852831482887268, 0.8520981669425964, 0.9043043851852417, 0.9037178754806519, 0.8303280472755432, 0.8500292897224426, 0.8963916301727295, 0.9273074269294739, 0.7506501078605652, 0.8394883275032043, 0.9699918031692505, 0.8909797668457031, 0.8188995718955994, 0.923030436038971, 0.988613486289978, 0.8496239185333252, 0.9466862082481384, 0.9899555444717407, 0.8926152586936951, 0.9702969789505005, 0.732460081577301, 0.8832570314407349, 0.9902744293212891, 0.9599877595901489, 0.8143227696418762, 0.7481143474578857, 0.9210488200187683, 0.7242653369903564, 0.9027966856956482, 0.9149673581123352], "label": [1, 1, 1, 0, 0, 0, 0]}