{"text": ["XYZ Hospital", "123 tlealth Street,Wellness City", "Phone:+1-234-587-890", "Patlont Nanx:Charlo Ro", "p:9", "Doctor:Dr.Johnson", "Medicine", "Dosuge", "Frequency", "Duration", "TabFebrexplus", "5tablets", "20ms doy", "5days", "Cap Omez", "5tablets", "20mesa duy", "10days", "Tab Dolonex dt", "5tablets", "2 tmesa duy", "7 days", "Tab Sumo cold", "10tablets", "3tmes aday", "4duys", "Tab Cyciomelf", "20tblets", "3 tmesaday", "30 days", "TabZole fcream", "5tablets", "2 tmes a dey", "10days", "Syrup", "Dosago", "Froquoncy", "Duratlon", "Syrup TusQ-dx", "Sml", "2 tim doy", "30 days", "Syrup Brozodox", "Sml", "2timday", "14day", "Advico:", "-Tako tod rost", "Eat nsy-to-digest food like boiled rice with dal", "-Stytydrated"], "confidence": [0.9534003138542175, 0.8356792330741882, 0.8937011957168579, 0.771884560585022, 0.5524117946624756, 0.9694661498069763, 0.930323600769043, 0.9740098118782043, 0.9853514432907104, 0.964890718460083, 0.9792892932891846, 0.901167631149292, 0.7586537599563599, 0.8641525506973267, 0.7869375944137573, 0.8873331546783447, 0.7479078769683838, 0.8628065586090088, 0.9098272323608398, 0.916618824005127, 0.7704431414604187, 0.8594018816947937, 0.9272292852401733, 0.9247161149978638, 0.8526408076286316, 0.9136894941329956, 0.8414065837860107, 0.9145114421844482, 0.849814236164093, 0.8513266444206238, 0.8904902338981628, 0.8909797668457031, 0.8119399547576904, 0.924377977848053, 0.988613486289978, 0.8496239185333252, 0.9474319815635681, 0.9899555444717407, 0.9501672983169556, 0.860496461391449, 0.7383143901824951, 0.9535742402076721, 0.9611634612083435, 0.927854061126709, 0.8059935569763184, 0.7873247861862183, 0.9684262275695801, 0.7723812460899353, 0.9027966856956482, 0.9196614623069763], "label": [1, 1, 1, 0, 0, 0, 0]}