{"text": ["XYZ Hospital", "123 tlealth Street,Wellness City", "Phone:+1-234-587-890", "Patlant Namxo:John Davs", "Ap:32", "Doctor: Dr.Patol", "Medicine", "Dosuge", "Frequency", "Duration", "Tab Dolonex dt", "15tablets", "3mesday", "5 days", "TabCiplox500", "15tablets", "3 umes duy", "5days", "Cap Dilanun", "10tablets", "3 tmesa doy", "7 duys", "Cap Cypon", "5tablets", "2tmesa dey", "10days", "TabA1urodin 500", "15tablets", "3 tmesaday", "5days", "Tab Cyclopam", "20 tablets", "2 tmes a doy", "10days", "Syrup", "Dosago", "Froquoncy", "Duratlon", "Syrup Grillnctus tm", "Sml", "3tms doy", "14dy", "Advico:", "-Tako bod rst", "Eat nsy-to-digest food like boiled dce with dnl", "Stoy bydrated"], "confidence": [0.9534473419189453, 0.8472570776939392, 0.8653600811958313, 0.8290659785270691, 0.7324033975601196, 0.9651052951812744, 0.930323600769043, 0.9427713751792908, 0.9790523052215576, 0.964890718460083, 0.914997935295105, 0.8647039532661438, 0.843670666217804, 0.7547540068626404, 0.8891515135765076, 0.9037178754806519, 0.697359561920166, 0.8520981669425964, 0.9253577589988708, 0.9273074269294739, 0.7852831482887268, 0.9796134829521179, 0.9136714935302734, 0.9046000242233276, 0.8084509968757629, 0.8654675483703613, 0.8250407576560974, 0.8647039532661438, 0.8478784561157227, 0.8520981669425964, 0.8583672642707825, 0.8797799944877625, 0.7914690375328064, 0.924377977848053, 0.9788066744804382, 0.9641801714897156, 0.9524527788162231, 0.9843534231185913, 0.9832508563995361, 0.927854061126709, 0.7060664892196655, 0.932861328125, 0.9678854942321777, 0.7454431056976318, 0.8616782426834106, 0.7900274991989136], "label": [1, 1, 1, 0, 0, 0, 0]}