{"text": ["XYZ Hospital", "123 tlealth Street,Wellness City", "Phone:+1-234-587-890", "Patlont Nano:Llam Davs", ":40", "Doctor: Dr. Tumor", "Medicine", "Dosuge", "Frequency", "Duration", "Cup Omez", "5 tablets", "3mesday", "10 days", "Tab Febrexplus", "5tablets", "2tmes  duy", "4days", "Cap Cypon", "5 tablets", "2 tmes a duy", "4 days", "Tab Cetine", "20 tablets", "2 tms  doy", "30 days", "Syrup", "Dosago", "Froquancy", "Duratlon", "Syrup Fobrox plus", "Sml", "2 tmdoy", "14dy", "Advico:", "-Tako bod rst", "Eat nsy-to-dlgest food like boiled rice with dal", "-Stytydrated"], "confidence": [0.9474150538444519, 0.8475929498672485, 0.8887737989425659, 0.792783796787262, 0.7442576289176941, 0.9459238648414612, 0.930323600769043, 0.9740098118782043, 0.9827504754066467, 0.9623180627822876, 0.8621577024459839, 0.8705056309700012, 0.843670666217804, 0.948471188545227, 0.9330267310142517, 0.9079194068908691, 0.7110925912857056, 0.8935898542404175, 0.9470300674438477, 0.8705056309700012, 0.8666040897369385, 0.8902750611305237, 0.9146391153335571, 0.90187007188797, 0.7103807330131531, 0.8500292897224426, 0.9728748202323914, 0.9144992828369141, 0.935694694519043, 0.9347891807556152, 0.9877555966377258, 0.9028758406639099, 0.7245049476623535, 0.9139397740364075, 0.9288334846496582, 0.7285957932472229, 0.8857390284538269, 0.910991907119751], "label": [1, 1, 1, 0, 0, 0, 0]}