{"text": ["XYZ Hospital", "123 tlealth Street,Wellness City", "Phone:+1-234.587-890", "Patlant Nanx:Davld D", ":41", "Doctor: Dr.Patol", "Medicine", "Dosuge", "Frequency", "Duration", "Tab Evlon", "5 tablets", "3mesa day", "7 days", "Cap Colmmune", "10 tablets", "3 tmes duy", "4days", "TabFebrexplus", "t5tablets", "2tmesa duy", "10days", "Tab Cyciomelf", "10tablets", "2 tms a doy", "30 days", "Syrup", "Dosago", "Froquoncy", "Duratlon", "Syrup Fobrox plus", "Sml", "3tms doy", "5 days", "SyrupZodax", "10ml", "3timsday", "14dy", "Advico:", "-Tako bod rost", "Eat nsy-to-digest food like boiled rice with dal", "-Staytydrated"], "confidence": [0.9551815986633301, 0.8471035957336426, 0.8541738390922546, 0.7886520028114319, 0.8224173188209534, 0.9450865983963013, 0.9273771047592163, 0.9427713751792908, 0.9855784177780151, 0.9623180627822876, 0.9174259901046753, 0.8638057708740234, 0.7508084774017334, 0.861883819103241, 0.8980022072792053, 0.8903642892837524, 0.748680055141449, 0.8935898542404175, 0.9729915261268616, 0.8741704225540161, 0.8062561750411987, 0.9184670448303223, 0.8469082117080688, 0.9247161149978638, 0.8025541305541992, 0.8853435516357422, 0.9886301159858704, 0.8496239185333252, 0.9085204601287842, 0.9347891807556152, 0.9922052025794983, 0.8684621453285217, 0.6981529593467712, 0.8145861029624939, 0.8789871335029602, 0.9165780544281006, 0.7330020666122437, 0.8365260362625122, 0.967370867729187, 0.8245164752006531, 0.8990753293037415, 0.9250409007072449], "label": [1, 1, 1, 0, 0, 0, 0]}