{"text": ["XYZ Hospital", "123 tlealth Street,Wellness City", "Phone:+1-234.587-890", "PatlntNam:Allco D", ":20", "Doctor: Dr.Lao", "Medicine", "Dosuge", "Frequency", "Duration", "Tab Pan d", "15tablets", "3mesday", "5days", "Tab Combinam", "15tablets", "2 ums  doy", "4days", "TabClavum025", "20 tblets", "3 tmesa day", "4days", "Cap Cypon", "20 toblets", "3 tmesa dey", "7 days", "Tab Febrexplus", "15tablets", "3 tmesaday", "4days", "Syrup", "Dosapo", "Froquoncy", "Duratlon", "Syrup Fobrxplus", "10ml", "3timsday", "Sday", "Advico:", "-Tako tod rost", "Eat nsy-to-dlgest food like boiled dce with dal", "-Stayhydrated"], "confidence": [0.951866626739502, 0.8477214574813843, 0.8577502369880676, 0.8057481050491333, 0.8426997661590576, 0.9066434502601624, 0.9175625443458557, 0.9427713751792908, 0.9838371276855469, 0.964890718460083, 0.8942930698394775, 0.8913987278938293, 0.8203554749488831, 0.8343985676765442, 0.9073930382728577, 0.9092390537261963, 0.7034355998039246, 0.8935898542404175, 0.870538055896759, 0.9248446226119995, 0.7573702335357666, 0.9184122085571289, 0.9462621212005615, 0.8743324279785156, 0.7729131579399109, 0.8720644116401672, 0.9430515170097351, 0.8865651488304138, 0.8457149267196655, 0.9184122085571289, 0.9869922399520874, 0.8673691749572754, 0.9624842405319214, 0.910537838935852, 0.8471513390541077, 0.9347427487373352, 0.7220712900161743, 0.7356988191604614, 0.9687759280204773, 0.8077505826950073, 0.901470422744751, 0.8786836266517639], "label": [1, 1, 1, 0, 0, 0, 0]}