{"text": ["XYZ Hospital", "123 tlealth Street,Wellness City", "Phone:+1-234.587-890", "Patlant Namx:Mla Wlson", ":40", "Doctor: Dr.Lao", "Medicine", "Dosuge", "Frequency", "Duration", "Tab Cetine", "20 tblets", "20ms day", "7 duys", "Cap Colmmune", "20 tablets", "3 0ms dey", "10days", "TabDolo 650", "5tablets", "3 tmesa day", "7 days", "Tab Neurobin Forte", "15tablets", "3 tmesa dey", "5 days", "TabCyclopam", "10 tablets", "2tmesaday", "10days", "Syrup", "Dosogo", "Froquoncy", "Duratlon", "Syrup TusQ dx", "10ml", "2timday", "Sday", "Advico:", "-Tako tod rost", "Eat nsy-to-dlgest food like boiled dce with dal", "-Staytydrated"], "confidence": [0.9524534344673157, 0.8380128741264343, 0.8577502369880676, 0.8246307373046875, 0.8776516914367676, 0.8972790837287903, 0.9259157180786133, 0.9427713751792908, 0.9838371276855469, 0.955414891242981, 0.9169909358024597, 0.9135541915893555, 0.7605679631233215, 0.9828178286552429, 0.8860294222831726, 0.9054545164108276, 0.7231447696685791, 0.9015160202980042, 0.8616733551025391, 0.8846966028213501, 0.7573702335357666, 0.8720644116401672, 0.9412102103233337, 0.8865651488304138, 0.7729131579399109, 0.8013837933540344, 0.8910019397735596, 0.901634693145752, 0.8475243449211121, 0.9213528037071228, 0.9747051000595093, 0.8471839427947998, 0.9624842405319214, 0.910537838935852, 0.9495112895965576, 0.9347427487373352, 0.7432094216346741, 0.7356988191604614, 0.9675191640853882, 0.7913121581077576, 0.8972930908203125, 0.937537431716919], "label": [1, 1, 1, 0, 0, 0, 0]}