{"text": ["XYZ Hospital", "123 tlealth Street,Wellness City", "Phone:+1-234.587-890", "Patlont Namxo:MlaJohnson", ":30", "Doctor: Dr. Tumor", "Medicine", "Dosuge", "Frequency", "Duration", "TabClavum 025", "15tablets", "20ms doy", "7 days", "Cap Pan d", "10 tablets", "20mes dey", "5days", "TabCyclopam", "20 tblets", "2tmes day", "10 days", "Tab Cyclomeff", "15tablets", "2tmes adey", "10days", "Tab Evion", "20 tablets", "3 tmesaday", "10days", "Syrup", "Dosapo", "Froquancy", "Duratlon", "Syrup TusQx", "10ml", "2tdoy", "4dy", "Syrup TusQ dx", "Sml", "3tims doy", "4 days", "Advico:", "-Tako tod rost", "Eat nsy-to-digest food like boiled rice with dnl", "Stoytydrated"], "confidence": [0.9500798583030701, 0.8416517972946167, 0.8589719533920288, 0.8705776333808899, 0.786027729511261, 0.9653845429420471, 0.9302595853805542, 0.9420654773712158, 0.9788968563079834, 0.955414891242981, 0.8011799454689026, 0.8647039532661438, 0.7485461831092834, 0.8594018816947937, 0.9079701900482178, 0.8921223878860474, 0.7687022686004639, 0.8343985676765442, 0.8916661739349365, 0.9248446226119995, 0.7455813884735107, 0.8622841835021973, 0.8608775734901428, 0.8865138292312622, 0.8291624188423157, 0.924377977848053, 0.9267144799232483, 0.8974159359931946, 0.8439608812332153, 0.924377977848053, 0.9701129198074341, 0.8906665444374084, 0.8946319222450256, 0.9957352876663208, 0.943128764629364, 0.9347427487373352, 0.698294997215271, 0.962104082107544, 0.9806254506111145, 0.9197258949279785, 0.7417122721672058, 0.8612959980964661, 0.9662078022956848, 0.7170714139938354, 0.8501596450805664, 0.8286849856376648], "label": [1, 1, 1, 0, 0, 0, 0]}