{"text": ["XYZ Hospital", "123 tlealth Street,Wellness City", "Phone:+1-234-587-890", "Patlont Nanx:John Brown", ":70", "Doctor: Dr.Lao", "Medidine", "Dosuge", "Frequency", "Duration", "Cap Pand", "10tablets", "3mesdey", "10duys", "Tab Neurobin Forte", "20 tablets", "3 tmes doy", "4duys", "Cup Omez", "15tablets", "3 tmesa doy", "7 days", "TabAlurodn 500", "15tablets", "2tmesa day", "10days", "Tab Pan d", "5tablets", "2 tmes a duy", "5days", "Cap Zovirax", "5tablets", "3 tmesa dey", "10days", "Syrup", "Dosago", "Froquoncy", "Durotlon", "Syrup TusQ-dx", "10ml", "3tims doy", "7days", "Syrup Fobrox plus", "10ml", "2timday", "Sday", "Advico:", "-Tako tod rst", "Eat nsy-to-digest food like boiled rice with dal", "-Stytydrated"], "confidence": [0.9473487734794617, 0.8383288979530334, 0.8956068754196167, 0.8208667635917664, 0.8414444327354431, 0.8956195116043091, 0.8929821848869324, 0.9422492384910583, 0.9902750849723816, 0.9623180627822876, 0.9235674142837524, 0.9273074269294739, 0.8327884078025818, 0.9152160286903381, 0.9263287782669067, 0.8967920541763306, 0.7507402896881104, 0.9136894941329956, 0.8356970548629761, 0.8671495914459229, 0.7852831482887268, 0.8594018816947937, 0.7944729924201965, 0.8919340968132019, 0.8345104455947876, 0.8654675483703613, 0.8963916301727295, 0.9079194068908691, 0.7506501078605652, 0.8520981669425964, 0.9386158585548401, 0.8909797668457031, 0.8336135745048523, 0.924377977848053, 0.988613486289978, 0.8496239185333252, 0.9466862082481384, 0.9339734315872192, 0.9452909827232361, 0.9702969789505005, 0.732460081577301, 0.8774265050888062, 0.9886180758476257, 0.9599877595901489, 0.7733154892921448, 0.7481143474578857, 0.9698401689529419, 0.7309774160385132, 0.9020175933837891, 0.9058265686035156], "label": [1, 1, 1, 0, 0, 0, 0]}