{"text": ["XYZ Hospital", "123 tlealth Street,Wellness City", "Phone:+1-234.587-890", "Patlant Nanx:Jano Whito", ":48", "DoctorDr.Tumor", "Medicine", "Dosuge", "Frequency", "Duration", "Tab Sumo cold", "10 tablets", "20ms dey", "4duys", "Tab Zole fcream", "20 tablets", "3umesaday", "30 days", "TabAllegra", "t5tablets", "3 tmesaday", "t4days", "Tab Pand", "20 tablets", "3 tmesa dey", "30 days", "Syrup", "Dosago", "Froquoncy", "Duration", "Syrup Corox", "Sml", "2 tm doy", "5 days", "SyrupZodax", "10ml", "3timsday", "10day", "Advico:", "-Tako bod rost", "Eat nsy-to-digest food like boiled rice with dal", "-Stayhydrated"], "confidence": [0.951866626739502, 0.8445388078689575, 0.8541738390922546, 0.8471692800521851, 0.761138379573822, 0.9678805470466614, 0.930323600769043, 0.9349806904792786, 0.9905779957771301, 0.9623180627822876, 0.9144731760025024, 0.9107781648635864, 0.7710025310516357, 0.9083743095397949, 0.8712989091873169, 0.9054545164108276, 0.8558226823806763, 0.8853435516357422, 0.9364824295043945, 0.8833587169647217, 0.8493043780326843, 0.8406792283058167, 0.9204728007316589, 0.8983814120292664, 0.8120609521865845, 0.8853435516357422, 0.9728748202323914, 0.8496239185333252, 0.8970111012458801, 0.9527572989463806, 0.8996854424476624, 0.8684621453285217, 0.7740520238876343, 0.8231015801429749, 0.8965408205986023, 0.911413848400116, 0.7808237075805664, 0.7979649305343628, 0.967370867729187, 0.8230072855949402, 0.8990753293037415, 0.8757689595222473], "label": [1, 0, 1, 0, 0, 0, 0]}