{"text": ["XYZ Hospital", "123 tlealth Street,Wellness City", "Phone:+1-234-587-890", "Patlnt Nan:Grco Ro", ":21", "Doctor: Dr. Millor", "Medicine", "Dosage", "Frequency", "Duration", "Tab Evlon", "5tablets", "20ms dey", "5 days", "TabClavun25", "5tablets", "20mes dey", "5days", "Cap Colmmune", "10 tablets", "2 tmes a day", "7 days", "TabCyclopum", "20 tblets", "3tmes aday", "7 days", "Tab Cetine", "10tablets", "2 umes a duy", "10days", "TabCiplox500", "15tablets", "2 tms a doy", "10days", "Syrup", "Dosapo", "Froquoncy", "Duratlon", "Syrup TusQ dx", "10ml", "2 tim doy", "5days", "Syrup Cypon", "10ml", "2timday", "30 days", "Advico:", "-Tako tod rost", "Eat nsy-to-digest food like boiled rice with dal", "-Stytydrated"], "confidence": [0.9539773464202881, 0.843846321105957, 0.8858270645141602, 0.7713515162467957, 0.738356351852417, 0.9594173431396484, 0.9254783391952515, 0.9033363461494446, 0.9920946955680847, 0.964890718460083, 0.9185904264450073, 0.901167631149292, 0.7692691087722778, 0.7547540068626404, 0.8683890700340271, 0.8909797668457031, 0.7428823113441467, 0.8520981669425964, 0.8984766602516174, 0.8893119096755981, 0.7271961569786072, 0.8580665588378906, 0.8908418416976929, 0.9086169004440308, 0.8533846139907837, 0.8580665588378906, 0.9416643381118774, 0.9273074269294739, 0.7387182116508484, 0.8626441955566406, 0.9113684296607971, 0.9037178754806519, 0.8156778216362, 0.924377977848053, 0.988613486289978, 0.8228013515472412, 0.9466862082481384, 0.9673064351081848, 0.9477811455726624, 0.9702969789505005, 0.7873589992523193, 0.8750370144844055, 0.9619796872138977, 0.9599877595901489, 0.7676267623901367, 0.7511711120605469, 0.9374408721923828, 0.7723420858383179, 0.9021574854850769, 0.8946594595909119], "label": [1, 1, 1, 0, 0, 0, 0]}