{"text": ["XYZ Hospital", "123 tlealth Street,Wellness City", "Phone:+1-234-587-890", "Patlont Nanx:Mla Brown", "p:38", "Doctor:Dr.Patol", "Medicine", "Dosuge", "Frequency", "Duration", "Cap Dilanun", "10 tablets", "20ms doy", "30 duys", "Cap Cypon", "5tablets", "2 tms  duy", "30 days", "Tab Triz", "10tablets", "2 tmes aduy", "5days", "Tab Zole f creum", "5tablets", "2tmesa day", "7 days", "Cap Pan d", "15tablets", "3 tmesaday", "7 days", "TabCyclomeff", "10tablets", "2 tmes a dey", "10days", "Syrup", "Dosago", "Froquoncy", "Durotlon", "Syrup TusQ-dx", "Sml", "2 timdoy", "7days", "Syrup Zodox", "10ml", "2timday", "Sday", "Advico:", "-Tako tod rst", "Eat nsy-to-digest food like boiled rice with dal", "-Stytydrated"], "confidence": [0.9535403847694397, 0.8445388078689575, 0.8941647410392761, 0.8212848901748657, 0.7383583188056946, 0.9435904026031494, 0.9246234893798828, 0.9422492384910583, 0.9902750849723816, 0.964890718460083, 0.8985641598701477, 0.8778047561645508, 0.7563122510910034, 0.9137939810752869, 0.948161780834198, 0.9046000242233276, 0.7146862745285034, 0.8513266444206238, 0.8534448146820068, 0.9247161149978638, 0.7543216347694397, 0.8366293907165527, 0.8638275265693665, 0.9046000242233276, 0.8345104455947876, 0.861883819103241, 0.9105875492095947, 0.8647039532661438, 0.8460615277290344, 0.861883819103241, 0.8906317353248596, 0.9273074269294739, 0.8119399547576904, 0.924377977848053, 0.988613486289978, 0.8285646438598633, 0.9466862082481384, 0.9314339756965637, 0.9433580040931702, 0.860496461391449, 0.7554259300231934, 0.9085096120834351, 0.9223028421401978, 0.9357630014419556, 0.7733154892921448, 0.7481143474578857, 0.9699703454971313, 0.7242653369903564, 0.9021574854850769, 0.9058265686035156], "label": [1, 1, 1, 0, 0, 0, 0]}