{"text": ["XYZ Hospital", "123 tlealth Street,Wellness City", "Phone:+1-234-587-890", "Patlnt Nan:Graco Brown", ":42", "Doctor:Dr.Smith", "Medicine", "Dosuge", "Frequency", "Duration", "CapColmmune", "5 tablets", "20ms doy", "7 duys", "Tab Cetine", "5tablets", "3tmesaday", "10days", "Tab Evion", "5tblets", "2 tmes a duy", "5 days", "Cap Dilanun", "10tablets", "2 tm5 a doy", "7 days", "Syrup", "Dosago", "Froquancy", "Duratlon", "Syrup Corox-dx", "Sml", "3tims doy", "30dnys", "Advico:", "-Tako bod rost", "Eat nsy-to-dlgest food like boiled rice with dal", "-Stynydrated"], "confidence": [0.9463983178138733, 0.8487181663513184, 0.8744075894355774, 0.8206503391265869, 0.812186062335968, 0.9759401679039001, 0.930323600769043, 0.9030749201774597, 0.9810009002685547, 0.955414891242981, 0.9216572046279907, 0.8705056309700012, 0.7529489994049072, 0.8653728365898132, 0.9327921867370605, 0.8909797668457031, 0.811162531375885, 0.8626441955566406, 0.9258148670196533, 0.9190265536308289, 0.9000213742256165, 0.7472350001335144, 0.8687387704849243, 0.9273074269294739, 0.7406336069107056, 0.8480218052864075, 0.9852066040039062, 0.9117240309715271, 0.9584259390830994, 0.8653408288955688, 0.9186784625053406, 0.8684621453285217, 0.7523825764656067, 0.8111572265625, 0.9288334846496582, 0.7142534255981445, 0.8857390284538269, 0.8979743123054504], "label": [1, 1, 1, 0, 0, 0, 0]}