{"text": ["XYZ Hospital", "123 tlealth Street,Wellness City", "Phone:+1-234-587-890", "Patlant Nanx:John Ro", "p:72", "Doctor: Dr. Tumor", "Medicine", "Dosage", "Frequency", "Qurabon", "Tab Cetine", "5tablets", "20ms dey", "7 duys", "TabCiplox500", "5tablets", "20mes dey", "tO days", "TabAlurodin 500", "15tablets", "3 tmesa doy", "10days", "Cup Cypon", "5tablets", "3 tmes aday", "5days", "Tab Combinam", "15tablets", "2 umes a duy", "4duys", "TabNeurobin Forte", "10tablets", "2 tmesa dey", "7 days", "Syrup", "Dosago", "Froquoncy", "Durotlon", "Syrup TusQx", "10ml", "3 tims doy", "5days", "Syrup Cypon", "10ml", "3timsday", "Sday", "Advico:", "-Tako tod rost", "Eat nsy-to-dlgest food like boiled rice with dal", "-Stytydrated"], "confidence": [0.9539773464202881, 0.8388950228691101, 0.9064761400222778, 0.8193422555923462, 0.7978620529174805, 0.9774069786071777, 0.930323600769043, 0.9033363461494446, 0.9918885827064514, 0.8740919232368469, 0.9164446592330933, 0.901167631149292, 0.7692691087722778, 0.9796134829521179, 0.8572471141815186, 0.8909797668457031, 0.7428823113441467, 0.8201694488525391, 0.7917433381080627, 0.867788553237915, 0.7852831482887268, 0.8628065586090088, 0.9044983386993408, 0.9046000242233276, 0.8272819519042969, 0.8520981669425964, 0.9526227116584778, 0.8647039532661438, 0.7387182116508484, 0.9083743095397949, 0.9589383602142334, 0.9273074269294739, 0.8188995718955994, 0.8767657279968262, 0.988613486289978, 0.8285646438598633, 0.9466862082481384, 0.9375925064086914, 0.9349162578582764, 0.9702969789505005, 0.7524312138557434, 0.8832570314407349, 0.9619796872138977, 0.9599877595901489, 0.7849414348602295, 0.7481143474578857, 0.9686400294303894, 0.7705491185188293, 0.9009497165679932, 0.8946594595909119], "label": [1, 0, 1, 0, 0, 0, 0]}