{"text": ["XYZ Hospital", "123 tlealth Street,Wellness City", "Phone:+1-234.587-890", "Patlant Namx:GracoWlson", "p:02", "Doctor: Dr. Tumor", "Medicine", "Dosuge", "Frequency", "Duration", "Cap Dilanun", "5 tablets", "3mesday", "7 duys", "TabDolo650", "5tablets", "3tmesaday", "7 days", "Tab Suno cold", "5tablets", "3 tmesa duy", "10 duys", "Tab Pan d", "20 tblets", "3tmes aday", "30 days", "Tab Neurobin Forte", "20 tblets", "2 tmes a duy", "30 days", "TabClavum 025", "15tablets", "2 tms a doy", "10days", "Syrup", "Dosago", "Froquoncy", "Duratlon", "Syrup TusQ-dx", "10ml", "3 tms doy", "10days", "Advico:", "-Tako to rost", "Eat nsy-to-digest food like boiled dce with dnl", "Stoytydrated"], "confidence": [0.9477817416191101, 0.8547158241271973, 0.8499292135238647, 0.8391054272651672, 0.5924407243728638, 0.9758189916610718, 0.930323600769043, 0.9740098118782043, 0.98100346326828, 0.965709924697876, 0.8940534591674805, 0.887381374835968, 0.8094712495803833, 0.9828178286552429, 0.8424966931343079, 0.9079194068908691, 0.8278234004974365, 0.8401936888694763, 0.8603713512420654, 0.9159331321716309, 0.8074479699134827, 0.8863319754600525, 0.8963916301727295, 0.9086169004440308, 0.8616535067558289, 0.8853435516357422, 0.9522820711135864, 0.9003804326057434, 0.7522758841514587, 0.8853435516357422, 0.7908124327659607, 0.9037178754806519, 0.8156778216362, 0.9213528037071228, 0.9719002842903137, 0.958836555480957, 0.9524527788162231, 0.9876395463943481, 0.9404671788215637, 0.9717352390289307, 0.7108118534088135, 0.8282742500305176, 0.9678854942321777, 0.7480148077011108, 0.8601347208023071, 0.8621355891227722], "label": [1, 1, 1, 0, 0, 0, 0]}