{"text": ["XYZ Hospital", "123 tlealth Street,Wellness City", "Phone:+1-234.587-890", "PatlntNan:Jan D", ":70", "Doctor: Dr. Millor", "Medicine", "Dosage", "Frequency", "Duration", "Cap CoImmune", "5tablets", "20ms doy", "7 days", "Cap Pan d", "5tablets", "20mes dey", "7 days", "Cap Zovirax", "t5tablets", "3 tmesaday", "30 days", "Tab Cetine", "5tablets", "2 tms a duy", "7 days", "Tab Triz", "t5tablets", "2 tmes a duy", "5days", "Syrup", "Dosago", "Froquoncy", "Duratlon", "Syrup Corox", "Sml", "2timdy", "Sday", "Advico:", "-Tako tod rost", "Eat nsy-to-digest food like boiled dce with dal", "-Staytydrated"], "confidence": [0.9556874632835388, 0.838995099067688, 0.8541738390922546, 0.8377822041511536, 0.8660268783569336, 0.9514191150665283, 0.9259157180786133, 0.9033363461494446, 0.9856641292572021, 0.965709924697876, 0.8884347081184387, 0.9079194068908691, 0.7521705627441406, 0.8635157942771912, 0.9094559550285339, 0.895728349685669, 0.7687022686004639, 0.8767657279968262, 0.9159099459648132, 0.8583819270133972, 0.822350800037384, 0.9011363983154297, 0.9076919555664062, 0.8716651201248169, 0.7963521480560303, 0.8720644116401672, 0.9775725603103638, 0.8697188496589661, 0.7506501078605652, 0.8882506489753723, 0.9720994234085083, 0.8360254764556885, 0.9773744940757751, 0.9097633361816406, 0.9607416391372681, 0.9197258949279785, 0.8358383178710938, 0.7356988191604614, 0.9675191640853882, 0.8320817351341248, 0.89924156665802, 0.9372954964637756], "label": [1, 1, 1, 0, 0, 0, 0]}