{"text": ["XYZ Hospital", "123 tlealth Street,Wellness City", "Phone:+1-234.587-890", "Patlant Namx:Charl D", "p:70", "Doctor: Dr.Johnson", "Medicine", "Dosuge", "Frequency", "Duration", "TabDolo 650", "20tblets", "20ms doy", "30 duys", "Tab Evion", "5tablets", "3tmesaday", "10days", "Tab Febrex plus", "5tablets", "3 tmesa duy", "30 duys", "TabCiplox500", "20tblets", "2 tmes a duy", "4duys", "TabAllegr", "10tablets", "3 tmesaday", "7 days", "Cap Co-Immune", "20 tablets", "2 tms a dey", "7 days", "Syrup", "Dosago", "Froquoncy", "Duratlon", "Syrup Corox", "10ml", "3tms doy", "7day", "Advico:", "-Tako to rost", "Eat nsy-to-digest food like boiled dce with dnl", "Stoytydrated"], "confidence": [0.9478399157524109, 0.836279034614563, 0.8581722378730774, 0.7921392321586609, 0.782950758934021, 0.9703678488731384, 0.9180112481117249, 0.9740098118782043, 0.9790523052215576, 0.964890718460083, 0.8615696430206299, 0.9145114421844482, 0.7523245811462402, 0.9137939810752869, 0.9246978759765625, 0.8909797668457031, 0.8485071659088135, 0.8654675483703613, 0.9150460958480835, 0.9159331321716309, 0.8074479699134827, 0.9156034588813782, 0.8856897950172424, 0.9412925839424133, 0.7414012551307678, 0.9083743095397949, 0.9359873533248901, 0.9273074269294739, 0.8371230363845825, 0.8452855944633484, 0.8697432279586792, 0.8797799944877625, 0.7880218029022217, 0.991462230682373, 0.9719002842903137, 0.958836555480957, 0.9529516696929932, 0.9921525120735168, 0.8779683709144592, 0.9717352390289307, 0.7066380381584167, 0.940690815448761, 0.9678854942321777, 0.7507117390632629, 0.861255407333374, 0.856630802154541], "label": [1, 1, 1, 0, 0, 0, 0]}