{"text": ["XYZ Hospital", "123 tlealth Street,Wellness City", "Phone:+1-234-587-890", "Patlant Nanx:Jano Millor", ":G0", "Doctor:Dr. Millor", "Medicine", "Dosuge", "Frequency", "Duration", "Tab Allegra", "10tablets", "20ms dey", "4duys", "Cap Zovtrax", "5tablets", "2 tm0s  duy", "10days", "Tab Evlon", "10tablets", "3 tmesa duy", "t4duys", "Tab Dolonexdt", "10tablets", "2 tmesa day", "5days", "Tab Trz", "15tablets", "3 tmesaday", "7 days", "TabCiplox500", "5tablets", "3 tmesa dey", "7 days", "Syrup", "Dosago", "Froquoncy", "Durotlon", "Syrup TusQx", "10ml", "2 timdoy", "14day", "Syrup Brozodax", "10ml", "3timday", "7day", "Advico:", "-Tako tod rst", "Eat nsy-to-digest food like boiled rice with dal", "-Stytydrated"], "confidence": [0.9440207481384277, 0.8445388078689575, 0.888440728187561, 0.862189531326294, 0.5190804600715637, 0.9511932134628296, 0.930323600769043, 0.9422492384910583, 0.9902750849723816, 0.9623180627822876, 0.9251887798309326, 0.9273074269294739, 0.7692691087722778, 0.9136894941329956, 0.8620042204856873, 0.9046000242233276, 0.7051472663879395, 0.85993891954422, 0.9146842956542969, 0.9247161149978638, 0.8109228014945984, 0.8104643225669861, 0.9376062154769897, 0.9273074269294739, 0.8068044185638428, 0.8520981669425964, 0.9231915473937988, 0.8647039532661438, 0.8309677243232727, 0.8452855944633484, 0.9228575825691223, 0.8909797668457031, 0.8336135745048523, 0.9913495182991028, 0.988613486289978, 0.8496239185333252, 0.9466862082481384, 0.9314339756965637, 0.9381473064422607, 0.9702969789505005, 0.7554259300231934, 0.8130840063095093, 0.9617500305175781, 0.9599877595901489, 0.7877011895179749, 0.8532044887542725, 0.9699703454971313, 0.7292758226394653, 0.9021574854850769, 0.9058265686035156], "label": [1, 1, 1, 0, 0, 0, 0]}