{"text": ["XYZ Hospital", "123 tlealth Street,Wellness City", "Phone:+1-234.587-890", "PatlntNam:John Ro", "80", "DoctorDr.Johnson", "Medicine", "Dosuge", "Frequency", "Duration", "TabZole fcreum", "10 tablets", "3mesdey", "10days", "Cap Pan d", "15tablets", "2 tm0s  duy", "10days", "Tab Cyciomeff", "10 tablets", "2tmesa dey", "7 days", "Tab Triz", "10tablets", "2 tmes a day", "4days", "Syrup", "Dosapo", "Froquancy", "Duratlon", "Syrup TusQ-dx", "Sml", "2 tm doy", "30 day", "Syrup Brozodax", "10ml", "3timsday", "10day", "Advico:", "-Tako tod rost", "Eat nsy-to-dlgest food like boiled rice with dal", "-Stayhydrated"], "confidence": [0.9544928669929504, 0.8388950228691101, 0.8674079179763794, 0.8373361229896545, 0.8890917301177979, 0.9631726741790771, 0.9323613047599792, 0.9422492384910583, 0.9838371276855469, 0.9623180627822876, 0.897516131401062, 0.901634693145752, 0.8336987495422363, 0.8628065586090088, 0.9035593867301941, 0.9092390537261963, 0.7051472663879395, 0.8626441955566406, 0.8617991805076599, 0.8921223878860474, 0.8103421926498413, 0.8720644116401672, 0.9694429636001587, 0.9247161149978638, 0.7614920139312744, 0.9184122085571289, 0.9720994234085083, 0.8093938827514648, 0.9061452150344849, 0.937681257724762, 0.9696215987205505, 0.8684621453285217, 0.741890549659729, 0.8198152184486389, 0.8707041144371033, 0.9165780544281006, 0.7808237075805664, 0.7979649305343628, 0.9688101410865784, 0.8293460011482239, 0.9003981947898865, 0.8854078650474548], "label": [1, 1, 1, 0, 0, 0, 0]}