{"text": ["XYZ Hospital", "123 tlealth Street,Wellness City", "Phone:+1-234-587-890", "Patlant Nanx:Davd Johnson", "p:37", "Doctor: Dr.Lao", "Medicine", "Dosuge", "Frequency", "Duration", "TabCluvum 025", "20tblets", "20ms dey", "5days", "Tab Neurobin Forte", "5tablets", "3 tmes doy", "4duys", "Cap Omez", "10tablets", "2 tmes a day", "4duys", "Tab Dolonexdt", "20 tblets", "2 tmesa day", "10days", "Cap Colmmune", "10tablets", "2 umes a duy", "7 days", "TabCyciomeff", "10tablets", "3 tmesa dey", "$ days", "Syrup", "Dosapo", "Froquoncy", "Duratlon", "Syrup TusQ-dx", "Sml", "3 tims doy", "30days", "Syrup Corox", "Sml", "3timsday", "5days", "Advico:", "-Tako tod rost", "Eat nsy-to-dlgest food like boiled rice with dal", "-Stytydrated"], "confidence": [0.9467313289642334, 0.8385250568389893, 0.881656289100647, 0.857654333114624, 0.7839953899383545, 0.9028874039649963, 0.9286406636238098, 0.9427713751792908, 0.9902750849723816, 0.964890718460083, 0.8169956207275391, 0.9343926906585693, 0.7692691087722778, 0.8641525506973267, 0.9264256954193115, 0.8909797668457031, 0.7507402896881104, 0.9136894941329956, 0.8047374486923218, 0.9247161149978638, 0.7271961569786072, 0.9083743095397949, 0.9449029564857483, 0.9086169004440308, 0.8068044185638428, 0.8654675483703613, 0.8785130381584167, 0.9273074269294739, 0.7387182116508484, 0.8452855944633484, 0.8772509098052979, 0.9273074269294739, 0.8336135745048523, 0.9325768351554871, 0.988613486289978, 0.8228013515472412, 0.9466862082481384, 0.9559439420700073, 0.9391883015632629, 0.860496461391449, 0.7524312138557434, 0.8151836395263672, 0.9745674133300781, 0.927854061126709, 0.7784441709518433, 0.7154484987258911, 0.9698401689529419, 0.7745047211647034, 0.9009497165679932, 0.8883560299873352], "label": [1, 1, 1, 0, 0, 0, 0]}