{"text": ["XYZ Hospital", "123 tlealth Street,Wellness City", "Phone:+1-234.587-890", "PatlantNanx:Evo Davs", "p:71", "Doctor: Dr.Lao", "Medicine", "Dosauge", "Frequency", "Duration", "TabDolo650", "10 tablets", "20ms doy", "4days", "Tab Cyciomeff", "5tablets", "20mes dey", "30 days", "Tab Evion", "t5tblets", "3tmes aday", "30 days", "Tab Cetine", "20 toblets", "3tmesadey", "5days", "Cap Dilanun", "5tablets", "2tmesaday", "5days", "Syrup", "Dosapo", "Froquoncy", "Duratlon", "Syrup Fobroxplus", "10ml", "2tm doy", "30dny", "Syrup Brozodox", "Sml", "3tims doy", "4 days", "Advico:", "-Tako tod rost", "Eat nsy-to-digest food like boiled rice with dnl", "Stoybydrated"], "confidence": [0.9538876414299011, 0.8414099216461182, 0.8575018644332886, 0.7994760274887085, 0.740033745765686, 0.888949990272522, 0.9587121605873108, 0.8137890696525574, 0.9788968563079834, 0.9623180627822876, 0.9020558595657349, 0.8921223878860474, 0.7557400465011597, 0.9657290577888489, 0.844023585319519, 0.8912277221679688, 0.7687022686004639, 0.8853435516357422, 0.9245491027832031, 0.8549206256866455, 0.8219209909439087, 0.8866694569587708, 0.9256700277328491, 0.8586471676826477, 0.8895689845085144, 0.8882506489753723, 0.8700363039970398, 0.9057856798171997, 0.8239051103591919, 0.8746163249015808, 0.9701129198074341, 0.7913495898246765, 0.9345409870147705, 0.9955869913101196, 0.8643579483032227, 0.9483411312103271, 0.7230568528175354, 0.8377351760864258, 0.9111605286598206, 0.9197258949279785, 0.7702119946479797, 0.8612959980964661, 0.9662078022956848, 0.7183167338371277, 0.8501596450805664, 0.8273667693138123], "label": [1, 1, 1, 0, 0, 0, 0]}