{"text": ["XYZ Hospital", "123 tlealth Street,Wellness City", "Phone:+1-234.587-890", "Patlant Namx:Graco Millar", "p:37", "DoctorDr.Johnson", "Medicine", "Dosuge", "Frequency", "Duration", "TabClavum 025", "t5tablets", "3mesday", "30 days", "Tab Combinam", "20 tablets", "3 umes doy", "5 duys", "Tab Cyclomeff", "20 tablets", "2 tmes a duy", "10duys", "TabDolo650", "10tablets", "3 tmesa dey", "5days", "Syrup", "Dosogo", "Froquoncy", "Duratlon", "Syrup Grillnctus bm", "10ml", "3tmdoy", "30 days", "SyrupTus dx", "Sml", "3timsday", "7day", "Advico:", "-Tako tod rost", "Eat nsy-to-dlgest food like boiled dce with dal", "-Stayhydrated"], "confidence": [0.9544928669929504, 0.8478810787200928, 0.8465229868888855, 0.8155049681663513, 0.7839953899383545, 0.9608418941497803, 0.9233118295669556, 0.9427713751792908, 0.9838311672210693, 0.965709924697876, 0.7946711182594299, 0.8808125257492065, 0.8427475690841675, 0.8676621317863464, 0.9212958812713623, 0.9054545164108276, 0.7165395617485046, 0.9158236980438232, 0.8644343614578247, 0.8924261331558228, 0.78944331407547, 0.9137234091758728, 0.8737805485725403, 0.9247161149978638, 0.7643855810165405, 0.886221706867218, 0.9869922399520874, 0.7991173267364502, 0.9591872096061707, 0.8907557725906372, 0.9756779670715332, 0.9410436153411865, 0.7212183475494385, 0.9401676058769226, 0.8724809885025024, 0.9197258949279785, 0.7835347652435303, 0.8190528750419617, 0.96641606092453, 0.7913808822631836, 0.9047735333442688, 0.8862071633338928], "label": [1, 0, 1, 0, 0, 0, 0]}