{"text": ["XYZ Hospital", "123 tlealth Street,Wellness City", "Phone:+1-234-587-890", "Patlont Nanx:Charlo Wlllams", ":20", "Doctor:Dr.Smith", "Medicine", "Dosuge", "Frequency", "Quradon", "Tab Pan d", "20 tblets", "3mesdey", "t4duys", "Cap Zovirax", "10tablets", "3 umes doy", "30 days", "TabDolo 650", "10tablets", "2mes aday", "7 days", "Tab Triz", "15tablets", "3 tmes aday", "7 days", "TabCiplox500", "10tablets", "2 tmes a duy", "30 days", "CapCo-lmmune", "15tablets", "3 tmesa dey", "$ duys", "Syrup", "Dosapo", "Froquoncy", "Duratlon", "Syrup Grillnctus tm", "Sml", "2 tim doy", "30days", "Syrup TusQ dx", "10ml", "2timday", "10days", "Advico:", "-Tako tod rost", "Eat nsy-to-digest food like boiled rice with dal", "-Stytydrated"], "confidence": [0.9528822898864746, 0.8386499881744385, 0.8814093470573425, 0.8313942551612854, 0.852616012096405, 0.9636914730072021, 0.8806843757629395, 0.9427713751792908, 0.9902750849723816, 0.8168739080429077, 0.9158036112785339, 0.9003804326057434, 0.8327884078025818, 0.8546951413154602, 0.9189836382865906, 0.9273074269294739, 0.7165395617485046, 0.8513266444206238, 0.8361899852752686, 0.9273074269294739, 0.7745811939239502, 0.861883819103241, 0.9158270955085754, 0.8671495914459229, 0.8282737731933594, 0.861883819103241, 0.9051852822303772, 0.9273074269294739, 0.7704176902770996, 0.8853435516357422, 0.9130909442901611, 0.9037178754806519, 0.8194018006324768, 0.9236800670623779, 0.983737587928772, 0.8228013515472412, 0.9466862082481384, 0.9799938797950745, 0.9907955527305603, 0.9028758406639099, 0.7873589992523193, 0.8070105910301208, 0.952340841293335, 0.9357630014419556, 0.8172538876533508, 0.7768905758857727, 0.9625285863876343, 0.7646108865737915, 0.9020175933837891, 0.902330219745636], "label": [1, 1, 1, 0, 0, 0, 0]}