{"text": ["XYZ Hospital", "123 tlealth Street,Wellness City", "Phone:+1-234-587-890", "Patlont Nam:Llam Davs", ":42", "Doctor: Dr.Smith", "Medicine", "Dosage", "Frequency", "Duration", "Cap Pan d", "10tablets", "3mesday", "30 days", "Tab Sumo cold", "5tablets", "2mes  duy", "7 days", "TabNeurobin Forte", "10tblets", "3 tmes a duy", "10 days", "Tab Tz", "t5tablets", "2 tm5 a doy", "30 days", "Syrup", "Dosago", "Froquancy", "Durptlon", "Syrup TusQ dx", "10ml", "3tims doy", "5days", "Advico:", "-Tako bod rost", "Eat nsy-to-dlgest food like boiled rice with dal", "-Stynydrated"], "confidence": [0.9474150538444519, 0.8475929498672485, 0.8887737989425659, 0.8088937401771545, 0.812186062335968, 0.9556920528411865, 0.9246234893798828, 0.8886480927467346, 0.9788968563079834, 0.964890718460083, 0.9723991751670837, 0.9273074269294739, 0.8407676815986633, 0.8676621317863464, 0.925709068775177, 0.8909797668457031, 0.7472155094146729, 0.8720644116401672, 0.9528788328170776, 0.9008221626281738, 0.8733134865760803, 0.8690416216850281, 0.8973212838172913, 0.8856318593025208, 0.7406336069107056, 0.8867191672325134, 0.9908796548843384, 0.9117240309715271, 0.9354243874549866, 0.8673511147499084, 0.952652633190155, 0.9658069610595703, 0.7523825764656067, 0.8675468564033508, 0.9288334846496582, 0.7142534255981445, 0.8857390284538269, 0.8976470828056335], "label": [1, 1, 1, 0, 0, 0, 0]}