{"text": ["XYZ Hospital", "123 tlealth Street,Wellness City", "Phone:+1-234-587-890", "Patlant Nanx:Allco Wlson", ":70", "Doctor:Dr.Johnson", "Medicine", "Dosuge", "Frequency", "Duration", "Tab Combinam", "5 tablets", "3mesaday", "5 days", "Tab Cyciomelf", "20 tblets", "2tmes  duy", "7days", "Cap Dilanun", "S tablets", "2 tmes a duy", "10 days", "Tab Evion", "20 tablets", "2 tm5 a doy", "t4days", "Syrup", "Dosapo", "Froquancy", "Ouration", "Syrup TusQ-dx", "10ml", "2 tm doy", "7 days", "Advico:", "-Tako bod rost", "Eat nsy-to-dlgest food like boiled rice with dal", "-Stynydrated"], "confidence": [0.950584352016449, 0.8408339023590088, 0.8927069902420044, 0.8298816680908203, 0.8835301399230957, 0.9688655734062195, 0.930323600769043, 0.9740098118782043, 0.9859857559204102, 0.964890718460083, 0.9547116756439209, 0.887381374835968, 0.7886044979095459, 0.7393367886543274, 0.8246620893478394, 0.9185055494308472, 0.6972072124481201, 0.9236086010932922, 0.913779616355896, 0.8312456011772156, 0.8907971978187561, 0.8611816167831421, 0.9199547171592712, 0.8983814120292664, 0.7406336069107056, 0.8406792283058167, 0.9852066040039062, 0.7913495898246765, 0.9354243874549866, 0.9101769924163818, 0.9570626020431519, 0.9746028780937195, 0.7225327491760254, 0.9799110293388367, 0.9288334846496582, 0.7142534255981445, 0.8857390284538269, 0.8984385132789612], "label": [1, 1, 1, 0, 0, 0, 0]}