{"text": ["XYZ Hospital", "123 tlealth Street,Wellness City", "Phone:+1-234.587-890", "PatlontNanx:Graco Brown", "p:38", "Doctor: Dr.Johnson", "Medicine", "Dosuge", "Frequency", "Duration", "Tab Febrexplus", "20 tblets", "3mesday", "4days", "Cap CoImmune", "t5tablets", "3 umes dey", "10days", "Cap Omez", "5tablets", "2 tmes aday", "7 days", "Tab Combinam", "20 tablets", "2 tmes adey", "7 days", "TabDolo650", "20 tablets", "2tmesaday", "30 days", "Syrup", "Dosapo", "Froquancy", "Duratlon", "Syrup Fobroxplus", "Sml", "3tms doy", "4dy", "Syrup Corox-dx", "10ml", "2 tims doy", "5 days", "Advico:", "-Tako bod rost", "Eat ensy-to-digest food like boiled rice with dnl", "Stoy bydrated"], "confidence": [0.947608470916748, 0.8511695861816406, 0.8499292135238647, 0.8093732595443726, 0.5942648649215698, 0.9646912813186646, 0.9323613047599792, 0.9740098118782043, 0.9838371276855469, 0.9629752039909363, 0.93747478723526, 0.9135541915893555, 0.843670666217804, 0.9249300956726074, 0.895045280456543, 0.8831853270530701, 0.7338784337043762, 0.9213528037071228, 0.824098527431488, 0.913161039352417, 0.7674550414085388, 0.8767657279968262, 0.9024268984794617, 0.8863240480422974, 0.8091831207275391, 0.8720644116401672, 0.9055817723274231, 0.8863240480422974, 0.8577829003334045, 0.8853435516357422, 0.974157989025116, 0.7913495898246765, 0.9316151738166809, 0.9907678961753845, 0.8567671775817871, 0.9197258949279785, 0.7060664892196655, 0.962104082107544, 0.9816890954971313, 0.94232577085495, 0.731744647026062, 0.8086541295051575, 0.96775883436203, 0.7410234808921814, 0.844878613948822, 0.7955535054206848], "label": [1, 1, 1, 0, 0, 0, 0]}