{"text": ["XYZ Hospital", "123 tlealth Street,Wellness City", "Phone:+1-234.587-890", "PatlantNamx:Bob Wlson", "40", "Doctor: Dr.Lao", "Medicine", "Dosuge", "Frequency", "Duration", "Tab Neurobin Forte", "20 tblets", "20ms doy", "30 days", "TabCiplox500", "20 tblets", "20mes dey", "5days", "Cap Colmmune", "10 tablets", "2 tms day", "5 days", "Tab Allegr", "10 tablets", "2 tmes adey", "4days", "Cap Pand", "10 tablets", "3 tmesaday", "5days", "Syrup", "Dosapo", "Froquancy", "Duratlon", "Syrup Fobroxplus", "Sml", "3tms doy", "7day", "Syrup Corox-dx", "Sml", "3tims doy", "10dny", "Advico:", "-Tako to rost", "Eat ensy-to-digest food like boiled rice with dnl", "Stoytydrated"], "confidence": [0.9441022872924805, 0.8410260081291199, 0.8575018644332886, 0.863002598285675, 0.7601802945137024, 0.8967886567115784, 0.9254783391952515, 0.9427713751792908, 0.9788968563079834, 0.965709924697876, 0.9272555112838745, 0.9135541915893555, 0.7523245811462402, 0.9803526997566223, 0.9170148372650146, 0.9248446226119995, 0.7687022686004639, 0.8756504058837891, 0.8972992300987244, 0.8921223878860474, 0.7628087401390076, 0.7600082755088806, 0.9206778407096863, 0.901634693145752, 0.8046001195907593, 0.9184122085571289, 0.9078732132911682, 0.901634693145752, 0.8439608812332153, 0.8882506489753723, 0.974157989025116, 0.9054598808288574, 0.8946319222450256, 0.9921525120735168, 0.8567671775817871, 0.8684621453285217, 0.7066380381584167, 0.830951988697052, 0.9816890954971313, 0.9197258949279785, 0.7529909014701843, 0.7591055631637573, 0.96775883436203, 0.7243521809577942, 0.844878613948822, 0.8652937412261963], "label": [1, 1, 1, 0, 0, 0, 0]}