{"text": ["XYZ Hospital", "123 tlealth Street,Wellness City", "Phone:+1-234.587-890", "Patont Namx:Mla Wllams", ":74", "DoctorDr.Johnson", "Medicine", "Dosage", "Frequency", "Duration", "Cap Zovirax", "5 tablets", "20ms day", "5 days", "Tab Evion", "20tblets", "3tmesaday", "7days", "TabAluhrodin500", "10 tablets", "2 tmes a duy", "14days", "Tab Pand", "t5tablets", "3 tmesa dey", "10days", "Syrup", "Dosago", "Froquoncy", "Duratlon", "Syrup Fobrox plus", "10ml", "3tms doy", "7days", "SyrupCorox-dx", "10ml", "3timsday", "5doys", "Advico:", "-Tako tod rost", "Eat nsy-to-dlgest food like boiled rice with dal", "-Stayhydrated"], "confidence": [0.951866626739502, 0.8384838700294495, 0.8577502369880676, 0.8069456219673157, 0.7632744312286377, 0.9615441560745239, 0.930411696434021, 0.9033363461494446, 0.9560942053794861, 0.964890718460083, 0.8499212861061096, 0.8638057708740234, 0.7605679631233215, 0.7393367886543274, 0.9279268980026245, 0.9516710042953491, 0.8029834628105164, 0.9236086010932922, 0.791504979133606, 0.8921223878860474, 0.8033063411712646, 0.8421378135681152, 0.9268008470535278, 0.8862625360488892, 0.7729131579399109, 0.948091983795166, 0.9728748202323914, 0.8496239185333252, 0.9251506328582764, 0.9625202417373657, 0.9925999641418457, 0.9347427487373352, 0.6752092242240906, 0.9263079762458801, 0.8618782758712769, 0.911413848400116, 0.7808237075805664, 0.7471578121185303, 0.9688101410865784, 0.8293460011482239, 0.9003981947898865, 0.8834782838821411], "label": [1, 1, 1, 0, 0, 0, 0]}