{"text": ["XYZ Hospital", "123 tlealth Street,Wellness City", "Phone:+1-234.587-890", "Patlont Namx:Jano Wilson", "p:50", "Doctor:Dr.Smith", "Medicine", "Dosuge", "Frequency", "Duration", "Tab Sumo cold", "20 tblets", "20ms dey", "5 days", "Tab Allegre", "20 tablets", "3 umes dey", "5days", "Cap Colmmune", "5tablets", "3 tmes dey", "5 days", "Cap Zovirax", "10 tablets", "3 tmesa dey", "30 days", "Cap Oilanun", "20 tablets", "2tmesaday", "4days", "Syrup", "Dosapo", "Froquoncy", "Duratlon", "Syrup Fobrox plus", "Sml", "2timdy", "30days", "Advico:", "-Tako tod rost", "Eat nsy-to-dlgest food like boiled dce with dal", "-Staytydrated"], "confidence": [0.9524534344673157, 0.8414806127548218, 0.8577502369880676, 0.8602879047393799, 0.7119712829589844, 0.9696918725967407, 0.9286406636238098, 0.9427713751792908, 0.9838371276855469, 0.965709924697876, 0.9065355062484741, 0.9135541915893555, 0.7692691087722778, 0.7472350001335144, 0.8709508776664734, 0.9054545164108276, 0.7338784337043762, 0.8756504058837891, 0.8892746567726135, 0.8933669328689575, 0.7872068881988525, 0.7600082755088806, 0.9388978481292725, 0.901634693145752, 0.8120609521865845, 0.8853435516357422, 0.8220729827880859, 0.8863240480422974, 0.8579052090644836, 0.9184122085571289, 0.9714150428771973, 0.9054598808288574, 0.9624842405319214, 0.9913637638092041, 0.9928236603736877, 0.9197258949279785, 0.8333203196525574, 0.8138046264648438, 0.9687759280204773, 0.8092294335365295, 0.9014807939529419, 0.9258518218994141], "label": [1, 1, 1, 0, 0, 0, 0]}