{"text": ["XYZ Hospital", "123 tlealth Street,Wellness City", "Phone:+1-234.587-890", "Patlant Namx:Chorlo Brown", "p:5", "Doctor: Dr.Lao", "Medicine", "Dosuge", "Frequency", "Duration", "TabClavum 025", "15tablets", "20ms dey", "$ duys", "TabCiplox500", "5tablets", "20mesaduy", "10days", "Tab Suno cold", "15tablets", "3mesduy", "4 duys", "Tab Febrex plus", "5tablets", "2tmesa dey", "4duys", "Cap Omez", "5tablets", "3 tmes a day", "7 days", "TabA1urodin 500", "5tablets", "2 tmes a doy", "7 days", "Syrup", "Dosapo", "Froquoncy", "Duratlon", "Syrup TusQ-dx", "Sml", "2tmdoy", "14dy", "Advico:", "-Tako to rost", "Eat nsy-to-digest food like boiled dce with dnl", "Stoy bydrated"], "confidence": [0.9527716040611267, 0.8392246961593628, 0.8581722378730774, 0.8300415873527527, 0.5828918814659119, 0.9081344604492188, 0.930323600769043, 0.9412831664085388, 0.9790523052215576, 0.964890718460083, 0.8226467370986938, 0.8656508922576904, 0.7692691087722778, 0.8634000420570374, 0.8776390552520752, 0.8873331546783447, 0.7698482871055603, 0.8628065586090088, 0.8784847259521484, 0.8647039532661438, 0.8159123659133911, 0.9403669238090515, 0.9134542942047119, 0.8873331546783447, 0.7306452989578247, 0.9083743095397949, 0.8384859561920166, 0.9079194068908691, 0.8112972378730774, 0.8452855944633484, 0.8281944394111633, 0.9079194068908691, 0.7914705872535706, 0.991462230682373, 0.9719002842903137, 0.7875345349311829, 0.942815363407135, 0.9843177795410156, 0.9404671788215637, 0.927854061126709, 0.7155683040618896, 0.932861328125, 0.9678854942321777, 0.7632261514663696, 0.8616782426834106, 0.7944247722625732], "label": [1, 1, 1, 0, 0, 0, 0]}