{"text": ["XYZ Hospital", "123 tlealth Street,Wellness City", "Phone:+1-234.587-890", "Patlant Namx:Jano Davs", "Ap:57", "Doctor: Dr. Millor", "Medicine", "Dosuge", "Frequency", "Duration", "Cap CoImmune", "15tablets", "3mesday", "5 days", "Cap Dilanun", "20 tablets", "3 0ms dey", "4days", "Cap Zovirax", "5tablets", "3 tmesa day", "30 days", "Tab Cyciomelf", "10 tablets", "3 tmesa dey", "30 days", "Tab Combinam", "10 tablets", "3 tmesaday", "10days", "Syrup", "Dosago", "Froquoncy", "Duratlon", "SyrupGrillnctus tm", "Sml", "3timsday", "7day", "Advico:", "-Tako tod rost", "Eat nsy-to-dlgest food like boiled dce with dal", "-Stayhydrated"], "confidence": [0.95541912317276, 0.8467555046081543, 0.8541738390922546, 0.8320951461791992, 0.770072877407074, 0.9544703960418701, 0.9291049838066101, 0.9427713751792908, 0.9838371276855469, 0.964890718460083, 0.8899345397949219, 0.8913987278938293, 0.8203554749488831, 0.7523592114448547, 0.8862690329551697, 0.9054545164108276, 0.7231447696685791, 0.8935898542404175, 0.9138808846473694, 0.8846966028213501, 0.7573702335357666, 0.8853435516357422, 0.8482409119606018, 0.901634693145752, 0.7729131579399109, 0.8853435516357422, 0.9352679252624512, 0.901634693145752, 0.8482871055603027, 0.9213528037071228, 0.9714150428771973, 0.9144992828369141, 0.9624842405319214, 0.910537838935852, 0.9081215262413025, 0.9197258949279785, 0.7220712900161743, 0.8434621095657349, 0.9678854942321777, 0.7801290154457092, 0.9014807939529419, 0.8786836266517639], "label": [1, 1, 1, 0, 0, 0, 0]}