{"text": ["XYZ Hospital", "123 tlealth Street,Wellness City", "Phone:+1-234-587-890", "Patlont Nam:Evo D", "p:43", "Doctor:Dr.Patol", "Medicine", "Dosuge", "Frequency", "Duration", "Cup CoImmune", "15tablets", "3mesday", "10duys", "Tab Neurobin Forte", "10 tablets", "3tmesaday", "30 days", "Tab Cyclopam", "5tablets", "2 tmes a duy", "4 days", "Tab Cetine", "5tablets", "2 tms  doy", "10days", "Syrup", "Dosago", "Froquancy", "Duratlon", "Syrup TusQx", "Sml", "2 tmdoy", "5days", "Advico:", "-Tako bod rost", "Eat nsy-to-dlgest food like boiled rice with dal", "-Stytydrated"], "confidence": [0.9516458511352539, 0.8418617844581604, 0.9123506546020508, 0.7841600775718689, 0.7557733058929443, 0.9508267641067505, 0.9286406636238098, 0.975483238697052, 0.9788968563079834, 0.9623180627822876, 0.8628366589546204, 0.8927748799324036, 0.8407676815986633, 0.9152160286903381, 0.9432880878448486, 0.8921223878860474, 0.8034953474998474, 0.8663529753684998, 0.8577849864959717, 0.9093613624572754, 0.8666040897369385, 0.8659627437591553, 0.9146391153335571, 0.8909797668457031, 0.7103807330131531, 0.9213528037071228, 0.9728748202323914, 0.8347269892692566, 0.935694694519043, 0.8738883137702942, 0.9429664611816406, 0.8684621453285217, 0.7245049476623535, 0.8614164590835571, 0.9288334846496582, 0.7142534255981445, 0.8857390284538269, 0.9112634658813477], "label": [1, 0, 1, 0, 0, 0, 0]}