{"text": ["XYZ Hospital", "123 tlealth Street,Wellness City", "Phone:+1-234-587-890", "Patlont Namx:Allco Whito", "p:5", "Doctor: Dr.Smith", "Medicine", "Dosuge", "Frequency", "Duration", "Cup Dilunun", "5 tablets", "20ms doy", "30 days", "Tab Allegra", "20tblets", "2tmes  duy", "5days", "Tab Sumo cold", "S tablets", "3 tmes a duy", "7 days", "Tab Combinam", "10tablets", "3 tmesa dey", "5 days", "Syrup", "Dosago", "Froquancy", "Duration", "Syrup Zodax", "Sml", "2 tim doy", "5 days", "Advico:", "-Tako bod rost", "Eat nsy-to-dlgest food like boiled rice with dal", "-Stytydrated"], "confidence": [0.9428637623786926, 0.8378421068191528, 0.8872672319412231, 0.8414185047149658, 0.5828918814659119, 0.9498062133789062, 0.9286406636238098, 0.979745090007782, 0.9816504716873169, 0.964890718460083, 0.8975291848182678, 0.887381374835968, 0.7529489994049072, 0.8676621317863464, 0.8720228672027588, 0.9516710042953491, 0.7180284857749939, 0.8756504058837891, 0.8859727382659912, 0.8312456011772156, 0.8619096875190735, 0.8480218052864075, 0.9470208287239075, 0.9247161149978638, 0.7049140334129333, 0.8549298644065857, 0.9728748202323914, 0.9191999435424805, 0.9354243874549866, 0.9527572989463806, 0.9493877291679382, 0.8684621453285217, 0.7463570237159729, 0.7771541476249695, 0.9288334846496582, 0.7142534255981445, 0.8857390284538269, 0.9112634658813477], "label": [1, 0, 1, 0, 0, 0, 0]}