{"text": ["XYZ Hospital", "123 tlealth Street,Wellness City", "Phone:+1-234-587-890", "Patlnt NanJan D", "p:72", "Doctor: Dr.Lao", "Medicine", "Dosage", "Frequency", "Duration", "Cap Zovirax", "5 tablets", "3mesaday", "30 days", "Tab Allegra", "10 tablets", "2tmes  duy", "5days", "TabNeurobin Forte", "5tablets", "2 tmes a duy", "4 duys", "Tab Trz", "t5tablets", "2 tme5 a doy", "30 days", "Syrup", "Dosopo", "Froquancy", "Duratlon", "Syrup Corox-dx", "10ml", "3mday", "14dy", "Advico:", "-Takoto rost", "Eat nsy-to-dlgest food like boiled rice with dal", "-Stynydrated"], "confidence": [0.9484565258026123, 0.8395678997039795, 0.9048346281051636, 0.862498939037323, 0.7978620529174805, 0.8745076060295105, 0.9291049838066101, 0.8897534012794495, 0.9859857559204102, 0.964890718460083, 0.8706082701683044, 0.887381374835968, 0.786628782749176, 0.8676621317863464, 0.8737680315971375, 0.8921223878860474, 0.6972072124481201, 0.8756504058837891, 0.9539275169372559, 0.9079194068908691, 0.8907971978187561, 0.944999635219574, 0.8257123827934265, 0.8862625360488892, 0.7411613464355469, 0.8853435516357422, 0.9852066040039062, 0.7810644507408142, 0.9354243874549866, 0.9347891807556152, 0.9309138655662537, 0.9658069610595703, 0.8004876375198364, 0.9139397740364075, 0.9288334846496582, 0.6747262477874756, 0.8857390284538269, 0.8971243500709534], "label": [1, 1, 1, 0, 0, 0, 0]}