{"text": ["XYZ Hospital", "123 tlealth Street,Wellness City", "Phone:+1-234-587-890", "Patlant Namxo:John Johnson", "Ap:52", "Doctor: Dr. Smith", "Medicine", "Dosauge", "Frequency", "Duration", "TabDolo 650", "10 tablets", "20ms doy", "30 days", "Tab Alurocin 500", "15tablets", "20mesaday", "4days", "Cap Dilantn", "20 tblets", "3tmes aday", "30 days", "Tab Combinam", "5tablets", "2 tmesa dey", "5days", "Cap Colmmune", "20 tablets", "2tmesaday", "30 days", "Syrup", "Dosapo", "Froquancy", "Duratlon", "Syrup TusQ dx", "10ml", "2mdoy", "5 days", "Syrup Zodox", "10ml", "2tims doy", "10dny", "Advico:", "-Tako tod rost", "Eat ensy-to-digest food like boiled rice with dnl", "Stoytydrated"], "confidence": [0.9545884132385254, 0.8416517972946167, 0.8676124811172485, 0.8745011687278748, 0.7315886616706848, 0.969171404838562, 0.9587121605873108, 0.8137890696525574, 0.9838371276855469, 0.964890718460083, 0.8497647643089294, 0.8921223878860474, 0.7523245811462402, 0.8724113702774048, 0.7912592887878418, 0.8927748799324036, 0.7241058349609375, 0.8935898542404175, 0.8879148364067078, 0.9248446226119995, 0.8267742395401001, 0.8833222985267639, 0.9260323643684387, 0.8909797668457031, 0.8118886351585388, 0.8691898584365845, 0.8824663758277893, 0.8863240480422974, 0.8577829003334045, 0.8853435516357422, 0.9703512191772461, 0.9139150977134705, 0.9316151738166809, 0.9960426092147827, 0.9514198303222656, 0.9483411312103271, 0.7373758554458618, 0.9072994589805603, 0.9601495265960693, 0.9604064226150513, 0.7041686773300171, 0.7591055631637573, 0.9662078022956848, 0.7506279349327087, 0.844878613948822, 0.8652937412261963], "label": [1, 1, 1, 0, 0, 0, 0]}