{"text": ["XYZ Hospital", "123 tlealth Street,Wellness City", "Phone:+1-234-587-890", "Patlont Namx:Allco Smith", ":31", "Doctor: Dr. Millor", "Medicine", "Dosuge", "Frequency", "Quradon", "Tab Sumo cold", "10 tablets", "20ms dey", "4duys", "TabClavum25", "5tablets", "2 m0s  duy", "t4duys", "TabAllegra", "5tablets", "2mes aday", "30 days", "Tab Combinam", "15tablets", "3 tmes aday", "7 days", "Tab Trz", "5tablets", "2 tmes a duy", "30 days", "Tab Pan d", "20 tablets", "3 tmesa dey", "10days", "Syrup", "Dosago", "Froquoncy", "Duratlon", "Syrup Grillnctus tm.", "10ml", "3 tims doy", "10day", "Syrup Corox", "Sml", "3timsday", "7day", "Advico:", "-Tako tod rst", "Eat nsy-to-digest food like boiled rice with dal", "-Stytydrated"], "confidence": [0.9428637623786926, 0.8435166478157043, 0.8872672319412231, 0.8295113444328308, 0.8542735576629639, 0.9540676474571228, 0.9318302869796753, 0.9422492384910583, 0.9902750849723816, 0.8168739080429077, 0.89185631275177, 0.8778047561645508, 0.7692691087722778, 0.9136894941329956, 0.8931402564048767, 0.8873331546783447, 0.7353242039680481, 0.8104643225669861, 0.960960865020752, 0.9016453623771667, 0.780929684638977, 0.8518379926681519, 0.9558705687522888, 0.867788553237915, 0.8281913995742798, 0.8452855944633484, 0.9231915473937988, 0.9079194068908691, 0.7853452563285828, 0.8853435516357422, 0.9846364259719849, 0.8914176821708679, 0.8597587943077087, 0.8654675483703613, 0.988613486289978, 0.8285646438598633, 0.9466862082481384, 0.9799938797950745, 0.9578386545181274, 0.9702969789505005, 0.7524312138557434, 0.8265790939331055, 0.8926152586936951, 0.927854061126709, 0.7865440845489502, 0.8654559254646301, 0.9238536953926086, 0.7242653369903564, 0.9027966856956482, 0.9149673581123352], "label": [1, 0, 1, 0, 0, 0, 0]}