{"text": ["XYZ Hospital", "123 tlealth Street,Wellness City", "Phone:+1-234-587-890", "Patlont Namx:GracoSmith", ":20", "Doctor:Dr.Lao", "Medicine", "Dosage", "Frequency", "Quraton", "Tab Evlon", "5tablets", "3 mes doy", "30 duys", "Cap Cypon", "20 tablets", "3 tmes doy", "$ duys", "TabDolo 650", "15tablets", "2tmesa day", "30 days", "Cap Dilanun", "15tablets", "3tmesaday", "t4duys", "Cup Omez", "15tablets", "2 tmes a duy", "30 days", "Cap Pan d", "20 tablets", "3 tmesa dey", "30 days", "Syrup", "Dosapo", "Froquoncy", "Duratlon", "Syrup Zodax", "Sml", "2 timdoy", "14days", "Syrup Brozodax", "Sml", "3timsday", "10day", "Advico:", "-Takoto rost", "Eat nsy-to-digest food like boiled rice with dnl", "-Stytydrated"], "confidence": [0.9534645676612854, 0.8488829135894775, 0.8794944882392883, 0.8285274505615234, 0.8861050605773926, 0.8857036232948303, 0.930323600769043, 0.9033363461494446, 0.9852608442306519, 0.8290681838989258, 0.9272973537445068, 0.901167631149292, 0.7591496109962463, 0.9069848656654358, 0.948161780834198, 0.8967920541763306, 0.7266961336135864, 0.923030436038971, 0.8748841881752014, 0.8647039532661438, 0.8069180250167847, 0.8866694569587708, 0.9073992371559143, 0.8959775567054749, 0.8826726078987122, 0.8394883275032043, 0.8411909341812134, 0.8647039532661438, 0.7853452563285828, 0.8500292897224426, 0.9695506691932678, 0.8797799944877625, 0.8194018006324768, 0.863133430480957, 0.988613486289978, 0.8228013515472412, 0.9466862082481384, 0.9799938797950745, 0.9162192940711975, 0.860496461391449, 0.7660655975341797, 0.8673887848854065, 0.9571563005447388, 0.927854061126709, 0.7387583255767822, 0.8244808912277222, 0.9210488200187683, 0.7237251400947571, 0.8472199440002441, 0.9405699372291565], "label": [1, 1, 1, 0, 0, 0, 0]}