{"text": ["XYZ Hospital", "123 tlealth Street,Wellness City", "Phone:+1-234-587-890", "Patlnt Nan:Grco Ro", ":30", "Doctor: Dr. Tumor", "Medicine", "Dosuge", "Frequency", "Duration", "Tab Sumo cold", "10 tablets", "20ms dey", "t4duys", "Tab Allegra", "15tablets", "2 um05  duy", "10days", "Tab Evlon", "10tablets", "3 tmesa doy", "5days", "TabCyclopum", "15tablets", "3tmes aday", "30 days", "Tab Combiam", "20 tblets", "3 tmesaday", "5days", "Tab Pand", "15tablets", "3 tmesa dey", "t4 days", "Syrup", "Dosapo", "Froquoncy", "Duratlon", "Syrup Corox-dx", "Sml", "3tims doy", "5days", "Syrup Zodox", "10ml", "3timsday", "14day", "Advico:", "-Tako tod rst", "Eat nsy-to-digest food like boiled rice with dnl", "-Stytydrated"], "confidence": [0.9535403847694397, 0.8444144129753113, 0.8858270645141602, 0.779421329498291, 0.7879967093467712, 0.9595652222633362, 0.930323600769043, 0.9415733814239502, 0.9902750849723816, 0.9623180627822876, 0.8765939474105835, 0.8778047561645508, 0.7692691087722778, 0.8546951413154602, 0.900334358215332, 0.8671495914459229, 0.7148935794830322, 0.8654675483703613, 0.9196758270263672, 0.9273074269294739, 0.7694242000579834, 0.8520981669425964, 0.9203379154205322, 0.8671495914459229, 0.8580598831176758, 0.8518379926681519, 0.9481861591339111, 0.9003804326057434, 0.8439608812332153, 0.8366293907165527, 0.9239778518676758, 0.9037178754806519, 0.8597587943077087, 0.8135213851928711, 0.988613486289978, 0.8240053653717041, 0.9466862082481384, 0.9895802140235901, 0.9717411994934082, 0.860496461391449, 0.732460081577301, 0.8644119501113892, 0.9223028421401978, 0.9357630014419556, 0.7865440845489502, 0.7740659713745117, 0.9238536953926086, 0.7242653369903564, 0.8472199440002441, 0.9149673581123352], "label": [1, 0, 1, 0, 0, 0, 0]}