{"text": ["XYZ Hospital", "123 tlealth Street,Wellness City", "Phone:+1-234-587-890", "Patlont Nanx:Graco Wilson", "p:02", "Doctor: Dr. Millor", "Medicine", "Dosage", "Frequency", "Duration", "Tab Cetine", "10tablets", "20ms doy", "t4 days", "Tab Dolonexdt", "5tablets", "3tmesaday", "10days", "Cap Pan d", "t5tblets", "3 tmesaday", "10 days", "Tab Combinam", "20 tblets", "2 tm5 a doy", "10days", "Syrup", "Dosapo", "Froquancy", "Ouration", "Syrup Grillnctus tm.", "10ml", "3tims doy", "5days", "Advico:", "-Tako tod rost", "Eat nsy-to-dlgest food like boiled rice with dal", "-Stynydrated"], "confidence": [0.9463098049163818, 0.8522793054580688, 0.8718692064285278, 0.8011600971221924, 0.6046748161315918, 0.9711928963661194, 0.954825758934021, 0.8886480927467346, 0.9788968563079834, 0.9623180627822876, 0.9244906306266785, 0.9273074269294739, 0.759160041809082, 0.9380125999450684, 0.939460813999176, 0.8909797668457031, 0.8034953474998474, 0.9213528037071228, 0.9087221622467041, 0.8782268762588501, 0.8514732122421265, 0.8690416216850281, 0.9489752650260925, 0.9086169004440308, 0.745765745639801, 0.9213528037071228, 0.9728748202323914, 0.7913495898246765, 0.9354243874549866, 0.9243900775909424, 0.9576557278633118, 0.9658069610595703, 0.7557207942008972, 0.8821619153022766, 0.9288334846496582, 0.7340252995491028, 0.8857390284538269, 0.8704662919044495], "label": [1, 1, 1, 0, 0, 0, 0]}