{"text": ["XYZ Hospital", "123 tlealth Street,Wellness City", "Phone:+1-234.587-890", "PatlntNamx:GrcoRo", "Ap:52", "Doctor: Dr.Johnson", "Medicine", "Dosuge", "Frequency", "Duration", "Cap Omez", "5 tablets", "20ms duy", "10 days", "Cap Cypon", "15tablets", "20mesaduy", "7 days", "Tab Triz", "5tablets", "2tmes aduy", "5 days", "Cap Dilanun", "15tablets", "3 tmesaday", "30 days", "TabCyclopum", "5tablets", "3 tmes a day", "30 days", "TabDolo650", "5tablets", "2 tmes a doy", "$ days", "Syrup", "Dosapo", "Froquoncy", "Duratlon", "Syrup Grillnctus tm", "Sml", "3tms doy", "10days", "Advico:", "-Tako to rost", "Eat nsy-to-digest food like boiled dce with dnl", "Stoybydrated"], "confidence": [0.9476857781410217, 0.8473905324935913, 0.8499292135238647, 0.7728306651115417, 0.7315886616706848, 0.9736536741256714, 0.9336565732955933, 0.979745090007782, 0.9803639650344849, 0.9629752039909363, 0.8553177118301392, 0.887381374835968, 0.7562941908836365, 0.9548414945602417, 0.948161780834198, 0.9037178754806519, 0.7669493556022644, 0.861883819103241, 0.9085347652435303, 0.916618824005127, 0.7416536211967468, 0.7517222762107849, 0.9031816720962524, 0.86665940284729, 0.8440883755683899, 0.8853435516357422, 0.8854305744171143, 0.9079194068908691, 0.8135669827461243, 0.8853435516357422, 0.9020558595657349, 0.9079194068908691, 0.8460779190063477, 0.9325768351554871, 0.9719002842903137, 0.7875345349311829, 0.8976813554763794, 0.9836410284042358, 0.9843650460243225, 0.927854061126709, 0.7250189781188965, 0.8282742500305176, 0.9678854942321777, 0.7480148077011108, 0.8601347208023071, 0.8227565884590149], "label": [1, 1, 1, 0, 0, 0, 0]}