{"text": ["XYZ Hospital", "123 tlealth Street,Wellness City", "Phone:+1-234-587-890", "Patlont Nanx:Davld Willlams", "Ap:27", "Doctor: Dr.Lao", "Medicine", "Dosuge", "Frequency", "Duration", "TabAluhrodin 500", "15tablets", "3mesday", "10 days", "Tab Allegra", "5tablets", "2mes  duy", "7 days", "Tab Cyciomeff", "20 tablets", "2 tmes a duy", "10 days", "Cap Zovirax", "5tablets", "3 tmes doy", "30 days", "Syrup", "Dosago", "Froquancy", "Duration", "Syrup Corox-dx", "Sml", "3mday", "10day", "Advico:", "-Takorst", "Eat nsy-to-dlgest food like boiled rice with dal", "-Stynydrated"], "confidence": [0.9466513991355896, 0.8385964632034302, 0.8772509694099426, 0.8201091289520264, 0.720230758190155, 0.8967886567115784, 0.9556780457496643, 0.975483238697052, 0.9788968563079834, 0.9623180627822876, 0.7700897455215454, 0.8927748799324036, 0.8423354029655457, 0.9543588757514954, 0.8720228672027588, 0.895728349685669, 0.7555578351020813, 0.8720644116401672, 0.8569458723068237, 0.8709948658943176, 0.8743255138397217, 0.8690416216850281, 0.8540268540382385, 0.8909797668457031, 0.7099402546882629, 0.8853435516357422, 0.9825723767280579, 0.9144992828369141, 0.935694694519043, 0.9527572989463806, 0.9425267577171326, 0.9028758406639099, 0.8107599020004272, 0.8316768407821655, 0.9288334846496582, 0.7478340268135071, 0.8857390284538269, 0.8980727195739746], "label": [1, 1, 1, 0, 0, 0, 0]}