{"text": ["XYZ Hospital", "123 tlealth Street,Wellness City", "Phone:+1-234.587-890", "Patlant Nanx:Davld Whito", ":G5", "Doctor: Dr.Lao", "Medicine", "Dosuge", "Frequency", "Duration", "TabA1uhrodn500", "5 tablets", "20ms doy", "5 days", "Cap Dilanun", "10 tablets", "3 tmes duy", "4days", "Cap Co-immune", "20 tablets", "2tmesa day", "7 days", "Tab Neurobin Forte", "10tablets", "2 tmes a doy", "7days", "Syrup", "Dosapo", "Froquancy", "Duratlon", "Syrup Zodax", "10ml", "2 tm doy", "30 days", "SyrupTus dx", "10ml", "2timday", "30dy", "Advico:", "-Tako tod rost", "Eat nsy-to-dlgest food like boiled rice with dal", "-Stayhydrated"], "confidence": [0.95541912317276, 0.8380128741264343, 0.8541738390922546, 0.8278055787086487, 0.633100688457489, 0.9066434502601624, 0.930323600769043, 0.9427713751792908, 0.9823358058929443, 0.964890718460083, 0.8011927604675293, 0.8638057708740234, 0.767784595489502, 0.7472350001335144, 0.9146831631660461, 0.8921223878860474, 0.7430770993232727, 0.9184122085571289, 0.8855968117713928, 0.8709948658943176, 0.8194376230239868, 0.8720644116401672, 0.9284508228302002, 0.9247161149978638, 0.770778238773346, 0.9421157836914062, 0.9747051000595093, 0.8093938827514648, 0.9293076395988464, 0.9518309235572815, 0.9834193587303162, 0.9347427487373352, 0.7138250470161438, 0.9535742402076721, 0.8724809885025024, 0.911413848400116, 0.7565017938613892, 0.9695253372192383, 0.96641606092453, 0.7913808822631836, 0.9056201577186584, 0.8862071633338928], "label": [1, 1, 1, 0, 0, 0, 0]}