{"text": ["XYZ Hospital", "123 tlealth Street,Wellness City", "Phone:+1-234.587-890", "PatlantNam:Bob D", ":G", "Doctor:Dr.Smith", "Medicine", "Dosuge", "Frequency", "Duration", "Tab Sumo cold", "10 tablets", "3mesday", "5 days", "Tab Combinam", "20 tablets", "3 tmes duy", "10days", "Tab Cetine", "15tblets", "2tmesaday", "5days", "TabClavum025", "5tablets", "2 tm5 a doy", "30 days", "Syrup", "Dosago", "Froquancy", "Duration", "Syrup Corox-dx", "10ml", "3tms doy", "14day", "Syrup Cypon", "10ml", "3timsday", "7day", "Advico:", "-Tako bod rost", "Eat nsy-to-digest food like boiled rice with dal", "-Stayhydrated"], "confidence": [0.95541912317276, 0.8413002490997314, 0.8571933507919312, 0.829085111618042, 0.5029020309448242, 0.9701091051101685, 0.930323600769043, 0.9422492384910583, 0.9838371276855469, 0.964890718460083, 0.9144731760025024, 0.9107781648635864, 0.8170825242996216, 0.7393367886543274, 0.9212958812713623, 0.9054545164108276, 0.7485857605934143, 0.924377977848053, 0.9197869300842285, 0.9046850204467773, 0.8549611568450928, 0.8701895475387573, 0.8559431433677673, 0.8878754377365112, 0.7343096137046814, 0.8853435516357422, 0.9701129198074341, 0.8239191174507141, 0.9169834852218628, 0.9527572989463806, 0.965316116809845, 0.9347427487373352, 0.6595202684402466, 0.7656082510948181, 0.9296518564224243, 0.911413848400116, 0.7808237075805664, 0.8190528750419617, 0.967370867729187, 0.8230072855949402, 0.8990753293037415, 0.8757689595222473], "label": [1, 0, 1, 0, 0, 0, 0]}