{"text": ["XYZ Hospital", "123 tlealth Street,Wellness City", "Phone:+1-234.587-890", "Patlant Nanx:Davld D", "Doctor: Dr. Millor", "Medicine", "Dosage", "Frequency", "Duration", "Cap Cypon", "20 tblets", "3mesday", "10duys", "Tab Evion", "10 tablets", "2tmesaday", "4duys", "TabCiplox500", "5tablets", "2 tmes aduy", "7 days", "TabAllegr", "15tablets", "2tmesaday", "30 days", "Cap Omez", "10tablets", "2 umes a duy", "5days", "Tab Dolonex dt", "10tablets", "3 tmesa dey", "10days", "Syrup", "Dosago", "Froquoncy", "Duratlon", "Syrup Corox-dx", "10ml", "2tmdoy", "14dy", "Advico:", "-Tako tod rost", "Eat nsy-to-digest food like boiled dce with dnl", "-Stytydrated"], "confidence": [0.9573611617088318, 0.8498444557189941, 0.8575018644332886, 0.7791467308998108, 0.9718132019042969, 0.9263918399810791, 0.9033363461494446, 0.9788968563079834, 0.9623180627822876, 0.9227484464645386, 0.9135541915893555, 0.8203554749488831, 0.9152160286903381, 0.9212585091590881, 0.8921223878860474, 0.8111010789871216, 0.9083743095397949, 0.9487809538841248, 0.916618824005127, 0.7543216347694397, 0.861883819103241, 0.9359873533248901, 0.8647039532661438, 0.8519291281700134, 0.8518379926681519, 0.8261221647262573, 0.9273074269294739, 0.7527843117713928, 0.8520981669425964, 0.9162189364433289, 0.9273074269294739, 0.7865843176841736, 0.924377977848053, 0.9719002842903137, 0.9641801714897156, 0.9637989401817322, 0.9843534231185913, 0.9669713377952576, 0.9751888513565063, 0.7008616924285889, 0.932861328125, 0.9678854942321777, 0.7592254281044006, 0.8601347208023071, 0.9236744046211243], "label": [1, 1, 1, 0, 0, 0, 0]}