{"text": ["XYZ Hospital", "123 tlealth Street,Wellness City", "Phone:+1-234-587-890", "Patlant Namx:John D", "p:8", "Doctor: Dr.Johnson", "Medicine", "Dosuge", "Frequency", "Duration", "Tab Zole fcreum", "15tablets", "20ms dey", "30 duys", "TabA1urocin 500", "15tablets", "3 umes duy", "7 days", "Tab Cyciopam", "5tablets", "3 tmesa duy", "7 duys", "Tab Cetine", "20tblets", "3tmes aday", "10days", "Cap Zovirax", "15tablets", "2 tmes a duy", "10 days", "Tab Neurobin Forte", "15tablets", "2 tmes a doy", "30 days", "Syrup", "Dosago", "Froquoncy", "Duratlon", "Syrup Cypon", "Sml", "2tmdoy", "30 dny", "Advico:", "-Tako to rost", "Eat nsy-to-digest food like boiled dce with dnl", "Stoytydrated"], "confidence": [0.9478399157524109, 0.8394729495048523, 0.8653600811958313, 0.8240129947662354, 0.5119948983192444, 0.9702866673469543, 0.9314273595809937, 0.9427713751792908, 0.9790523052215576, 0.964890718460083, 0.8704083561897278, 0.8647039532661438, 0.7692691087722778, 0.9137939810752869, 0.8298640847206116, 0.9037178754806519, 0.6944295167922974, 0.861883819103241, 0.8697876334190369, 0.916618824005127, 0.8074479699134827, 0.9750018119812012, 0.9253576397895813, 0.9412925839424133, 0.8616535067558289, 0.8654675483703613, 0.8862808346748352, 0.8647039532661438, 0.7853452563285828, 0.8341747522354126, 0.9221484065055847, 0.8990643620491028, 0.7914690375328064, 0.8867191672325134, 0.9719002842903137, 0.9641801714897156, 0.9633573889732361, 0.9834296703338623, 0.9840652942657471, 0.9028758406639099, 0.7179483771324158, 0.7926518321037292, 0.9678854942321777, 0.7507117390632629, 0.861255407333374, 0.856630802154541], "label": [1, 1, 1, 0, 0, 0, 0]}