{"text": ["XYZ Hospital", "123 tlealth Street,Wellness City", "Phone:+1-234.587-890", "Patlant Nanx:Jano Whito", ":44", "Doctor: Dr.Lo", "Medicine", "Dosuge", "Frequency", "Duration", "Tab Dolonex dt", "5tablets", "3mesa day", "5days", "Tab Febrex plus", "20tblets", "3 tmes duy", "30 days", "Tab Evion", "10tablets", "2tmesa duy", "10 days", "Cap Dilanun", "5tablets", "2 tme5 a doy", "t4days", "Syrup", "Dosapo", "Froquancy", "Duratlon", "Syrup Fobrox plus", "10ml", "2tmdoy", "7days", "SyrupBrozodax", "Sml", "3timsday", "5doy", "Advico:", "-Tako tod rost", "Eat nsy-to-dlgest food like boiled dce with dal", "-Staytydrated"], "confidence": [0.9524534344673157, 0.8445388078689575, 0.8541738390922546, 0.8413378596305847, 0.8580889701843262, 0.9434731006622314, 0.9246234893798828, 0.9427713751792908, 0.9859857559204102, 0.964890718460083, 0.9164556860923767, 0.901167631149292, 0.7508084774017334, 0.8343985676765442, 0.9227712750434875, 0.9516710042953491, 0.748680055141449, 0.8663529753684998, 0.9258148670196533, 0.9273074269294739, 0.8062561750411987, 0.8611816167831421, 0.8687387704849243, 0.8878754377365112, 0.7411662936210632, 0.8406792283058167, 0.9728748202323914, 0.8093938827514648, 0.9061452150344849, 0.9502712488174438, 0.991458535194397, 0.9410436153411865, 0.7560526728630066, 0.8803855776786804, 0.8927822113037109, 0.9197258949279785, 0.7330020666122437, 0.7402545213699341, 0.9688101410865784, 0.8305357098579407, 0.9003587961196899, 0.9319948554039001], "label": [1, 1, 1, 0, 0, 0, 0]}