{"text": ["XYZ Hospital", "123 tlealth Street,Wellness City", "Phone:+1-234.587-890", "Patlant Namx:Jano Whito", "80", "Doctor: Dr.Lo", "Medicine", "Dosauge", "Frequency", "Duration", "TabCyciopam", "10tablets", "3mesday", "5 days", "Tab Febrexplus", "5tablets", "3umesaday", "7 days", "Tab Evion", "15tablets", "2 tms day", "30 days", "Cup Omez", "20 tablets", "3tmesaday", "30 days", "Tab Sumo cold", "t5tablets", "3 tmesaday", "4days", "Syrup", "Dosapo", "Froquancy", "Duratlon", "Syrup Zodox", "10ml", "2tdoy", "5day", "Syrup TusQ-dx", "Sml", "3tims doy", "5 days", "Advico:", "-Tako tod rost", "Eat ensy-to-digest food like boiled rice with dnl", "Stoybydrated"], "confidence": [0.9524534344673157, 0.8474778532981873, 0.8575018644332886, 0.8377498984336853, 0.7866202592849731, 0.9269587397575378, 0.930323600769043, 0.8137890696525574, 0.9788968563079834, 0.964890718460083, 0.9126257300376892, 0.9273074269294739, 0.8467262983322144, 0.7393367886543274, 0.9408100247383118, 0.8716651201248169, 0.8435301780700684, 0.8831198811531067, 0.9208292365074158, 0.8913987278938293, 0.7628087401390076, 0.8866694569587708, 0.7396837472915649, 0.8967920541763306, 0.8846117854118347, 0.8867191672325134, 0.9046229124069214, 0.8830724954605103, 0.8439608812332153, 0.9184122085571289, 0.9703512191772461, 0.7913495898246765, 0.9316151738166809, 0.9960426092147827, 0.898162841796875, 0.9483411312103271, 0.698294997215271, 0.7321327924728394, 0.9686341881752014, 0.9197258949279785, 0.7417122721672058, 0.8215978741645813, 0.9662078022956848, 0.7486037015914917, 0.844878613948822, 0.8244300484657288], "label": [1, 0, 1, 0, 0, 0, 0]}