{"text": ["XYZ Hospital", "123 tlealth Street,Wellness City", "Phone:+1-234.587-890", "Patlant Namx:Bob Millor", "p:20", "DoctorDr.Tumor", "Medicine", "Dosuge", "Frequency", "Duration", "Tab Allegra", "20 tblets", "3mesday", "7 days", "Tab Evion", "t5tablets", "2 ums  doy", "30 days", "TabDolo 650", "20 tablets", "2 tmes aday", "7 days", "Tab Combinam", "5tablets", "3tmes aday", "$ days", "TabCiplox 500", "t5tablets", "2tmesaday", "4days", "Syrup", "Dosapo", "Froquoncy", "Duratlon", "Syrup TusQ-dx", "10ml", "2timday", "30days", "Advico:", "-Tako tod rost", "Eat nsy-to-dlgest food like boiled dce with dal", "-Staytydrated"], "confidence": [0.9531888961791992, 0.8400601148605347, 0.8541738390922546, 0.863132119178772, 0.7696038484573364, 0.9669028520584106, 0.930323600769043, 0.9427713751792908, 0.9838371276855469, 0.965709924697876, 0.8746972680091858, 0.9135541915893555, 0.8376972079277039, 0.9877565503120422, 0.9279268980026245, 0.8836497068405151, 0.7034355998039246, 0.8867191672325134, 0.8557758927345276, 0.8709948658943176, 0.762387216091156, 0.8767657279968262, 0.9228723645210266, 0.8878754377365112, 0.8475948572158813, 0.9286584258079529, 0.910442590713501, 0.8830724954605103, 0.8561273813247681, 0.9184122085571289, 0.9747051000595093, 0.8934853076934814, 0.9749724864959717, 0.9865293502807617, 0.9558829665184021, 0.9483411312103271, 0.7432094216346741, 0.8138046264648438, 0.96775883436203, 0.7947360873222351, 0.9010859727859497, 0.937537431716919], "label": [1, 0, 1, 0, 0, 0, 0]}