{"text": ["XYZ Hospital", "123 tlealth Street,Wellness City", "Phone:+1-234.587-890", "PatlantNamx:Bob D", "p:39", "Doctor: Dr. Millor", "Medicine", "Dosuge", "Frequency", "Duration", "Tab Zole fcream", "5 tablets", "3tmesday", "7 days", "Cap Coimmune", "5tablets", "3tmesaday", "7 days", "Cap Pan d", "20 tblets", "3tmes day", "4 days", "Tab Clavum025", "10 tablets", "3tmesaday", "7 days", "Cap Omez", "t5tablets", "3 tmesaday", "10days", "Syrup", "Dosago", "Froquancy", "Duratlon", "Syrup TusQ-dx", "Sml", "2timsdoy", "4dy", "Syrup TusQx", "Sml", "3tims doy", "5 days", "Advico:", "-Tako tod rost", "Eat ensy-to-digest food like boiled rice with dnl", "Stoytydrated"], "confidence": [0.9567882418632507, 0.8444339036941528, 0.8575018644332886, 0.8084208369255066, 0.7092078924179077, 0.9784513115882874, 0.9567275047302246, 0.979745090007782, 0.9827504754066467, 0.964890718460083, 0.8655267953872681, 0.8705056309700012, 0.7979409694671631, 0.8635157942771912, 0.8890426158905029, 0.9079194068908691, 0.8195570111274719, 0.8720644116401672, 0.9037356972694397, 0.9248446226119995, 0.795462429523468, 0.8880710601806641, 0.8477697372436523, 0.901634693145752, 0.8878806829452515, 0.8452855944633484, 0.904191255569458, 0.8830724954605103, 0.8439608812332153, 0.8654675483703613, 0.974157989025116, 0.8491910099983215, 0.8946319222450256, 0.9960426092147827, 0.9553414583206177, 0.8684621453285217, 0.7008321285247803, 0.962104082107544, 0.9367538690567017, 0.9197258949279785, 0.7529909014701843, 0.8086541295051575, 0.96775883436203, 0.7231370210647583, 0.844878613948822, 0.8652937412261963], "label": [1, 1, 1, 0, 0, 0, 0]}