{"text": ["XYZ Hospital", "123 tlealth Street,Wellness City", "Phone:+1-234.587-890", "PatlantNam:Evo Wlson", ":24", "Doctor: Dr. Millor", "Medicine", "Dosuge", "Frequency", "Duration", "Cap Zovirax", "5 tablets", "3 mesdey", "10duys", "Tab Dolo650", "t5tablets", "3tmesaday", "7 days", "Tab Febrexplus", "20 tblets", "3tmes day", "7 days", "Tab Zole fcream", "t5tablets", "3tmes aday", "5days", "Tab Dolonex dt", "5tablets", "2tmesaday", "30 days", "Syrup", "Dosapo", "Froquancy", "Duratlon", "Syrup Fobrox plus", "10ml", "3tms doy", "7day", "Syrup Cypon", "Sml", "3 tims doy", "4 day", "Advico:", "-Tako bod rst", "Eat nsy-to-digest food like boiled rice with dnl", "Stoy bydrated"], "confidence": [0.9566960334777832, 0.8410260081291199, 0.8575018644332886, 0.8498536944389343, 0.882969081401825, 0.9726905822753906, 0.930323600769043, 0.979745090007782, 0.9829168319702148, 0.9629752039909363, 0.8637662529945374, 0.8705056309700012, 0.8015594482421875, 0.9106659889221191, 0.8531391620635986, 0.8534514904022217, 0.8209383487701416, 0.8720644116401672, 0.9442103505134583, 0.9248446226119995, 0.795462429523468, 0.8767657279968262, 0.8813409805297852, 0.8830724954605103, 0.8498398065567017, 0.8882506489753723, 0.9169045090675354, 0.9079194068908691, 0.8577829003334045, 0.8853435516357422, 0.974157989025116, 0.7913495898246765, 0.8954519629478455, 0.9915322065353394, 0.9936903715133667, 0.9483411312103271, 0.7060664892196655, 0.8639349937438965, 0.9885944724082947, 0.9197258949279785, 0.7696221470832825, 0.7794343829154968, 0.9687759280204773, 0.7890586853027344, 0.8504207730293274, 0.806763768196106], "label": [1, 1, 1, 0, 0, 0, 0]}