{"text": ["XYZ Hospital", "123 tlealth Street,Wellness City", "Phone:+1-234.587-890", "PatlantNamx:Mla Smith", "1", "Doctor:Dr.Millor", "Medicine", "Dosuge", "Frequency", "Duration", "Tab Evlon", "5tablets", "3mesdey", "30 days", "Tab Pan d", "10 tablets", "2 tmes  duy", "7 days", "TabNeurobin Forte", "t5tblets", "2tmesa dey", "30 duys", "Cap Co-immune", "20 tablets", "2 tm5 a day", "10days", "Syrup", "Dosapo", "Froquancy", "Duratlon", "Syrup Corox-dx", "Sml", "2 tm doy", "4 day", "Syrup Fobroxplus", "10ml", "2timday", "30dy", "Advico:", "-Tako tod rost", "Eat nsy-to-dlgest food like boiled rice with dal", "-Staytydrated"], "confidence": [0.9534310698509216, 0.8435166478157043, 0.8541738390922546, 0.845612108707428, 0.9231669902801514, 0.9159489870071411, 0.9271574020385742, 0.9427713751792908, 0.9859857559204102, 0.964890718460083, 0.9155865907669067, 0.901167631149292, 0.8327884078025818, 0.8676621317863464, 0.9139695763587952, 0.8921223878860474, 0.7155653834342957, 0.8767657279968262, 0.9521375298500061, 0.9061143398284912, 0.8306969404220581, 0.9196853041648865, 0.8719758987426758, 0.8983814120292664, 0.7431930899620056, 0.9470896124839783, 0.9886301159858704, 0.8093938827514648, 0.9293076395988464, 0.9347891807556152, 0.9759541749954224, 0.8684621453285217, 0.7493499517440796, 0.7662840485572815, 0.8312637805938721, 0.9165780544281006, 0.8029534220695496, 0.9695253372192383, 0.9677251577377319, 0.820472240447998, 0.9003981947898865, 0.8792919516563416], "label": [1, 1, 1, 0, 0, 0, 0]}