{"text": ["XYZ Hospital", "123 tlealth Street,Wellness City", "Phone:+1-234.587-890", "PatlantNamx:Evo Brown", "Doctor: Dr. Millor", "Medicine", "Dosauge", "Frequency", "Duration", "Cap Zovirax", "10 tablets", "20ms doy", "7 days", "Tab Clavum025", "15tablets", "20mes dey", "7 days", "Tab Zole fcream", "20 tblets", "2tmes adey", "10 days", "Tab Sumo cold", "5tablets", "3tmesaday", "5days", "Cap Co-immune", "10 tablets", "2tmesaday", "30 days", "Syrup", "Dosapo", "Froquancy", "Duratlon", "Syrup TusQx", "Sml", "2mdoy", "5day", "Syrup TusQ-dx", "Sml", "2tims doy", "30day", "Advico:", "-Tako tod rost", "Eat ensy-to-digest food like boiled rice with dnl", "Stoy bydreted"], "confidence": [0.9572948813438416, 0.8410260081291199, 0.8575018644332886, 0.8350464701652527, 0.9791503548622131, 0.9307171702384949, 0.8137890696525574, 0.9788968563079834, 0.965709924697876, 0.8704531192779541, 0.8921223878860474, 0.7532740831375122, 0.9900434613227844, 0.8559664487838745, 0.8927748799324036, 0.7687022686004639, 0.8767657279968262, 0.8818026781082153, 0.9248446226119995, 0.7856552004814148, 0.8690416216850281, 0.9125509262084961, 0.8933669328689575, 0.8797613978385925, 0.8746163249015808, 0.8691146373748779, 0.901634693145752, 0.8577829003334045, 0.8853435516357422, 0.9719002842903137, 0.8614616990089417, 0.9368769526481628, 0.9921525120735168, 0.9386534094810486, 0.8684621453285217, 0.7383670806884766, 0.7321327924728394, 0.9664191603660583, 0.9197258949279785, 0.7066553235054016, 0.8754482269287109, 0.96775883436203, 0.7231370210647583, 0.844878613948822, 0.7974589467048645], "label": [1, 1, 1, 0, 0, 0, 0]}