{"text": ["XYZ Hospital", "123 tlealth Street,Wellness City", "Phone:+1-234.587-890", "Patlont Namx:Jano Wlllams", ":9", "Doctor: Dr.Lao", "Medicine", "Dosuge", "Frequency", "Duration", "Tab Dolonex dt", "10 tablets", "3mesday", "4duys", "Tab Neurobin Forte", "20 tablets", "3 umes duy", "t4duys", "TabAluhrodin500", "10 tablets", "2tmesaday", "7days", "Tab Cetine", "20 tablets", "3 tmesa dey", "4days", "Syrup", "Dosago", "Froquoncy", "Duratlon", "Syrup TusQ-dx", "Sml", "3tms doy", "14day", "SyrupCorox-dx", "10ml", "2timday", "7day", "Advico:", "-Tako tod rost", "Eat nsy-to-dlgest food like boiled rice with dal", "-Stayhydrated"], "confidence": [0.951866626739502, 0.8409596681594849, 0.8577502369880676, 0.8411872386932373, 0.7045773863792419, 0.9030641913414001, 0.930411696434021, 0.9349806904792786, 0.9838371276855469, 0.9623180627822876, 0.9169639348983765, 0.9107781648635864, 0.8416870832443237, 0.9136894941329956, 0.9362795352935791, 0.9054545164108276, 0.6979562044143677, 0.8146358132362366, 0.757590651512146, 0.8921223878860474, 0.8482097387313843, 0.9236086010932922, 0.9358774423599243, 0.8983814120292664, 0.7739810347557068, 0.9184122085571289, 0.9728748202323914, 0.8496239185333252, 0.9251506328582764, 0.8700814247131348, 0.9692877531051636, 0.8684621453285217, 0.7077493667602539, 0.8005935549736023, 0.8807696104049683, 0.911413848400116, 0.7565017938613892, 0.8190528750419617, 0.9688101410865784, 0.8293460011482239, 0.9003981947898865, 0.8834782838821411], "label": [1, 0, 1, 0, 0, 0, 0]}