{"text": ["XYZ Hospital", "123 tlealth Street,Wellness City", "Phone:+1-234-587-890", "Patlont Nanx:Charlo Ro", "p:9", "Doctor:Dr.Patol", "Medicine", "Dosuge", "Frequency", "Duration", "TabDolo 650", "10tablets", "20ms doy", "10 days", "Cap Cypon", "5tablets", "3tmesaday", "5days", "Cap Colmmune", "5 tablets", "3 tmes a duy", "30 days", "Tab Cyciopam", "5tablets", "2 tms a dey", "10days", "Syrup", "Dosopo", "Froquancy", "Duratlon", "Syrup Grillnctus tm", "10ml", "2 tmdoy", "7days", "Advico:", "-Tako bod rost", "Eat nsy-to-dlgest food like boiled rice with dal", "-Stytydrated"], "confidence": [0.9534003138542175, 0.836279034614563, 0.8937011957168579, 0.7919995784759521, 0.5082249641418457, 0.9486325979232788, 0.9286406636238098, 0.9054610133171082, 0.9772398471832275, 0.9623180627822876, 0.8607881665229797, 0.9273074269294739, 0.7564270496368408, 0.9548414945602417, 0.9080976843833923, 0.8909797668457031, 0.8181862235069275, 0.8691898584365845, 0.8921289443969727, 0.8758335113525391, 0.8485350012779236, 0.8833222985267639, 0.8580761551856995, 0.8909797668457031, 0.6934864521026611, 0.924377977848053, 0.9825723767280579, 0.7810644507408142, 0.9355165958404541, 0.8653408288955688, 0.9905722737312317, 0.9658069610595703, 0.7310596704483032, 0.8686076402664185, 0.9288334846496582, 0.7142534255981445, 0.8857390284538269, 0.9112634658813477], "label": [1, 1, 1, 0, 0, 0, 0]}