{"text": ["XYZ Hospital", "123 tlealth Street,Wellness City", "Phone:+1-234.587-890", "Patlant Namx:Charlo Davs", "02", "Doctor:Dr.Smith", "Medicine", "Dosage", "Frequency", "Duration", "Tab Pan d", "5 tablets", "3tmesaday", "7 days", "TabA1uhrodin500", "10tablets", "3 tmes dey", "7 days", "Tab Febrex plus", "15tablets", "3 tmesaday", "30 days", "Cap Zovirax", "10 tablets", "3 tmesa dey", "30 days", "Tab Triz", "15tablets", "2tmesaday", "t4days", "Syrup", "Dosapo", "Froquoncy", "Duratlon", "Syrup TusQx", "Sml", "3timsday", "14day", "Advico:", "-Tako tod rost", "Eat nsy-to-dlgest food like boiled dc with dnt", "-Stayhydrated"], "confidence": [0.9565796852111816, 0.8413407802581787, 0.8555625081062317, 0.8239841461181641, 0.7370598316192627, 0.9735710620880127, 0.9286406636238098, 0.9033363461494446, 0.986274003982544, 0.964890718460083, 0.8833444118499756, 0.8419929146766663, 0.7377091646194458, 0.8635157942771912, 0.7837750911712646, 0.9273074269294739, 0.7472718954086304, 0.8831198811531067, 0.9167522192001343, 0.8927748799324036, 0.8129498362541199, 0.8866694569587708, 0.9172304272651672, 0.901634693145752, 0.8120609521865845, 0.8867191672325134, 0.9694429636001587, 0.8871575593948364, 0.8595501780509949, 0.8406792283058167, 0.9747051000595093, 0.8742751479148865, 0.9624842405319214, 0.9654592275619507, 0.943128764629364, 0.9197258949279785, 0.7384964227676392, 0.7760825753211975, 0.9694406390190125, 0.759524941444397, 0.8665194511413574, 0.8780062198638916], "label": [1, 1, 1, 0, 0, 0, 0]}