{"text": ["XYZ Hospital", "123 tlealth Street,Wellness City", "Phone:+1-234.587-890", "PatlntNam:GrcoRo", "Ap:5", "Doctor: Dr. Millor", "Medicine", "Dosuge", "Frequency", "Duration", "Tab Combiam", "15tblets", "3mesday", "7 duys", "Tab Neurobin Forte", "10tablets", "2tmesa day", "5days", "Cap Cypon", "15tablets", "2 tmsa duy", "30 duys", "Tab Cyclopam", "15tablets", "2tmesa dey", "4duys", "Cap Coimmune", "5tablets", "2 tmes a duy", "4duys", "TabClavum 025", "5tablets", "3 tmesa dey", "$ days", "Syrup", "Dosago", "Froquoncy", "Duratlon", "Syrup TusQ-dx", "10ml", "2tm doy", "7day", "Advico:", "-Tako bod rst", "Eat nsy-to-digest food like boiled dce with dnl", "Stoy bydrated"], "confidence": [0.9539994597434998, 0.8444144129753113, 0.846886157989502, 0.7978233098983765, 0.5248637199401855, 0.97362220287323, 0.9246234893798828, 0.9420654773712158, 0.9790523052215576, 0.9564203023910522, 0.9358462691307068, 0.900070071220398, 0.843670666217804, 0.9796134829521179, 0.9550330638885498, 0.9273074269294739, 0.7311515808105469, 0.8520981669425964, 0.9451764225959778, 0.8647039532661438, 0.7483718395233154, 0.9156034588813782, 0.8865802884101868, 0.8647039532661438, 0.8084509968757629, 0.9083743095397949, 0.8728561997413635, 0.9079194068908691, 0.7853452563285828, 0.9083743095397949, 0.8193216323852539, 0.9079194068908691, 0.8175655603408813, 0.9325768351554871, 0.9719002842903137, 0.958836555480957, 0.9633573889732361, 0.9921525120735168, 0.9404671788215637, 0.9717352390289307, 0.7230568528175354, 0.940690815448761, 0.9678854942321777, 0.7454431056976318, 0.8616782426834106, 0.7944247722625732], "label": [1, 1, 1, 0, 0, 0, 0]}