{"text": ["XYZ Hospital", "123 tlealth Street,Wellness City", "Phone:+1-234-587-890", "Patlont Nam:Evo Ro", "p:03", "Doctor: Dr. Smith", "Medicine", "Dosuge", "Frequency", "Quradon", "Cap Colmmune", "20tblets", "3mesday", "t4duys", "Tab Evlon", "5tablets", "2 tms  duy", "30 days", "Tab Cyclopam", "15tablets", "3 tmesa duy", "7days", "Cup Omez", "5tablets", "3 tmes aday", "10days", "TabAlurocin 500", "20tblets", "2 tmes a duy", "30 days", "Tab Tz", "15tablets", "2 tmesa day", "30 days", "Syrup", "Dosago", "Froquoncy", "Duratlon", "Syrup Brozodax", "Sml", "2 tim doy", "14days", "Syrup Cypon", "Sml", "3timsday", "30dy", "Advico:", "-Tako tod rst", "Eat nsy-to-digest food like boiled rice with dal", "-Stytydrated"], "confidence": [0.9544918537139893, 0.8413002490997314, 0.9079828262329102, 0.7662361264228821, 0.7430418729782104, 0.9365332126617432, 0.9328186511993408, 0.9427713751792908, 0.9902750849723816, 0.8168739080429077, 0.8716598153114319, 0.9145114421844482, 0.8203554749488831, 0.8546951413154602, 0.8971068263053894, 0.8909797668457031, 0.7418817281723022, 0.8518379926681519, 0.8864085674285889, 0.867788553237915, 0.8044043183326721, 0.9236086010932922, 0.8356970548629761, 0.9046000242233276, 0.8303280472755432, 0.8655838966369629, 0.7788885831832886, 0.9145114421844482, 0.7454357147216797, 0.8500292897224426, 0.8973212838172913, 0.8990643620491028, 0.7904125452041626, 0.863133430480957, 0.988613486289978, 0.8285646438598633, 0.9466862082481384, 0.9799938797950745, 0.9609455466270447, 0.860496461391449, 0.7471926212310791, 0.8673887848854065, 0.9619796872138977, 0.927854061126709, 0.7865440845489502, 0.973709762096405, 0.937720775604248, 0.7242653369903564, 0.9027966856956482, 0.9149673581123352], "label": [1, 1, 1, 0, 0, 0, 0]}