{"text": ["XYZ Hospital", "123 tlealth Street,Wellness City", "Phone:+1-234.587-890", "PatlontNamx:GracoSmith", ":70", "Doctor:Dr.Tumor", "Medicine", "Dosage", "Frequency", "Duration", "Tab Cetine", "5tablets", "20ms dey", "10days", "Tab Combinam", "10tablets", "3 tmes dey", "30 days", "Tab Triz", "10tablets", "3 tmes dey", "7 days", "Tab Dolo 650", "5tablets", "3 tmesa dey", "5 days", "Cap Pand", "20 tablets", "2tmesaday", "30 days", "Syrup", "Dosago", "Froquoncy", "Duratlon", "Syrup Grillnctus tm", "Sml", "3timsday", "30days", "Advico:", "-Tako tod rost", "Eat nsy-to-dlgest food like boiled dce with dal", "-Staytydrated"], "confidence": [0.9538248181343079, 0.8483598232269287, 0.8465229868888855, 0.8612775206565857, 0.8494295477867126, 0.9330095052719116, 0.9286406636238098, 0.9033363461494446, 0.9560942053794861, 0.9629752039909363, 0.9164716005325317, 0.901167631149292, 0.7692691087722778, 0.9148828983306885, 0.9239428639411926, 0.9273074269294739, 0.7472718954086304, 0.8853435516357422, 0.8540539145469666, 0.9273074269294739, 0.7872068881988525, 0.8767657279968262, 0.8140460848808289, 0.8846966028213501, 0.8120609521865845, 0.8334064483642578, 0.9226763248443604, 0.864126980304718, 0.8579052090644836, 0.8853435516357422, 0.9720994234085083, 0.9144992828369141, 0.9624842405319214, 0.9871726036071777, 0.9704811573028564, 0.9197258949279785, 0.7379350662231445, 0.8138046264648438, 0.9678854942321777, 0.7846784591674805, 0.9014807939529419, 0.9258518218994141], "label": [1, 1, 1, 0, 0, 0, 0]}