{"text": ["XYZ Hospital", "123 tlealth Street,Wellness City", "Phone:+1-234-587-890", "Patlant Nanx:John Ro", ":41", "Doctor: Dr. Tumor", "Medicine", "Dosuge", "Frequency", "Duration", "Tab Dolonex dt", "20tblets", "3mesdey", "4duys", "Tab Cetine", "20 tablets", "3 umes doy", "$ duys", "Tab Triz", "10tablets", "3tmesaday", "30 days", "Tab Allegra", "10tablets", "2 tmesa day", "30 days", "TabClavum 025", "10tablets", "2 tmes a duy", "10days", "TabCiplox500", "20 tablets", "3 tmesa dey", "30 days", "Syrup", "Dosapo", "Froquoncy", "Duratlon", "Syrup Brozodax", "10ml", "2 timdoy", "10day", "Syrup TusQ-dx", "10ml", "3timsday", "14 doy", "Advico:", "-Tako tod rost", "Eat nsy-to-digest food like boiled rice with dnl", "-Stytydrated"], "confidence": [0.9475247859954834, 0.8394729495048523, 0.9064761400222778, 0.8222624659538269, 0.8224173188209534, 0.9375448226928711, 0.9258362054824829, 0.9427713751792908, 0.9902750849723816, 0.9621754884719849, 0.9124363660812378, 0.9145114421844482, 0.8327884078025818, 0.9136894941329956, 0.9322905540466309, 0.8967920541763306, 0.7165395617485046, 0.9324522018432617, 0.8534448146820068, 0.9273074269294739, 0.859169065952301, 0.8866694569587708, 0.8737680315971375, 0.9273074269294739, 0.805739164352417, 0.8513266444206238, 0.8186817765235901, 0.9273074269294739, 0.7704176902770996, 0.9213528037071228, 0.9126338362693787, 0.8797799944877625, 0.8194018006324768, 0.8963064551353455, 0.988613486289978, 0.8228013515472412, 0.9466862082481384, 0.9799938797950745, 0.8993038535118103, 0.9702969789505005, 0.738703727722168, 0.7873427867889404, 0.9553414583206177, 0.9599877595901489, 0.7806689143180847, 0.770780086517334, 0.9684262275695801, 0.7723812460899353, 0.8472199440002441, 0.9196614623069763], "label": [1, 0, 1, 0, 0, 0, 0]}