{"text": ["XYZ Hospital", "123 tlealth Street,Wellness City", "Phone:+1-234.587-890", "Patlant Namx:Llam Millor", "p:43", "Doctor: Dr. Smith", "Medicine", "Dosuge", "Frequency", "Duration", "Tab Allegra", "10 tablets", "20ms doy", "30 duys", "Tab Dolo 650", "20 tablets", "3 tmes duy", "4duys", "Cap Pan d", "10tablets", "2 tmesa duy", "5 days", "Tab Zole fcream", "5tablets", "2tmesa day", "30 days", "Tab Pan d", "15tablets", "2 tmes a duy", "5days", "Cap Cypon", "5tablets", "2 tmes a doy", "30 days", "Syrup", "Dosago", "Froquoncy", "Duratlon", "Syrup Fobrox plus", "10ml", "2tmsdoy", "5 day", "Advico:", "-Tako tod rost", "Eat nsy-to-digest food like boiled dce with dnl", "-Stytydrated"], "confidence": [0.9558648467063904, 0.8474778532981873, 0.8575018644332886, 0.8686251044273376, 0.7557733058929443, 0.9711909294128418, 0.907014787197113, 0.9422492384910583, 0.9790523052215576, 0.965709924697876, 0.921038806438446, 0.8824431300163269, 0.767784595489502, 0.9051676392555237, 0.8189396262168884, 0.8967920541763306, 0.7430770993232727, 0.9083743095397949, 0.9035042524337769, 0.9273074269294739, 0.7515864968299866, 0.7517222762107849, 0.8844491839408875, 0.9046000242233276, 0.8140667080879211, 0.8867191672325134, 0.897170901298523, 0.8647039532661438, 0.7857459187507629, 0.8756504058837891, 0.9352796077728271, 0.8909797668457031, 0.8115512728691101, 0.8513266444206238, 0.9719002842903137, 0.958836555480957, 0.9637989401817322, 0.9877357482910156, 0.9934527277946472, 0.9717352390289307, 0.6669524312019348, 0.8135870099067688, 0.9678077101707458, 0.7811692357063293, 0.8581724166870117, 0.9350423812866211], "label": [1, 1, 1, 0, 0, 0, 0]}