{"text": ["XYZ Hospital", "123 tlealth Street,Wellness City", "Phone:+1-234.587-890", "Patlont Namx:Charlo Smith", "Doctor: Dr.Lo", "Medicine", "Dosuge", "Frequency", "Duration", "TabDolo650", "20 tblets", "20ms dey", "30 days", "Tab Cetine", "t5tablets", "3 umes doy", "5days", "TabClavum 025", "10tablets", "3 tmesaday", "7 days", "Cap Pand", "20 tablets", "2 tms a day", "30 days", "Syrup", "Dosago", "Froquoncy", "Duratlon", "Syrup Corox-dx", "Sml", "3tmdoy", "10 day", "Syrup Cypon", "Sml", "3timsday", "30dy", "Advico:", "-Tako bod rost", "Eat nsy-to-digest food like boiled dce with dal", "-Staytydrated"], "confidence": [0.9539773464202881, 0.838995099067688, 0.8577502369880676, 0.8328250050544739, 0.9240841269493103, 0.930323600769043, 0.9427713751792908, 0.9838371276855469, 0.964890718460083, 0.8880208730697632, 0.9135541915893555, 0.7710025310516357, 0.8676621317863464, 0.9272724986076355, 0.8836497068405151, 0.7165395617485046, 0.8691898584365845, 0.8281561136245728, 0.9273074269294739, 0.8439608812332153, 0.8480218052864075, 0.9227392673492432, 0.8983814120292664, 0.8000491857528687, 0.9160794615745544, 0.9747051000595093, 0.8496239185333252, 0.9251506328582764, 0.8653408288955688, 0.9699190258979797, 0.8684621453285217, 0.747671902179718, 0.7860756516456604, 0.9280782341957092, 0.9197258949279785, 0.7859691381454468, 0.9695253372192383, 0.967370867729187, 0.8304697871208191, 0.9078223705291748, 0.9250409007072449], "label": [1, 1, 1, 0, 0, 0, 0]}