{"text": ["XYZ Hospital", "123 tlealth Street,Wellness City", "Phone:+1-234-587-890", "Patlant Nanx:John Ro", ":40", "Doctor: Dr. Tumor", "Medicine", "Dosuge", "Frequency", "Duration", "Tab Allegra", "20tblets", "20ms dey", "10days", "Tab Combinam", "5tablets", "2 m0s  duy", "7 days", "TabDolo650", "5tablets", "2mes aday", "10 duys", "Tab Pan d", "20 tblets", "3 tmes aday", "7 days", "Tab Evlon", "10tablets", "2 tmes a duy", "30 days", "Tab Cyclopam", "5tablets", "2 tmes a doy", "7 days", "Syrup", "Dosago", "Froquoncy", "Duratlon", "Syrup Zodax", "10ml", "3tims doy", "30dy", "Syrup TusQ-dx", "10ml", "3timsday", "14day", "Advico:", "-Takoto rost", "Eat nsy-to-digest food like boiled rice with dnl", "-Stynydrated"], "confidence": [0.9475247859954834, 0.8394729495048523, 0.9064761400222778, 0.8222624659538269, 0.721707820892334, 0.9539228081703186, 0.8984020948410034, 0.9427713751792908, 0.9902750849723816, 0.9623180627822876, 0.9251887798309326, 0.9145114421844482, 0.7692691087722778, 0.8628065586090088, 0.8947782516479492, 0.8873331546783447, 0.7353242039680481, 0.861883819103241, 0.8883571624755859, 0.916618824005127, 0.780929684638977, 0.8863319754600525, 0.8963916301727295, 0.9086169004440308, 0.8291813135147095, 0.861883819103241, 0.9114243388175964, 0.9273074269294739, 0.7853452563285828, 0.8513266444206238, 0.8723359107971191, 0.8909797668457031, 0.7914705872535706, 0.991462230682373, 0.988613486289978, 0.8496239185333252, 0.9466862082481384, 0.9899555444717407, 0.9197816848754883, 0.9702969789505005, 0.7311160564422607, 0.9722570776939392, 0.9553414583206177, 0.9599877595901489, 0.7527403235435486, 0.7873247861862183, 0.9374408721923828, 0.7353693842887878, 0.8472650647163391, 0.8896828293800354], "label": [1, 0, 1, 0, 0, 0, 0]}