{"text": ["XYZ Hospital", "123 tlealth Street,Wellness City", "Phone:+1-234-587-890", "Patlant Nanx:John Whito", "Ap:57", "Doctor:Dr.Patol", "Medicine", "Dosage", "Frequency", "Duration", "Tab Allegra", "5tablets", "3 mesa duy", "4duys", "TabDolo650", "15tablets", "2 m5  duy", "5days", "Tab Febrex plus", "20 tablets", "2tmesa day", "30 days", "Tab Zolefcream", "15tablets", "2tmesa duy", "5days", "TabCiplox500", "15tablets", "3 tmesaday", "10days", "Tab Combilam", "15tablets", "3 tmesa dey", "7 days", "Syrup", "Dosapo", "Froquoncy", "Duratlon", "Syrup Grillnctus tm", "10ml", "2 timdoy", "10days", "Syrup Cypon", "Sml", "2timday", "10days", "Advico:", "-Tako tod rost", "Eat nsy-to-digest food like boiled rice with dal", "-Stytydrated"], "confidence": [0.9539773464202881, 0.8445388078689575, 0.887356162071228, 0.8440219163894653, 0.770072877407074, 0.9551032185554504, 0.9556780457496643, 0.9033363461494446, 0.98594069480896, 0.9621754884719849, 0.921038806438446, 0.901167631149292, 0.7521079778671265, 0.9136894941329956, 0.8820865750312805, 0.9037178754806519, 0.7451460957527161, 0.8520981669425964, 0.9162757992744446, 0.8709948658943176, 0.8069180250167847, 0.8513266444206238, 0.8576222658157349, 0.8671495914459229, 0.8069897890090942, 0.8520981669425964, 0.9506906867027283, 0.8647039532661438, 0.849814236164093, 0.8654675483703613, 0.9076864719390869, 0.8990643620491028, 0.7877573370933533, 0.8767657279968262, 0.983737587928772, 0.8240053653717041, 0.9474319815635681, 0.9799938797950745, 0.9904496073722839, 0.9702969789505005, 0.7660655975341797, 0.8172560334205627, 0.983395516872406, 0.927854061126709, 0.7662373781204224, 0.8326132893562317, 0.9631933569908142, 0.7688633799552917, 0.9021574854850769, 0.8946594595909119], "label": [1, 0, 1, 0, 0, 0, 0]}