{"text": ["XYZ Hospital", "123 tlealth Street,Wellness City", "Phone:+1-234.587-890", "Patlant Namx:Graco Millar", "p:72", "Doctor: Dr. Smith", "Medicine", "Dosuge", "Frequency", "Duration", "TabClavum 025", "20 tblets", "20ms doy", "7 duys", "Cap CoImmune", "20 tablets", "30ms doy", "4days", "Tab Cyciomef", "t5tablets", "2tmes aday", "5 days", "Tab Trz", "5tablets", "3 tmesa dey", "30 days", "TabNeurobin Forte", "5tablets", "2tmesaday", "7 days", "Syrup", "Dosapo", "Froquoncy", "Duratlon", "Syrup Fobrxplus", "Sml", "3timsday", "7day", "Advico:", "-Tako tod rost", "Eat nsy-to-dlgest food like boiled dce with dal", "-Stayhydrated"], "confidence": [0.9549444317817688, 0.8478810787200928, 0.8465229868888855, 0.8176514506340027, 0.7978620529174805, 0.9411486387252808, 0.8984020948410034, 0.9427713751792908, 0.9838371276855469, 0.9564203023910522, 0.7962754368782043, 0.9135541915893555, 0.7485461831092834, 0.9828178286552429, 0.8872420787811279, 0.9054545164108276, 0.7268615365028381, 0.8935898542404175, 0.8616771697998047, 0.8480069041252136, 0.7841440439224243, 0.7472350001335144, 0.79454106092453, 0.8861472606658936, 0.7643855810165405, 0.8853435516357422, 0.9576616883277893, 0.9057856798171997, 0.8390383124351501, 0.8720644116401672, 0.9747051000595093, 0.9147474765777588, 0.9749724864959717, 0.9097633361816406, 0.8471513390541077, 0.9197258949279785, 0.7308685183525085, 0.8434621095657349, 0.9687759280204773, 0.8006833791732788, 0.9014807939529419, 0.8779224157333374], "label": [1, 1, 1, 0, 0, 0, 0]}