{"text": ["XYZ Hospital", "123 tlealth Street,Wellness City", "Phone:+1-234.587-890", "Patlont Namx:EvoWhito", "p:71", "DoctorDr.Johnson", "Medicine", "Dosuge", "Frequency", "Duration", "Cap Zovirax", "5 tablets", "3mesdey", "30 days", "Tab Dolo650", "20 tablets", "2tmesa dey", "7 days", "Tab Allegra", "t5tblets", "3 tmesaday", "5days", "TabCiplox500", "t5tablets", "2 tm5 a day", "5 days", "Syrup", "Dosago", "Froquoncy", "Duratlon", "Syrup Corox", "Sml", "2 tm doy", "30 days", "SyrupCorox-dx", "10ml", "3timsday", "10day", "Advico:", "-Tako tod rost", "Eat nsy-to-dlgest food like boiled rice with dal", "-Staytydrated"], "confidence": [0.9555370807647705, 0.8445388078689575, 0.8541738390922546, 0.848785400390625, 0.740033745765686, 0.9631726741790771, 0.9286406636238098, 0.9427713751792908, 0.9860424399375916, 0.964890718460083, 0.837891161441803, 0.8419929146766663, 0.8327884078025818, 0.8676621317863464, 0.8321757912635803, 0.9054545164108276, 0.729718804359436, 0.8720644116401672, 0.8720228672027588, 0.9061143398284912, 0.8493043780326843, 0.8701895475387573, 0.956233024597168, 0.8862625360488892, 0.7431930899620056, 0.8369717597961426, 0.9747051000595093, 0.8496239185333252, 0.9034984111785889, 0.8947022557258606, 0.9617127776145935, 0.8684621453285217, 0.7740520238876343, 0.9535742402076721, 0.8781014084815979, 0.911413848400116, 0.7859691381454468, 0.7979649305343628, 0.9688101410865784, 0.8324451446533203, 0.9003981947898865, 0.9319948554039001], "label": [1, 1, 1, 0, 0, 0, 0]}