{"text": ["XYZ Hospital", "123 tlealth Street,Wellness City", "Phone:+1-234-587-890", "Patlont Namx:Allco Smith", "Doctor: Dr.Lao", "Medicine", "Dosuge", "Frequency", "Duration", "Tab Dolonexdt", "5 tablets", "20ms doy", "30 days", "Cap Colmmune", "20 tblets", "3tmesaday", "30 days", "Tab Triz", "20 tablets", "2tmesaday", "10 duys", "Tab Cyclopam", "t5tablets", "3 tmesa dey", "30 days", "Syrup", "Dosago", "Froquancy", "Duratlon", "Syrup Grillnctus tm.", "Sml", "3tims doy", "30day", "Advico:", "-Tako bod rost", "Eat nsy-to-dlgest food like boiled rice with dal", "-Stytydrated"], "confidence": [0.9428637623786926, 0.8440488576889038, 0.8872672319412231, 0.8280694484710693, 0.9031957387924194, 0.951400876045227, 0.9030749201774597, 0.9821484684944153, 0.965709924697876, 0.9440867900848389, 0.8757308125495911, 0.7529489994049072, 0.9822376370429993, 0.8969669938087463, 0.9231894612312317, 0.7983217239379883, 0.8500292897224426, 0.8540539145469666, 0.9054545164108276, 0.8641469478607178, 0.8863319754600525, 0.8955545425415039, 0.8856318593025208, 0.8120609521865845, 0.8853435516357422, 0.9728748202323914, 0.9117240309715271, 0.9371910095214844, 0.9687023162841797, 0.9566960334777832, 0.8684621453285217, 0.7523825764656067, 0.8759253621101379, 0.9288334846496582, 0.7142534255981445, 0.8857390284538269, 0.9112634658813477], "label": [1, 1, 1, 0, 0, 0, 0]}