{"text": ["XYZ Hospital", "123 tlealth Street,Wellness City", "Phone:+1-234.587-890", "Patlant Namx:AllcoJohnson", "p:9", "DoctorDr.Johnson", "Medicine", "Dosuge", "Frequency", "Duration", "TabAllegra", "15tablets", "20ms day", "5 days", "Tab Neurobin Forte", "15tablets", "3umesaday", "4days", "Tab Cyciomelf", "15tablets", "3 tmesa day", "7 days", "Tab Cyclopam", "20 toblets", "2tmesaday", "4days", "Cap Zovirax", "10 tablets", "3 tmesaday", "7 days", "Syrup", "Dosopo", "Froquoncy", "Duratlon", "Syrup Zodox", "10ml", "2timday", "Sday", "Advico:", "-Tako tod rost", "Eat nsy-to-dlgest food like boiled dce with dal", "-Stayhydrated"], "confidence": [0.951866626739502, 0.8402663469314575, 0.8577502369880676, 0.8607292175292969, 0.5524117946624756, 0.9639472961425781, 0.9286406636238098, 0.9427713751792908, 0.9838371276855469, 0.964890718460083, 0.9191179275512695, 0.8913987278938293, 0.7605679631233215, 0.7393367886543274, 0.9183322191238403, 0.8913987278938293, 0.8533411622047424, 0.8935898542404175, 0.8471208214759827, 0.8913987278938293, 0.7573702335357666, 0.8720644116401672, 0.8751792907714844, 0.8743324279785156, 0.8693881630897522, 0.9184122085571289, 0.8542963266372681, 0.901634693145752, 0.8457149267196655, 0.8720644116401672, 0.9747051000595093, 0.7710023522377014, 0.9624842405319214, 0.910537838935852, 0.9014583826065063, 0.9347427487373352, 0.7432094216346741, 0.7356988191604614, 0.96775883436203, 0.7905479669570923, 0.9010859727859497, 0.8896684050559998], "label": [1, 1, 1, 0, 0, 0, 0]}