{"text": ["XYZ Hospital", "123 tlealth Street,Wellness City", "Phone:+1-234.587-890", "Patlant Namo:Davld Whito", "4", "Doctor: Dr. Tumor", "Medicine", "Dosauge", "Frequency", "Duration", "Cup Cypon", "10 tablets", "3mesday", "10days", "Tab Febrex plus", "10 tablets", "20mesaday", "7days", "TabAllegra", "15tablets", "2 tmes adey", "10 days", "Cap Pan d", "20 toblets", "2tmes aday", "t4days", "Tab Pand", "5tablets", "2tmesaday", "5days", "Syrup", "Dosapo", "Froquancy", "Duratlon", "Syrup TusQ-dx", "10ml", "2mdoy", "4dy", "Syrup Corox-dx", "10ml", "2tims doy", "4 days", "Advico:", "-Tako tod rost", "Eat nsy-to-digest food like boiled rice with dnl", "-Stytydrated"], "confidence": [0.953700840473175, 0.8410260081291199, 0.8575018644332886, 0.8413419723510742, 0.9781603217124939, 0.957442581653595, 0.9318302869796753, 0.8137890696525574, 0.9838371276855469, 0.9623180627822876, 0.882025957107544, 0.8921223878860474, 0.8203554749488831, 0.8628065586090088, 0.9147146940231323, 0.8921223878860474, 0.7708227634429932, 0.9236086010932922, 0.938199520111084, 0.8913987278938293, 0.7663896679878235, 0.8622841835021973, 0.9139582514762878, 0.8586471676826477, 0.8142484426498413, 0.8510770797729492, 0.928550660610199, 0.9079194068908691, 0.8482097387313843, 0.8882506489753723, 0.9648510217666626, 0.9139150977134705, 0.9368769526481628, 0.9957352876663208, 0.9556137919425964, 0.9483411312103271, 0.7551538348197937, 0.962104082107544, 0.9816087484359741, 0.9150266051292419, 0.7249763607978821, 0.8612959980964661, 0.9689494371414185, 0.7086157202720642, 0.8504207730293274, 0.9351585507392883], "label": [1, 1, 1, 0, 0, 0, 0]}