{"text": ["XYZ Hospital", "123 tlealth Street,Wellness City", "Phone:+1-234.587-890", "PatlontNam:Bob Ro", "4", "Doctor: Dr.Patol", "Medicine", "Dosuge", "Frequency", "Duration", "Tab Cyclomeff", "5 tablets", "20ms doy", "5days", "Tab Cyciopam", "5tablets", "2tmesa duy", "4days", "TabAluhrocinS00", "20 tblets", "2 tmes a duy", "10 days", "TabClavum025", "10tablets", "2 tmes a doy", "7days", "Syrup", "Dosago", "Froquancy", "Duration", "Syrup TusQ dx", "10ml", "3tmsdoy", "5days", "SyrupZodax", "10ml", "3timsday", "14day", "Advico:", "-Tako bod rost", "Eat nsy-to-digest food like boiled rice with dal", "-Stayhydrated"], "confidence": [0.9532526135444641, 0.8385250568389893, 0.8577502369880676, 0.8373153805732727, 0.9781603217124939, 0.9615007042884827, 0.930323600769043, 0.9427713751792908, 0.9823358058929443, 0.964890718460083, 0.8279057145118713, 0.8665355443954468, 0.767784595489502, 0.8691898584365845, 0.8792740702629089, 0.895728349685669, 0.7795726656913757, 0.8935898542404175, 0.7446993589401245, 0.9086169004440308, 0.8021218776702881, 0.8472437858581543, 0.8559431433677673, 0.9247161149978638, 0.770778238773346, 0.9421157836914062, 0.9701129198074341, 0.8347269892692566, 0.9061452150344849, 0.960390031337738, 0.985166609287262, 0.9347427487373352, 0.702323317527771, 0.8763659596443176, 0.9065452814102173, 0.911413848400116, 0.7330020666122437, 0.7760825753211975, 0.967370867729187, 0.8230072855949402, 0.8990753293037415, 0.8757689595222473], "label": [1, 0, 1, 0, 0, 0, 0]}