{"text": ["XYZ Hospital", "123 tlealth Street,Wellnes City", "Phone:+1-234-587-890", "Patlont Nanx:Mla Millor", ":21", "Doctor: Dr. Smith", "Medicine", "Dosuge", "Frequency", "Qurabon", "TabFebrexplus", "15tablets", "20ms day", "7 days", "Tab Neurobin Forte", "15tablets", "3 umes duy", "tO days", "Cap Zovirax", "20 tablets", "3 tmesaduy", "4duys", "TabDolo650", "10tablets", "3tmes aday", "5days", "Cap Dilanun", "10tablets", "2 tmes a duy", "4duys", "TabZole f cream", "5tablets", "3 tmesa dey", "30 days", "Syrup", "Dosago", "Froquoncy", "Duratlon", "Syrup Fobrox plus", "Sml", "3tims doy", "14days", "Syrup Corox", "Sml", "2timday", "30dy", "Advico:", "-Tako tod rost", "Eat nsy-to-digest food like boiled rice with dnl", "-Stytydrated"], "confidence": [0.9531888961791992, 0.8493285775184631, 0.8980655670166016, 0.8480234742164612, 0.738356351852417, 0.9348616600036621, 0.930323600769043, 0.9427713751792908, 0.9902750849723816, 0.8740919232368469, 0.9759947657585144, 0.8647039532661438, 0.7605679631233215, 0.861883819103241, 0.9161452054977417, 0.9037178754806519, 0.7057475447654724, 0.8201694488525391, 0.8502258658409119, 0.8709948658943176, 0.8196805119514465, 0.9136894941329956, 0.877515971660614, 0.9273074269294739, 0.852321445941925, 0.8641525506973267, 0.9027725458145142, 0.9273074269294739, 0.7704176902770996, 0.9083743095397949, 0.8372297286987305, 0.8909797668457031, 0.7889118194580078, 0.8853435516357422, 0.983737587928772, 0.8360254764556885, 0.9466862082481384, 0.9899555444717407, 0.9943340420722961, 0.9028758406639099, 0.7382882833480835, 0.8673887848854065, 0.8926152586936951, 0.927854061126709, 0.8103267550468445, 0.973709762096405, 0.9238536953926086, 0.7723420858383179, 0.8472199440002441, 0.9149386882781982], "label": [1, 1, 1, 0, 0, 0, 0]}