{"text": ["XYZ Hospital", "123 tlealth Street,Wellness City", "Phone:+1-234.587-890", "Patlant Namx:Allco Whito", "p:57", "DoctorDr.Johnson", "Medicine", "Dosuge", "Frequency", "Duration", "TabAluhrodin 500", "15tablets", "20ms dey", "30 days", "Tab Clavum025", "20 tablets", "3 umes dey", "5days", "Cap Pan d", "20 tablets", "3 tmesadey", "10 days", "TabDolo650", "5tablets", "2 tmes a day", "30 days", "Cap Cypon", "5 tablets", "2 tmes a duy", "7 days", "Syrup", "Dosapo", "Froquoncy", "Duratlon", "Syrup TusQ-dx", "Sml", "2timdy", "Sday", "Advico:", "-Tako tod rost", "Eat nsy-to-dlgest food like boiled dce with dal", "-Stayhydrated"], "confidence": [0.951866626739502, 0.8372484445571899, 0.8541738390922546, 0.8336285948753357, 0.8183268308639526, 0.9483814835548401, 0.8984020948410034, 0.9427713751792908, 0.9838371276855469, 0.965709924697876, 0.747738242149353, 0.8913987278938293, 0.7692691087722778, 0.8833222985267639, 0.8511881232261658, 0.9054545164108276, 0.7338784337043762, 0.8756504058837891, 0.9062197208404541, 0.9061443209648132, 0.8391181230545044, 0.8690416216850281, 0.8846613764762878, 0.8669136762619019, 0.7614920139312744, 0.8853435516357422, 0.9610030651092529, 0.8480369448661804, 0.7841776013374329, 0.8720644116401672, 0.9747051000595093, 0.9107210040092468, 0.9749724864959717, 0.9097633361816406, 0.9550187587738037, 0.9197258949279785, 0.8292061686515808, 0.7356988191604614, 0.96775883436203, 0.7905479669570923, 0.9010121822357178, 0.8896684050559998], "label": [1, 1, 1, 0, 0, 0, 0]}