{"text": ["XYZ Hospital", "123 tlealth Street,Wellness City", "Phone:+1-234.587-890", "Patlont Namx:ChadloJohnson", ":54", "Doctor: Dr.Lao", "Medicine", "Dosage", "Frequency", "Duration", "Cap Zovirax", "5tablets", "20ms doy", "30 duys", "Tab Evion", "5tablets", "20mes dey", "4days", "TabCyciomeff", "20 tblets", "2 tmes dey", "4days", "Cap Omez", "t5tablets", "3 tmesa dey", "30 days", "TabAllegra", "t5tablets", "3 tmesaday", "30 days", "Syrup", "Dosapo", "Froquoncy", "Duratlon", "Syrup Brozodax", "10ml", "3timsday", "7day", "Advico:", "-Tako tod rst", "Eat nsy-to-dlgest food like boiled dce with dal", "-Staytydrated"], "confidence": [0.9494788646697998, 0.8356792330741882, 0.8577502369880676, 0.828400194644928, 0.8006799817085266, 0.8902071118354797, 0.930323600769043, 0.8897534012794495, 0.9560942053794861, 0.964890718460083, 0.8704531192779541, 0.9079194068908691, 0.7563122510910034, 0.9051676392555237, 0.9279268980026245, 0.8909797668457031, 0.7744828462600708, 0.8935898542404175, 0.8690858483314514, 0.9185055494308472, 0.7602824568748474, 0.9184122085571289, 0.8270390033721924, 0.8721339702606201, 0.8120609521865845, 0.8853435516357422, 0.9467397928237915, 0.8830724954605103, 0.8439608812332153, 0.8853435516357422, 0.9747051000595093, 0.8934853076934814, 0.9749724864959717, 0.910537838935852, 0.985075056552887, 0.9483411312103271, 0.7440789937973022, 0.8434621095657349, 0.9671358466148376, 0.7874330878257751, 0.9010859727859497, 0.9319948554039001], "label": [1, 1, 1, 0, 0, 0, 0]}