{"text": ["XYZ Hospital", "123 tlealth Street,Wellness City", "Phone:+1-234.587-890", "Patlnt Namx:Mla D", "p:71", "Doctor: Dr. Smith", "Medicine", "Dosuge", "Frequency", "Duration", "Tab Dolonex dt", "15tablets", "3mesday", "30 duys", "Cap Colmmune", "20 tblets", "3 umes doy", "30 days", "Tab Sumo cold", "5 tablets", "2tmesa duy", "4 duys", "Tab Cyciomelf", "5tablets", "2tmesa dey", "4duys", "Tab Febrexplus", "20tblets", "2 tmes a duy", "10days", "Cap Zovirax", "5tablets", "3 tmesa dey", "7 days", "Syrup", "Dosago", "Froquoncy", "Duratlon", "SyrupZodax", "Sml", "3 tms doy", "14dy", "Advico:", "-Tako bod rst", "Eat nsy-to-digest food like boiled dce with dnl", "Stoy bydrated"], "confidence": [0.9535693526268005, 0.8416517972946167, 0.8589719533920288, 0.7975432872772217, 0.740033745765686, 0.9411486387252808, 0.8984020948410034, 0.9427713751792908, 0.9790523052215576, 0.964890718460083, 0.9134105443954468, 0.8647039532661438, 0.843670666217804, 0.9137939810752869, 0.8977642059326172, 0.9086169004440308, 0.7165395617485046, 0.8479889631271362, 0.9167296886444092, 0.8758335113525391, 0.7902020812034607, 0.939846932888031, 0.8537797331809998, 0.8909797668457031, 0.8095513582229614, 0.9136894941329956, 0.9440770149230957, 0.9145114421844482, 0.7853452563285828, 0.8654675483703613, 0.8630403876304626, 0.8909797668457031, 0.780796229839325, 0.8767657279968262, 0.9719002842903137, 0.9144992828369141, 0.9524527788162231, 0.9921525120735168, 0.8660050630569458, 0.9028758406639099, 0.7108118534088135, 0.932861328125, 0.9678854942321777, 0.7454431056976318, 0.8601347208023071, 0.7944247722625732], "label": [1, 1, 1, 0, 0, 0, 0]}