{"text": ["XYZ Hospital", "123 tlealth Street,Wellness City", "Phone:+1-234.587-890", "PatlantNamx:Bob Brown", "p:39", "Doctor: Dr. Smith", "Medicine", "Dosuge", "Frequency", "Duration", "TabA1urodn 500", "5 tablets", "3mesa duy", "10duys", "Tab Dolo 650", "10tablets", "20mesa duy", "7 days", "Tab Pan d", "10tablets", "2 tmes a duy", "7 duys", "Tab Neurobin Forte", "5tablets", "3 tmesaday", "t4duys", "Tab Allegra", "15tablets", "3 tmesaday", "t4duys", "Cap Pan d", "15tablets", "2 tms a doy", "t4days", "Syrup", "Dosago", "Froquoncy", "Duratlon", "Syrup TusQ-dx", "10ml", "2tmsdoy", "30 dny", "Advico:", "-Tako to rost", "Eat nsy-to-digest food like boiled dce with dnl", "Stoybydrated"], "confidence": [0.9478399157524109, 0.8385964632034302, 0.8531273007392883, 0.8603702783584595, 0.6949520111083984, 0.9642598628997803, 0.9556780457496643, 0.9740098118782043, 0.98100346326828, 0.9623180627822876, 0.8287022709846497, 0.887381374835968, 0.7727578282356262, 0.9106659889221191, 0.8032328486442566, 0.9273074269294739, 0.7457723617553711, 0.861883819103241, 0.8963916301727295, 0.9273074269294739, 0.7253734469413757, 0.9796134829521179, 0.9251586198806763, 0.9046000242233276, 0.8438262939453125, 0.8104643225669861, 0.8574976325035095, 0.8647039532661438, 0.8289969563484192, 0.8104643225669861, 0.9221227169036865, 0.9037178754806519, 0.8126633167266846, 0.8406792283058167, 0.9719002842903137, 0.9641801714897156, 0.9633573889732361, 0.9817286729812622, 0.9332492351531982, 0.9717352390289307, 0.6669524312019348, 0.7926518321037292, 0.9678854942321777, 0.7507117390632629, 0.8616782426834106, 0.8281932473182678], "label": [1, 1, 1, 0, 0, 0, 0]}