{"text": ["XYZ Hospital", "123 tlealth Street,Wellness City", "Phone:+1-234-587-890", "Patlont Nanx:Davld Millor", "p:23", "Doctor:Dr.Patol", "Medicine", "Dosage", "Frequency", "Duration", "TabFebrexplus", "t5tablets", "3mesday", "10duys", "Tab Combinam", "t5tablets", "3tmesaday", "5days", "Tab Cyciomeff", "t5tblets", "2 tmes a duy", "5 days", "Tab Dolonex dt", "10tablets", "2 tms a day", "5 days", "Syrup", "Dosago", "Froquancy", "Duratlon", "Syrup Grillnctus tm", "Sml", "3 tims doy", "10day", "Advico:", "-Tako tod rost", "Eat nsy-to-dlgest food like boiled rice with dal", "-Stynydrated"], "confidence": [0.9542763829231262, 0.8385964632034302, 0.8889164924621582, 0.8478655219078064, 0.7894628047943115, 0.9457760453224182, 0.930323600769043, 0.9033363461494446, 0.9789015650749207, 0.9623180627822876, 0.9737158417701721, 0.8831853270530701, 0.8291556239128113, 0.9106659889221191, 0.9046535491943359, 0.8831853270530701, 0.8161150813102722, 0.8691898584365845, 0.8475779294967651, 0.9061143398284912, 0.8931125998497009, 0.7472350001335144, 0.9096799492835999, 0.9273074269294739, 0.8000491857528687, 0.8378275036811829, 0.9852066040039062, 0.9117240309715271, 0.9330023527145386, 0.8827411532402039, 0.9918791055679321, 0.8684621453285217, 0.7786852121353149, 0.843083381652832, 0.9288334846496582, 0.7380245327949524, 0.8857390284538269, 0.8807796835899353], "label": [1, 0, 1, 0, 0, 0, 0]}