{"text": ["XYZ Hospital", "123 tlealth Street,Wellness City", "Phone:+1-234-587-890", "Patlont Nam:Evo Ro", ":20", "Doctor:Dr.Patol", "Medicine", "Dosage", "Frequency", "Duration", "Tab Suno cold", "5tablets", "3mes doy", "4duys", "Tab Zole fcreum", "15tablets", "2 m0s  duy", "7 days", "Tab Dolonex dt", "10tablets", "2 tmes a day", "5days", "Tab Cetine", "5tablets", "3 tmes aday", "7 days", "Cap Zovirax", "20 tblets", "3 tmesaday", "10days", "Tab Evion", "5tablets", "3 tmesa dey", "$ duys", "Syrup", "Dosago", "Froquoncy", "Duratlon", "Syrup Corox-dx", "Sml", "2 tim doy", "10days", "Syrup Fobrox plus", "Sml", "2timday", "10days", "Advico:", "-Tako tod rost", "Eat nsy-to-digest food like boiled rice with dal", "-Stytydrated"], "confidence": [0.9544918537139893, 0.8413002490997314, 0.9079828262329102, 0.7662361264228821, 0.8861050605773926, 0.9570946097373962, 0.930323600769043, 0.9033363461494446, 0.9852608442306519, 0.9623180627822876, 0.8738545179367065, 0.901167631149292, 0.7750561833381653, 0.9136894941329956, 0.8771178126335144, 0.8647039532661438, 0.7353242039680481, 0.8401936888694763, 0.9154724478721619, 0.9273074269294739, 0.7271961569786072, 0.8366293907165527, 0.9331361651420593, 0.9046000242233276, 0.8291342258453369, 0.8452855944633484, 0.8877450823783875, 0.8838595747947693, 0.8251968622207642, 0.9213528037071228, 0.9227845072746277, 0.8909797668457031, 0.8336135745048523, 0.9236800670623779, 0.988613486289978, 0.8285646438598633, 0.9466862082481384, 0.9896453619003296, 0.9718355536460876, 0.860496461391449, 0.7873589992523193, 0.8282742500305176, 0.9960389733314514, 0.927854061126709, 0.8147273659706116, 0.8326132893562317, 0.9631933569908142, 0.7632184028625488, 0.9020175933837891, 0.9027094841003418], "label": [1, 1, 1, 0, 0, 0, 0]}