{"text": ["XYZ Hospital", "123 tlealth Street,Wellness City", "Phone:+1-234.587-890", "PatlantNamx:Bob Brown", ":47", "Doctor: Dr.Lao", "Medicine", "Dosuge", "Frequency", "Duration", "Tab Allegra", "20 tblets", "3mesaday", "30 days", "Cap Dilanun", "15tablets", "2 um5  dey", "30 days", "TabAluhrodin 500", "15tablets", "2 tmes aday", "7 days", "Tab Dolo650", "10 tablets", "2 tms a dey", "4days", "Cap Omez", "5tablets", "3 tmesaday", "7 days", "Syrup", "Dosago", "Froquoncy", "Duratlon", "Syrup Cypon", "Sml", "3timsday", "7day", "Advico:", "-Tako tod rost", "Eat nsy-to-dlgest food like boiled dce with dal", "-Staytydrated"], "confidence": [0.9539773464202881, 0.8380128741264343, 0.8541738390922546, 0.8596661686897278, 0.8488302230834961, 0.9044675827026367, 0.9258362054824829, 0.9427713751792908, 0.9838371276855469, 0.965709924697876, 0.8995048403739929, 0.9135541915893555, 0.783791184425354, 0.8676621317863464, 0.9231405258178711, 0.9090301990509033, 0.6873760223388672, 0.8867191672325134, 0.7435046434402466, 0.8913987278938293, 0.7432613372802734, 0.8767657279968262, 0.8089301586151123, 0.8958706855773926, 0.7360888123512268, 0.9184122085571289, 0.9046366214752197, 0.9057856798171997, 0.8460615277290344, 0.8720644116401672, 0.9720994234085083, 0.9064610600471497, 0.9749724864959717, 0.9097633361816406, 0.9516541957855225, 0.9197258949279785, 0.7406063079833984, 0.8434621095657349, 0.9691476225852966, 0.7947360873222351, 0.9010121822357178, 0.937537431716919], "label": [1, 1, 1, 0, 0, 0, 0]}