{"text": ["XYZ Hospital", "123 tlealth Street,Wellness City", "Phone:+1-234.587-890", "Patlont Namx:Graco Millar", "p:50", "Doctor: Dr.Lao", "Medicine", "Dosuge", "Frequency", "Duration", "TabA1urodin 500", "5 tablets", "20ms doy", "$ duys", "TabCiplox500", "10tablets", "20mesa day", "4duys", "Cup Omez", "5tablets", "3 tmesa duy", "10 duys", "Tab Cyciomeff", "10tablets", "3tmes aday", "10days", "TabCyclopam", "15tablets", "2 tmes a duy", "4days", "Tab Dolonex dt", "5tablets", "2 tms a doy", "30 days", "Syrup", "Dosago", "Froquoncy", "Duratlon", "Syrup Corox-dx", "Sml", "3 tms doy", "30 dny", "Advico:", "-Tako to rost", "Eat nsy-to-digest food like boiled dce with dnl", "Stoytydrated"], "confidence": [0.9534473419189453, 0.8508637547492981, 0.8499292135238647, 0.8399805426597595, 0.7119712829589844, 0.8984217047691345, 0.9556780457496643, 0.979745090007782, 0.9803639650344849, 0.964890718460083, 0.8379297256469727, 0.887381374835968, 0.7569583654403687, 0.8634000420570374, 0.9327583909034729, 0.9273074269294739, 0.7425007820129395, 0.9136894941329956, 0.7619751691818237, 0.916618824005127, 0.8074479699134827, 0.8750689625740051, 0.8423850536346436, 0.9273074269294739, 0.8616535067558289, 0.9213528037071228, 0.9178829193115234, 0.8647039532661438, 0.7522758841514587, 0.9184122085571289, 0.9133705496788025, 0.8909797668457031, 0.8156778216362, 0.8867191672325134, 0.9719002842903137, 0.9144992828369141, 0.9524527788162231, 0.9834296703338623, 0.9731125235557556, 0.927854061126709, 0.7108118534088135, 0.7926518321037292, 0.9678854942321777, 0.7605816721916199, 0.8601347208023071, 0.8621355891227722], "label": [1, 0, 1, 0, 0, 0, 0]}