{"text": ["XYZ Hospital", "123 tlealth Street,Wellness City", "Phone:+1-234.587-890", "Patlant Namx:GracoWlllams", "Ap:53", "Doctor: Dr.Lao", "Medicine", "Dosuge", "Frequency", "Duration", "Tab Sumo cold", "15tablets", "20ms dey", "$ days", "Tab Cetine", "15tablets", "20mes dey", "10days", "Cap Pan d", "15tablets", "3tmes day", "5 days", "TabCiplox500", "20 tablets", "2 tmesa dey", "t4days", "Cap Cypon", "15tablets", "2tmesaday", "7days", "Syrup", "Dosago", "Froquancy", "Duratlon", "Syrup Cypon", "10ml", "3 tms doy", "10dny", "Syrup Corox-dx", "Sml", "3 tims doy", "10dny", "Advico:", "-Tako tod rost", "Eat nsy-to-digest food like boiled rice with dnl", "Stoybydrated"], "confidence": [0.949135959148407, 0.8544544577598572, 0.8499292135238647, 0.836102306842804, 0.7789907455444336, 0.9012402892112732, 0.9246234893798828, 0.9427713751792908, 0.9788968563079834, 0.965709924697876, 0.9163576364517212, 0.8913987278938293, 0.7692691087722778, 0.837290346622467, 0.9116803407669067, 0.9090301990509033, 0.7687022686004639, 0.9213528037071228, 0.9048255085945129, 0.8913987278938293, 0.795462429523468, 0.7472350001335144, 0.9367298483848572, 0.9061443209648132, 0.8118886351585388, 0.8406792283058167, 0.9538661241531372, 0.8865651488304138, 0.8565099239349365, 0.9444330930709839, 0.9719002842903137, 0.8148204684257507, 0.9016490578651428, 0.9916149973869324, 0.9900559782981873, 0.9347427487373352, 0.7108118534088135, 0.6375325322151184, 0.9783080816268921, 0.9197258949279785, 0.7696221470832825, 0.7591055631637573, 0.9687759280204773, 0.7491595149040222, 0.8504207730293274, 0.8376865386962891], "label": [1, 1, 1, 0, 0, 0, 0]}