{"text": ["XYZ Hospital", "123 tlealth Street,Wellness City", "Phone:+1-234.587-890", "PatlantNamx:GracoWlson", "Apo:55", "Doctor: Dr.Tumor", "Medicine", "Dosuge", "Frequency", "Duration", "Cap Cypon", "15tablets", "20ms dey", "5 days", "Cap Dilanun", "10 tablets", "3 umes doy", "5days", "Tab Combinam", "20 tblets", "3 tmes dey", "7 days", "Tab Clavum025", "20 toblets", "3 tmesa dey", "5 days", "Tab Pand", "10 tablets", "2tmesaday", "7 days", "Syrup", "Dosopo", "Froquoncy", "Duratlon", "Syrup Corox", "10ml", "2timdy", "Sday", "Advico:", "-Tako tod rost", "Eat nsy-to-digest food like boiled dce with dal", "-Staytydrated"], "confidence": [0.9544302821159363, 0.8517599105834961, 0.8465229868888855, 0.8405994772911072, 0.7298091053962708, 0.9503644704818726, 0.9291049838066101, 0.975483238697052, 0.9838371276855469, 0.964890718460083, 0.9230549335479736, 0.8647039532661438, 0.7692691087722778, 0.7393367886543274, 0.946288526058197, 0.8921223878860474, 0.6878266334533691, 0.8344883918762207, 0.9386793971061707, 0.9248446226119995, 0.7872068881988525, 0.8720644116401672, 0.850500762462616, 0.8743324279785156, 0.8120609521865845, 0.790022075176239, 0.9234901666641235, 0.901634693145752, 0.8595501780509949, 0.8720644116401672, 0.9747051000595093, 0.7710023522377014, 0.9624842405319214, 0.910537838935852, 0.972055196762085, 0.9347427487373352, 0.8333203196525574, 0.7356988191604614, 0.9675191640853882, 0.8328365683555603, 0.8992130160331726, 0.9372954964637756], "label": [1, 1, 1, 0, 0, 0, 0]}