{"text": ["XYZ Hospital", "123 tlealth Street,Wellness City", "Phone:+1-234-587-890", "Patlont Nanx:Charlo Wlllams", "p:23", "Doctor: Dr. Tumor", "Medicine", "Dosuge", "Frequency", "Duration", "Tab Cetine", "10 tablets", "3mesday", "30 days", "Tab Cyclopam", "20 tablets", "2tmesa dey", "7 days", "Cap Colmmune", "20 tablets", "3 tmes a duy", "7 days", "Tab Dolonex dt", "10tablets", "3 tmesa dey", "30 days", "Syrup", "Dosago", "Froquancy", "Duratlon", "Syrup TusQ-dx", "Sml", "2 tim doy", "7days", "Advico:", "-Tako bod rost", "Eat nsy-to-dlgest food like boiled rice with dal", "-Stytydrated"], "confidence": [0.9532425403594971, 0.8392246961593628, 0.8814093470573425, 0.8422145843505859, 0.7894628047943115, 0.9618399143218994, 0.9286406636238098, 0.9054610133171082, 0.9789015650749207, 0.964890718460083, 0.9282549619674683, 0.9107781648635864, 0.8407676815986633, 0.8676621317863464, 0.889768660068512, 0.9054545164108276, 0.7338863611221313, 0.8720644116401672, 0.903925895690918, 0.9054545164108276, 0.8536353707313538, 0.8767657279968262, 0.9174408912658691, 0.9273074269294739, 0.7706842422485352, 0.8867191672325134, 0.9728748202323914, 0.9117240309715271, 0.9371910095214844, 0.9304819703102112, 0.9582335948944092, 0.8684621453285217, 0.7463570237159729, 0.8673211336135864, 0.9288334846496582, 0.7142534255981445, 0.8857390284538269, 0.9112634658813477], "label": [1, 1, 1, 0, 0, 0, 0]}