{"text": ["XYZ Hospital", "123 tlealth Street,Wellness City", "Phone:+1-234.587-890", "Patlant Namx:GracoJohnson", "4", "Doctor: Dr. Millor", "Medicine", "Dosuge", "Frequency", "Duration", "Cap Omez", "20 tblets", "20ms dey", "10duys", "Cap Cypon", "20 tablets", "3 tmes doy", "5days", "Cap Zovirax", "10tablets", "2 tmes a duy", "7 days", "Tab Dolonex dt", "20 tablets", "3 tmesa dey", "7days", "Syrup", "Dosago", "Froquoncy", "Duratlon", "Syrup Fobrox plus", "Sml", "2 tm doy", "30 days", "SyrupTus dx", "Sml", "2timday", "14dy", "Advico:", "-Tako tod rost", "Eat nsy-to-dlgest food like boiled dce with dal", "-Staytydrated"], "confidence": [0.9539773464202881, 0.8483598232269287, 0.8465229868888855, 0.8524474501609802, 0.9781603217124939, 0.9504101276397705, 0.930323600769043, 0.9427713751792908, 0.9838371276855469, 0.9623180627822876, 0.8123461008071899, 0.9135541915893555, 0.7710025310516357, 0.9106659889221191, 0.9175405502319336, 0.9054545164108276, 0.7507402896881104, 0.8691898584365845, 0.9159099459648132, 0.9273074269294739, 0.78944331407547, 0.8720644116401672, 0.9152517318725586, 0.8983814120292664, 0.8120609521865845, 0.9454089403152466, 0.9747051000595093, 0.8496239185333252, 0.8970111012458801, 0.8947022557258606, 0.992190957069397, 0.8684621453285217, 0.7824395895004272, 0.9535742402076721, 0.8778020739555359, 0.9197258949279785, 0.8054354786872864, 0.8365260362625122, 0.96641606092453, 0.7950741052627563, 0.9047735333442688, 0.932716965675354], "label": [1, 1, 1, 0, 0, 0, 0]}