{"text": ["XYZ Hospital", "123 tlealth Street,Wellness City", "Phone:+1-234.587-890", "Patlant Nanx:Graco Davls", "40", "Doctor: Dr. Smith", "Medicine", "Dosage", "Frequency", "Duration", "Tab Febrexplus", "20 tblets", "3mesday", "$ duys", "Cap Cypon", "5tablets", "2tmesa day", "4duys", "TabDolo 650", "15tblets", "2 tmes aduy", "30 duys", "Tab Dolonex dt", "10tablets", "3tmes aday", "7 days", "Tab Trz", "20 tblets", "3 tmesaday", "7 days", "Cup Dilanun", "5tablets", "2 tms a doy", "$ days", "Syrup", "Dosago", "Froquoncy", "Duratlon", "Syrup Corox", "Sml", "3tms doy", "7day", "Advico:", "-Tako tod rost", "Eat nsy-to-digest food like boiled dce with dnl", "Stoybydrated"], "confidence": [0.9549444317817688, 0.8419854640960693, 0.8435162305831909, 0.7657243609428406, 0.7601802945137024, 0.9411486387252808, 0.950009822845459, 0.8897534012794495, 0.9790523052215576, 0.964890718460083, 0.9378412365913391, 0.9003804326057434, 0.8458738923072815, 0.8634000420570374, 0.9474579691886902, 0.8909797668457031, 0.7703806161880493, 0.9083743095397949, 0.816493809223175, 0.9141324758529663, 0.7543216347694397, 0.9069848656654358, 0.9163943529129028, 0.9273074269294739, 0.8616535067558289, 0.861883819103241, 0.9565912485122681, 0.9003804326057434, 0.8371230363845825, 0.8452855944633484, 0.9425508975982666, 0.8909797668457031, 0.810215175151825, 0.9325768351554871, 0.9719002842903137, 0.9144992828369141, 0.9529516696929932, 0.9843534231185913, 0.8779659867286682, 0.927854061126709, 0.7066380381584167, 0.940690815448761, 0.9678854942321777, 0.7538960576057434, 0.861255407333374, 0.8213794827461243], "label": [1, 1, 1, 0, 0, 0, 0]}