{"text": ["XYZ Hospital", "123 tlealth Street,Wellness City", "Phone:+1-234-587-890", "Patlont Nanx:Davd Willlams", "p:50", "Doctor:Dr.Johnson", "Medicine", "Dosage", "Frequency", "Duration", "TabZole fcreum", "t5tablets", "3mesday", "7 duys", "Tab Allegra", "t5tablets", "2tmesa day", "10days", "Cap Pan d", "t5tblets", "2 tmes a duy", "5 days", "Tab Cetine", "10tablets", "3 tmesa dey", "7 days", "Syrup", "Dosago", "Froquancy", "Duratlon", "Syrup Cypon", "10ml", "2 tim doy", "7 days", "Advico:", "-Tako bod rost", "Eat nsy-to-dlgest food like boiled rice with dal", "-Stynydrated"], "confidence": [0.9466513991355896, 0.8385964632034302, 0.8772509694099426, 0.845823347568512, 0.7119712829589844, 0.9679275751113892, 0.930323600769043, 0.9033363461494446, 0.9788968563079834, 0.9623180627822876, 0.8995856046676636, 0.8831853270530701, 0.8407676815986633, 0.8653728365898132, 0.8737680315971375, 0.8836497068405151, 0.7311515808105469, 0.9015160202980042, 0.9048080444335938, 0.9061143398284912, 0.8666040897369385, 0.7885099053382874, 0.9154337048530579, 0.9273074269294739, 0.7706842422485352, 0.8480218052864075, 0.9728748202323914, 0.9117240309715271, 0.9325470328330994, 0.9490550756454468, 0.9539554715156555, 0.9658069610595703, 0.7463570237159729, 0.963207483291626, 0.9288334846496582, 0.7415408492088318, 0.8857390284538269, 0.8980535864830017], "label": [1, 1, 1, 0, 0, 0, 0]}