{"text": ["XYZ Hospital", "123 tlealth Street,Wellnes City", "Phone:+1-234.587-890", "Patlant Nanx:Mla Davs", "Doctor:Dr.Patol", "Medicine", "Dosuge", "Frequency", "Duration", "Tab Combinam", "10 tablets", "20ms day", "5 days", "Tab Sumo cold", "5 tablets", "3umesadey", "7 days", "Cap Pan d", "15tablets", "2tmes aday", "5days", "Cap Zovirax", "10 tablets", "2 tms a day", "30 days", "TabZole fcream", "5tablets", "3 tmesaday", "7days", "Syrup", "Dosapo", "Froquoncy", "Duratlon", "Syrup Corox-dx", "10ml", "2timday", "30days", "Advico:", "-Tako tod rost", "Eat nsy-to-digest food like boiled dce with dal", "-Staytydrated"], "confidence": [0.9555370807647705, 0.8442469239234924, 0.8541738390922546, 0.7967876195907593, 0.9332564473152161, 0.9240130186080933, 0.9375312328338623, 0.9838371276855469, 0.965709924697876, 0.9438376426696777, 0.8921223878860474, 0.7605679631233215, 0.7393367886543274, 0.8905727863311768, 0.8358298540115356, 0.8198149800300598, 0.8767657279968262, 0.9041917324066162, 0.870891273021698, 0.7747554779052734, 0.8950570225715637, 0.913591206073761, 0.8958706855773926, 0.7687986493110657, 0.8853435516357422, 0.8875287771224976, 0.9079194068908691, 0.8432919383049011, 0.9444330930709839, 0.9747051000595093, 0.8906665444374084, 0.9749724864959717, 0.9871726036071777, 0.8401254415512085, 0.9483411312103271, 0.7432094216346741, 0.8138046264648438, 0.9675191640853882, 0.8345187902450562, 0.8992130160331726, 0.9372954964637756], "label": [1, 1, 1, 0, 0, 0, 0]}