{"text": ["XYZ Hospital", "123 tlealth Street,Wellness City", "Phone:+1-234-587-890", "Patlont Nanx:Chorlo Ro", ":70", "Doctor:Dr.Patol", "Medicine", "Dosuge", "Frequency", "Duration", "TabNeurobin Forte", "5tablets", "20ms dey", "t4duys", "Tab Combinam", "5tablets", "20mes dey", "10days", "TabAllegra", "20 tblets", "2 tmes a day", "7 days", "Cap Pan d", "20 tblets", "2 tmesa day", "5days", "Cap Dilanun", "15tablets", "3 tmesaday", "5days", "TabClvum 025", "20 tablets", "3 tmesa dey", "30 days", "Syrup", "Dosago", "Froquoncy", "Duratlon", "Syrup TusQx", "Sml", "2 tim doy", "14 doy", "Syrup Fobrox plus", "10ml", "2timday", "30dy", "Advico:", "-Tako tod rost", "Eat nsy-to-digest food like boiled rice with dal", "-Stytydrated"], "confidence": [0.9539773464202881, 0.8356792330741882, 0.8937011957168579, 0.7621349096298218, 0.8494295477867126, 0.9486325979232788, 0.9286406636238098, 0.9740098118782043, 0.985968291759491, 0.9623180627822876, 0.9560471773147583, 0.901167631149292, 0.7692691087722778, 0.8546951413154602, 0.9183282852172852, 0.8909797668457031, 0.7428823113441467, 0.8654675483703613, 0.960960865020752, 0.9086169004440308, 0.7271961569786072, 0.861883819103241, 0.9043043851852417, 0.9086169004440308, 0.8068044185638428, 0.8520981669425964, 0.9081286787986755, 0.8647039532661438, 0.8251968622207642, 0.8520981669425964, 0.8584833145141602, 0.8797799944877625, 0.8336135745048523, 0.9300812482833862, 0.988613486289978, 0.8285646438598633, 0.9466862082481384, 0.9899555444717407, 0.9381473064422607, 0.9028758406639099, 0.7249144315719604, 0.770780086517334, 0.9941098690032959, 0.9357630014419556, 0.8103267550468445, 0.973709762096405, 0.9632426500320435, 0.7723420858383179, 0.9021574854850769, 0.8946594595909119], "label": [1, 1, 1, 0, 0, 0, 0]}