{"text": ["XYZ Hospital", "123 tlealth Street,Wellness City", "Phone:+1-234-587-890", "Patlont Nanx:Bob Wlllams", ":48", "Doctor: Dr. Tumor", "Medicine", "Dosage", "Frequency", "Duration", "Tab Febrex plus", "15tablets", "3mesday", "10duys", "Tab Pan d", "10 tablets", "3tmesaday", "30 days", "TabAluhrodin S00", "20 tblets", "2 tmes a duy", "10 days", "Cap Pand", "5tablets", "2 tm5 a doy", "5days", "Syrup", "Dosago", "Froquancy", "Duratlon", "Syrup Zodax", "10ml", "2 tm doy", "7 days", "Advico:", "-Tako bod rost", "Eat nsy-to-dlgest food like boiled rice with dal", "-Stytydrated"], "confidence": [0.9428516030311584, 0.8476700782775879, 0.8882525563240051, 0.765977680683136, 0.8221071362495422, 0.9704615473747253, 0.9556780457496643, 0.8880900740623474, 0.9788968563079834, 0.9623180627822876, 0.9270684719085693, 0.8910351991653442, 0.8407676815986633, 0.9152160286903381, 0.9056241512298584, 0.8921223878860474, 0.811162531375885, 0.8663529753684998, 0.7558126449584961, 0.9248446226119995, 0.8743255138397217, 0.8622841835021973, 0.9227392673492432, 0.8909797668457031, 0.7406336069107056, 0.8950570225715637, 0.9852066040039062, 0.9191999435424805, 0.9354243874549866, 0.9347891807556152, 0.9493877291679382, 0.9658069610595703, 0.7225327491760254, 0.9799110293388367, 0.9288334846496582, 0.7142534255981445, 0.8857390284538269, 0.9112634658813477], "label": [1, 1, 1, 0, 0, 0, 0]}