{"text": ["XYZ Hospital", "123 tlealth Street,Wellness City", "Phone:+1-234.587-890", "Patlant Nam:Charlo Do", ":03", "Doctor: Dr. Millor", "Medicine", "Dosuge", "Frequency", "Duration", "Tab Febrexplus", "10tablets", "20ms doy", "5 days", "TabAlurodin500", "10 tablets", "2tmesa duy", "7 days", "TabCiplox500", "5tablets", "2 tmes a duy", "7 days", "TabCyclopam", "10tablets", "2 tmes a doy", "10days", "Syrup", "Dosapo", "Froquancy", "Duratlon", "Syrup Corox-dx", "10ml", "2 tmdoy", "5days", "SyrupCorax", "Sml", "2mday", "5doy", "Advico:", "-Tako tod rost", "Eat nsy-to-dlgest food like boiled dce with dal", "-Stayhydrated"], "confidence": [0.9544928669929504, 0.8356792330741882, 0.8577502369880676, 0.7878950238227844, 0.8308795094490051, 0.9514191150665283, 0.9286406636238098, 0.9422492384910583, 0.9838371276855469, 0.964890718460083, 0.9497801661491394, 0.9273074269294739, 0.7707927227020264, 0.7393367886543274, 0.794031023979187, 0.8921223878860474, 0.7876779437065125, 0.8720644116401672, 0.9503504633903503, 0.8933669328689575, 0.7798504829406738, 0.8767657279968262, 0.8919379711151123, 0.9247161149978638, 0.770778238773346, 0.948091983795166, 0.9701129198074341, 0.8093938827514648, 0.9293076395988464, 0.9498113989830017, 0.9750828146934509, 0.9410436153411865, 0.7173526883125305, 0.8552625775337219, 0.907475471496582, 0.9197258949279785, 0.8455877304077148, 0.7402545213699341, 0.9683253169059753, 0.7933914065361023, 0.9067167639732361, 0.8757689595222473], "label": [1, 0, 1, 0, 0, 0, 0]}