{"text": ["XYZ Hospital", "123 tlealth Street,Wellness City", "Phone:+1-234-587-890", "Patlant Nanx:John Whito", ":42", "Doctor:Dr.Johnson", "Medicine", "Dosuge", "Frequency", "Duration", "Tab Cetine", "20tblets", "20ms dey", "5days", "Tab Dolo650", "5tablets", "3 tmes doy", "7 days", "Tab Dolonex dt", "5tablets", "3 tmesa duy", "10 duys", "TabCyclopum", "15tablets", "2 tmesa day", "7 days", "Cap Dilanun", "10tablets", "2 umes a duy", "5days", "Cup Cypon", "20 tablets", "2 tmes a doy", "30 days", "Syrup", "Dosago", "Froquoncy", "Duratlon", "Syrup Cypon", "10ml", "3tims doy", "10days", "Syrup TusQ-dx", "Sml", "3timday", "30 days", "Advico:", "-Tako tod rst", "Eat nsy-to-digest food like boiled rice with dnl", "-Stytydrated"], "confidence": [0.9466805458068848, 0.8450579047203064, 0.888440728187561, 0.8465071320533752, 0.812186062335968, 0.9575030207633972, 0.930323600769043, 0.9427713751792908, 0.9902750849723816, 0.964890718460083, 0.9197869300842285, 0.9145114421844482, 0.7692691087722778, 0.8641525506973267, 0.8529935479164124, 0.8909797668457031, 0.7507402896881104, 0.861883819103241, 0.9163141846656799, 0.916618824005127, 0.8109228014945984, 0.8608991503715515, 0.9171876907348633, 0.8671495914459229, 0.8068044185638428, 0.861883819103241, 0.9081286787986755, 0.9273074269294739, 0.7387182116508484, 0.8520981669425964, 0.9495026469230652, 0.8797799944877625, 0.8046655058860779, 0.8988255858421326, 0.988613486289978, 0.8285646438598633, 0.9466862082481384, 0.9559439420700073, 0.9880268573760986, 0.9702969789505005, 0.732460081577301, 0.7868053317070007, 0.9553414583206177, 0.927854061126709, 0.7877011895179749, 0.7511711120605469, 0.9699703454971313, 0.7242653369903564, 0.8472650647163391, 0.9058265686035156], "label": [1, 1, 1, 0, 0, 0, 0]}