{"text": ["XYZ Hospital", "123 tlealth Street,Wellness City", "Phone:+1-234.587-890", "Patlnt Nam:EvoJohnson", "p:72", "Doctor: Dr. Millor", "Medicine", "Dosuge", "Frequency", "Duration", "TabDolo 650", "10tablets", "20ms day", "5 days", "Tab Cetine", "10 tablets", "3tmesaday", "7 days", "Tab Cyciomeff", "20 tablets", "2tmesaday", "14days", "Cap Pand", "10 tablets", "2 tms a day", "7days", "Syrup", "Dosapo", "Froquancy", "Duratlon", "Syrup Corox", "10ml", "2 tm doy", "30 days", "Syrup Corox-dx", "Sml", "2timday", "10day", "Advico:", "-Tako tod rost", "Eat nsy-to-dlgest food like boiled dce with dal", "-Staytydrated"], "confidence": [0.9556338787078857, 0.8386499881744385, 0.8541738390922546, 0.8611977100372314, 0.8203001022338867, 0.9424828290939331, 0.930323600769043, 0.9422492384910583, 0.9905779957771301, 0.964890718460083, 0.8496091365814209, 0.9273074269294739, 0.761807918548584, 0.7472350001335144, 0.9334314465522766, 0.8921223878860474, 0.8251487016677856, 0.8720644116401672, 0.8431994915008545, 0.9054545164108276, 0.8519291281700134, 0.8413376212120056, 0.9128164052963257, 0.8802648782730103, 0.7687986493110657, 0.9421157836914062, 0.9720994234085083, 0.8093938827514648, 0.9293076395988464, 0.9518309235572815, 0.9688339829444885, 0.9410436153411865, 0.7413526773452759, 0.9535742402076721, 0.8497761487960815, 0.9197258949279785, 0.8054354786872864, 0.7979649305343628, 0.9688101410865784, 0.8324451446533203, 0.9003587961196899, 0.9319948554039001], "label": [1, 1, 1, 0, 0, 0, 0]}