{"text": ["XYZ Hospital", "123 tlealth Street,Wellness City", "Phone:+1-234-587-890", "Patlont Nanx:Allco Wlllams", ":40", "Doctor:Dr.Johnson", "Medicine", "Dosuge", "Frequency", "Duration", "Tab Trtz", "15tablets", "20ms dey", "5days", "Cap Dilanun", "20 tablets", "2 um05  duy", "5days", "Cup Omez", "20 tablets", "2mes aday", "4duys", "TabCiplox500", "10tablets", "3 tmes aday", "30 days", "Tab Zole fcreum", "20 tblets", "2 tmes a duy", "4duys", "Tab Dolonex dt", "20 tablets", "2 tmesa dey", "7 days", "Syrup", "Dosapo", "Froquoncy", "Duratlon", "Syrup Fobrox plus", "10ml", "3 tims doy", "30days", "Syrup Corox", "10ml", "3timsday", "5days", "Advico:", "-Tako tod rost", "Eat nsy-to-digest food like boiled rice with dal", "-Stytydrated"], "confidence": [0.95036381483078, 0.8397116661071777, 0.886119544506073, 0.8233460783958435, 0.8440144658088684, 0.9537497162818909, 0.9200336337089539, 0.9427713751792908, 0.9902750849723816, 0.964890718460083, 0.804344654083252, 0.8647039532661438, 0.7692691087722778, 0.8641525506973267, 0.9054367542266846, 0.8967920541763306, 0.7148935794830322, 0.8520981669425964, 0.8356970548629761, 0.8709948658943176, 0.7745811939239502, 0.9083743095397949, 0.8635970950126648, 0.9273074269294739, 0.8291342258453369, 0.8513266444206238, 0.8525456786155701, 0.9003804326057434, 0.7704176902770996, 0.9083743095397949, 0.9173298478126526, 0.8797799944877625, 0.820049524307251, 0.8767657279968262, 0.988613486289978, 0.8228013515472412, 0.9466862082481384, 0.9559439420700073, 0.9949688911437988, 0.9702969789505005, 0.7524312138557434, 0.8151836395263672, 0.8926152586936951, 0.9599877595901489, 0.7888535857200623, 0.7154484987258911, 0.9238536953926086, 0.7644997239112854, 0.9027966856956482, 0.9111793637275696], "label": [1, 1, 1, 0, 0, 0, 0]}