{"text": ["XYZ Hospital", "123 tlealth Street,Wellness City", "Phone:+1-234-587-890", "Patlant Namx:John Millar", "p:28", "Doctor: Dr.Patol", "Medicine", "Dosuge", "Frequency", "Duration", "Tab Pan d", "15tablets", "20ms doy", "$ days", "Tab Febrex plus", "t5tablets", "3umesaday", "30 days", "Tab Cyciomeff", "20 tablets", "3tmesday", "30 days", "Tab Evion", "5tablets", "2 tmesa dey", "7 days", "Tab Neurobin Forte", "t5tablets", "3 tmesaday", "4days", "Syrup", "Dosapo", "Froquancy", "Duratlon", "Syrup Cypon", "10ml", "2tdoy", "7day", "Syrup Corox", "Sml", "3tims doy", "5 days", "Advico:", "-Tako to rost", "Eat ensy-to-digest food like boiled rice with dnl", "Stoytydrated"], "confidence": [0.947608470916748, 0.8479770421981812, 0.8676124811172485, 0.8513469696044922, 0.7335016131401062, 0.9543881416320801, 0.9101969003677368, 0.9427713751792908, 0.9788968563079834, 0.965709924697876, 0.9320260286331177, 0.8913987278938293, 0.7485461831092834, 0.837290346622467, 0.9090738296508789, 0.8831853270530701, 0.8435301780700684, 0.8853435516357422, 0.8434724807739258, 0.8709948658943176, 0.8412098288536072, 0.8866694569587708, 0.9232249855995178, 0.8878754377365112, 0.8118886351585388, 0.8767657279968262, 0.9221484065055847, 0.8830724954605103, 0.8439608812332153, 0.9184122085571289, 0.9719002842903137, 0.7913495898246765, 0.8954519629478455, 0.9908849000930786, 0.9311924576759338, 0.9483411312103271, 0.698294997215271, 0.8866479396820068, 0.8948759436607361, 0.9197258949279785, 0.7417122721672058, 0.8278443217277527, 0.96775883436203, 0.7243521809577942, 0.844878613948822, 0.8325924277305603], "label": [1, 0, 1, 0, 0, 0, 0]}