{"text": ["XYZ Hospital", "123 tlealth Street,Wellness City", "Phone:+1-234.587-890", "PatlantNamx:Allco Smith", "p:5", "Doctor: Dr. Tumor", "Medicine", "Dosuge", "Frequency", "Duration", "TabZole fcream", "15tablets", "3mesday", "10days", "Tab Sumo cold", "5tablets", "20mesaday", "10days", "Tab Cetine", "20 tblets", "3 tmesaday", "$ days", "Cap Dilantn", "t5tablets", "2 tmes adey", "t4days", "Cap Colmmune", "20 tablets", "2tmesaday", "30 days", "Syrup", "Dosapo", "Froquoncy", "Duratlon", "Syrup Fobrox plus", "Sml", "2timday", "Sday", "Advico:", "-Tako tod rost", "Eat nsy-to-dlgest food like boiled dce with dal", "-Stayhydrated"], "confidence": [0.951866626739502, 0.8435166478157043, 0.8541738390922546, 0.8513960838317871, 0.5828918814659119, 0.9530904293060303, 0.930323600769043, 0.9420654773712158, 0.9838371276855469, 0.9623180627822876, 0.8823711276054382, 0.8927748799324036, 0.8203554749488831, 0.9539411067962646, 0.8881277441978455, 0.895728349685669, 0.7708227634429932, 0.9213528037071228, 0.9121912121772766, 0.9185055494308472, 0.8291597366333008, 0.724358081817627, 0.8953349590301514, 0.8721339702606201, 0.8098935484886169, 0.8406792283058167, 0.8809298872947693, 0.8863240480422974, 0.8561273813247681, 0.8867191672325134, 0.9714150428771973, 0.9054598808288574, 0.9749724864959717, 0.910537838935852, 0.9924004673957825, 0.9197258949279785, 0.7432094216346741, 0.7356988191604614, 0.9687759280204773, 0.8077505826950073, 0.9014807939529419, 0.8786836266517639], "label": [1, 1, 1, 0, 0, 0, 0]}