{"text": ["XYZ Hospital", "123 tlealth Street,Wellness City", "Phone:+1-234-587-890", "Patlont Nanx:Jano Wlllams", "4", "Doctor:Dr.Smith", "Medicine", "Dosuge", "Frequency", "Duration", "TabZole fcreum", "10 tablets", "3mesday", "30 days", "Tab Combinlam", "20 tablets", "3umesaday", "4days", "TabDolo650", "20 tablets", "2 tmes a duy", "30 days", "TabAllegra", "t5tablets", "3 tmesa dey", "t4duys", "Syrup", "Dosago", "Froquancy", "Duratlon", "Syrup TusQ dx", "Sml", "3tims doy", "14dy", "Advico:", "-Tako bod rost", "Eat nsy-to-dlgest food like boiled rice with dal", "-Stytydrated"], "confidence": [0.9504446983337402, 0.8415119647979736, 0.8868597745895386, 0.8381138443946838, 0.9781603217124939, 0.9760763645172119, 0.9196256399154663, 0.9054610133171082, 0.9789015650749207, 0.964890718460083, 0.9028345942497253, 0.9107781648635864, 0.8407676815986633, 0.8676621317863464, 0.9014371037483215, 0.9054545164108276, 0.8562780022621155, 0.9184122085571289, 0.8932056427001953, 0.9054545164108276, 0.8931125998497009, 0.8866694569587708, 0.9682248830795288, 0.8856318593025208, 0.8120609521865845, 0.8394883275032043, 0.9728748202323914, 0.9117240309715271, 0.9371910095214844, 0.9347891807556152, 0.9522343873977661, 0.8684621453285217, 0.7523825764656067, 0.9139397740364075, 0.9288334846496582, 0.7142534255981445, 0.8857390284538269, 0.9112634658813477], "label": [1, 0, 1, 0, 0, 0, 0]}