{"text": ["XYZ Hospital", "123 tlealth Street,Wellness City", "Phone:+1-234-587-890", "Patlont Nanx:Allco Davs", "p:75", "Doctor: Dr.Lao", "Medicine", "Dosuge", "Frequency", "Duration", "Cap Zovirax", "10 tablets", "20ms dey", "5days", "Tab Evlon", "5tablets", "20mes dey", "30 days", "Cap Pan d", "5tablets", "3tmesa duy", "10 duys", "Tab Cyclomelf", "15tablets", "3 tmesa doy", "7 days", "Cup CoImmune", "5tablets", "2 tmes a duy", "7 days", "Tab Pand", "20 tblets", "2 tmesa dey", "30 days", "Syrup", "Dosago", "Froquoncy", "Duration", "Syrup Zodox", "Sml", "2 tim doy", "7days", "Syrup Fobrox plus.", "Sml", "3timsday", "30dys", "Advico:", "-Takoto rost", "Eat nsy-to-digest food like boiled rice with dal", "-Styhydrated"], "confidence": [0.9428637623786926, 0.8467555046081543, 0.8872672319412231, 0.8138304352760315, 0.8322696685791016, 0.902958333492279, 0.907014787197113, 0.9422492384910583, 0.9902750849723816, 0.965709924697876, 0.8711458444595337, 0.8778047561645508, 0.7692691087722778, 0.8627163171768188, 0.8971068263053894, 0.8873331546783447, 0.7428823113441467, 0.8513266444206238, 0.9105875492095947, 0.9016453623771667, 0.8269903063774109, 0.8563156127929688, 0.8483061194419861, 0.867788553237915, 0.8013067245483398, 0.861883819103241, 0.8690345883369446, 0.9079194068908691, 0.7853452563285828, 0.8720644116401672, 0.9165558815002441, 0.8838595747947693, 0.8406233191490173, 0.8867191672325134, 0.988613486289978, 0.8285646438598633, 0.9466862082481384, 0.9799325466156006, 0.9223028421401978, 0.9028758406639099, 0.7234081029891968, 0.8676953315734863, 0.9473932981491089, 0.927854061126709, 0.7527403235435486, 0.9068120121955872, 0.9684262275695801, 0.7301042079925537, 0.9027966856956482, 0.9027326703071594], "label": [1, 1, 1, 0, 0, 0, 0]}