{"text": ["XYZ Hospital", "123 tlealth Street,Wellness City", "Phone:+1-234-587-890", "Patlnt Nan:Grco Ro", ":07", "Doctor:Dr.Smith", "Medicine", "Dosuge", "Frequency", "Duration", "TabCyciopam", "10 tablets", "20ms day", "30 duys", "Tab Zole fcreum", "5tablets", "20mesaday", "t4duys", "Tab Cyciomelf", "15tablets", "3 tmesa duy", "7 days", "Tab Dolonexdt", "20 tblets", "3 tmes aday", "5days", "Tab Evion", "20 tblets", "2 tmes a duy", "4days", "TabDolo650", "20 tablets", "3 tmesa dey", "7 days", "Syrup", "Dosago", "Froquoncy", "Duratlon", "Syrup TusQ dx", "Sml", "3tims doy", "30 days", "Syrup TusQ-dx", "Sml", "3timday", "30 days", "Advico:", "-Tako tod rst", "Eat nsy-to-digest food like boiled rice with dal", "-Stytydrated"], "confidence": [0.9535403847694397, 0.843846321105957, 0.8858270645141602, 0.7948805093765259, 0.7965459227561951, 0.9683244228363037, 0.930323600769043, 0.9422492384910583, 0.9902750849723816, 0.964890718460083, 0.9128754138946533, 0.8778047561645508, 0.7605679631233215, 0.9137939810752869, 0.8786035776138306, 0.9020013213157654, 0.7755182385444641, 0.8104643225669861, 0.8208765387535095, 0.86665940284729, 0.8044043183326721, 0.8401936888694763, 0.9350438714027405, 0.9086169004440308, 0.8218534588813782, 0.8520981669425964, 0.9258222579956055, 0.9003804326057434, 0.7704176902770996, 0.9184122085571289, 0.8888969421386719, 0.8797799944877625, 0.7889118194580078, 0.8452855944633484, 0.988613486289978, 0.8285646438598633, 0.9466862082481384, 0.9673064351081848, 0.940744936466217, 0.860496461391449, 0.7382882833480835, 0.7578871846199036, 0.9556137919425964, 0.927854061126709, 0.7877011895179749, 0.7511711120605469, 0.9699703454971313, 0.7242653369903564, 0.9020175933837891, 0.9058265686035156], "label": [1, 0, 1, 0, 0, 0, 0]}