{"text": ["XYZ Hospital", "123 tlealth Street,Wellness City", "Phone:+1-234.587-890", "Patlant Nanx:Davld Wilson", ":70", "Doctor: Dr.Pato1", "Medicine", "Dosuge", "Frequency", "Duration", "Tab Trtz", "20 tblets", "3mesday", "7 duys", "Tab Sumo cold", "t5tablets", "3 umes dey", "10days", "TabClavum 025", "20 tablets", "2 tmesa doy", "7 days", "TabDolo650", "5tablets", "2 tmes a doy", "t4days", "Tab Dolonex dt", "t5tablets", "2tmesaday", "10days", "Syrup", "Dosapo", "Froquoncy", "Duratlon", "Syrup Brozodax", "10ml", "2timday", "10day", "Advico:", "-Tako tod rost", "Eat nsy-to-dlgest food like boiled dce with dal", "-Staytydrated"], "confidence": [0.953935444355011, 0.8471035957336426, 0.8577502369880676, 0.7924706339836121, 0.8660268783569336, 0.9172613620758057, 0.9587121605873108, 0.9427713751792908, 0.9838371276855469, 0.955414891242981, 0.788279116153717, 0.9135541915893555, 0.8345361948013306, 0.9828178286552429, 0.9195534586906433, 0.8836497068405151, 0.6981417536735535, 0.9015160202980042, 0.8247146010398865, 0.8709948658943176, 0.7713995575904846, 0.8720644116401672, 0.8817082643508911, 0.8878754377365112, 0.7838780879974365, 0.8406792283058167, 0.9194203615188599, 0.8697188496589661, 0.8482097387313843, 0.924377977848053, 0.9720994234085083, 0.8906665444374084, 0.9749724864959717, 0.9654592275619507, 0.95579993724823, 0.9483411312103271, 0.7507635354995728, 0.8202261924743652, 0.9671358466148376, 0.8336081504821777, 0.9010859727859497, 0.9319948554039001], "label": [1, 0, 1, 0, 0, 0, 0]}