{"text": ["XYZ Hospital", "123 tlealth Street,Wellness City", "Phone:+1-234.587-890", "PatlantNamx:Bob Brown", ":20", "Doctor: Dr. Tumor", "Medicine", "Dosuge", "Frequency", "Duration", "TabClvum 025", "10tablets", "20ms doy", "30 duys", "Cap Colmmune", "10tablets", "3tmesaday", "7 days", "TabAluhrocin 500", "10 tablets", "2 tmsa duy", "5 days", "Tab Febrexplus", "15tablets", "2tmesa day", "4duys", "Tab Neurobin Forte", "10tablets", "2 tmes a duy", "4duys", "Tab Cetine", "5tablets", "2 tms a doy", "30 days", "Syrup", "Dosago", "Froquoncy", "Duratlon", "Syrup Corox-dx", "10ml", "2tm doy", "14dy", "Advico:", "-Tako tod rost", "Eat nsy-to-digest food like boiled dce with dnl", "Stoybydrated"], "confidence": [0.9539773464202881, 0.8385964632034302, 0.8531273007392883, 0.8603702783584595, 0.852616012096405, 0.9556135535240173, 0.930323600769043, 0.9415733814239502, 0.9788968563079834, 0.964890718460083, 0.8353983759880066, 0.9273074269294739, 0.751822292804718, 0.9137939810752869, 0.8825523257255554, 0.9273074269294739, 0.8403462767601013, 0.861883819103241, 0.8001932501792908, 0.8921223878860474, 0.7483718395233154, 0.7517222762107849, 0.9422886967658997, 0.8671495914459229, 0.7617977857589722, 0.9083743095397949, 0.9225685596466064, 0.9273074269294739, 0.7522758841514587, 0.9083743095397949, 0.9363853335380554, 0.8909797668457031, 0.8156778216362, 0.8867191672325134, 0.9719002842903137, 0.9641801714897156, 0.9633573889732361, 0.9921525120735168, 0.9731125235557556, 0.9751888513565063, 0.7230568528175354, 0.932861328125, 0.9678854942321777, 0.785319447517395, 0.8616782426834106, 0.8246934413909912], "label": [1, 1, 1, 0, 0, 0, 0]}