{"text": ["XYZ Hospital", "123 tlealth Street,Wellness City", "Phone:+1-234.587-890", "Patlant Namx:John Smith", ":42", "Doctor: Dr.Patol", "Medicine", "Dosuge", "Frequency", "Duration", "Tab Febrexplus", "20 tblets", "20ms doy", "7 days", "Tab Combinam", "5tablets", "20mes dey", "5days", "Tab Cetine", "10 tablets", "3tmes day", "5 days", "Tab Cyciopam", "10 tablets", "3 tmesa dey", "30 days", "TabClovum 025", "15tablets", "2tmesaday", "5days", "Syrup", "Dosapo", "Froquancy", "Duratlon", "Syrup Brozodax", "10ml", "3tms doy", "30dny", "Syrup TusQx", "Sml", "3tims doy", "4 days", "Advico:", "-Tako tod rost", "Eat ensy-to-digest food like boiled rice with dnl", "Stoytydrated"], "confidence": [0.9556474685668945, 0.8472376465797424, 0.8575018644332886, 0.8586693406105042, 0.8241965174674988, 0.9540742635726929, 0.9254783391952515, 0.9740098118782043, 0.9788968563079834, 0.9564203023910522, 0.9466524124145508, 0.9135541915893555, 0.7523245811462402, 0.8633471131324768, 0.9059169292449951, 0.8861472606658936, 0.7744828462600708, 0.8344883918762207, 0.9118903875350952, 0.8921223878860474, 0.795462429523468, 0.7472350001335144, 0.8784878253936768, 0.901634693145752, 0.8120609521865845, 0.8853435516357422, 0.79291832447052, 0.8865651488304138, 0.8577829003334045, 0.8746163249015808, 0.9703512191772461, 0.90386563539505, 0.934296727180481, 0.9909367561340332, 0.9615684151649475, 0.9347427487373352, 0.7066380381584167, 0.8397564888000488, 0.9367538690567017, 0.9197258949279785, 0.7529909014701843, 0.8612959980964661, 0.96775883436203, 0.7354203462600708, 0.844878613948822, 0.8652937412261963], "label": [1, 0, 1, 0, 0, 0, 0]}