{"text": ["XYZ Hospital", "123 tlealth Street,Wellness City", "Phone:+1-234-587-890", "Patlont Nanx:Allco Wlllams", ":74", "Doctor:Dr.Johnson", "Medicine", "Dosuge", "Frequency", "Duration", "TabCyciomelf", "5 tablets", "20ms doy", "10duys", "Tab Cetine", "10 tablets", "3tmesaday", "7 days", "Tab Febrexplus", "10tablets", "2tmesaday", "5 days", "Tab Neurobin Forte", "20 tblets", "3 tmesa dey", "5 days", "Syrup", "Dosago", "Froquancy", "Duration", "Syrup Fobrox plus", "Sml", "2 tim doy", "14 day", "Advico:", "-Tako tod rost", "Eat nsy-to-dlgest food like boiled rice with dal", "-Stynydrated"], "confidence": [0.9505834579467773, 0.8402786254882812, 0.886119544506073, 0.8233460783958435, 0.8511033058166504, 0.9701889157295227, 0.9259157180786133, 0.9030749201774597, 0.9821484684944153, 0.9623180627822876, 0.8687122464179993, 0.8757308125495911, 0.7505202293395996, 0.9106659889221191, 0.9223601222038269, 0.8921223878860474, 0.8161150813102722, 0.8720644116401672, 0.9467756152153015, 0.9273074269294739, 0.8641469478607178, 0.7885099053382874, 0.9325627088546753, 0.9086169004440308, 0.8120609521865845, 0.8378275036811829, 0.9648305773735046, 0.9117240309715271, 0.9371910095214844, 0.958915650844574, 0.9946642518043518, 0.8684621453285217, 0.7347371578216553, 0.7830430865287781, 0.9288334846496582, 0.7252967953681946, 0.8857390284538269, 0.8822422027587891], "label": [1, 0, 1, 0, 0, 0, 0]}