{"text": ["XYZ Hospital", "123 tlealth Street,Wellness City", "Phone:+1-234.587-890", "Patlant Namxo:John Wilson", "Ap:58", "Doctor: Dr.Patol", "Medicine", "Dosuge", "Frequency", "Duration", "Tab Combinam", "15tablets", "3mesday", "$ days", "Tab Dolonexdt", "20 tblets", "20mesaday", "30 days", "Tab Neurobin Forte", "10 tablets", "2 tms day", "7 days", "Cap Cypon", "15tablets", "3tmesaday", "7 days", "Tab Cyclomeff", "15tablets", "3 tmesaday", "4days", "Syrup", "Dosapo", "Froquancy", "Duratlon", "Syrup Zodax", "Sml", "3tms doy", "30dny", "Syrup TusQ dx", "10ml", "3 tims doy", "5 days", "Advico:", "-Tako to rost", "Eat ensy-to-digest food like boiled rice with dnl", "Stoytydrated"], "confidence": [0.9476857781410217, 0.8416517972946167, 0.8589719533920288, 0.8539632558822632, 0.5542054772377014, 0.9595730304718018, 0.9286406636238098, 0.9427713751792908, 0.9788968563079834, 0.965709924697876, 0.9344595074653625, 0.8913987278938293, 0.8458738923072815, 0.837290346622467, 0.9439234137535095, 0.9248446226119995, 0.7241058349609375, 0.8867191672325134, 0.9515430927276611, 0.8921223878860474, 0.7628087401390076, 0.8767657279968262, 0.9462621212005615, 0.8871575593948364, 0.8878806829452515, 0.8720644116401672, 0.8290271759033203, 0.8871575593948364, 0.8439608812332153, 0.9184122085571289, 0.9719002842903137, 0.9054598808288574, 0.8946319222450256, 0.9916149973869324, 0.9177191257476807, 0.9197258949279785, 0.7066380381584167, 0.8397564888000488, 0.9806254506111145, 0.9401394128799438, 0.7696221470832825, 0.8215978741645813, 0.9662078022956848, 0.7215479612350464, 0.844878613948822, 0.8652937412261963], "label": [1, 1, 1, 0, 0, 0, 0]}