{"text": ["XYZ Hospital", "123 tlealth Street,Wellness City", "Phone:+1-234.587-890", "PatlntNam:Allco R", "p:31", "Doctor: Dr. Millor", "Medicine", "Dosuge", "Frequency", "Duration", "TabDolo650", "20tblets", "20ms day", "10duys", "Tab Cyciomeff", "5tablets", "2tmesaday", "$ days", "Cap CoImmune", "15tablets", "2tmes aday", "10days", "Cap Pan d", "5tablets", "2 tms a day", "$ days", "Tab Triz", "10 tablets", "2 tmes aday", "10days", "Syrup", "Dosapo", "Froquoncy", "Duratlon", "Syrup Brozodax", "Sml", "3timsday", "10day", "Advico:", "-Tako tod rost", "Eat nsy-to-dlgest food like boiled dce with dal", "-Staytydrated"], "confidence": [0.9527682662010193, 0.838995099067688, 0.8577502369880676, 0.7907471656799316, 0.739750325679779, 0.9424828290939331, 0.930323600769043, 0.9427713751792908, 0.9838371276855469, 0.9629752039909363, 0.8764547109603882, 0.9343926906585693, 0.7605679631233215, 0.9106659889221191, 0.8279039859771729, 0.895728349685669, 0.810841977596283, 0.9286584258079529, 0.8850547671318054, 0.867788553237915, 0.7747554779052734, 0.9266385436058044, 0.9048255085945129, 0.8638740181922913, 0.7428649663925171, 0.9286584258079529, 0.9694429636001587, 0.901634693145752, 0.7468713521957397, 0.9213528037071228, 0.9747051000595093, 0.8961485028266907, 0.9767853617668152, 0.8988408446311951, 0.9837291836738586, 0.9197258949279785, 0.7220712900161743, 0.8202261924743652, 0.9671358466148376, 0.8298397660255432, 0.9010121822357178, 0.9319948554039001], "label": [1, 1, 1, 0, 0, 0, 0]}