{"text": ["XYZ Hospital", "123 tlealth Street,Wellness City", "Phone:+1-234.587-890", "Patlant Namx:Llam Millor", "p:8", "Doctor: Dr.Lao", "Medicine", "Dosuge", "Frequency", "Duration", "Cup Cypon", "10 tablets", "3mesdey", "7 days", "Tab Combinlam", "20 tablets", "2 tm0s  duy", "5days", "Tab Cetine", "20 tablets", "2 tmes a duy", "7 days", "Cap Co-lmmune", "20 tablets", "2 tmes a day", "7days", "Syrup", "Dosago", "Froquancy", "Duration", "Syrup Zodax", "10ml", "2 tm doy", "7days", "SyrupGrillnctus tm", "Sml", "2timday", "7day", "Advico:", "-Tako tod rost", "Eat nsy-to-dlgest food like boiled dce with dal", "-Stayhydrated"], "confidence": [0.9544928669929504, 0.8445388078689575, 0.8541738390922546, 0.8535096049308777, 0.5119948983192444, 0.907257616519928, 0.9291049838066101, 0.9422492384910583, 0.9838371276855469, 0.9623180627822876, 0.8846228718757629, 0.9107781648635864, 0.8336987495422363, 0.861883819103241, 0.9057961702346802, 0.9054545164108276, 0.7051472663879395, 0.8691898584365845, 0.9246856570243835, 0.8967920541763306, 0.7841776013374329, 0.8480218052864075, 0.8856515884399414, 0.8983814120292664, 0.7614920139312744, 0.9444330930709839, 0.9728748202323914, 0.8239191174507141, 0.9293076395988464, 0.9605920314788818, 0.9236021041870117, 0.9410436153411865, 0.7493499517440796, 0.9273103475570679, 0.9035528898239136, 0.9197258949279785, 0.7986935377120972, 0.8483083248138428, 0.967370867729187, 0.7933914065361023, 0.9067167639732361, 0.8757689595222473], "label": [1, 1, 1, 0, 0, 0, 0]}