{"text": ["XYZ Hospital", "123 tlealth Street,Wellness City", "Phone:+1-234.587-890", "Patlant Namx:Charlo Davs", "p:37", "Doctor: Dr.Lo", "Medicine", "Dosuge", "Frequency", "Duration", "Tab Cyciopom", "15tablets", "3mesday", "14duys", "TabA1urocin 500", "10tablets", "3 umes doy", "30 days", "Cap Pan d", "15tablets", "3 tmesa doy", "4 duys", "Tab Dolonex dt", "10tablets", "3 tmesa doy", "7 days", "Cup CoImmune", "5tablets", "2 tmes a duy", "7 days", "Tab Triz", "15tablets", "3 tmesa dey", "7days", "Syrup", "Dosago", "Froquoncy", "Duratlon", "Syrup Brozodax", "10ml", "3tmsdoy", "30 dny", "Advico:", "-Tako tod rost", "Eat nsy-to-digest food like boiled dce with dnl", "Stoybydrated"], "confidence": [0.9554066061973572, 0.8395678997039795, 0.8581722378730774, 0.8170566558837891, 0.7839953899383545, 0.9269587397575378, 0.9286406636238098, 0.9420654773712158, 0.9790523052215576, 0.9623180627822876, 0.8594851493835449, 0.8656508922576904, 0.8467262983322144, 0.8650357723236084, 0.8340128064155579, 0.9273074269294739, 0.7165395617485046, 0.8518379926681519, 0.9023746848106384, 0.8647039532661438, 0.7694242000579834, 0.9335014224052429, 0.9152817130088806, 0.9273074269294739, 0.8013067245483398, 0.8452855944633484, 0.8697383403778076, 0.9079194068908691, 0.7853452563285828, 0.8452855944633484, 0.9699918031692505, 0.9037178754806519, 0.8145851492881775, 0.9444330930709839, 0.9720994234085083, 0.9641801714897156, 0.9524527788162231, 0.9835640788078308, 0.9629725217819214, 0.9717352390289307, 0.7260910272598267, 0.7926518321037292, 0.9667397141456604, 0.7799471020698547, 0.8598954081535339, 0.8405614495277405], "label": [1, 1, 1, 0, 0, 0, 0]}