{"text": ["XYZ Hospital", "123 tlealth Street,Wellness City", "Phone:+1-234.587-890", "PatlntNanx:GracoWhito", "80", "DoctorDr.Johnson", "Medicine", "Dosuge", "Frequency", "Duration", "Cap Cypon", "15tablets", "3mesday", "5days", "Tab Neurobin Forte", "20 tablets", "3tmes adey", "4days", "TabAllegra", "10tablets", "3 tmesaday", "4days", "Cap Zovirax", "10 tablets", "3tmes adey", "30 days", "TabCiplox500", "20 tablets", "3tmes adey", "30 days", "Syrup", "Dosago", "Froquancy", "Duratlon", "Syrup Brozodax", "10ml", "2timday", "7day", "Advico:", "-Tako tod rost", "Eat nsy-to-dlgest food like boiled dce with dal", "-Stayhydrated"], "confidence": [0.9544928669929504, 0.8478810787200928, 0.8465229868888855, 0.8175862431526184, 0.7815377712249756, 0.9621690511703491, 0.9291049838066101, 0.9427713751792908, 0.9838371276855469, 0.964890718460083, 0.9237752556800842, 0.8913987278938293, 0.8383733034133911, 0.8366293907165527, 0.9412744045257568, 0.9054545164108276, 0.7894855737686157, 0.8935898542404175, 0.94379061460495, 0.9273074269294739, 0.8247963190078735, 0.9184122085571289, 0.8799404501914978, 0.901634693145752, 0.8219739198684692, 0.8853435516357422, 0.9503504633903503, 0.8863240480422974, 0.8219739198684692, 0.8853435516357422, 0.9747051000595093, 0.9560421109199524, 0.9370110630989075, 0.910537838935852, 0.9824841618537903, 0.9347427487373352, 0.7432094216346741, 0.8434621095657349, 0.9671358466148376, 0.8293460011482239, 0.9010859727859497, 0.8834782838821411], "label": [1, 1, 1, 0, 0, 0, 0]}