{"text": ["XYZ Hospital", "123 tlealth Street,Wellness City", "Phone:+1-234.587-890", "PatlntNamx:GracoRo", "p:39", "Doctor: Dr. Millor", "Medicine", "Dosuge", "Frequency", "Duration", "Cap Omez", "10tablets", "3mesday", "4duys", "Tab Zole fcream", "10 tablets", "3 umes duy", "7days", "TabCiplox500", "10 tablets", "3 tmesaday", "5days", "Cap Co-lmmune", "10tablets", "3 tmesa dey", "10days", "Syrup", "Dosago", "Froquoncy", "Durntlon", "Syrup Fobrox plus", "Sml", "2 tm doy", "7days", "SyrupTusdx", "Sml", "2timday", "14dy", "Advico:", "-Tako tod rost", "Eat nsy-to-dlgest food like boiled dce with dal", "-Stayhydrated"], "confidence": [0.9557154178619385, 0.843846321105957, 0.8465229868888855, 0.7559171319007874, 0.7214882969856262, 0.9739234447479248, 0.9263918399810791, 0.9349806904792786, 0.9838371276855469, 0.9623180627822876, 0.7585082054138184, 0.9273074269294739, 0.8407676815986633, 0.9136894941329956, 0.8712989091873169, 0.9107781648635864, 0.697359561920166, 0.9236086010932922, 0.9443615078926086, 0.8921223878860474, 0.8477917909622192, 0.8882506489753723, 0.8827736377716064, 0.9247161149978638, 0.7706842422485352, 0.948091983795166, 0.9886301159858704, 0.8496239185333252, 0.8970111012458801, 0.8749952912330627, 0.9910008907318115, 0.8684621453285217, 0.7098641395568848, 0.9112256765365601, 0.8977576494216919, 0.9197258949279785, 0.8111972212791443, 0.8365260362625122, 0.9671358466148376, 0.8008593320846558, 0.9072743058204651, 0.8801689147949219], "label": [1, 1, 1, 0, 0, 0, 0]}