{"text": ["XYZ Hospital", "123 tlealth Street,Wellness City", "Phone:+1-234-587-890", "Patlont Nanx:Davd Willlams", "40", "Doctor:Dr.Johnson", "Medicine", "Dosuge", "Frequency", "Duration", "Tab Cyclopum", "5tablets", "20ms day", "30 duys", "Tab Neurobin Forte", "5tablets", "3 tmes duy", "7 days", "Tab Dolonex dt", "20 tblets", "2 tmes a duy", "t4duys", "Cap Zovirax", "20 tblets", "2tmesa day", "10days", "Tab Combinam", "20tblets", "3 tmesaday", "7 days", "Tab Triz", "5tablets", "3 tmes aday", "$ days", "Syrup", "Dosago", "Froquoncy", "Durotlon", "Syrup Brozodax", "Sml", "2 tim doy", "7days", "Syrup TusQ dx", "Sml", "2timday", "7day", "Advico:", "-Tako tod rost", "Eat nsy-to-digest food like boiled rice with dal", "-Stytydrated"], "confidence": [0.9467313289642334, 0.8380128741264343, 0.8772509694099426, 0.845823347568512, 0.7681287527084351, 0.9583542943000793, 0.9246234893798828, 0.9740098118782043, 0.9535567760467529, 0.964890718460083, 0.874613344669342, 0.901167631149292, 0.7605679631233215, 0.9137939810752869, 0.9445977807044983, 0.8909797668457031, 0.7182040214538574, 0.8452855944633484, 0.9124904274940491, 0.9086169004440308, 0.7192685604095459, 0.8104643225669861, 0.8454736471176147, 0.9086169004440308, 0.8348559141159058, 0.9213528037071228, 0.945647656917572, 0.9145114421844482, 0.8251968622207642, 0.8720644116401672, 0.8381600975990295, 0.8909797668457031, 0.8055365085601807, 0.9325768351554871, 0.988613486289978, 0.8496239185333252, 0.9466862082481384, 0.9314339756965637, 0.9625455141067505, 0.9028758406639099, 0.7471926212310791, 0.8803855776786804, 0.9453410506248474, 0.927854061126709, 0.7600088119506836, 0.8532044887542725, 0.937720775604248, 0.7472178339958191, 0.9027966856956482, 0.9115187525749207], "label": [1, 1, 1, 0, 0, 0, 0]}