{"text": ["XYz Hospital", "123 tlealth Street,Wellness City", "Phone:+1-234.587-890", "PatlantNamx:Llam Wlllams", ":41", "Doctor: Dr. Tumor", "Medidine", "Dosauge", "Frequency", "Duration", "Cap Pan d", "10tablets", "3mesday", "10days", "Tab Dolonexdt", "5tablets", "3umesaday", "30 days", "TabCyciomeff", "15tablets", "3tmes day", "7 days", "Tab Clavum025", "20 tablets", "2 tmesa dey", "4days", "TabA1urodin 500", "t5tablets", "3 tmesaday", "7days", "Syrup", "Dosapo", "Froquancy", "Duratlon", "Syrup Grillnctus tm", "10ml", "3tms doy", "14dy", "Syrup TusQ-dx", "10ml", "2 tims doy", "30days", "Advico:", "-Tako bod rost", "Eat ensy-to-digest food like boiled rice with dnl", "Stoy bydrated"], "confidence": [0.9349355697631836, 0.8401622772216797, 0.8589719533920288, 0.8218857645988464, 0.8224173188209534, 0.956225574016571, 0.9187687635421753, 0.8137890696525574, 0.9788968563079834, 0.9629752039909363, 0.9183964133262634, 0.9273074269294739, 0.843670666217804, 0.9608897566795349, 0.9420605301856995, 0.8716651201248169, 0.8508873581886292, 0.8853435516357422, 0.8736487030982971, 0.8913987278938293, 0.795462429523468, 0.8767657279968262, 0.8573029041290283, 0.8709948658943176, 0.8118886351585388, 0.9184122085571289, 0.8250407576560974, 0.8830724954605103, 0.8439608812332153, 0.9444330930709839, 0.974157989025116, 0.7913495898246765, 0.9316151738166809, 0.9593731760978699, 0.9825094938278198, 0.9483411312103271, 0.7060664892196655, 0.8365260362625122, 0.9664191603660583, 0.9150266051292419, 0.731744647026062, 0.9039595127105713, 0.9662078022956848, 0.7551235556602478, 0.844878613948822, 0.7943028211593628], "label": [1, 1, 1, 0, 0, 0, 0]}