{"text": ["XYZ Hospital", "123 tlealth Street,Wellness City", "Phone:+1-234.587-890", "PatlntNanx:GracoDavs", "4", "Doctor: Dr. Millor", "Medidine", "Dosuge", "Frequency", "Duration", "Tab Pan d", "15tablets", "20ms doy", "10 days", "Tab Febrexplus", "5tablets", "20mesa duy", "7 days", "TabAllegra", "5tablets", "2 tmes aduy", "4 duys", "Tab Dolonexdt", "5tablets", "2tmesa day", "10days", "Tab Clavun 25", "20tblets", "2 tmes a duy", "14duys", "Tab Zole fcream", "15tablets", "2 tmes a dey", "$ days", "Syrup", "Dosago", "Froquoncy", "Duratlon", "Syrup TusQ-dx", "10ml", "3tms doy", "30 dny", "Advico:", "-Tako bod rst", "Eat nsy-to-digest food like boiled dce with dnl", "Stoy bydrated"], "confidence": [0.9530542492866516, 0.8443870544433594, 0.8467027544975281, 0.7890554666519165, 0.9781603217124939, 0.9637582302093506, 0.9121856689453125, 0.9736142754554749, 0.9790523052215576, 0.9623180627822876, 0.8776441812515259, 0.8656508922576904, 0.7529489994049072, 0.9548414945602417, 0.9352459907531738, 0.8909797668457031, 0.7393035292625427, 0.861883819103241, 0.9671613574028015, 0.9093613624572754, 0.7138233184814453, 0.939846932888031, 0.9449437856674194, 0.8909797668457031, 0.8053045272827148, 0.8654675483703613, 0.8217159509658813, 0.9145114421844482, 0.7857459187507629, 0.8727502822875977, 0.8921744227409363, 0.9037178754806519, 0.7939390540122986, 0.9325768351554871, 0.9719002842903137, 0.958836555480957, 0.9529516696929932, 0.9817286729812622, 0.9382736682891846, 0.9717352390289307, 0.7060664892196655, 0.7926518321037292, 0.9678854942321777, 0.7454431056976318, 0.8601347208023071, 0.7944247722625732], "label": [1, 0, 1, 0, 0, 0, 0]}