{"text": ["XYZ Hospital", "123 tlealth Street,Wellness City", "Phone:+1-234-587-890", "Patlont Nanx:Chorlo Ro", "p:03", "Doctor: Dr. Millor", "Medicine", "Dosage", "Frequency", "Duration", "Cap Zovirax", "20 tblets", "3mesday", "4 duys", "TabClavum025", "20 tablets", "2tmesa dey", "5days", "TabCiplox500", "20 tablets", "2 tmes a duy", "10 days", "Tab Sumo cold", "10tablets", "3 tmesa dey", "30 days", "Syrup", "Dosago", "Froquancy", "Ouration", "Syrup Brozodax", "Sml", "2 tim doy", "5days", "Advico:", "-Tako tod rost", "Eat nsy-to-dlgest food like boiled rice with dal", "-Styhydrated"], "confidence": [0.9534003138542175, 0.836279034614563, 0.8937011957168579, 0.7622964382171631, 0.6340402364730835, 0.9537560343742371, 0.925094723701477, 0.8897534012794495, 0.9838311672210693, 0.9622949361801147, 0.8637662529945374, 0.9135541915893555, 0.8425248265266418, 0.9335014224052429, 0.8968288898468018, 0.9054545164108276, 0.7338863611221313, 0.8691898584365845, 0.9196563363075256, 0.8967920541763306, 0.857764482498169, 0.8690416216850281, 0.899394690990448, 0.9273074269294739, 0.8120609521865845, 0.8853435516357422, 0.9728748202323914, 0.9117240309715271, 0.9330023527145386, 0.9243900775909424, 0.9882057309150696, 0.8684621453285217, 0.7548075318336487, 0.8875328302383423, 0.9288334846496582, 0.7059499621391296, 0.8857390284538269, 0.8782772421836853], "label": [1, 1, 1, 0, 0, 0, 0]}