{"text": ["XYZ Hospital", "123 tlealth Street,Wellness City", "Phone:+1-234.587-890", "Patlant Namx:Jano Wilson", "p:27", "Doctor: Dr. Millor", "Medidine", "Dosuge", "Frequency", "Duration", "Cap Pan d", "5 tablets", "3mesaduy", "7 duys", "Cap Dilanun", "20 tablets", "3tmesaday", "30 days", "Tab Neurobin Forte", "20 tablets", "2mes aduy", "7 days", "Cap Zovirax", "20tblets", "3tmesaday", "5days", "TabCyclopam", "20 tblets", "3 tmesaday", "4duys", "Tab Triz", "15tablets", "2 tms a day", "t4days", "Syrup", "Dosago", "Froquoncy", "Duratlon", "Syrup TusQ dx", "Sml", "3tms doy", "5 days", "Advico:", "-Tako to rost", "Eat nsy-to-digest food like boiled dce with dnl", "Stoytydrated"], "confidence": [0.9503380656242371, 0.8420339822769165, 0.8581722378730774, 0.8391470909118652, 0.8363779187202454, 0.9559866786003113, 0.9153572916984558, 0.9740098118782043, 0.98100346326828, 0.964890718460083, 0.9696552753448486, 0.887381374835968, 0.7983358502388, 0.8653728365898132, 0.9271108508110046, 0.8709948658943176, 0.8029834628105164, 0.8513266444206238, 0.9382598400115967, 0.8709948658943176, 0.7659589648246765, 0.861883819103241, 0.8877450823783875, 0.9412925839424133, 0.877721905708313, 0.8520981669425964, 0.9015660881996155, 0.9003804326057434, 0.8438262939453125, 0.9083743095397949, 0.9699918031692505, 0.9037178754806519, 0.7687986493110657, 0.8406792283058167, 0.9719002842903137, 0.958836555480957, 0.9429497122764587, 0.954035758972168, 0.9360784888267517, 0.9028758406639099, 0.7197035551071167, 0.7886900901794434, 0.9678854942321777, 0.7271277904510498, 0.8616782426834106, 0.828483521938324], "label": [1, 1, 1, 0, 0, 0, 0]}