{"text": ["XYZ Hospital", "123 tlealth Street,Wellnes City", "Phone:+1-234.587-890", "PatlantNanx:Mla Davs", "Doctor: Dr. Tumor", "Medidine", "Dosuge", "Frequency", "Duration", "Tab Evlon", "5 tablets", "3mesaday", "30 days", "Cap CoImmune", "20 tablets", "3tmesadey", "30 days", "Tab Sumo cold", "15tablets", "2 tmes dey", "5 days", "Tab Pan d", "15tablets", "2tmesaday", "10days", "Cap Omez", "20 tablets", "2tmesaday", "5days", "Syrup", "Dosapo", "Froquancy", "Duratlon", "Syrup Corox-dx", "Sml", "3tms doy", "7day", "Syrup Zodox", "10ml", "2tims doy", "30day", "Advico:", "-Tako tod rost", "Eat nsy-to-digest food like boiled rice with dnl", "Stoybydrated"], "confidence": [0.9545212388038635, 0.847380518913269, 0.8575018644332886, 0.8048025965690613, 0.956225574016571, 0.9153572916984558, 0.979745090007782, 0.9829168319702148, 0.965709924697876, 0.9272114634513855, 0.8705056309700012, 0.8035884499549866, 0.8920504450798035, 0.8984915614128113, 0.8709948658943176, 0.7950026392936707, 0.8867191672325134, 0.9129079580307007, 0.8927748799324036, 0.7422879934310913, 0.802062451839447, 0.9017828702926636, 0.8866697549819946, 0.8574033379554749, 0.9213528037071228, 0.7798901796340942, 0.8974159359931946, 0.8616918325424194, 0.8882506489753723, 0.9719002842903137, 0.9054598808288574, 0.9124106168746948, 0.9921525120735168, 0.9846334457397461, 0.9197258949279785, 0.7197035551071167, 0.8483083248138428, 0.9623319506645203, 0.9380403757095337, 0.7249763607978821, 0.8754482269287109, 0.9689494371414185, 0.7086157202720642, 0.8524071574211121, 0.8409426212310791], "label": [1, 1, 1, 0, 0, 0, 0]}