{"text": ["XYZ Hospital", "123 tlealth Street,Wellness City", "Phone:+1-234-587-890", "Patlont Nanx:Davld Whito", "Ap:57", "Doctor:Dr.Patol", "Medicine", "Dosuge", "Frequency", "Duration", "Tab Combinam", "5 tablets", "3mesday", "10duys", "Tab Cyciomelf", "5tablets", "2tmes  duy", "7days", "Tab Cetine", "5 tablets", "2 tmes a duy", "30 days", "TabClavum 025", "20 tablets", "2 tms  day", "7 days", "Syrup", "Dosapo", "Froquancy", "Duratlon", "Syrup Corox-dx", "Sml", "3mday", "7 days", "Advico:", "-Tako bod rost", "Eat nsy-to-dlgest food like boiled rice with dal", "-Stytydrated"], "confidence": [0.9542763829231262, 0.8385964632034302, 0.8889164924621582, 0.8288764953613281, 0.770072877407074, 0.9346440434455872, 0.9286406636238098, 0.9740098118782043, 0.9857003092765808, 0.9623180627822876, 0.9391267895698547, 0.8705056309700012, 0.843670666217804, 0.9106659889221191, 0.8515204787254333, 0.9079194068908691, 0.7222400307655334, 0.9236086010932922, 0.9193005561828613, 0.8705056309700012, 0.8552422523498535, 0.8609095215797424, 0.8235716223716736, 0.90187007188797, 0.6857351064682007, 0.8767657279968262, 0.9825723767280579, 0.7875345349311829, 0.9355165958404541, 0.9542348384857178, 0.9177912473678589, 0.9028758406639099, 0.8106390237808228, 0.963207483291626, 0.9288334846496582, 0.7142534255981445, 0.8857390284538269, 0.9112634658813477], "label": [1, 0, 1, 0, 0, 0, 0]}