{"text": ["XYZ Hospital", "123 tlealth Street,Wellness City", "Phone:+1-234-587-890", "Patlant Namxo:John Davs", "Ap:52", "Doctor:Dr.Smith", "Medicine", "Dosuge", "Frequency", "Duration", "Cap Dilanun", "20tblets", "3umesa day", "10duys", "Tab Dolo 650", "5tablets", "20mesaday", "5days", "TabZole fcream", "t5tablets", "3 tmesadey", "4 days", "Cap Pan d", "t5tablets", "3 tmesa dey", "7 days", "Cap Zovirax", "5tablets", "2tmesaday", "7 days", "Syrup", "Dosapo", "Froquoncy", "Duratlon", "Syrup Cypon", "Sml", "3timsday", "10day", "Advico:", "-Tako tod rost", "Eat nsy-to-dlgest food like boiled dce with dal", "-Stayhydrated"], "confidence": [0.9544928669929504, 0.8467555046081543, 0.8651002049446106, 0.8283321261405945, 0.7315886616706848, 0.9724594354629517, 0.9314273595809937, 0.9427713751792908, 0.9838371276855469, 0.9623180627822876, 0.8799039721488953, 0.9343926906585693, 0.836573600769043, 0.9106659889221191, 0.8141781687736511, 0.895728349685669, 0.7227296233177185, 0.8343985676765442, 0.8871710896492004, 0.8583819270133972, 0.8391181230545044, 0.8880710601806641, 0.9062197208404541, 0.8687346577644348, 0.8120609521865845, 0.8720644116401672, 0.8704531192779541, 0.9079194068908691, 0.848638653755188, 0.8720644116401672, 0.9747051000595093, 0.9054598808288574, 0.9749724864959717, 0.9632958173751831, 0.9910526275634766, 0.9197258949279785, 0.7407669425010681, 0.8202261924743652, 0.9691476225852966, 0.7905479669570923, 0.9010121822357178, 0.8896684050559998], "label": [1, 1, 1, 0, 0, 0, 0]}