{"text": ["XYZ Hospital", "123 tlealth Street,Wellness City", "Phone:+1-234-587-890", "Patlont Namx:Jano Smith", ":30", "Doctor: Dr. Millor", "Medicine", "Dosuge", "Frequency", "Duration", "TabZole fcreum", "15tablets", "20ms doy", "7 duys", "TabAlurocin 500", "10 tablets", "3tmesaday", "10days", "Tab Triz", "5tablets", "3 tmes a duy", "30 days", "Tab Suno cold", "5tablets", "3 tmesa dey", "5 days", "Syrup", "Dosapo", "Froquancy", "Duratlon", "Syrup Fobrox plus", "Sml", "3mday", "14day", "Advico:", "-Tako tod rost", "Eat nsy-to-dlgest food like boiled rice with dal", "-Stynydrated"], "confidence": [0.9436566829681396, 0.8447699546813965, 0.887356162071228, 0.849303126335144, 0.786027729511261, 0.9573703408241272, 0.930323600769043, 0.975483238697052, 0.9789015650749207, 0.9623180627822876, 0.8995360732078552, 0.8910235166549683, 0.7538338303565979, 0.8640217781066895, 0.7879671454429626, 0.8921223878860474, 0.8161150813102722, 0.9015160202980042, 0.8540539145469666, 0.9093613624572754, 0.8536353707313538, 0.8866694569587708, 0.8744020462036133, 0.8909797668457031, 0.7762048244476318, 0.8334064483642578, 0.9728748202323914, 0.7913495898246765, 0.9330023527145386, 0.9347891807556152, 0.9925618171691895, 0.8684621453285217, 0.804360568523407, 0.8130840063095093, 0.9268304705619812, 0.7252967953681946, 0.8857390284538269, 0.8822422027587891], "label": [1, 0, 1, 0, 0, 0, 0]}