{"text": ["XYZ Hospital", "123 tlealth Street,Wellness City", "Phone:+1-234-587-890", "Patlont Namo:Llam Johnson", "Ap:27", "Doctor:Dr.Patol", "Medicine", "Dosage", "Frequency", "Duration", "Cup Cypon", "15tablets", "20ms doy", "7 duys", "Tab Dolonexdt", "5tablets", "3tmesaday", "4days", "Tab Triz", "t5tblets", "2 tmes a duy", "10 days", "TabNeurobin Forte", "10tablets", "2 tm5 a doy", "30 days", "Syrup", "Dosago", "Froquancy", "Duratlon", "Syrup Brozodax", "Sml", "2 tm doy", "30day", "Advico:", "-Tako bod rost", "Eat nsy-to-dlgest food like boiled rice with dal", "-Stytydrated"], "confidence": [0.9537635445594788, 0.8392246961593628, 0.8868597745895386, 0.846411943435669, 0.720230758190155, 0.9404096603393555, 0.93071448802948, 0.8880900740623474, 0.9788968563079834, 0.9629752039909363, 0.9450183510780334, 0.8927748799324036, 0.7564270496368408, 0.9796134829521179, 0.939957857131958, 0.8909797668457031, 0.8034953474998474, 0.9184122085571289, 0.8540539145469666, 0.9061143398284912, 0.9000213742256165, 0.8690416216850281, 0.9576311707496643, 0.9273074269294739, 0.7406336069107056, 0.8853435516357422, 0.9728748202323914, 0.9117240309715271, 0.9354243874549866, 0.9687023162841797, 0.9840925335884094, 0.8684621453285217, 0.7225327491760254, 0.8759253621101379, 0.9288334846496582, 0.7142534255981445, 0.8857390284538269, 0.9112634658813477], "label": [1, 0, 1, 0, 0, 0, 0]}