{"text": ["XYZ Hospital", "123 tlealth Street,Wellness City", "Phone:+1-234-587-890", "Patlant Nanx:John Brown", ":33", "Doctor: Dr.Lo", "Medicine", "Dosuge", "Frequency", "Duration", "Tab Cyciomef", "20tblets", "3mesdey", "7 days", "Tab Cetine", "20 tablets", "2 um05  duy", "7 days", "TabAllegra", "10tablets", "3 tmesa doy", "7 days", "Tab Neurobin Forte", "5tablets", "2 tmesa day", "10days", "Tab Cyciopum", "10tablets", "3 tmesaday", "4days", "Tab Pand", "10tablets", "3 tmesa dey", "7 days", "Syrup", "Dosapo", "Froquoncy", "Duratlon", "Syrup TusQx", "Sml", "3timsdoy", "10days", "Syrup TusQ-dx", "10ml", "2timday", "10days", "Advico:", "-Takoto rost", "Eat nsy-to-digest food like boiled rice with dnl", "-Stytydrated"], "confidence": [0.9534003138542175, 0.8389220237731934, 0.8980997204780579, 0.8592403531074524, 0.890989363193512, 0.9269587397575378, 0.9315592050552368, 0.9427713751792908, 0.9902750849723816, 0.964890718460083, 0.8799888491630554, 0.9145114421844482, 0.8327884078025818, 0.8594018816947937, 0.9149308204650879, 0.8967920541763306, 0.7148935794830322, 0.8401936888694763, 0.9189688563346863, 0.9273074269294739, 0.7852831482887268, 0.8401936888694763, 0.950933575630188, 0.9046000242233276, 0.8068044185638428, 0.9213528037071228, 0.8579997420310974, 0.9273074269294739, 0.8478784561157227, 0.9184122085571289, 0.9165558815002441, 0.9273074269294739, 0.7770482897758484, 0.8452855944633484, 0.9882689714431763, 0.8240053653717041, 0.9466862082481384, 0.9896453619003296, 0.9381473064422607, 0.860496461391449, 0.7460850477218628, 0.8282742500305176, 0.9553414583206177, 0.9599877595901489, 0.8111116290092468, 0.8326132893562317, 0.9374408721923828, 0.7265111804008484, 0.8460922241210938, 0.9307668805122375], "label": [1, 0, 1, 0, 0, 0, 0]}