{"text": ["XYZ Hospital", "123 tlealth Street,Wellness City", "Phone:+1-234.587-890", "PatlantNamx:BobJohnson", "4", "Doctor: Dr. Tumor", "Medicine", "Dosuge", "Frequency", "Duration", "Tab Combinam", "5 tablets", "20ms dey", "10 days", "Tab Zole fcreum", "20 tablets", "3tmesaday", "7 days", "Tab Febrex plus", "10tablets", "3 tmesaduy", "5 days", "Tab Neurobin Forte", "20tblets", "2tmesa dey", "30 days", "Tab Pand", "5tablets", "3 tmesaday", "7 days", "TabAluhrocin 500", "20tblets", "3 tmesa dey", "30 days", "Syrup", "Dosago", "Froquoncy", "Duratlon", "SyrupZodax", "Sml", "3 tms doy", "5 day", "Advico:", "-Tako tod rost", "Eat nsy-to-digest food like boiled dce with dnl", "Stoybydrated"], "confidence": [0.9489903450012207, 0.8392246961593628, 0.8581722378730774, 0.8624006509780884, 0.9781603217124939, 0.9560477137565613, 0.930323600769043, 0.979745090007782, 0.9803639650344849, 0.9629752039909363, 0.913224995136261, 0.887381374835968, 0.7692691087722778, 0.9548414945602417, 0.8672864437103271, 0.8709948658943176, 0.8252313137054443, 0.861883819103241, 0.918476402759552, 0.9273074269294739, 0.8279812932014465, 0.7517222762107849, 0.9225685596466064, 0.9412925839424133, 0.8095513582229614, 0.8853435516357422, 0.9204728007316589, 0.9079194068908691, 0.8478784561157227, 0.8720644116401672, 0.8048178553581238, 0.9145114421844482, 0.8189074993133545, 0.8867191672325134, 0.9719002842903137, 0.9144992828369141, 0.9524527788162231, 0.9843534231185913, 0.8580468893051147, 0.927854061126709, 0.7108118534088135, 0.8135870099067688, 0.9678854942321777, 0.7766454815864563, 0.8616782426834106, 0.826629102230072], "label": [1, 0, 1, 0, 0, 0, 0]}