{"text": ["XYZ Hospital", "123 tlealth Street,Wellness City", "Phone:+1-234.587-890", "PatlantNanx:Bob Davs", ":00", "Doctor: Dr. Millor", "Medicine", "Dosuge", "Frequency", "Duration", "Cap Zovirax", "5 tablets", "3mesa duy", "$ duys", "Tab Dolo 650", "15tablets", "3 tmes duy", "30 days", "Tab Cetine", "20 tablets", "3 tmesa duy", "7 duys", "TabCiplox500", "5tablets", "3tmesaday", "10days", "Tab Combinam", "20 tblets", "2 tmes a duy", "30days", "Tab Triz", "20 tablets", "3 tmesa dey", "7 days", "Syrup", "Dosago", "Froquoncy", "Duratlon", "Syrup TusQ dx", "10ml", "3tms doy", "7day", "Advico:", "-Tako tod rost", "Eat nsy-to-digest food like boiled dce with dnl", "Stoybydrated"], "confidence": [0.9565640091896057, 0.8498444557189941, 0.8575018644332886, 0.8056901693344116, 0.5413311123847961, 0.9768994450569153, 0.9263918399810791, 0.979745090007782, 0.98100346326828, 0.965709924697876, 0.8519293069839478, 0.887381374835968, 0.765488862991333, 0.8555317521095276, 0.8057987689971924, 0.8647039532661438, 0.7145172357559204, 0.8513266444206238, 0.9438446164131165, 0.8709948658943176, 0.8036391735076904, 0.9750018119812012, 0.8790709972381592, 0.901509165763855, 0.8692610859870911, 0.9213528037071228, 0.9367205500602722, 0.9003804326057434, 0.7704176902770996, 0.9184828400611877, 0.9694429636001587, 0.8797799944877625, 0.8198661804199219, 0.8767657279968262, 0.9719002842903137, 0.958836555480957, 0.8976813554763794, 0.9843534231185913, 0.9360784888267517, 0.9717352390289307, 0.7210977077484131, 0.940690815448761, 0.9678854942321777, 0.7591238617897034, 0.8601347208023071, 0.8266847729682922], "label": [1, 1, 1, 0, 0, 0, 0]}