{"text": ["XYZ Hospital", "123 tlealth Street,Wellness City", "Phone:+1-234.587-890", "PatlontNam:Allco R", "p:70", "Doctor:Dr.Smith", "Medicine", "Dosuge", "Frequency", "Duration", "TabDolo650", "5tablets", "3mesday", "5 days", "Tab Dolonex dt", "5tablets", "3tmesaday", "30 days", "Cap Omez", "10tablets", "3 tmesaday", "5days", "Tab Pand", "5tblets", "2 tms a day", "10days", "Syrup", "Dosago", "Froquoncy", "Duration", "Syrup TusQ dx", "Sml", "3tm doy", "10day", "Syrup Brozodax", "10ml", "mday", "14dy", "Advico:", "-Tako tod rost", "Eat nsy-to-dlgest food like boiled rice with dal", "-Staytydrated"], "confidence": [0.9524534344673157, 0.838995099067688, 0.8577502369880676, 0.7773417234420776, 0.782950758934021, 0.9725906252861023, 0.9254783391952515, 0.9427713751792908, 0.9860424399375916, 0.964890718460083, 0.8885661959648132, 0.9079194068908691, 0.8203554749488831, 0.7393367886543274, 0.9132280349731445, 0.8909797668457031, 0.8251487016677856, 0.8867191672325134, 0.9027712345123291, 0.9247161149978638, 0.8490052223205566, 0.8701895475387573, 0.9190952777862549, 0.8796586990356445, 0.7428649663925171, 0.9470896124839783, 0.9747051000595093, 0.8347269892692566, 0.9697930216789246, 0.9392375946044922, 0.9842087626457214, 0.8684621453285217, 0.7288550138473511, 0.7450453042984009, 0.8912094235420227, 0.911413848400116, 0.8338850140571594, 0.8365260362625122, 0.9688101410865784, 0.8305357098579407, 0.9003981947898865, 0.9332470297813416], "label": [1, 1, 1, 0, 0, 0, 0]}