{"text": ["XYZ Hospital", "123 tlealth Street,Wellness City", "Phone:+1-234-587-890", "Patlant Namo:John Brown", "p:71", "Doctor: Dr. Millor", "Medicine", "Dosuge", "Frequency", "Duration", "TabZole fcreum", "5 tablets", "3mesday", "30 days", "Cap Pan d", "10 tablets", "3tmesaday", "4days", "TabAluhrodn 500", "5tablets", "2 tmes a duy", "5 days", "Tab Pand", "t5tablets", "3 tmesa dey", "7 days", "Syrup", "Dosago", "Froquancy", "Duratlon", "Syrup TusQ-dx", "Sml", "2 tim doy", "30dny", "Advico:", "-Tako bod rost", "Eat nsy-to-dlgest food like boiled rice with dal", "-Stytydrated"], "confidence": [0.9534003138542175, 0.8389220237731934, 0.8980997204780579, 0.8478898406028748, 0.740033745765686, 0.9521694183349609, 0.9567275047302246, 0.9030749201774597, 0.9859857559204102, 0.964890718460083, 0.9019266963005066, 0.887381374835968, 0.843670666217804, 0.8920504450798035, 0.9022939205169678, 0.8921223878860474, 0.8201786875724792, 0.9184122085571289, 0.7870429158210754, 0.9079194068908691, 0.8993287086486816, 0.7600082755088806, 0.9222387671470642, 0.8862625360488892, 0.7049140334129333, 0.8767657279968262, 0.9728748202323914, 0.9117240309715271, 0.9354243874549866, 0.9490550756454468, 0.9570626020431519, 0.8684621453285217, 0.7463570237159729, 0.8771942257881165, 0.9288334846496582, 0.7142534255981445, 0.8857390284538269, 0.9112634658813477], "label": [1, 1, 1, 0, 0, 0, 0]}