{"text": ["XYZ Hospital", "123 tlealth Street,Wellness City", "Phone:+1-234-587-890", "Patlont Nanx:Davld Wlllams", "Ap:53", "Doctor: Dr. Tumor", "Medicine", "Dosuge", "Frequency", "Duration", "Tab Sumo cold", "10 tablets", "3mesday", "$ days", "Tab Pan d", "15tablets", "2tmesa day", "10days", "Cap Pan d", "10 tablets", "2 tmes a duy", "7 days", "Tab Evion", "10tablets", "2 tmes a doy", "10days", "Syrup", "Dosago", "Froquancy", "Duration", "Syrup Fobrox plus.", "10ml", "3tims doy", "7 days", "Advico:", "-Tako bod rst", "Eat nsy-to-dlgest food like boiled rice with dal", "-Stytydrated"], "confidence": [0.9466513991355896, 0.8385964632034302, 0.8772509694099426, 0.8446789979934692, 0.7789907455444336, 0.9716725945472717, 0.9286406636238098, 0.9054610133171082, 0.9788968563079834, 0.964890718460083, 0.9031009078025818, 0.901634693145752, 0.8407676815986633, 0.837290346622467, 0.9290552139282227, 0.8927748799324036, 0.7311515808105469, 0.9015160202980042, 0.8929193019866943, 0.8921223878860474, 0.8666040897369385, 0.8673166632652283, 0.9267144799232483, 0.9273074269294739, 0.769815981388092, 0.924377977848053, 0.9728748202323914, 0.9191999435424805, 0.9325470328330994, 0.9758866429328918, 0.94895339012146, 0.9658069610595703, 0.7522122859954834, 0.963207483291626, 0.9268304705619812, 0.7285957932472229, 0.8857390284538269, 0.910991907119751], "label": [1, 1, 1, 0, 0, 0, 0]}