{"text": ["XYZ Hospital", "123 tlealth Street,Wellness City", "Phone:+1-234.587-890", "PatlontNamx:Llam Smith", ":70", "Doctor: Dr.Johnson", "Medicine", "Dosuge", "Frequency", "Duration", "TabClavum 025", "5 tablets", "20ms doy", "7 duys", "TabCiplox500", "15tablets", "3tmesaday", "4duys", "TabAluhrocin 500", "10tablets", "3tmesaduy", "5 days", "Cap Zovirax", "15tablets", "3tmes aday", "30 days", "Cap Pan d", "20 tblets", "3 tmesaday", "7 days", "Tab Triz", "10tablets", "2 tmes a dey", "30 days", "Syrup", "Dosago", "Froquoncy", "Duratlon", "Syrup Corox", "Sml", "3tms doy", "5 day", "Advico:", "-Tako to rost", "Eat nsy-to-digest food like boiled dce with dnl", "Stoytydrated"], "confidence": [0.9549853205680847, 0.8437840342521667, 0.8531273007392883, 0.86346435546875, 0.8835301399230957, 0.9659386873245239, 0.9286406636238098, 0.979745090007782, 0.9803639650344849, 0.9564203023910522, 0.8203635811805725, 0.887381374835968, 0.7428396344184875, 0.9828178286552429, 0.9341920018196106, 0.8656508922576904, 0.8278234004974365, 0.9083743095397949, 0.7758204340934753, 0.9273074269294739, 0.8625564575195312, 0.7493965029716492, 0.887336790561676, 0.8647039532661438, 0.8595724105834961, 0.8867191672325134, 0.9091485142707825, 0.9003804326057434, 0.849814236164093, 0.8434519171714783, 0.9699918031692505, 0.9273074269294739, 0.728033721446991, 0.8513266444206238, 0.9719002842903137, 0.958836555480957, 0.9442562460899353, 0.9877357482910156, 0.8776365518569946, 0.9028758406639099, 0.7066380381584167, 0.8135870099067688, 0.9678854942321777, 0.7472838163375854, 0.861255407333374, 0.856630802154541], "label": [1, 1, 1, 0, 0, 0, 0]}