{"text": ["XYZ Hospital", "123 tlealth Street,Wellness City", "Phone:+1-234.587-890", "Patlont Namx:EvoWhito", ":54", "Doctor:Dr.Johnson", "Medicine", "Dosuge", "Frequency", "Duration", "Cap Cypon", "5tablets", "3mesdey", "4duys", "Cap Coimmune", "t5tablets", "3 tmes doy", "4days", "Tab Pan d", "5tablets", "3 tmesaday", "10 days", "Tab Cetine", "20 tablets", "2 tm05 a doy", "7days", "Syrup", "Dosago", "Froquancy", "Duratlon", "Syrup Zodax", "Sml", "2tmday", "7days", "SyrupTus dx", "10ml", "2timday", "7day", "Advico:", "-Tako tod rost", "Eat nsy-to-dlgest food like boiled rice with dal", "-Staytydrated"], "confidence": [0.9551815986633301, 0.8445388078689575, 0.8541738390922546, 0.848785400390625, 0.8006799817085266, 0.9602234959602356, 0.9307171702384949, 0.9427713751792908, 0.9859857559204102, 0.9623180627822876, 0.922643780708313, 0.901167631149292, 0.8327884078025818, 0.9136894941329956, 0.858421266078949, 0.8790434002876282, 0.7589079141616821, 0.8935898542404175, 0.9393258690834045, 0.8878754377365112, 0.8478784561157227, 0.8472437858581543, 0.9190582036972046, 0.8983814120292664, 0.7484288811683655, 0.9454089403152466, 0.9720994234085083, 0.8239191174507141, 0.9293076395988464, 0.9498113989830017, 0.9834193587303162, 0.8684621453285217, 0.7515495419502258, 0.9263079762458801, 0.8773826360702515, 0.911413848400116, 0.8025859594345093, 0.8483083248138428, 0.96641606092453, 0.7922082543373108, 0.9056201577186584, 0.932716965675354], "label": [1, 1, 1, 0, 0, 0, 0]}