{"text": ["XYZ Hospital", "123 tlealth Street,Wellness City", "Phone:+1-234.587-890", "PatlntNam:Graco Ro", "40", "Doctor: Dr.Lo", "Medicine", "Dosage", "Frequency", "Duration", "TabCiplox500", "20 tblets", "20ms dey", "7 duys", "Cap Cypon", "5tablets", "2tmesa dey", "30 days", "TabAllegra", "15tablets", "3 tmesa doy", "10 days", "Tab Pand", "15tablets", "3 tmesa duy", "30 days", "Cup Omez", "5tablets", "2 tmes a duy", "30days", "Tab Cetine", "10tablets", "2 tms a doy", "7 days", "Syrup", "Dosago", "Froquoncy", "Duratlon", "Syrup Cypon", "10ml", "2tm doy", "14days", "Advico:", "-Tako tod rost", "Eat nsy-to-digest food like boiled dce with dnl", "Stoybydrated"], "confidence": [0.9539773464202881, 0.8444144129753113, 0.846886157989502, 0.7766096591949463, 0.7601802945137024, 0.9473685622215271, 0.8973900079727173, 0.9033363461494446, 0.9790523052215576, 0.965709924697876, 0.9171831607818604, 0.9003804326057434, 0.7692691087722778, 0.9750018119812012, 0.9474098682403564, 0.8909797668457031, 0.7338863611221313, 0.8518379926681519, 0.9189688563346863, 0.8647039532661438, 0.7852831482887268, 0.8690416216850281, 0.9268008470535278, 0.9037178754806519, 0.7963283061981201, 0.8500292897224426, 0.7516178488731384, 0.9079194068908691, 0.7522758841514587, 0.8994854092597961, 0.9511235356330872, 0.9273074269294739, 0.8156778216362, 0.8404199481010437, 0.9719002842903137, 0.958836555480957, 0.9633573889732361, 0.9877357482910156, 0.9899075031280518, 0.9717352390289307, 0.7230568528175354, 0.8428124785423279, 0.9678854942321777, 0.7686876654624939, 0.861255407333374, 0.8193420767784119], "label": [1, 1, 1, 0, 0, 0, 0]}