{"text": ["XYZ Hospital", "123 tlealth Street,Wellness City", "Phone:+1-234.587-890", "PatlntNam:Grco Ro", "Ap:65", "Doctor: Dr.Patol", "Medicine", "Dosuge", "Frequency", "Duration", "Cap Zovirax", "15tablets", "20ms dey", "10duys", "Tab Evion", "10tablets", "20mes dey", "7days", "Tab Neurobin Forte", "15tablets", "3tmes day", "4 days", "Tab Triz", "10tablets", "2tmes aday", "7 days", "Cap Omez", "5tablets", "3 tmesaday", "5days", "Syrup", "Dosapo", "Froquancy", "Duratlon", "Syrup Cypon", "10ml", "2tm doy", "30dny", "Syrup Corox", "10ml", "3 tims doy", "7days", "Advico:", "-Tako to rost", "Eat ensy-to-digest food like boiled rice with dnl", "Stoytydrated"], "confidence": [0.9476857781410217, 0.8473905324935913, 0.8499292135238647, 0.781383752822876, 0.5944898128509521, 0.9595730304718018, 0.9263918399810791, 0.975483238697052, 0.9788968563079834, 0.9623180627822876, 0.8629161715507507, 0.8647039532661438, 0.7692691087722778, 0.9106659889221191, 0.9279268980026245, 0.9273074269294739, 0.7687022686004639, 0.9236086010932922, 0.9515430927276611, 0.8623680472373962, 0.795462429523468, 0.8880710601806641, 0.9879308342933655, 0.9273074269294739, 0.8098103404045105, 0.8720644116401672, 0.8486593961715698, 0.9057856798171997, 0.8439608812332153, 0.8882506489753723, 0.9719002842903137, 0.90386563539505, 0.9315544962882996, 0.957970380783081, 0.9516541957855225, 0.9347427487373352, 0.7230568528175354, 0.8377351760864258, 0.8967664837837219, 0.9604064226150513, 0.7696221470832825, 0.9038707613945007, 0.96775883436203, 0.7215479612350464, 0.844878613948822, 0.832436740398407], "label": [1, 1, 1, 0, 0, 0, 0]}