{"text": ["XYZ Hospital", "123 tlealth Street,Wellness City", "Phone:+1-234-587-890", "Patlont Nanx:Allco Ro", "Apo:55", "Doctor: Dr. Tumor", "Medicine", "Dosuge", "Frequency", "Duration", "Tab Dolonex dt", "5 tablets", "3mesaday", "7 duys", "Tab Triz", "10 tablets", "3tmesaday", "7days", "Tab Cyciopam", "20 tablets", "3 tmes a duy", "4 days", "Tab Neurobin Forte", "20 tblets", "2 tms a dey", "30 days", "Syrup", "Dosago", "Froquancy", "Duratlon", "Syrup Fobrox plus", "10ml", "2 tim doy", "14days", "Advico:", "-Tako tod rost", "Eat nsy-to-dlgest food like boiled rice with dal", "-Stynydrated"], "confidence": [0.9437327980995178, 0.8395678997039795, 0.9048346281051636, 0.7511298060417175, 0.7298091053962708, 0.9769924283027649, 0.951400876045227, 0.9030749201774597, 0.9857003092765808, 0.964890718460083, 0.9136524200439453, 0.8757308125495911, 0.7844869494438171, 0.9750018119812012, 0.9879308342933655, 0.8921223878860474, 0.834313154220581, 0.9236086010932922, 0.8837983012199402, 0.8707102537155151, 0.8647356629371643, 0.8753823637962341, 0.9339693784713745, 0.9086169004440308, 0.7360888123512268, 0.8867191672325134, 0.9728748202323914, 0.9117240309715271, 0.9355165958404541, 0.8996009826660156, 0.9920670986175537, 0.9658069610595703, 0.7347371578216553, 0.875527560710907, 0.9288334846496582, 0.7252967953681946, 0.8857390284538269, 0.8822422027587891], "label": [1, 0, 1, 0, 0, 0, 0]}