{"text": ["XYZ Hospital", "123 tlealth Street,Wellness City", "Phone:+1-234-587-890", "Patlont Namx:Charlo Smith", ":57", "Doctor: Dr.Lo", "Medicine", "Dosuge", "Frequency", "Quraton", "TabFebrexplus", "15tablets", "20ms day", "30 duys", "Tab Pan d", "15tablets", "3 umes duy", "7 days", "Tab Evlon", "10tablets", "3 tmesa duy", "10 days", "Tab Zole f creum", "5tablets", "2tmesa day", "30 days", "Tab Cyciopam", "20tblets", "2 tmes a duy", "5days", "Tab Sumo cold", "15tablets", "3tmes adey", "30 days", "Syrup", "Dosapo", "Froquoncy", "Duratlon", "Syrup Grillnctus tm", "10ml", "3tims doy", "7days", "Syrup Corox", "10ml", "3timsday", "14day", "Advico:", "-Tako tod rst", "Eat nsy-to-digest food like boiled rice with dal", "-Stytydrated"], "confidence": [0.9470226764678955, 0.838995099067688, 0.8857169151306152, 0.8344641327857971, 0.8892032504081726, 0.9436227083206177, 0.9141846299171448, 0.9427713751792908, 0.9902750849723816, 0.8290681838989258, 0.9764734506607056, 0.8647039532661438, 0.7605679631233215, 0.9051676392555237, 0.9182332158088684, 0.9037178754806519, 0.7057475447654724, 0.8401936888694763, 0.9146842956542969, 0.9273074269294739, 0.8044043183326721, 0.8622841835021973, 0.8513972163200378, 0.9046000242233276, 0.8348559141159058, 0.8867191672325134, 0.8546664714813232, 0.9145114421844482, 0.7704176902770996, 0.8756504058837891, 0.9177164435386658, 0.8990643620491028, 0.8515121340751648, 0.9160794615745544, 0.983737587928772, 0.8228013515472412, 0.9466862082481384, 0.9895802140235901, 0.9913063049316406, 0.9702969789505005, 0.7382882833480835, 0.9066702127456665, 0.8926152586936951, 0.9599877595901489, 0.7865440845489502, 0.7463439702987671, 0.9238536953926086, 0.7242653369903564, 0.9027966856956482, 0.9149673581123352], "label": [1, 0, 1, 0, 0, 0, 0]}