{"text": ["XYZ Hospital", "123 tlealth Street,Wellness City", "Phone:+1-234.587-890", "Patlant Namx:Allco Millar", ":70", "Doctor: Dr.Patol", "Medicine", "Dosuge", "Frequency", "Duration", "TabZole fcreum", "5tablets", "3mesday", "7 days", "TabCiplox500", "5tablets", "2tmesaday", "7days", "Tab Triz", "5tablets", "3 tmesaday", "7 days", "Cap Omez", "t5tablets", "2 tms  doy", "10days", "Syrup", "Dosago", "Froquoncy", "Duration", "Syrup Corox-dx", "Sml", "2mdoy", "14days", "Syrup Brozodax", "10ml", "mday", "14day", "Advico:", "-Tako tod rost", "Eat nsy-to-dlgest food like boiled rice with dal", "-Staytydrated"], "confidence": [0.9524534344673157, 0.8435166478157043, 0.8541738390922546, 0.8408392071723938, 0.7763848900794983, 0.9426735639572144, 0.9286406636238098, 0.9427713751792908, 0.9860424399375916, 0.964890718460083, 0.897516131401062, 0.9079194068908691, 0.8203554749488831, 0.8635157942771912, 0.932182788848877, 0.8909797668457031, 0.8111010789871216, 0.9236086010932922, 0.9694429636001587, 0.8909797668457031, 0.8432919383049011, 0.8767657279968262, 0.8797640800476074, 0.8687346577644348, 0.7009269595146179, 0.948091983795166, 0.9728748202323914, 0.8239191174507141, 0.9308472871780396, 0.9684042930603027, 0.9747152924537659, 0.8684621453285217, 0.7492217421531677, 0.8560203909873962, 0.8912094235420227, 0.911413848400116, 0.8338850140571594, 0.7760825753211975, 0.9688101410865784, 0.8305357098579407, 0.9003981947898865, 0.9319948554039001], "label": [1, 1, 1, 0, 0, 0, 0]}