{"text": ["XYZ Hospital", "123 tlealth Street,Wellness City", "Phone:+1-234.587-890", "Patlont Nanx:Chadlo Wlllams", "Apo:55", "DoctorDr.Tumor", "Medicine", "Dosuge", "Frequency", "Duration", "Tab Tiz", "20 tblets", "3umesa day", "t4days", "Tab Cetine", "10 tablets", "3umesaday", "30 days", "Tab Febrex plus", "10 tablets", "3 tmes dey", "t4days", "Tab Evion", "5tablets", "3 tmesa dey", "7 days", "TabClavum 025", "15tablets", "3 tmesaday", "7 days", "Syrup", "Dosago", "Froquoncy", "Duratlon", "Syrup TusQ dx", "Sml", "3timsday", "14day", "Advico:", "-Tako tod rost", "Eat nsy-to-dlgest food like boiled dce with dal", "-Stayhydrated"], "confidence": [0.9565796852111816, 0.8386499881744385, 0.8577502369880676, 0.7785629034042358, 0.7298091053962708, 0.9691421389579773, 0.930323600769043, 0.9427713751792908, 0.9838371276855469, 0.9629752039909363, 0.8156980872154236, 0.9135541915893555, 0.836573600769043, 0.8849427700042725, 0.913345992565155, 0.8921223878860474, 0.8500611782073975, 0.8853435516357422, 0.9202478528022766, 0.8921223878860474, 0.7872068881988525, 0.8406792283058167, 0.9452431201934814, 0.8846966028213501, 0.8120609521865845, 0.8720644116401672, 0.7955819368362427, 0.870891273021698, 0.8478784561157227, 0.8720644116401672, 0.9720994234085083, 0.9144992828369141, 0.9624842405319214, 0.8988408446311951, 0.9476492404937744, 0.9197258949279785, 0.7384964227676392, 0.7760825753211975, 0.9675191640853882, 0.7805672287940979, 0.89730304479599, 0.8882160782814026], "label": [1, 0, 1, 0, 0, 0, 0]}