{"text": ["XYZ Hospital", "123 tlealth Street,Wellness City", "Phone:+1-234.587-890", "Patlant Namx:ChadloJohnson", ":20", "Doctor: Dr.Patol", "Medicine", "Dosage", "Frequency", "Duration", "Tab Evlon", "5tablets", "3 mes dey", "30 days", "Tab Neurobin Forte", "10 tablets", "3 tmes doy", "10days", "TabAllegra", "5tablets", "2tmesaday", "7 days", "TabZole fcream", "20 tablets", "3 tmesa dey", "30 days", "Syrup", "Dosapo", "Froquancy", "Duratlon", "Syrup Corox-dx", "Sml", "3 ts doy", "5 days", "SyrupTus dx", "Sml", "3timsday", "7day", "Advico:", "-Tako tod rost", "Eat nsy-to-dlgest food like boiled dce with dal", "-Stayhydrated"], "confidence": [0.9544928669929504, 0.8356792330741882, 0.8577502369880676, 0.8156022429466248, 0.8948600888252258, 0.9561673998832703, 0.930323600769043, 0.9033363461494446, 0.9859857559204102, 0.964890718460083, 0.9264383316040039, 0.901167631149292, 0.7595316767692566, 0.8676621317863464, 0.9362795352935791, 0.8893119096755981, 0.7589079141616821, 0.9213528037071228, 0.9442430734634399, 0.9093613624572754, 0.8579052090644836, 0.8767657279968262, 0.891712486743927, 0.8983814120292664, 0.7426267862319946, 0.8867191672325134, 0.9886301159858704, 0.8093938827514648, 0.9061452150344849, 0.8827411532402039, 0.9759541749954224, 0.8684621453285217, 0.6967481374740601, 0.8339796662330627, 0.8724809885025024, 0.9197258949279785, 0.7808237075805664, 0.8483083248138428, 0.96641606092453, 0.7913808822631836, 0.9047735333442688, 0.8862071633338928], "label": [1, 0, 1, 0, 0, 0, 0]}