{"text": ["XYZ Hospital", "123 tlealth Street,Wellness City", "Phone:+1-234.587-890", "PatlantNamx:Llam Ro", ":70", "Doctor: Dr. Smith", "Medicine", "Dosuge", "Frequency", "Duration", "TabCiplox500", "5 tablets", "3 mes doy", "7 duys", "Tab Cyciomelf", "20 tablets", "20mesa duy", "30 days", "Tab Clavun 25", "20 tablets", "2mes aday", "30 duys", "Tab Sumo cold", "10tablets", "3tmesaday", "10days", "TabDolo650", "10tablets", "3 tmesaday", "7days", "Tab Dolonex dt", "15tablets", "3 tmesa dey", "4duys", "Syrup", "Dosago", "Froquoncy", "Duratlon", "Syrup Corox-dx", "10ml", "3 tms doy", "14days", "Advico:", "-Tako tod rost", "Eat nsy-to-digest food like boiled dce with dnl", "Stoy bydrated"], "confidence": [0.9556393623352051, 0.8397927284240723, 0.8531273007392883, 0.7807208895683289, 0.7763848900794983, 0.9672653079032898, 0.930323600769043, 0.9740098118782043, 0.98100346326828, 0.965709924697876, 0.9163869023323059, 0.887381374835968, 0.7591496109962463, 0.9787836074829102, 0.854385256767273, 0.8709948658943176, 0.7393035292625427, 0.8518379926681519, 0.8323572874069214, 0.8709948658943176, 0.7745811939239502, 0.9156034588813782, 0.9301019310951233, 0.9273074269294739, 0.8734297752380371, 0.924377977848053, 0.883327305316925, 0.9273074269294739, 0.8478784561157227, 0.9485983848571777, 0.9152220487594604, 0.9037178754806519, 0.7706842422485352, 0.9083743095397949, 0.9719002842903137, 0.958836555480957, 0.9429497122764587, 0.9877357482910156, 0.9731125235557556, 0.9717352390289307, 0.7108118534088135, 0.8428124785423279, 0.9678854942321777, 0.7470306158065796, 0.8616782426834106, 0.7944247722625732], "label": [1, 0, 1, 0, 0, 0, 0]}