{"text": ["XYZ Hospital", "123 tlealth Street,Wellness City", "Phone:+1-234.587-890", "Patlont Namx:Mla D", "p:43", "Doctor: Dr.Patol", "Medicine", "Dosuge", "Frequency", "Duration", "TabCyclopom", "15tablets", "3mesdey", "4duys", "Cap Colmmune", "20 tablets", "2 tm0s  duy", "10days", "TabZole fcream", "20 tablets", "2tmesa dey", "5days", "Tab Trz", "20 tablets", "3 tmesa dey", "7days", "Syrup", "Dosago", "Froquoncy", "Duratlon", "Syrup TusQ-dx", "Sml", "2 tm doy", "30 days", "Syrup Cypon", "10ml", "3timsday", "7day", "Advico:", "-Tako bod rost", "Eat nsy-to-digest food like boiled rice with dal", "-Staytydrated"], "confidence": [0.9535548686981201, 0.8386499881744385, 0.8577502369880676, 0.7964622378349304, 0.7557733058929443, 0.9426735639572144, 0.8984020948410034, 0.9427713751792908, 0.9838371276855469, 0.9623180627822876, 0.8861980438232422, 0.8927748799324036, 0.8336987495422363, 0.9136894941329956, 0.9029510021209717, 0.9054545164108276, 0.7051472663879395, 0.9015160202980042, 0.8823711276054382, 0.8967920541763306, 0.8103421926498413, 0.8691898584365845, 0.8342235684394836, 0.8983814120292664, 0.8120609521865845, 0.9342161417007446, 0.9720994234085083, 0.8384754657745361, 0.9034984111785889, 0.873630166053772, 0.9723302125930786, 0.9028758406639099, 0.7740520238876343, 0.9535742402076721, 0.9280782341957092, 0.911413848400116, 0.7829917669296265, 0.8190528750419617, 0.967370867729187, 0.8245164752006531, 0.8990753293037415, 0.9250409007072449], "label": [1, 1, 1, 0, 0, 0, 0]}