{"text": ["XYZ Hospital", "123 tlealth Street,Wellness City", "Phone:+1-234-587-890", "Patlont Nanx:Jano Wlllams", ":24", "Doctor: Dr. Tumor", "Medicine", "Dosuge", "Frequency", "Duration", "Cap Colmmune", "20tblets", "3mesdey", "5days", "Tab Zolefcreum", "15tablets", "3 tmes doy", "7 days", "TabDolo650", "5tablets", "3 tmesa doy", "5days", "Tab Febrex plus", "20tblets", "2 tmesa day", "4days", "Cap Zovirax", "15tablets", "2 umes a duy", "10days", "Cap Cypon", "15tablets", "2 tms a doy", "7 days", "Syrup", "Dosapo", "Froquoncy", "Duratlon", "Syrup Cypon", "10ml", "3tims doy", "10days", "Syrup TusQ-dx", "10ml", "2timday", "10days", "Advico:", "-Tako tod rost", "Eat nsy-to-digest food like boiled rice with dnl", "-Stytydrated"], "confidence": [0.9531888961791992, 0.8415119647979736, 0.8868597745895386, 0.8614681959152222, 0.866183340549469, 0.9539670348167419, 0.9307171702384949, 0.9427713751792908, 0.9905779957771301, 0.964890718460083, 0.8871600031852722, 0.9343926906585693, 0.8327884078025818, 0.8641525506973267, 0.8419219851493835, 0.9092390537261963, 0.7507402896881104, 0.8452855944633484, 0.877515971660614, 0.916618824005127, 0.7852831482887268, 0.8366293907165527, 0.9114773273468018, 0.9412925839424133, 0.8068044185638428, 0.9184122085571289, 0.8585178256034851, 0.8647039532661438, 0.7387182116508484, 0.9213528037071228, 0.9578223824501038, 0.8990643620491028, 0.8156778216362, 0.8767657279968262, 0.988613486289978, 0.8228013515472412, 0.9466862082481384, 0.9896453619003296, 0.9865353107452393, 0.9702969789505005, 0.737549364566803, 0.8172560334205627, 0.9553414583206177, 0.9599877595901489, 0.8103267550468445, 0.8326132893562317, 0.9699703454971313, 0.7723420858383179, 0.8472650647163391, 0.8946594595909119], "label": [1, 1, 1, 0, 0, 0, 0]}