{"text": ["XYZ Hospital", "123 tlealth Street,Wellness City", "Phone:+1-234-587-890", "Patlont Nam:Evo Ro", ":70", "Doctor: Dr.Johnson", "Medicine", "Dosage", "Frequency", "Duration", "TabClavum 025", "t5tablets", "3mesday", "30 days", "Tab Cyciomeff", "t5tablets", "2tmesa day", "5days", "Cup Cypon", "20 tablets", "2 tmes a duy", "10 duys", "Tab Dolonex dt", "t5tablets", "2 tms a dey", "30 days", "Syrup", "Dosago", "Froquancy", "Duration", "Syrup Zodax", "10ml", "3tims doy", "30day", "Advico:", "-Tako bod rost", "Eat nsy-to-dlgest food like boiled rice with dal", "-Stytydrated"], "confidence": [0.9541840553283691, 0.8418617844581604, 0.9123506546020508, 0.7972813844680786, 0.8660268783569336, 0.9534403681755066, 0.951400876045227, 0.9033363461494446, 0.9772398471832275, 0.964890718460083, 0.8222655653953552, 0.8831853270530701, 0.8407676815986633, 0.8676621317863464, 0.8503183722496033, 0.8836497068405151, 0.7311515808105469, 0.8701895475387573, 0.9097813367843628, 0.8967920541763306, 0.8552422523498535, 0.8914344906806946, 0.9254395365715027, 0.8856318593025208, 0.7383468747138977, 0.8853435516357422, 0.9747051000595093, 0.9117240309715271, 0.9318037033081055, 0.9527572989463806, 0.9421625137329102, 0.9658069610595703, 0.7522122859954834, 0.8759253621101379, 0.9288334846496582, 0.7142534255981445, 0.8857390284538269, 0.9112634658813477], "label": [1, 0, 1, 0, 0, 0, 0]}