{"text": ["XYZ Hospital", "123 tlealth Street,Wellness City", "Phone:+1-234-587-890", "Patlont Nanx:Evo Millor", ":35", "Doctor:Dr.Smith", "Medicine", "Dosage", "Frequency", "Quraton", "TabAlurodn 500", "5tablets", "20ms doy", "5days", "Tab Dolo 650", "15tablets", "3 tmes duy", "7 days", "Tab Cyciomelf", "15tablets", "2 tmes aduy", "10 days", "Cap Dilanun", "10tablets", "2tmesa duy", "30 days", "Tab Cyclopum", "20 tblets", "2 tmes a duy", "30 days", "TabZole fcream", "20 tablets", "2tmesa day", "7 days", "Syrup", "Dosapo", "Froquoncy", "Durotlon", "Syrup Fobrox plus", "Sml", "2 timdoy", "30days", "Syrup Corox", "10ml", "2timday", "5doys", "Advico:", "-Tako tod rost", "Eat nsy-to-digest food like boiled rice with dal", "-Stytydrated"], "confidence": [0.950718343257904, 0.8400601148605347, 0.8966376185417175, 0.8362142443656921, 0.8913528323173523, 0.9685947299003601, 0.930323600769043, 0.9033363461494446, 0.9863637089729309, 0.818080484867096, 0.8177417516708374, 0.901167631149292, 0.767784595489502, 0.8366293907165527, 0.8057987689971924, 0.8647039532661438, 0.7145172357559204, 0.8401936888694763, 0.8073074817657471, 0.8647039532661438, 0.7138233184814453, 0.8690416216850281, 0.8969436287879944, 0.9273074269294739, 0.8305217623710632, 0.8500292897224426, 0.8616951107978821, 0.9003804326057434, 0.7857459187507629, 0.8500292897224426, 0.8900811076164246, 0.8797799944877625, 0.8285581469535828, 0.8404199481010437, 0.983737587928772, 0.8240053653717041, 0.9474319815635681, 0.9282572865486145, 0.9913172721862793, 0.9028758406639099, 0.7660655975341797, 0.8151836395263672, 0.8926152586936951, 0.9357630014419556, 0.8147273659706116, 0.7227104306221008, 0.9238536953926086, 0.7644997239112854, 0.9027966856956482, 0.9111793637275696], "label": [1, 1, 1, 0, 0, 0, 0]}