{"text": ["XYZ Hospital", "123 tlealth Street,Wellness City", "Phone:+1-234-587-890", "Patlont Nanx:Davld Millor", "p:28", "Doctor: Dr.Johnson", "Medicine", "Dosuge", "Frequency", "Duration", "Cup Omez", "15tablets", "3mesday", "10 days", "Cap Zovirax", "5tablets", "2tmes  duy", "5days", "Tab Pan d", "20 tablets", "3 tmes a duy", "5 days", "Tab Dolonex dt", "5tablets", "2 tms  doy", "7 days", "Syrup", "Dosapo", "Froquancy", "Duration", "Syrup Corox-dx", "10ml", "3mday", "5 days", "Advico:", "-Tako bod rost", "Eat nsy-to-dlgest food like boiled rice with dal", "-Stynydrated"], "confidence": [0.9542763829231262, 0.8385964632034302, 0.8889164924621582, 0.8515540957450867, 0.626974880695343, 0.948318600654602, 0.9291982650756836, 0.975483238697052, 0.9788968563079834, 0.9623180627822876, 0.7874990701675415, 0.8927748799324036, 0.8407676815986633, 0.9543588757514954, 0.8821117877960205, 0.895728349685669, 0.7184790968894958, 0.8691898584365845, 0.8987160921096802, 0.8709948658943176, 0.8568880558013916, 0.802062451839447, 0.917527973651886, 0.8909797668457031, 0.7103807330131531, 0.8404199481010437, 0.9728748202323914, 0.7913495898246765, 0.935694694519043, 0.9527572989463806, 0.9186784625053406, 0.9658069610595703, 0.8106390237808228, 0.7771541476249695, 0.9288334846496582, 0.7142534255981445, 0.8857390284538269, 0.8985902667045593], "label": [1, 1, 1, 0, 0, 0, 0]}