{"text": ["XYZ Hospital", "123 tlealth Street,Wellness City", "Phone:+1-234-587-890", "PatlontNanx:Bob Brown", ":40", "Doctor: Dr.Smith", "Medicine", "Dosuge", "Frequency", "Duration", "TabZole fcreum", "5 tablets", "20ms doy", "10duys", "Tab Neurobin Forte", "t5tablets", "2tmes  duy", "7days", "Tab Febrexplus", "5tablets", "3 tmes a duy", "30 days", "Tab Pand", "t5tablets", "3 tmesa doy", "10days", "Syrup", "Dosopo", "Froquancy", "Duratlon", "Syrup Zodax", "10ml", "2 tim doy", "5days", "Advico:", "-Tako tod rost", "Eat nsy-to-dlgest food like boiled rice with dal", "-Stynydrated"], "confidence": [0.9539773464202881, 0.8385964632034302, 0.888440728187561, 0.8560664653778076, 0.7442576289176941, 0.9561169147491455, 0.9286406636238098, 0.9030749201774597, 0.9816504716873169, 0.9623180627822876, 0.899387776851654, 0.887381374835968, 0.751822292804718, 0.9106659889221191, 0.9408137202262878, 0.8831853270530701, 0.6972072124481201, 0.9236086010932922, 0.9418140053749084, 0.9093613624572754, 0.8619096875190735, 0.8833222985267639, 0.9204728007316589, 0.8862625360488892, 0.7037650942802429, 0.924377977848053, 0.9728748202323914, 0.7810644507408142, 0.9354243874549866, 0.8653408288955688, 0.9493877291679382, 0.9658069610595703, 0.7526785135269165, 0.8675468564033508, 0.9288334846496582, 0.7285634279251099, 0.8857390284538269, 0.8869009613990784], "label": [1, 0, 1, 0, 0, 0, 0]}