{"text": ["XYZ Hospital", "123 tlealth Street,Wellnes City", "Phone:+1-234-587-890", "Patlont Nanx:Mla Davis", ":40", "Doctor: Dr.Smith", "Medicine", "Dosage", "Frequency", "Duration", "Tab Allegra", "10 tablets", "20ms dey", "4 duys", "Cap Cypon", "15tablets", "3tmesaday", "10days", "Tab Triz", "15tablets", "2 tmes a duy", "7 days", "Cap Dilanun", "10tablets", "2 tmes a day", "7days", "Syrup", "Dosago", "Froquancy", "Duration", "Syrup TusQ-dx", "10ml", "2 tim doy", "7 daya", "Advico:", "-Takotorost", "Eat nsy-to-dlgest food like boiled rice with dal", "-Stynydrated"], "confidence": [0.9484283924102783, 0.8448141813278198, 0.8976541757583618, 0.7974358201026917, 0.7442576289176941, 0.9529238939285278, 0.8984020948410034, 0.9027800559997559, 0.9838371276855469, 0.9623180627822876, 0.8875899910926819, 0.901634693145752, 0.7710025310516357, 0.9150466918945312, 0.9462138414382935, 0.9092390537261963, 0.8161150813102722, 0.9213528037071228, 0.834576427936554, 0.8927748799324036, 0.8666040897369385, 0.8767657279968262, 0.8713006377220154, 0.9273074269294739, 0.7614920139312744, 0.9485983848571777, 0.9852066040039062, 0.9117240309715271, 0.9354243874549866, 0.9527572989463806, 0.9582335948944092, 0.9658069610595703, 0.81327223777771, 0.8706228733062744, 0.9288334846496582, 0.6892367601394653, 0.8857390284538269, 0.897238552570343], "label": [1, 1, 1, 0, 0, 0, 0]}