{"text": ["XYZ Hospital", "123 tlealth Street,Wellness City", "Phone:+1-234.587-890", "PatlntNam:GrcoD", ":70", "DoctorDr.Tumor", "Medicine", "Dosage", "Frequency", "Duration", "Tab Neurobin Forte", "20tblets", "3mesday", "7 days", "Cap Cypon", "5tablets", "3 umes duy", "5days", "Tab Cetine", "15tablets", "3 tmesa doy", "30 days", "Cap Dilanun", "20 tablets", "2tmesa dey", "30 days", "TabFebrexplus", "10tablets", "3 tmesaday", "7 days", "Tab Combinam", "10tablets", "3 tmesa dey", "30 days", "Syrup", "Dosago", "Froquoncy", "Duratlon", "Syrup Fobrox plusd", "10ml", "3tms doy", "30 dny", "Advico:", "-Tako bod rst", "Eat nsy-to-digest food like boiled dce with dnl", "Stoy bydrated"], "confidence": [0.9478399157524109, 0.8444144129753113, 0.846886157989502, 0.8019828796386719, 0.7763848900794983, 0.970524251461029, 0.9516332745552063, 0.9033363461494446, 0.9790523052215576, 0.9564203023910522, 0.9185634255409241, 0.9145114421844482, 0.843670666217804, 0.8633471131324768, 0.9482634663581848, 0.8909797668457031, 0.697359561920166, 0.8366293907165527, 0.9289412498474121, 0.8647039532661438, 0.7694242000579834, 0.8866694569587708, 0.9075960516929626, 0.8967920541763306, 0.8095513582229614, 0.8513266444206238, 0.973810076713562, 0.9273074269294739, 0.8478784561157227, 0.8404199481010437, 0.952059805393219, 0.9273074269294739, 0.7706842422485352, 0.8513266444206238, 0.974157989025116, 0.9641801714897156, 0.9524527788162231, 0.9890358448028564, 0.9481344223022461, 0.9717352390289307, 0.7060664892196655, 0.7926518321037292, 0.9678077101707458, 0.7890586853027344, 0.8593538999557495, 0.806763768196106], "label": [1, 1, 1, 0, 0, 0, 0]}