{"text": ["XYZ Hospital", "123 tlealth Street,Wellness City", "Phone:+1-234.587-890", "PatlntNamx:GracoD", "p:33", "Doctor: Dr. Smith", "Medicine", "Dosuge", "Frequency", "Duration", "Cap Omez", "5 tablets", "20ms doy", "5 days", "Tab Cyciomelf", "5tablets", "3tmesaday", "30 days", "Cap Colmmune", "10tablets", "3tmesaduy", "30 days", "TabAllegra", "10tablets", "3tmes aday", "10days", "Tab Neurobin Forte", "10tablets", "3 tmesaday", "30days", "TabCiplox500", "15tablets", "2 tmes a day", "7 days", "Syrup", "Dosago", "Froquoncy", "Duratlon", "Syrup TusQ dx", "10ml", "3 tms doy", "7day", "Advico:", "-Tako to rost", "Eat nsy-to-digest food like boiled dce with dnl", "Stoytydrated"], "confidence": [0.9476857781410217, 0.8444144129753113, 0.846886157989502, 0.7631105184555054, 0.8159250020980835, 0.960957944393158, 0.9307171702384949, 0.9740098118782043, 0.9791619777679443, 0.965709924697876, 0.8123461008071899, 0.887381374835968, 0.7523245811462402, 0.7493965029716492, 0.8483896851539612, 0.9079194068908691, 0.8278234004974365, 0.8513266444206238, 0.879073441028595, 0.9247161149978638, 0.8625564575195312, 0.8866694569587708, 0.9526650309562683, 0.9273074269294739, 0.8595724105834961, 0.8655838966369629, 0.9521243572235107, 0.9273074269294739, 0.8478784561157227, 0.8994854092597961, 0.9324384331703186, 0.9037178754806519, 0.7614920139312744, 0.8404199481010437, 0.9719002842903137, 0.9523525834083557, 0.9524527788162231, 0.9877357482910156, 0.943820595741272, 0.9751888513565063, 0.7108118534088135, 0.940690815448761, 0.9678854942321777, 0.7480148077011108, 0.8616782426834106, 0.8621355891227722], "label": [1, 1, 1, 0, 0, 0, 0]}