{"text": ["XYZ Hospital", "123 tlealth Street,Wellness City", "Phone:+1-234.587-890", "Patlont Nam:Charlo Ro", "Ap:35", "Doctor: Dr. Millor", "Medicine", "Dosuge", "Frequency", "Duration", "Tab Combinam", "5 tablets", "3mesaday", "7 days", "Tab Cyclomeff", "20 tblets", "2tmesaday", "7 days", "Tab Febrexplus", "t5tblets", "3 tmesaday", "7 days", "TabAluhrodin 500", "t5tablets", "2 tm5 a doy", "5days", "Syrup", "Dosago", "Froquancy", "Duration", "Syrup Cypon", "10ml", "2 t day", "7days", "Syrup Brozodax", "10ml", "2timday", "7day", "Advico:", "-Tako tod rost", "Eat nsy-to-dlgest food like boiled rice with dal", "-Stayhydrated"], "confidence": [0.9544928669929504, 0.8356792330741882, 0.8577502369880676, 0.8074308037757874, 0.7742155194282532, 0.9544703960418701, 0.9302595853805542, 0.9427713751792908, 0.9860424399375916, 0.964890718460083, 0.9289951324462891, 0.8419929146766663, 0.786628782749176, 0.8635157942771912, 0.8640376329421997, 0.9248446226119995, 0.79105544090271, 0.8480218052864075, 0.9460821151733398, 0.9061143398284912, 0.8477917909622192, 0.8480218052864075, 0.7435046434402466, 0.8862625360488892, 0.7405419945716858, 0.886221706867218, 0.9701129198074341, 0.8384754657745361, 0.9578430652618408, 0.9605920314788818, 0.9486499428749084, 0.9347427487373352, 0.6956668496131897, 0.8676953315734863, 0.8707041144371033, 0.911413848400116, 0.8032128214836121, 0.8483083248138428, 0.9677251577377319, 0.8325566649436951, 0.9003981947898865, 0.8854078650474548], "label": [1, 0, 1, 0, 0, 0, 0]}