{"text": ["XYZ Hospital", "123 tlealth Street,Wellness City", "Phone:+1-234.587-890", "Patlant Namx:Jano Wilson", "p:45", "Doctor: Dr. Millor", "Medicine", "Dosage", "Frequency", "Duration", "Cap Zovirax", "20 tblets", "3mesday", "4days", "Cap Dilanun", "20 tablets", "2tmesaday", "10days", "TabAlurodin 500", "t5tablets", "2 tmesa dey", "4 days", "Tab Pan d", "5tablets", "2umesaday", "t4days", "TabCiplox500", "5 tablets", "3 tmesaday", "5days", "Syrup", "Dosapo", "Froquoncy", "Duratlon", "Syrup Corox-dx", "10ml", "2mdoy", "30dny", "Syrup Corox", "10ml", "2tims doy", "4 days", "Advico:", "-Tako tod rost", "Eat nsy-to-digest food like boiled rice with dnl", "Stoybydrated"], "confidence": [0.9501902461051941, 0.8445711135864258, 0.8589719533920288, 0.8428666591644287, 0.7807413339614868, 0.9706813097000122, 0.9280179142951965, 0.8897534012794495, 0.9788968563079834, 0.9623180627822876, 0.8650400042533875, 0.9135541915893555, 0.8203554749488831, 0.9657290577888489, 0.9155446887016296, 0.9054545164108276, 0.8136573433876038, 0.9015160202980042, 0.8053543567657471, 0.8791769742965698, 0.7692209482192993, 0.8880710601806641, 0.9056241512298584, 0.8669136762619019, 0.8168338537216187, 0.8510770797729492, 0.9353435039520264, 0.8480369448661804, 0.8321623802185059, 0.8746163249015808, 0.9719002842903137, 0.7913495898246765, 0.9507405757904053, 0.9960426092147827, 0.9675631523132324, 0.9483411312103271, 0.7551538348197937, 0.8377351760864258, 0.8918769955635071, 0.9604064226150513, 0.7249763607978821, 0.8612959980964661, 0.9678077101707458, 0.7691457867622375, 0.8524071574211121, 0.8409426212310791], "label": [1, 1, 1, 0, 0, 0, 0]}