{"text": ["XYZ Hospital", "123 tlealth Street,Wellness City", "Phone:+1-234-587-890", "Patlont Nanx:Allco Wlllams", ":40", "Doctor: Dr.Lao", "Medicine", "Dosuge", "Frequency", "Duration", "Tab Combinam", "10tablets", "3mesa day", "10days", "Tab Febrexplus", "10tablets", "2 tmes  duy", "7 days", "Cup Cypon", "5tablets", "2 tmsa duy", "30 duys", "TabNeurobin Forte", "15tablets", "3tmes aday", "7 days", "Tab Dolonex dt", "10tablets", "3 tmesaday", "7 days", "TabCyciopam", "15tablets", "2 tms a dey", "$ duys", "Syrup", "Dosapo", "Froquoncy", "Duratlon", "Syrup Corox", "Sml", "3tims doy", "10day", "Syrup Grillnctus tm", "10ml", "3timsday", "14 doy", "Advico:", "-Tako tod rost", "Eat nsy-to-digest food like boiled rice with dnl", "-Stytydrated"], "confidence": [0.95036381483078, 0.8402786254882812, 0.886119544506073, 0.8458573818206787, 0.799386203289032, 0.8987442255020142, 0.9286406636238098, 0.9415733814239502, 0.9901472926139832, 0.9623180627822876, 0.9278090000152588, 0.9273074269294739, 0.7508084774017334, 0.8628065586090088, 0.9463182687759399, 0.9273074269294739, 0.681406557559967, 0.8401936888694763, 0.8976457118988037, 0.916618824005127, 0.77337646484375, 0.8944264054298401, 0.9577939510345459, 0.8671495914459229, 0.8576598167419434, 0.8452855944633484, 0.9123110771179199, 0.9273074269294739, 0.8335834741592407, 0.8720644116401672, 0.9030789732933044, 0.8990643620491028, 0.7880218029022217, 0.923030436038971, 0.988613486289978, 0.8228013515472412, 0.9474319815635681, 0.9896453619003296, 0.8836148977279663, 0.9028758406639099, 0.7389755249023438, 0.8234761357307434, 0.9923530220985413, 0.9599877595901489, 0.7387583255767822, 0.770780086517334, 0.9210488200187683, 0.7757540941238403, 0.8472199440002441, 0.9110611081123352], "label": [1, 0, 1, 0, 0, 0, 0]}