{"text": ["XYZ Hospital", "123 tlealth Street,Wellness City", "Phone:+1-234.587-890", "PatlantNanx:Bob Dav", "Ap:58", "Doctor: Dr.Johnson", "Medidine", "Dosuge", "Frequency", "Duration", "Tab Evlon", "15tablets", "3mesday", "10days", "Tab Thiz", "5tablets", "2tmesaday", "10days", "Tab Pan d", "20 tablets", "3tmesaday", "10 days", "TabClavum025", "t5tablets", "2 tms a duy", "7 days", "TabZole fcream", "5 tablets", "2tmesaday", "5days", "Syrup", "Dosapo", "Froquoncy", "Duratlon", "SyrupTus dx", "Sml", "3 tms doy", "5day", "Syrup Grillnctus bm", "10ml", "2tims doy", "5 days", "Advico:", "-Tako bod rost", "Eat ensy-to-digest food like boiled rice with dnl", "Stoy bydrated"], "confidence": [0.9488534331321716, 0.8498444557189941, 0.8575018644332886, 0.8250201344490051, 0.5542054772377014, 0.9679127931594849, 0.9150784015655518, 0.9740098118782043, 0.9788968563079834, 0.9623180627822876, 0.915312647819519, 0.8927748799324036, 0.843670666217804, 0.9148828983306885, 0.8038476705551147, 0.8912277221679688, 0.8098122477531433, 0.9213528037071228, 0.8979146480560303, 0.8709948658943176, 0.8612986207008362, 0.8690416216850281, 0.8768250942230225, 0.8791769742965698, 0.7963521480560303, 0.8720644116401672, 0.8871317505836487, 0.8480369448661804, 0.8281590342521667, 0.8746163249015808, 0.9703512191772461, 0.7913495898246765, 0.9496034979820251, 0.9959683418273926, 0.8686044812202454, 0.927854061126709, 0.7108118534088135, 0.7321327924728394, 0.9747210144996643, 0.9401394128799438, 0.7010757923126221, 0.8215978741645813, 0.9662078022956848, 0.7410234808921814, 0.844878613948822, 0.7955535054206848], "label": [1, 0, 1, 0, 0, 0, 0]}