{"text": ["XYZ Hospital", "123 tlealth Street,Wellness City", "Phone:+1-234.587-890", "Patlant Namx:Llam Millar", "p:72", "Doctor:Dr.Smith", "Medicine", "Dosage", "Frequency", "Duration", "Cup Cypon", "5tablets", "3mesday", "10days", "Tab Dolonex dt", "5tablets", "3mesadey", "7 days", "TabDolo650", "10tablets", "2 tmes doy", "4days", "Tab Clavum025", "15tablets", "3 tmesa dey", "30 days", "Tab Combinam", "10tablets", "3 tmesaday", "10days", "Syrup", "Dosapo", "Froquoncy", "Duratlon", "Syrup Brozodax", "10ml", "2timday", "14day", "Advico:", "-Tako tod rost", "Eat nsy-to-dlgest food like boiled dce with dal", "-Staytydrated"], "confidence": [0.9549286961555481, 0.8445388078689575, 0.8541738390922546, 0.8361282348632812, 0.77070152759552, 0.9709880948066711, 0.9286406636238098, 0.9033363461494446, 0.9860424399375916, 0.9629752039909363, 0.8851704597473145, 0.901167631149292, 0.8470074534416199, 0.9210941195487976, 0.9163942337036133, 0.8861472606658936, 0.8534695506095886, 0.8720644116401672, 0.8875113725662231, 0.9247161149978638, 0.7549512386322021, 0.9184122085571289, 0.8533686995506287, 0.8623680472373962, 0.7801483273506165, 0.8867191672325134, 0.9417837262153625, 0.9273074269294739, 0.8438262939453125, 0.924377977848053, 0.9720994234085083, 0.7875345349311829, 0.9624842405319214, 0.962416410446167, 0.95579993724823, 0.9347427487373352, 0.7507635354995728, 0.7760825753211975, 0.9671358466148376, 0.8298397660255432, 0.9010859727859497, 0.9319948554039001], "label": [1, 0, 1, 0, 0, 0, 0]}