{"text": ["XYZ Hospital", "123 tlealth Street,Wellness City", "Phone:+1-234.587-890", "PatlantNamx:Llam Smith", "p:71", "DoctorDr.Tumor", "Medidine", "Dosuge", "Frequency", "Duration", "Tab Pan d", "15tablets", "3mesday", "7 duys", "Tab Dolo 650", "10 tablets", "2 tmes  duy", "10days", "TabZole fcream", "t5tablets", "3 tmesaday", "10 days", "Cap Omez", "5tblets", "3 tmesa dey", "30 days", "Syrup", "Dosapo", "Froquancy", "Ouratlon", "Syrup Fobrox plus", "Sml", "3tm doy", "30 days", "SyrupTus dx", "Sml", "2timday", "5doy", "Advico:", "-Tako tod rost", "Eat nsy-to-dlgest food like boiled dce with dal", "-Stayhydrated"], "confidence": [0.95541912317276, 0.8432550430297852, 0.8541738390922546, 0.8374935388565063, 0.740033745765686, 0.9667917490005493, 0.9187687635421753, 0.9420654773712158, 0.9838371276855469, 0.9629752039909363, 0.9297789335250854, 0.8910351991653442, 0.8416870832443237, 0.9796134829521179, 0.8071846961975098, 0.8921223878860474, 0.681406557559967, 0.9213528037071228, 0.8823711276054382, 0.8833587169647217, 0.8563558459281921, 0.8690416216850281, 0.8726394176483154, 0.8796586990356445, 0.7014458179473877, 0.8853435516357422, 0.9747051000595093, 0.8093938827514648, 0.9563462734222412, 0.8903303146362305, 0.9921347498893738, 0.8684621453285217, 0.7214878797531128, 0.8685017824172974, 0.8724809885025024, 0.9197258949279785, 0.7986935377120972, 0.7402545213699341, 0.96641606092453, 0.7913808822631836, 0.9047735333442688, 0.8862071633338928], "label": [1, 1, 1, 0, 0, 0, 0]}