{"text": ["XYZ Hospital", "123 tlealth Street,Wellness City", "Phone:+1-234.587-890", "PatlantNanx:Davld Brown", "p:45", "Doctor: Dr.Lao", "Medicine", "Dosuge", "Frequency", "Duration", "Cap Dilanun", "15tablets", "3mesday", "5 days", "Tab Cetine", "t5tablets", "2 ums  doy", "7 days", "Tab Evion", "5tablets", "3 tmes dey", "14days", "Tab Combinam", "20 toblets", "2 tmesa dey", "5 days", "Tab Sumo cold", "t5tablets", "3 tmesaday", "30 days", "Syrup", "Dosapo", "Froquoncy", "Duratlon", "Syrup Cypon", "Sml", "3timsday", "7day", "Advico:", "-Tako tod rst", "Eat nsy-to-dlgest food like boiled dce with dal", "-Staytydrated"], "confidence": [0.9493833184242249, 0.8383982181549072, 0.8541738390922546, 0.8186413049697876, 0.7807413339614868, 0.8956195116043091, 0.930323600769043, 0.9427713751792908, 0.9838371276855469, 0.965709924697876, 0.8760963678359985, 0.8913987278938293, 0.845176637172699, 0.7393367886543274, 0.9347408413887024, 0.8836497068405151, 0.7191870808601379, 0.8767657279968262, 0.9258222579956055, 0.9093613624572754, 0.7872068881988525, 0.8488211035728455, 0.9493870139122009, 0.8743324279785156, 0.8118886351585388, 0.8013837933540344, 0.899394690990448, 0.8830724954605103, 0.8439608812332153, 0.8853435516357422, 0.9747051000595093, 0.90958172082901, 0.9749724864959717, 0.9097633361816406, 0.9505860805511475, 0.9197258949279785, 0.7440789937973022, 0.8434621095657349, 0.9691476225852966, 0.7383317947387695, 0.9010121822357178, 0.937537431716919], "label": [1, 1, 1, 0, 0, 0, 0]}