{"text": ["XYZ Hospital", "123 tlealth Street,Wellness City", "Phone:+1-234.587-890", "PatlntNamx:Llam R", ":20", "DoctorDr.Tumor", "Medicine", "Dosuge", "Frequency", "Duration", "Tab Dolonex dt", "15tablets", "20ms dey", "7 days", "Tab Neurobin Forte", "20 tblets", "2tmesa dey", "$ days", "Cap Pan d", "5tablets", "3 tmesaday", "7days", "TabA1urodin 500", "10tablets", "3 tmesa dey", "10days", "Syrup", "Dosago", "Froquancy", "Duratlon", "Syrup TusQ-dx", "Sml", "3 ts doy", "14day", "SyrupCorax", "10ml", "2timday", "7day", "Advico:", "-Tako tod rost", "Eat nsy-to-dlgest food like boiled rice with dal", "-Staytydrated"], "confidence": [0.9527716040611267, 0.8392036557197571, 0.8577502369880676, 0.7796739935874939, 0.8948600888252258, 0.9667707681655884, 0.9286406636238098, 0.9427713751792908, 0.9838371276855469, 0.955414891242981, 0.9119105935096741, 0.8927748799324036, 0.7710025310516357, 0.8594018816947937, 0.9274117350578308, 0.9185055494308472, 0.7338863611221313, 0.9286584258079529, 0.9084928035736084, 0.8878754377365112, 0.8532909154891968, 0.9236086010932922, 0.830314576625824, 0.9247161149978638, 0.7414395809173584, 0.9470896124839783, 0.9747051000595093, 0.8347269892692566, 0.9293076395988464, 0.8700814247131348, 0.9696215987205505, 0.8684621453285217, 0.6967481374740601, 0.8005935549736023, 0.9244626760482788, 0.911413848400116, 0.7905095219612122, 0.8190528750419617, 0.9683253169059753, 0.7706423997879028, 0.9031388163566589, 0.876143217086792], "label": [1, 1, 1, 0, 0, 0, 0]}