{"text": ["XYZ Hospital", "123 tlealth Street,Wellness City", "Phone:+1-234.587-890", "Patlont Namx:Mla D", ":24", "Doctor: Dr.Lo", "Medicine", "Dosuge", "Frequency", "Duration", "TabCyclopam", "10 tablets", "3umesa day", "7 days", "Cap Dilanun", "20 tablets", "3umesaday", "4days", "Tab Neurobin Forte", "20 tablets", "3 tmesa day", "10 days", "Cap Omez", "5tablets", "3tmes adey", "4days", "Tab Cyclomeff", "20 toblets", "3 tmesaday", "4days", "Syrup", "Dosago", "Froquoncy", "Duratlon", "Syrup TusQ dx", "10ml", "2timday", "10day", "Advico:", "-Tako tod rost", "Eat nsy-to-dlgest food like boiled dce with dal", "-Staytydrated"], "confidence": [0.9556338787078857, 0.8386499881744385, 0.860508918762207, 0.7964622378349304, 0.866183340549469, 0.9484099745750427, 0.930323600769043, 0.9375312328338623, 0.9838371276855469, 0.9564203023910522, 0.9032459855079651, 0.901634693145752, 0.8330917358398438, 0.8594018816947937, 0.86086505651474, 0.9054545164108276, 0.8489219546318054, 0.9184122085571289, 0.9445422291755676, 0.8957331776618958, 0.7573702335357666, 0.8715320229530334, 0.8449598550796509, 0.8612961769104004, 0.8477534055709839, 0.9184122085571289, 0.8332980871200562, 0.8743324279785156, 0.8482871055603027, 0.9184122085571289, 0.9747051000595093, 0.9843099117279053, 0.9624842405319214, 0.9632958173751831, 0.9495112895965576, 0.9483411312103271, 0.7432094216346741, 0.8202261924743652, 0.9675191640853882, 0.7947360873222351, 0.8972930908203125, 0.937537431716919], "label": [1, 1, 1, 0, 0, 0, 0]}