{"text": ["XYZ Hospital", "123 tlealth Street,Wellness City", "Phone:+1-234.587-890", "PatlantNanx:Bob Davs", "p:71", "Doctor: Dr.Patol", "Medicine", "Dosage", "Frequency", "Duration", "TabClavum 025", "20tblets", "3mesday", "5 days", "Tab Sumo cold", "5tablets", "3 umes duy", "7 days", "Tab Neurobin Forte", "20 tblets", "3 tmesaduy", "10 duys", "TabFebrexplus", "5tablets", "2tmesa dey", "10days", "TabA1uhrodn 500", "10tablets", "3 tmesaday", "10 days", "Tab Trz", "5tablets", "2 tmes a doy", "30 days", "Syrup", "Dosago", "Froquoncy", "Duratlon", "Syrup Corox-dx", "Sml", "3 tms doy", "14days", "Advico:", "-Tako bod rst", "Eat nsy-to-digest food like boiled dce with dnl", "Stoy bydrated"], "confidence": [0.9489903450012207, 0.8498444557189941, 0.8575018644332886, 0.8195513486862183, 0.740033745765686, 0.953412652015686, 0.930323600769043, 0.8897534012794495, 0.9790523052215576, 0.965709924697876, 0.8155386447906494, 0.9145114421844482, 0.843670666217804, 0.7547540068626404, 0.9383442401885986, 0.8909797668457031, 0.697359561920166, 0.8401936888694763, 0.9564709067344666, 0.9086169004440308, 0.8275696635246277, 0.8750689625740051, 0.9686865210533142, 0.9046000242233276, 0.8095513582229614, 0.9213528037071228, 0.7905848026275635, 0.9273074269294739, 0.8478784561157227, 0.8715320229530334, 0.9231915473937988, 0.8909797668457031, 0.7914690375328064, 0.8513266444206238, 0.9719002842903137, 0.9144992828369141, 0.9524527788162231, 0.9878179430961609, 0.9731125235557556, 0.927854061126709, 0.7108118534088135, 0.8428124785423279, 0.9678854942321777, 0.7454431056976318, 0.8601347208023071, 0.7944247722625732], "label": [1, 0, 1, 0, 0, 0, 0]}