{"text": ["XYZ Hospital", "123 tlealth Street,Wellness City", "Phone:+1-234.587-890", "Patlant Namx:AllcoJohnson", ":54", "Doctor: Dr.Lo", "Medicine", "Dosage", "Frequency", "Duration", "Cap CoImmune", "5tablets", "3mesday", "30 days", "Tab Zole fcream", "10 tablets", "2 ms  doy", "$ days", "Tab Febrex plus", "10tablets", "2tmes aday", "30 days", "Tab Pan d", "5tablets", "2 tms a duy", "7 days", "Tab Cyclomeff", "5 tablets", "3 tmesaday", "10days", "Syrup", "Dosago", "Froquoncy", "Duratlon", "Syrup TusQ dx", "10ml", "3timsday", "7day", "Advico:", "-Tako tod rost", "Eat nsy-to-dlgest food like boiled dce with dal", "-Stayhydrated"], "confidence": [0.951866626739502, 0.8402663469314575, 0.8577502369880676, 0.8550586700439453, 0.8006799817085266, 0.9291847944259644, 0.9307171702384949, 0.9033363461494446, 0.9852608442306519, 0.965709924697876, 0.8892607092857361, 0.9079194068908691, 0.8376972079277039, 0.8833222985267639, 0.8712989091873169, 0.8921223878860474, 0.7381319999694824, 0.9325768351554871, 0.9116061329841614, 0.9273074269294739, 0.7747554779052734, 0.8866694569587708, 0.9056241512298584, 0.8590483665466309, 0.7953894138336182, 0.9913495182991028, 0.8318148851394653, 0.8494940996170044, 0.8251968622207642, 0.9213528037071228, 0.9747051000595093, 0.8360254764556885, 0.9767853617668152, 0.8988408446311951, 0.9437258839607239, 0.9483411312103271, 0.7220712900161743, 0.8434621095657349, 0.9675191640853882, 0.7905479669570923, 0.8972930908203125, 0.8896684050559998], "label": [1, 1, 1, 0, 0, 0, 0]}