{"text": ["XYZ Hospital", "123 tlealth Street,Wellness City", "Phone:+1-234.587-890", "PatlantNamx:Evo Davs", ":30", "Doctor: Dr.Lo", "Medicine", "Dosage", "Frequency", "Duration", "Tab Dolonex dt", "5tablets", "3mesday", "10duys", "Cup Colmmune", "t5tablets", "2tmesaday", "$ days", "Cap Cypon", "5tablets", "3 tmesaday", "14days", "Tab Combinam", "20 tablets", "3 tmesa dey", "10days", "Syrup", "Dosago", "Froquancy", "Duration", "Syrup Brozodox", "Sml", "2 tm doy", "30 day", "Syrup Cypon", "10ml", "2timday", "10day", "Advico:", "-Tako bod rost", "Eat nsy-to-digest food like boiled rice with dal", "-Staytydrated"], "confidence": [0.9556338787078857, 0.8383982181549072, 0.8541738390922546, 0.8156896829605103, 0.786027729511261, 0.9251375794410706, 0.9259157180786133, 0.9033363461494446, 0.9859857559204102, 0.9623180627822876, 0.9152517318725586, 0.901167631149292, 0.8376972079277039, 0.9137234091758728, 0.8779525756835938, 0.8511607646942139, 0.7935383915901184, 0.9286584258079529, 0.9467299580574036, 0.9093613624572754, 0.8438262939453125, 0.8488211035728455, 0.9457769989967346, 0.8983814120292664, 0.7090640664100647, 0.9470896124839783, 0.9720994234085083, 0.8239191174507141, 0.9061452150344849, 0.9392375946044922, 0.9760462641716003, 0.8684621453285217, 0.7102198600769043, 0.7933688163757324, 0.9254570603370667, 0.911413848400116, 0.8054354786872864, 0.7979649305343628, 0.967370867729187, 0.8304697871208191, 0.8990753293037415, 0.9250409007072449], "label": [1, 1, 1, 0, 0, 0, 0]}