{"text": ["XYZ Hospital", "123 tlealth Street,Wellness City", "Phone:+1-234.587-890", "Patlant Namx:Allco Wlllams", ":07", "DoctorDr.Johnson", "Modicine", "Dosuge", "Frequency", "Duration", "Cap Colmmune", "20 tblets", "3mesday", "$ duys", "Tab Allegra", "10 tablets", "2tmesa dey", "10days", "Cup Cypon", "10tablets", "2 tmsa duy", "30 days", "Cap Zovirax", "5tablets", "2tmesa dey", "30 days", "Cap Dilanun", "10tablets", "2 umes a duy", "t4duys", "Tab Pand", "15tablets", "2 tms a doy", "30 days", "Syrup", "Dosago", "Froquoncy", "Duratlon", "Syrup TusQx", "Sml", "3 tms doy", "7day", "Advico:", "-Takoto rst", "Eat nsy-to-digest food like boiled dce with dnl", "Stoytydrated"], "confidence": [0.9432012438774109, 0.8428828716278076, 0.8589719533920288, 0.8369534015655518, 0.8011953830718994, 0.9801073670387268, 0.9114992022514343, 0.9427713751792908, 0.9788968563079834, 0.965709924697876, 0.8638105392456055, 0.9135541915893555, 0.8311110138893127, 0.8746140599250793, 0.9202009439468384, 0.8921223878860474, 0.7338863611221313, 0.8654675483703613, 0.9002856016159058, 0.9273074269294739, 0.7483718395233154, 0.8833222985267639, 0.8877450823783875, 0.9046000242233276, 0.8084509968757629, 0.8500292897224426, 0.8920813202857971, 0.9273074269294739, 0.7368073463439941, 0.8394883275032043, 0.9165558815002441, 0.9037178754806519, 0.8156778216362, 0.8513266444206238, 0.9719002842903137, 0.9641801714897156, 0.8976813554763794, 0.9877357482910156, 0.9335668683052063, 0.927854061126709, 0.7108118534088135, 0.940690815448761, 0.9678854942321777, 0.7491977214813232, 0.8601347208023071, 0.8416457772254944], "label": [1, 1, 1, 0, 0, 0, 0]}