{"text": ["XYZ Hospital", "123 tlealth Street,Wellness City", "Phone:+1-234.587-890", "PatlantNam:Bob D", "p:39", "Doctor: Dr.Pato1", "Medicine", "Dosuge", "Frequency", "Duration", "TabCyciomelf", "15tablets", "3mesday", "$ duys", "Cap Omez", "15tablets", "20mesaday", "4duys", "Tab Pan d", "10tablets", "3 tmesa doy", "5 days", "Cap Dilanun", "15tablets", "2tmesa day", "7 days", "TabDolo 650", "15tablets", "2 tmes a duy", "14duys", "Tab Cyciopum", "10tablets", "3 tmesa dey", "$ days", "Syrup", "Dosago", "Froquoncy", "Duratlon", "Syrup TusQx", "10ml", "2tdoy", "5 day", "Advico:", "-Tako tod rost", "Eat nsy-to-digest food like boiled dce with dnl", "Stoybydrated"], "confidence": [0.953935444355011, 0.8418617844581604, 0.8581722378730774, 0.8296124339103699, 0.6949520111083984, 0.917064905166626, 0.9314273595809937, 0.9427713751792908, 0.9790523052215576, 0.964890718460083, 0.8647331595420837, 0.8647039532661438, 0.8467262983322144, 0.8634000420570374, 0.8599761724472046, 0.9037178754806519, 0.7605206966400146, 0.9136894941329956, 0.9028884172439575, 0.9273074269294739, 0.7694242000579834, 0.7493965029716492, 0.9237945675849915, 0.8671495914459229, 0.7730736136436462, 0.8452855944633484, 0.8375915288925171, 0.8647039532661438, 0.7853452563285828, 0.8727502822875977, 0.8590240478515625, 0.9273074269294739, 0.7643855810165405, 0.9325768351554871, 0.9719002842903137, 0.9582054018974304, 0.9524527788162231, 0.9855690598487854, 0.9340599179267883, 0.9751888513565063, 0.698294997215271, 0.8135870099067688, 0.9678854942321777, 0.7401899099349976, 0.8616782426834106, 0.8392142653465271], "label": [1, 1, 1, 0, 0, 0, 0]}