{"text": ["XYZ Hospital", "123 tlealth Street,Wellness City", "Phone:+1-234.587-890", "Patlont Namx:Mla Wlson", ":70", "Doctor: Dr.Patol", "Medicine", "Dosage", "Frequency", "Duration", "Tab Sumo cold", "20 tblets", "3mesday", "30 days", "Tab Febrex plus", "10 tablets", "3 umes dey", "4days", "Cap Zovirax", "10 tablets", "3tmes aday", "4 days", "Tab Neurobin Forte", "5 tablets", "3tmes aday", "7 days", "Tab Evion", "5tablets", "3 tmesaday", "10days", "Syrup", "Dosapo", "Froquoncy", "Duratlon", "Syrup Fobroxplus", "10ml", "3tms doy", "10dny", "Syrup TusQ dx", "Sml", "2tims doy", "10dny", "Advico:", "-Tako bod rst", "Eat nsy-to-digest food like boiled rice with dnl", "Stoy bydrated"], "confidence": [0.9513852596282959, 0.8410260081291199, 0.8589719533920288, 0.8380191326141357, 0.8068459033966064, 0.9474242925643921, 0.9499181509017944, 0.9033363461494446, 0.9788968563079834, 0.964890718460083, 0.9120500087738037, 0.9135541915893555, 0.843670666217804, 0.8724113702774048, 0.9090470671653748, 0.8921223878860474, 0.7338784337043762, 0.8935898542404175, 0.8862808346748352, 0.8921223878860474, 0.8267742395401001, 0.8902750611305237, 0.9500436782836914, 0.8665355443954468, 0.8498398065567017, 0.8767657279968262, 0.9518323540687561, 0.9079194068908691, 0.8439608812332153, 0.924377977848053, 0.974157989025116, 0.7913495898246765, 0.9255363941192627, 0.9960426092147827, 0.8550795912742615, 0.9483411312103271, 0.7060664892196655, 0.6375325322151184, 0.9829253554344177, 0.9197258949279785, 0.7010757923126221, 0.7591055631637573, 0.96775883436203, 0.7464123964309692, 0.8504207730293274, 0.806763768196106], "label": [1, 1, 1, 0, 0, 0, 0]}