{"text": ["XYZ Hospital", "123 tlealth Street,Wellness City", "Phone:+1-234-587-890", "Patlant Nanx:Jano D", "Doctor: Dr.Johnson", "Medicine", "Dosuge", "Frequency", "Duration", "Tab Cyclopum", "10 tablets", "20ms dey", "7 duys", "TabAlurocin 500", "15tablets", "3tmesaday", "4days", "Tab Zole fcream", "20 tblets", "2 tmes a duy", "7 days", "Tab Neurobin Forte", "20 tblets", "3 tmesa dey", "30 days", "Syrup", "Dosago", "Froquancy", "Duration", "Syrup Fobrox plus", "Sml", "2 tim doy", "30day", "Advico:", "-Tako tod rost", "Eat nsy-to-dlgest food like boiled rice with dal", "-Stynydrated"], "confidence": [0.9555370807647705, 0.8395678997039795, 0.9010553359985352, 0.7919560074806213, 0.9490225315093994, 0.9259157180786133, 0.9054610133171082, 0.9838311672210693, 0.9623180627822876, 0.8656368851661682, 0.901634693145752, 0.7710025310516357, 0.9796134829521179, 0.796897828578949, 0.8927748799324036, 0.8161150813102722, 0.8935898542404175, 0.8462320566177368, 0.9248446226119995, 0.8931125998497009, 0.8480218052864075, 0.933675229549408, 0.9086169004440308, 0.8120609521865845, 0.8853435516357422, 0.9728748202323914, 0.9191999435424805, 0.9371910095214844, 0.9527572989463806, 0.9945361018180847, 0.8684621453285217, 0.7526785135269165, 0.8759253621101379, 0.9288334846496582, 0.7151188254356384, 0.8857390284538269, 0.8881500363349915], "label": [1, 0, 1, 0, 0, 0, 0]}