{"text": ["XYZ Hospital", "123 tlealth Street,Wellness City", "Phone:+1-234.587-890", "PatlontNam:Allco D", "02", "Doctor: Dr. Smith", "Medicine", "Dosauge", "Frequency", "Duration", "Cap Dilanun", "10 tablets", "3mesday", "4duys", "Tab Clavum025", "15tablets", "20mesa duy", "7 days", "Tab Combinam", "20 tablets", "3tmesaduy", "4 duys", "Cap Cypon", "10tablets", "2tmesa day", "7 days", "TabAllegra", "10tablets", "3 tmesaday", "30days", "Tab Febrexplus", "15tablets", "2 tms a dey", "t4days", "Syrup", "Dosago", "Froquoncy", "Duratlon", "Syrup Corox", "10ml", "2tmdoy", "30 dny", "Advico:", "-Tako tod rost", "Eat nsy-to-digest food like boiled dce with dnl", "Stoytydrated"], "confidence": [0.95210862159729, 0.8482159376144409, 0.8581722378730774, 0.7980101704597473, 0.7370598316192627, 0.9478743076324463, 0.9307171702384949, 0.8137890696525574, 0.9790523052215576, 0.9623180627822876, 0.8809747099876404, 0.8778047561645508, 0.8458738923072815, 0.9136894941329956, 0.8351331949234009, 0.8671495914459229, 0.7259731888771057, 0.861883819103241, 0.9234347939491272, 0.8709948658943176, 0.8625564575195312, 0.939846932888031, 0.920978844165802, 0.9273074269294739, 0.8125905990600586, 0.861883819103241, 0.9402159452438354, 0.9273074269294739, 0.849814236164093, 0.896605908870697, 0.940710723400116, 0.9037178754806519, 0.7383468747138977, 0.8406792283058167, 0.9719002842903137, 0.958836555480957, 0.9529516696929932, 0.9814329147338867, 0.8861015439033508, 0.9717352390289307, 0.7179483771324158, 0.7926518321037292, 0.9678854942321777, 0.7538960576057434, 0.861255407333374, 0.856630802154541], "label": [1, 1, 1, 0, 0, 0, 0]}