{"text": ["XYZ Hospital", "123 tlealth Street,Wellness City", "Phone:+1-234.587-890", "Patlant Namx:Jano Millor", ":24", "Doctor: Dr.Patol", "Medicine", "Dosage", "Frequency", "Duration", "Tab Neurobin Forte", "20 tblets", "20ms day", "7 duys", "Cap Pan d", "5tablets", "3umesaday", "30 days", "TabA1urodn 500", "20 tablets", "2 tmes aduy", "10 days", "Cap Dilanun", "15tablets", "3tmes aday", "30 days", "Cup Cypon", "20 tblets", "3 tmesaday", "10 days", "Cap Omez", "10tablets", "3 tmesa dey", "30 days", "Syrup", "Dosago", "Froquoncy", "Duratlon", "Syrup Corox-dx", "10ml", "3tms doy", "5 day", "Advico:", "-Tako to rost", "Eat nsy-to-digest food like boiled dce with dnl", "-Stytydrated"], "confidence": [0.9459837079048157, 0.8474778532981873, 0.8575018644332886, 0.8520550727844238, 0.882969081401825, 0.9543881416320801, 0.9567275047302246, 0.9033363461494446, 0.9790523052215576, 0.965709924697876, 0.9228698015213013, 0.9003804326057434, 0.7605679631233215, 0.9750018119812012, 0.9104344248771667, 0.8909797668457031, 0.8287543058395386, 0.8513266444206238, 0.8307052254676819, 0.8709948658943176, 0.7138233184814453, 0.8690416216850281, 0.9063198566436768, 0.8647039532661438, 0.852321445941925, 0.8513266444206238, 0.8986166715621948, 0.9003804326057434, 0.849814236164093, 0.8341747522354126, 0.9733110666275024, 0.9273074269294739, 0.7729131579399109, 0.8513266444206238, 0.9719002842903137, 0.9641801714897156, 0.9529516696929932, 0.9877357482910156, 0.9669713377952576, 0.9717352390289307, 0.7197035551071167, 0.8135870099067688, 0.9678854942321777, 0.7507117390632629, 0.8601347208023071, 0.9277744889259338], "label": [1, 1, 1, 0, 0, 0, 0]}