{"text": ["XYZ Hospital", "123 tlealth Street,Wellness City", "Phone:+1-234.587-890", "PatlantNamx:Allco Wlllams", "p:70", "Doctor: Dr. Tumor", "Medicine", "Dosuge", "Frequency", "Duration", "TabA1uhrocin 500", "15tablets", "20ms doy", "10days", "Tab Cyclopam", "20 tablets", "20mesaday", "4days", "Cap Coimmune", "20 tblets", "3tmes day", "7 days", "Cap Pan d", "10 tablets", "2 tmesa dey", "30 days", "Tab Neurobin Forte", "20 tablets", "3 tmesaday", "t4days", "Syrup", "Dosapo", "Froquancy", "Duratlon", "Syrup Zodox", "10ml", "2tmdoy", "30dny", "Syrup Corox", "10ml", "2tims doy", "4 days", "Advico:", "-Tako to rost", "Eat ensy-to-digest food like boiled rice with dnl", "Stoytydrated"], "confidence": [0.9441022872924805, 0.8428828716278076, 0.8589719533920288, 0.8450372815132141, 0.782950758934021, 0.9610882997512817, 0.9567275047302246, 0.9427713751792908, 0.9788968563079834, 0.9629752039909363, 0.8077253103256226, 0.8913987278938293, 0.7523245811462402, 0.9070202708244324, 0.8676831722259521, 0.9054545164108276, 0.7241058349609375, 0.8935898542404175, 0.8762317299842834, 0.9248446226119995, 0.795462429523468, 0.8720644116401672, 0.9071983695030212, 0.901634693145752, 0.8118886351585388, 0.8867191672325134, 0.922947347164154, 0.8863240480422974, 0.8439608812332153, 0.8406792283058167, 0.9703512191772461, 0.9054598808288574, 0.8946319222450256, 0.9907678961753845, 0.9141658544540405, 0.9347427487373352, 0.7434632182121277, 0.8377351760864258, 0.8967664837837219, 0.9604064226150513, 0.7041686773300171, 0.8612959980964661, 0.9671232104301453, 0.7243521809577942, 0.844878613948822, 0.8652937412261963], "label": [1, 1, 1, 0, 0, 0, 0]}