{"text": ["XYZ Hospital", "123 tlealth Street,Wellness City", "Phone:+1-234.587-890", "Patlant Namx:Jano Millar", ":39", "Doctor: Dr.Lao", "Medicine", "Dosuge", "Frequency", "Duration", "TabClvum 25", "5tablets", "20ms dey", "4duys", "Tab Dolo650", "5tablets", "2tmesa dey", "30 days", "Cap Dilanun", "20 tblets", "3 tmesaday", "7 days", "Cap Cypon", "20 tablets", "3 tmesa dey", "7 days", "Syrup", "Dosago", "Froquancy", "Duratlon", "Syrup Grillnctus tm", "10ml", "3tms doy", "14day", "SyrupZodax", "10ml", "2timday", "30dy", "Advico:", "-Tako bod rost", "Eat nsy-to-digest food like boiled rice with dal", "-Staytydrated"], "confidence": [0.9535548686981201, 0.8445388078689575, 0.8541738390922546, 0.8220980763435364, 0.8305632472038269, 0.8884757161140442, 0.930323600769043, 0.9427713751792908, 0.9823358058929443, 0.9623180627822876, 0.8347830176353455, 0.901167631149292, 0.7692691087722778, 0.9136894941329956, 0.8194244503974915, 0.8909797668457031, 0.729718804359436, 0.8663529753684998, 0.9064903855323792, 0.9086169004440308, 0.8478784561157227, 0.8720644116401672, 0.9557991027832031, 0.8983814120292664, 0.7414395809173584, 0.8767657279968262, 0.9747051000595093, 0.9191999435424805, 0.9061452150344849, 0.9370599985122681, 0.9939761757850647, 0.9347427487373352, 0.7032448053359985, 0.8164736032485962, 0.8965408205986023, 0.911413848400116, 0.8025859594345093, 0.9695253372192383, 0.967370867729187, 0.8245164752006531, 0.8990753293037415, 0.9250409007072449], "label": [1, 1, 1, 0, 0, 0, 0]}