{"text": ["XYZ Hospital", "123 tlealth Street,Wellness City", "Phone:+1-234.587-890", "Patlant Namx:Davld Wlson", "p:03", "Doctor: Dr.Lao", "Medicine", "Dosuge", "Frequency", "Duration", "Cap Dilanun", "5 tablets", "20ms doy", "30 days", "Cap Cypon", "15tablets", "20mesaday", "5days", "TabCyclopam", "15tablets", "3tmesday", "10 days", "Tab Combinam", "5tablets", "3tmesaday", "5days", "TabCiplox500", "10 tablets", "3 umesaduy", "4days", "Syrup", "Dosapo", "Froquancy", "Duratlon", "Syrup Zodox", "Sml", "2mdoy", "4dy", "Syrup Cypon", "10ml", "2tims doy", "5 days", "Advico:", "-Tako tod rost", "Eat ensy-to-digest food like boiled rice with dnl", "Stoybydrated"], "confidence": [0.951176106929779, 0.8498444557189941, 0.8575018644332886, 0.8444035053253174, 0.7430418729782104, 0.8902066349983215, 0.925883412361145, 0.979745090007782, 0.9821071624755859, 0.965709924697876, 0.8958205580711365, 0.8705056309700012, 0.7485461831092834, 0.8676621317863464, 0.9186897277832031, 0.8623680472373962, 0.7657408118247986, 0.8344883918762207, 0.8898082375526428, 0.8623680472373962, 0.8412098288536072, 0.8690416216850281, 0.8981526494026184, 0.8861472606658936, 0.8757919669151306, 0.8756504058837891, 0.9506786465644836, 0.901634693145752, 0.793174147605896, 0.9184122085571289, 0.9719002842903137, 0.90386563539505, 0.934296727180481, 0.9907678961753845, 0.9276533126831055, 0.9197258949279785, 0.7319940328598022, 0.962104082107544, 0.9884138107299805, 0.9380403757095337, 0.6940467357635498, 0.8086541295051575, 0.9671232104301453, 0.7486037015914917, 0.844878613948822, 0.8244300484657288], "label": [1, 1, 1, 0, 0, 0, 0]}