{"text": ["XYZ Hospital", "123 tlealth Street,Wellness City", "Phone:+1-234.587-890", "PatlantNamx:Jano Brown", ":30", "Doctor: Dr.Johnson", "Medicine", "Dosuge", "Frequency", "Duration", "Cap Dilanun", "10tablets", "20ms doy", "10 days", "TabA1urodn 500", "15tablets", "2tmesaday", "5days", "Tab Febrexplus", "10tablets", "2tmes a duy", "30 duys", "Cap Omez", "5tablets", "3 tmesaday", "5days", "Tab Cyclopum", "20tblets", "3 tmesaday", "5days", "Tab Evlon", "5tablets", "2 tms a doy", "10days", "Syrup", "Dosago", "Froquoncy", "Duratlon", "Syrup TusQx", "10ml", "3tmsdoy", "30 dny", "Advico:", "-Takoto rst", "Eat nsy-to-digest food like boiled dce with dnl", "Stoytydrated"], "confidence": [0.9488534331321716, 0.8385964632034302, 0.8531273007392883, 0.8646678924560547, 0.8873375058174133, 0.9679127931594849, 0.9246234893798828, 0.9422492384910583, 0.9790523052215576, 0.9629752039909363, 0.8789188265800476, 0.9273074269294739, 0.7485461831092834, 0.9548414945602417, 0.8335450291633606, 0.8671495914459229, 0.8067965507507324, 0.8520981669425964, 0.944320559501648, 0.9273074269294739, 0.746573269367218, 0.9156034588813782, 0.8639688491821289, 0.9046000242233276, 0.8438262939453125, 0.8520981669425964, 0.875540018081665, 0.9145114421844482, 0.8289969563484192, 0.8691898584365845, 0.9175030589103699, 0.8909797668457031, 0.8110769391059875, 0.924377977848053, 0.9720994234085083, 0.958836555480957, 0.8976813554763794, 0.9890358448028564, 0.9335668683052063, 0.9717352390289307, 0.7260910272598267, 0.7926518321037292, 0.9678854942321777, 0.7509673833847046, 0.8616782426834106, 0.8412471413612366], "label": [1, 1, 1, 0, 0, 0, 0]}