{"text": ["XYZ Hospital", "123 tlealth Street,Wellness City", "Phone:+1-234-587-890", "Patlont Nanx:John Wlllams", "Ap:52", "Doctor: Dr.Lao", "Medicine", "Dosuge", "Frequency", "Duration", "TabTrz", "15tblets", "3mesdey", "30 duys", "Tab Febrexplus", "10 tablets", "3 tmes doy", "10days", "Cap Dilanun", "20 tblets", "2 tmes a day", "t4duys", "Cap Zovirax", "10tablets", "2tmesa day", "7 days", "TabCplox500", "5tablets", "2 tmes a duy", "5days", "TabAllegra", "10tablets", "3 tmesa dey", "30 days", "Syrup", "Dosapo", "Froquoncy", "Durotlon", "Syrup TusQ-dx", "Sml", "2 tim doy", "7days", "Syrup TusQx", "Sml", "3timsday", "14day", "Advico:", "-Takoto rst", "Eat nsy-to-digest food like boiled rice with dal", "-Stynydrated"], "confidence": [0.953065812587738, 0.8381394147872925, 0.8868597745895386, 0.8546563982963562, 0.7315886616706848, 0.9041250944137573, 0.9254783391952515, 0.9420654773712158, 0.9905779957771301, 0.964890718460083, 0.8394489288330078, 0.9046850204467773, 0.8327884078025818, 0.9137939810752869, 0.944820761680603, 0.8921223878860474, 0.7507402896881104, 0.8654675483703613, 0.9194993376731873, 0.9248446226119995, 0.7271961569786072, 0.8104643225669861, 0.8877450823783875, 0.9273074269294739, 0.8363832235336304, 0.8580665588378906, 0.9059715270996094, 0.9079194068908691, 0.7506501078605652, 0.8366293907165527, 0.9329899549484253, 0.9273074269294739, 0.7852687239646912, 0.9282442927360535, 0.988613486289978, 0.8228013515472412, 0.9466862082481384, 0.9339734315872192, 0.9452909827232361, 0.860496461391449, 0.7234081029891968, 0.8807341456413269, 0.9398233294487, 0.927854061126709, 0.7874224185943604, 0.7463439702987671, 0.9374408721923828, 0.7390939593315125, 0.9020175933837891, 0.8896828293800354], "label": [1, 1, 1, 0, 0, 0, 0]}