{"text": ["XYZ Hospital", "123 tlealth Street,Wellness City", "Phone:+1-234.587-890", "PatlantNamx:Llam Wilson", "Ap:65", "Doctor: Dr. Tumor", "Medicine", "Dosuge", "Frequency", "Duration", "TabCiplox500", "10 tablets", "3mesday", "4duys", "Tab Neurobin Forte", "15tablets", "2tmesa day", "30 days", "Tab Dolonex dt", "10 tablets", "2tmesaday", "10 days", "Tab Evion", "t5tablets", "2 tms a day", "t4days", "Syrup", "Dosapo", "Froquancy", "Duratlon", "Syrup Brozodox", "10ml", "2 tm doy", "7days", "SyrupZodax", "10ml", "2timday", "30dy", "Advico:", "-Tako bod rost", "Eat nsy-to-digest food like boiled rice with dal", "-Stayhydrated"], "confidence": [0.95541912317276, 0.8376824259757996, 0.8577502369880676, 0.8380906581878662, 0.6137485504150391, 0.9530904293060303, 0.9286406636238098, 0.9422492384910583, 0.9832303524017334, 0.9623180627822876, 0.9266555905342102, 0.8976934552192688, 0.8170825242996216, 0.9136894941329956, 0.9362795352935791, 0.8913336992263794, 0.776341438293457, 0.8663529753684998, 0.9169639348983765, 0.8903642892837524, 0.8519291281700134, 0.8472437858581543, 0.9212830662727356, 0.8862625360488892, 0.7687986493110657, 0.8406792283058167, 0.9720994234085083, 0.8093938827514648, 0.9308193922042847, 0.9502712488174438, 0.9792330861091614, 0.9347427487373352, 0.7102198600769043, 0.8764112591743469, 0.8844374418258667, 0.9165780544281006, 0.7986935377120972, 0.9695253372192383, 0.967370867729187, 0.8230072855949402, 0.8990753293037415, 0.8757689595222473], "label": [1, 0, 1, 0, 0, 0, 0]}