{"text": ["XYZ Hospital", "123 tlealth Street,Wellness City", "Phone:+1-234.587-890", "Patlant Namx:John Smith", ":30", "Doctor: Dr. Tumor", "Medicine", "Dosuge", "Frequency", "Duration", "TabDolo650", "10tablets", "20ms doy", "7 duys", "Tab Pan d", "15tablets", "2tmesa day", "4duys", "Cup Cypon", "15tablets", "2 tmesa duy", "30 duys", "Tab Evlon", "5tablets", "2tmesaday", "7 days", "Tab Cyciomelf", "15tablets", "2 umes a duy", "5days", "Cap Zovirax", "15tablets", "3 tmesa dey", "t4days", "Syrup", "Dosago", "Froquoncy", "Duratlon", "Syrup Fobrox plus", "Sml", "3tms doy", "10dy", "Advico:", "-Tako tod rost", "Eat nsy-to-digest food like boiled dce with dnl", "Stoybydrated"], "confidence": [0.9523743987083435, 0.8447699546813965, 0.8531273007392883, 0.8646433353424072, 0.8873375058174133, 0.9701182246208191, 0.930323600769043, 0.908909797668457, 0.9788968563079834, 0.9564203023910522, 0.8914074897766113, 0.9273074269294739, 0.7557400465011597, 0.9796134829521179, 0.9090089797973633, 0.8671495914459229, 0.7736795544624329, 0.9136894941329956, 0.8972868323326111, 0.8671495914459229, 0.7515864968299866, 0.9156034588813782, 0.9137175679206848, 0.9046000242233276, 0.8253226280212402, 0.861883819103241, 0.8422690629959106, 0.8647039532661438, 0.7527843117713928, 0.8520981669425964, 0.859617292881012, 0.8990643620491028, 0.7950321435928345, 0.8406792283058167, 0.9719002842903137, 0.9641801714897156, 0.9529516696929932, 0.9928507804870605, 0.9922525882720947, 0.927854061126709, 0.7250189781188965, 0.9338974952697754, 0.9678077101707458, 0.7691457867622375, 0.8593538999557495, 0.8409426212310791], "label": [1, 1, 1, 0, 0, 0, 0]}