{"text": ["XYZ Hospital", "123 tlealth Street,Wellness City", "Phone:+1-234-587-890", "Patlont Nanx:Charlo D", ":42", "Doctor: Dr. Tumor", "Medicine", "Dosage", "Frequency", "Duration", "Cap Zovirax", "20 tblets", "3mesday", "7 duys", "Tab Triz", "10tablets", "2mes  duy", "10days", "TabCiplox500", "5tablets", "3 tmes a duy", "4 days", "Cap Pand", "5tablets", "2 tms  doy", "30 days", "Syrup", "Dosago", "Froquancy", "Duratlon", "Syrup TusQ dx", "Sml", "2 tmdoy", "7days", "Advico:", "-Tako bod rost", "Eat nsy-to-dlgest food like boiled rice with dal", "-Stynydrated"], "confidence": [0.9534003138542175, 0.836279034614563, 0.8937011957168579, 0.8086196184158325, 0.812186062335968, 0.9529661536216736, 0.9286406636238098, 0.8897534012794495, 0.9788968563079834, 0.955414891242981, 0.8449834585189819, 0.9135541915893555, 0.8407676815986633, 0.8653728365898132, 0.8993823528289795, 0.9273074269294739, 0.7472155094146729, 0.8626441955566406, 0.9256764054298401, 0.9093613624572754, 0.8568880558013916, 0.8659627437591553, 0.9227392673492432, 0.8909797668457031, 0.7103807330131531, 0.8867191672325134, 0.9852066040039062, 0.9191999435424805, 0.935694694519043, 0.8996009826660156, 0.9520286321640015, 0.8684621453285217, 0.7245049476623535, 0.8926272392272949, 0.9288334846496582, 0.7142534255981445, 0.8857390284538269, 0.8982930779457092], "label": [1, 1, 1, 0, 0, 0, 0]}