{"text": ["XYZ Hospital", "123 tlealth Street,Wellnes City", "Phone:+1-234.587-890", "PatlantNamx:Mla Davs", "Ap:52", "DoctorDr.Johnson", "Medicine", "Dosuge", "Frequency", "Duration", "TabA1uhrocin 500", "20 tblets", "20ms dey", "30 duys", "Tab Zole fcreum", "15tablets", "20mesa duy", "10days", "Tab Allegra", "15tablets", "2tmsa duy", "4 duys", "Tab Dolonexdt", "15tablets", "2tmesa dey", "10days", "Tab Sumo cold", "20 tblets", "3 tmesaday", "4duys", "TabClavum 025", "15tablets", "2 tmes a doy", "7 days", "Syrup", "Dosago", "Froquoncy", "Duratlon", "Syrup Brozodax", "10ml", "2tmdoy", "30 dny", "Advico:", "-Tako tod rost", "Eat nsy-to-digest food like boiled dce with dnl", "Stoy bydrated"], "confidence": [0.9488534331321716, 0.8448141813278198, 0.8531273007392883, 0.8217054605484009, 0.7315886616706848, 0.9745882749557495, 0.930323600769043, 0.9427713751792908, 0.9790523052215576, 0.964890718460083, 0.8118622303009033, 0.9003804326057434, 0.7692691087722778, 0.9206424355506897, 0.867293655872345, 0.8647039532661438, 0.7243338823318481, 0.8628065586090088, 0.8586145043373108, 0.8647039532661438, 0.7521365284919739, 0.939846932888031, 0.9445078372955322, 0.8647039532661438, 0.8084509968757629, 0.8628065586090088, 0.9236622452735901, 0.9003804326057434, 0.8478784561157227, 0.9083743095397949, 0.795867919921875, 0.8990643620491028, 0.7914690375328064, 0.8767657279968262, 0.9720994234085083, 0.958836555480957, 0.8976813554763794, 0.9881021976470947, 0.9612036943435669, 0.9717352390289307, 0.7237808108329773, 0.7926518321037292, 0.9667397141456604, 0.7672153115272522, 0.8598954081535339, 0.8087722063064575], "label": [1, 0, 1, 0, 0, 0, 0]}