{"text": ["XYZ Hospital", "123 tlealth Street,Wellness City", "Phone:+1-234.587-890", "Patlant Namx:Jano Millar", ":40", "Doctor: Dr. Smith", "Medicine", "Dosuge", "Frequency", "Duration", "Tab Zole fcream", "5 tablets", "3mesa duy", "14duys", "Tab Pan d", "15tablets", "3tmesaday", "30 days", "Tab Febrex plus", "15tablets", "3 tmesa duy", "4 duys", "Tab Cetine", "20 tblets", "2tmesa day", "7 days", "Tab Sumo cold", "20 tblets", "3 tmesaday", "4duys", "Cup Dilanun", "5tablets", "2 tmes a dey", "4duys", "Syrup", "Dosago", "Froquoncy", "Duratlon", "Syrup Cypon", "Sml", "2tmdoy", "10dy", "Advico:", "-Tako to rost", "Eat nsy-to-digest food like boiled dce with dnl", "Stoytydrated"], "confidence": [0.9551689624786377, 0.8450579047203064, 0.8531273007392883, 0.8387642502784729, 0.8325653076171875, 0.9730119109153748, 0.930323600769043, 0.979745090007782, 0.98100346326828, 0.9629752039909363, 0.8778966665267944, 0.887381374835968, 0.7645907998085022, 0.8650357723236084, 0.9090089797973633, 0.8647039532661438, 0.8278234004974365, 0.8479889631271362, 0.922650158405304, 0.8647039532661438, 0.8074479699134827, 0.939846932888031, 0.9365094304084778, 0.9086169004440308, 0.8158695101737976, 0.861883819103241, 0.8735454082489014, 0.9003804326057434, 0.849814236164093, 0.9083743095397949, 0.9175794720649719, 0.8909797668457031, 0.7939390540122986, 0.9083743095397949, 0.9719002842903137, 0.9641801714897156, 0.9637989401817322, 0.9928507804870605, 0.9878482818603516, 0.9028758406639099, 0.7179483771324158, 0.9338974952697754, 0.9678854942321777, 0.7702858448028564, 0.861255407333374, 0.856630802154541], "label": [1, 0, 1, 0, 0, 0, 0]}