{"text": ["XYZ Hospital", "123 tlealth Street,Wellness City", "Phone:+1-234.587-890", "Patlant Namx:Charlo Whito", ":40", "Doctor: Dr.Johnson", "Medicine", "Dosuge", "Frequency", "Duration", "Tab Cetzine", "5 tablets", "20ms doy", "10duys", "Tab Evion", "15tablets", "3tmesaday", "10days", "Tab Cyciopum", "15tablets", "3tmesaduy", "5 days", "Tab Clavum025", "15tablets", "3 tmesa duy", "10days", "Tab Dolonex dt", "10tablets", "2 tmes a duy", "10 duys", "TabAllegra", "15tablets", "2 tms a dey", "$ days", "Syrup", "Dosago", "Froquoncy", "Duratlon", "Syrup TusQ dx", "Sml", "3tmsdoy", "14dy", "Advico:", "-Tako tod rost", "Eat nsy-to-digest food like boiled dce with dnl", "Stoybydrated"], "confidence": [0.9476857781410217, 0.8416517972946167, 0.8589719533920288, 0.8444437980651855, 0.8325653076171875, 0.9700412750244141, 0.9287360906600952, 0.979745090007782, 0.9803639650344849, 0.9623180627822876, 0.8704551458358765, 0.887381374835968, 0.7396320104598999, 0.9152160286903381, 0.9217103123664856, 0.8647039532661438, 0.8242611289024353, 0.8628065586090088, 0.8613306879997253, 0.8647039532661438, 0.8547772765159607, 0.7547540068626404, 0.870724081993103, 0.8671495914459229, 0.7884971499443054, 0.85993891954422, 0.919963538646698, 0.9273074269294739, 0.7857459187507629, 0.8750689625740051, 0.946225643157959, 0.9037178754806519, 0.7383468747138977, 0.9325768351554871, 0.9719002842903137, 0.958836555480957, 0.9442562460899353, 0.9924637079238892, 0.9441629648208618, 0.927854061126709, 0.7260910272598267, 0.932861328125, 0.9678854942321777, 0.7462795972824097, 0.8601347208023071, 0.8277963995933533], "label": [1, 0, 1, 0, 0, 0, 0]}