{"text": ["XYZ Hospital", "123 tlealth Street,Wellness City", "Phone:+1-234.587-890", "PatlantNam:Llam D", "p:78", "Doctor:Dr.Smith", "Medicine", "Dosuge", "Frequency", "Duration", "TabAllegra", "10 tablets", "20ms day", "5days", "Tab Clavum 025", "5 tablets", "3umesaday", "4days", "Cap Pan d", "10 tablets", "3 tmesaday", "t4days", "Tab Cyciomeff", "15tablets", "3 tmesa dey", "7 days", "TabDolo650", "5tablets", "2tmesaday", "30 days", "Syrup", "Dosapo", "Froquoncy", "Duratlon", "Syrup TusQ-dx", "10ml", "3timsday", "30dy", "Advico:", "-Tako tod rost", "Eat nsy-to-dlgest food like boiled dce with dal", "-Staytydrated"], "confidence": [0.9549286961555481, 0.8392036557197571, 0.8571933507919312, 0.8034370541572571, 0.7413574457168579, 0.9724884033203125, 0.8984020948410034, 0.9375312328338623, 0.9838371276855469, 0.965709924697876, 0.9442430734634399, 0.8921223878860474, 0.7605679631233215, 0.8343985676765442, 0.8348687291145325, 0.8358298540115356, 0.8544779419898987, 0.9184122085571289, 0.9062197208404541, 0.8921223878860474, 0.8291597366333008, 0.8406792283058167, 0.8537369966506958, 0.8785324692726135, 0.7729131579399109, 0.8767657279968262, 0.8875113725662231, 0.9079194068908691, 0.8561273813247681, 0.8853435516357422, 0.9747051000595093, 0.9054598808288574, 0.9749724864959717, 0.9871726036071777, 0.9561455249786377, 0.9483411312103271, 0.7220712900161743, 0.9668070673942566, 0.96775883436203, 0.7908543944358826, 0.9010859727859497, 0.937537431716919], "label": [1, 1, 1, 0, 0, 0, 0]}