{"text": ["XYZ Hospital", "123 tlealth Street,Wellness City", "Phone:+1-234.587-890", "Patlant Namx:Jano Smith", "p:75", "Doctor: Dr. Millor", "Medicine", "Dosuge", "Frequency", "Duration", "TabCyciomelf", "20 tblets", "3mesday", "4duys", "Tab Febrex plus", "10tablets", "3 umes duy", "7 days", "Tab Neurobin Forte", "15tablets", "2tmsa duy", "30 duys", "Tab Alleg", "20 tablets", "2tmesa dey", "30 days", "Cup Cypon", "10tablets", "3 tmesaday", "10 days", "TabDolo650", "10tablets", "3 tmesa dey", "5 duys", "Syrup", "Dosago", "Froquoncy", "Duratlon", "Syrup TusQ-dx", "10ml", "3tms doy", "14days", "Advico:", "-Tako to rost", "Eat nsy-to-digest food like boiled dce with dnl", "Stoytydrated"], "confidence": [0.9441642761230469, 0.8447699546813965, 0.8531273007392883, 0.8465837240219116, 0.8322696685791016, 0.9736867547035217, 0.930323600769043, 0.9427713751792908, 0.9790523052215576, 0.9629752039909363, 0.8682658672332764, 0.9003804326057434, 0.8458738923072815, 0.9136894941329956, 0.9089125990867615, 0.9273074269294739, 0.6944295167922974, 0.8401936888694763, 0.9517237544059753, 0.8647039532661438, 0.7521365284919739, 0.9069848656654358, 0.9069230556488037, 0.8967920541763306, 0.8095513582229614, 0.8867191672325134, 0.898982584476471, 0.9273074269294739, 0.8478784561157227, 0.8341116905212402, 0.8889492154121399, 0.9273074269294739, 0.7711530923843384, 0.9175510406494141, 0.9719002842903137, 0.9395401477813721, 0.9429497122764587, 0.9877357482910156, 0.9404671788215637, 0.9751888513565063, 0.7066380381584167, 0.8428124785423279, 0.9678854942321777, 0.7480148077011108, 0.8616782426834106, 0.8621355891227722], "label": [1, 0, 1, 0, 0, 0, 0]}