{"text": ["XYZ Hospital", "123 tlealth Street,Wellness City", "Phone:+1-234-587-890", "Patlont Namx:Charlo Wlllams", "Ap:32", "Doctor: Dr. Millor", "Medidine", "Dosuge", "Frequency", "Duration", "Cup Pan d", "5 tablets", "3mesday", "7 days", "Tab Pan d", "5tablets", "2mes  duy", "7 days", "TabFebrexplus", "5tablets", "2 tmes a duy", "4 days", "TabZole fcream", "t5tablets", "3 tmes doy", "5 days", "Syrup", "Dosago", "Froquancy", "Duratlon", "Syrup TusQ-dx", "Sml", "3mday", "5days", "Advico:", "-Tako bod rost", "Eat nsy-to-dlgest food like boiled rice with dal", "-Stytydrated"], "confidence": [0.9532425403594971, 0.8392246961593628, 0.8814093470573425, 0.8284991979598999, 0.7218091487884521, 0.9625412821769714, 0.9153572916984558, 0.979745090007782, 0.9827504754066467, 0.964890718460083, 0.9225687384605408, 0.8705056309700012, 0.843670666217804, 0.9877565503120422, 0.9139695763587952, 0.9079194068908691, 0.7555578351020813, 0.8720644116401672, 0.9718538522720337, 0.8238018751144409, 0.9000213742256165, 0.8902750611305237, 0.8903499245643616, 0.8687346577644348, 0.7109242677688599, 0.8378275036811829, 0.970925509929657, 0.9191999435424805, 0.935694694519043, 0.9345743060112, 0.9570626020431519, 0.8684621453285217, 0.8106390237808228, 0.8675468564033508, 0.9288334846496582, 0.7142534255981445, 0.8857390284538269, 0.9112634658813477], "label": [1, 0, 1, 0, 0, 0, 0]}