{"text": ["XYZ Hospital", "123 tlealth Street,Wellness City", "Phone:+1-234.587-890", "Patlant Namx:Evo Millor", "p:47", "Doctor: Dr.Patol", "Medicine", "Dosuge", "Frequency", "Duration", "Tab Sumo cold", "15tablets", "3mesday", "30 duys", "Tab Evlon", "5tablets", "20mesaday", "5days", "Tab Pand", "15tablets", "2tmes aduy", "7 days", "Tab Cyclomelf", "5tablets", "2tmesa day", "7 days", "Tab Febrexplus", "5tablets", "3 tmes a day", "5 days", "TabAllegr", "10tablets", "2 tmes a dey", "7 days", "Syrup", "Dosago", "Froquoncy", "Duratlon", "Syrup TusQ-dx", "10ml", "3tmsdoy", "7day", "Advico:", "-Tako tod rost", "Eat nsy-to-digest food like boiled dce with dnl", "Stoybydrated"], "confidence": [0.9527682662010193, 0.8406103849411011, 0.8531273007392883, 0.8540213108062744, 0.7643239498138428, 0.9606184363365173, 0.930323600769043, 0.9412831664085388, 0.9790523052215576, 0.965709924697876, 0.8847905397415161, 0.8656508922576904, 0.8467262983322144, 0.9069848656654358, 0.8974902033805847, 0.9020013213157654, 0.7605206966400146, 0.850356936454773, 0.9109998345375061, 0.8671495914459229, 0.7368653416633606, 0.8767657279968262, 0.8714706897735596, 0.9046000242233276, 0.7730736136436462, 0.8767657279968262, 0.9431013464927673, 0.9079194068908691, 0.8118431568145752, 0.7635278701782227, 0.9359873533248901, 0.9273074269294739, 0.7939390540122986, 0.8404199481010437, 0.9719002842903137, 0.958836555480957, 0.9529516696929932, 0.9877357482910156, 0.9382736682891846, 0.9717352390289307, 0.7260910272598267, 0.940690815448761, 0.9678854942321777, 0.7587279677391052, 0.8616782426834106, 0.8250938057899475], "label": [1, 0, 1, 0, 0, 0, 0]}