{"text": ["XYZ Hospital", "123 tlealth Street,Wellness City", "Phone:+1-234.587-890", "Patlant Nanx:Davld D", "p:78", "Doctor:Dr.Johnson", "Medicine", "Dosuge", "Frequency", "Duration", "Tab Dolonex dt", "10tablets", "3mesday", "10days", "Tab Cyciomeff", "20 tablets", "2 ums  doy", "10days", "TabAluhrocinS00", "10 tablets", "2 tmes day", "7 days", "Cap Dilanun", "15tablets", "3tmesaday", "$ days", "TabAllegra", "20tablets", "2tmesaday", "4days", "Syrup", "Dosago", "Froquoncy", "Duratlon", "Syrup Cypon", "10ml", "2timday", "Sday", "Advico:", "-Tako tod rost", "Eat nsy-to-dlgest food like boiled dce with dal", "-Stayhydrated"], "confidence": [0.95541912317276, 0.8471035957336426, 0.8541738390922546, 0.7833880186080933, 0.7413574457168579, 0.9604119658470154, 0.9180112481117249, 0.9375312328338623, 0.9838371276855469, 0.9629752039909363, 0.9172925353050232, 0.9273074269294739, 0.8376972079277039, 0.9539411067962646, 0.8437170386314392, 0.9054545164108276, 0.7034355998039246, 0.9213528037071228, 0.7307327389717102, 0.8921223878860474, 0.7205934524536133, 0.8720644116401672, 0.9215013980865479, 0.8865138292312622, 0.8835886120796204, 0.9325768351554871, 0.9442430734634399, 0.8978633880615234, 0.8574197292327881, 0.9184122085571289, 0.9720994234085083, 0.8300634026527405, 0.9624842405319214, 0.8988408446311951, 0.9527111649513245, 0.9347427487373352, 0.7432094216346741, 0.7356988191604614, 0.9691476225852966, 0.7905479669570923, 0.9010859727859497, 0.8896684050559998], "label": [1, 1, 1, 0, 0, 0, 0]}