{"text": ["XYZ Hospital", "123 tlealth Street,Wellness City", "Phone:+1-234.587-890", "PatlntNam:Evo R", ":74", "Doctor: Dr. Smith", "Medicine", "Dosuge", "Frequency", "Duration", "Cap Dilanun", "15tablets", "20ms doy", "t4duys", "TabA1urocin 500", "5tablets", "2tmesaday", "30 days", "Tab Febrexplus", "5 tablets", "2 tmesa dey", "4 days", "Tab Evion", "10 tablets", "2umesaday", "10days", "TabCyciopam", "5 tablets", "2tmesaday", "10days", "Syrup", "Dosapo", "Froquoncy", "Duratlon", "Syrup TusQx", "10ml", "3tms doy", "7day", "Syrup Zodox", "Sml", "3tims doy", "7day", "Advico:", "-Tako tod rost", "Eat ensy-to-digest food like boiled rice with dnl", "Stoytydrated"], "confidence": [0.953682005405426, 0.8444339036941528, 0.8589719533920288, 0.825166642665863, 0.8511033058166504, 0.9705870151519775, 0.8984020948410034, 0.9740098118782043, 0.9788968563079834, 0.9623180627822876, 0.8838495016098022, 0.8927748799324036, 0.7523245811462402, 0.8546951413154602, 0.8281788229942322, 0.8912277221679688, 0.819304883480072, 0.8663529753684998, 0.9519917368888855, 0.8691415786743164, 0.7692209482192993, 0.8659627437591553, 0.9250327348709106, 0.8958706855773926, 0.8129724264144897, 0.9213528037071228, 0.9070518016815186, 0.8480369448661804, 0.8310894966125488, 0.924377977848053, 0.9720994234085083, 0.7913495898246765, 0.9507405757904053, 0.9960426092147827, 0.943286657333374, 0.9483411312103271, 0.7066380381584167, 0.8639349937438965, 0.9624094367027283, 0.9197258949279785, 0.7529909014701843, 0.940690815448761, 0.9662078022956848, 0.7170714139938354, 0.844878613948822, 0.8652937412261963], "label": [1, 1, 1, 0, 0, 0, 0]}