{"text": ["XYZ Hospital", "123 tlealth Street,Wellness City", "Phone:+1-234.587-890", "Patlant Namxo:John Wlllams", "Ap:59", "Doctor: Dr.Patol", "Medicine", "Dosuge", "Frequency", "Duration", "Tab Dolo 650", "15tablets", "3mesday", "7 days", "Tab Triz", "5tablets", "20mes dey", "30 days", "Cup Omez", "10 tablets", "2 tms day", "$ days", "TabA1urocin 500", "20 tablets", "3tmesaday", "10days", "Tab Cyciomeff", "20tablets", "3 tmesaday", "30 days", "Syrup", "Dosapo", "Froquancy", "Duratlon", "Syrup Fobrox plus", "Sml", "3tmsdoy", "5 days", "Syrup TusQ dx", "10ml", "2tims doy", "10dny", "Advico:", "-Tako tod rost", "Eat nsy-to-digest food like boiled rice with dnl", "Stoybydrated"], "confidence": [0.9530181884765625, 0.8411437273025513, 0.8589719533920288, 0.836703360080719, 0.660327136516571, 0.9639253616333008, 0.9546432495117188, 0.9740098118782043, 0.9788968563079834, 0.964890718460083, 0.8400060534477234, 0.8647039532661438, 0.8467262983322144, 0.9877565503120422, 0.9879308342933655, 0.8909797668457031, 0.7687022686004639, 0.8663529753684998, 0.7396837472915649, 0.8921223878860474, 0.7628087401390076, 0.724358081817627, 0.8341177701950073, 0.8863240480422974, 0.8846117854118347, 0.9213528037071228, 0.8445244431495667, 0.8978633880615234, 0.8439608812332153, 0.8853435516357422, 0.974157989025116, 0.7913495898246765, 0.9316151738166809, 0.9960426092147827, 0.9923675656318665, 0.9197258949279785, 0.7260910272598267, 0.9072994589805603, 0.9829253554344177, 0.9380403757095337, 0.6940467357635498, 0.7591055631637573, 0.96775883436203, 0.7110406756401062, 0.8504207730293274, 0.8411200642585754], "label": [1, 0, 1, 0, 0, 0, 0]}