{"text": ["XYZ Hospital", "123 tlealth Street,Wellness City", "Phone:+1-234.587-890", "PatlantNamx:Bob Wlson", "p:43", "Doctor: Dr.Pato1", "Medicine", "Dosuge", "Frequency", "Duration", "TabClvum 025", "5 tablets", "20ms dey", "7 days", "Tab Cyciomeff", "10 tablets", "3tmesaday", "4duys", "Tab Pan d", "20 tablets", "2 tmes a duy", "30 duys", "TabAllegra", "20 tablets", "3 tmesa dey", "7days", "Syrup", "Dosago", "Froquoncy", "Duratlon", "Syrup Corox-dx", "10ml", "2 tm doy", "14day", "SyrupCorax", "Sml", "2timday", "7day", "Advico:", "-Tako tod rost", "Eat nsy-to-dlgest food like boiled dce with dal", "-Staytydrated"], "confidence": [0.9513452053070068, 0.8380128741264343, 0.8541738390922546, 0.8605653643608093, 0.7557733058929443, 0.916540801525116, 0.9286406636238098, 0.9427713751792908, 0.9560942053794861, 0.955414891242981, 0.8231716156005859, 0.8638057708740234, 0.7692691087722778, 0.8594018816947937, 0.8559331297874451, 0.8921223878860474, 0.8412043452262878, 0.9083743095397949, 0.9644184112548828, 0.8967920541763306, 0.8087854385375977, 0.9156034588813782, 0.9619663953781128, 0.8983814120292664, 0.8120609521865845, 0.9454089403152466, 0.9747051000595093, 0.9593794941902161, 0.8970111012458801, 0.8749319911003113, 0.9699190258979797, 0.9410436153411865, 0.7824395895004272, 0.7923818826675415, 0.9210001230239868, 0.9197258949279785, 0.7970383763313293, 0.8483083248138428, 0.9683253169059753, 0.799071192741394, 0.9067167639732361, 0.9250409007072449], "label": [1, 0, 1, 0, 0, 0, 0]}