{"text": ["XYZ Hospital", "123 tlealth Street,Wellness City", "Phone:+1-234.587-890", "Patlnt Nam:Allco D", "p:02", "Doctor: Dr. Millor", "Medicine", "Dosuge", "Frequency", "Duration", "Tab Sumo cold", "10 tablets", "3mesday", "7 days", "Tab Neurobin Forte", "5tablets", "3 umes doy", "7 days", "Tab Zole fcream", "5tablets", "3 tmesa day", "5 days", "Tab Clavum025", "20 toblets", "2 tms a dey", "10days", "TabCiplox500", "20 tablets", "3 tmesaday", "7 days", "Syrup", "Dosapo", "Froquoncy", "Duratlon", "SyrupGrillnctus tm", "Sml", "3timsday", "7day", "Advico:", "-Tako tod rst", "Eat nsy-to-dlgest food like boiled dce with dal", "-Stayhydrated"], "confidence": [0.9552750587463379, 0.8477214574813843, 0.8577502369880676, 0.7919503450393677, 0.5924407243728638, 0.970723032951355, 0.930323600769043, 0.9375312328338623, 0.9832684397697449, 0.964890718460083, 0.9175058603286743, 0.9054509997367859, 0.845176637172699, 0.8635157942771912, 0.9412102103233337, 0.8912277221679688, 0.6817070245742798, 0.8720644116401672, 0.8768633604049683, 0.9106838703155518, 0.7970165014266968, 0.7472350001335144, 0.8477697372436523, 0.8743324279785156, 0.7383468747138977, 0.924377977848053, 0.9567339420318604, 0.8804751634597778, 0.8460615277290344, 0.8720644116401672, 0.9747051000595093, 0.9107210040092468, 0.9788796305656433, 0.910537838935852, 0.9081215262413025, 0.9197258949279785, 0.7440789937973022, 0.8434621095657349, 0.9678854942321777, 0.7399052977561951, 0.9014807939529419, 0.8772354125976562], "label": [1, 0, 1, 0, 0, 0, 0]}