{"text": ["XYZ Hospital", "123 tlealth Street,Wellness City", "Phone:+1-234-587-890", "Patlont Nan:EvoJohnson", "p:22", "Doctor:Dr.Smith", "Medicine", "Dosuge", "Frequency", "Duration", "CapCypon", "20tblets", "3mesday", "5days", "TabCyclopam", "5tablets", "2 tms  duy", "5days", "Cap Pan d", "5tablets", "3 tmesa duy", "10duys", "Tab Zole fcream", "15tablets", "2tmesa day", "5days", "TabAlurodin 500", "15tablets", "2 tmes a duy", "10days", "TabClavum 025", "15tablets", "2tmesa day", "4days", "Syrup", "Dosago", "Froquoncy", "Duratlon", "Syrup Corox-dx", "Sml", "2 tim doy", "30 days", "Syrup Fobrox plus", "Sml", "2timday", "30 days", "Advico:", "-Tako tod rost", "Eat nsy-to-digest food like boiled rice with dal", "-Stytydrated"], "confidence": [0.9556338787078857, 0.8386499881744385, 0.8882525563240051, 0.8751296401023865, 0.7944168448448181, 0.9666950106620789, 0.9328186511993408, 0.9427713751792908, 0.9898338317871094, 0.964890718460083, 0.9761391282081604, 0.9145114421844482, 0.8203554749488831, 0.8641525506973267, 0.891255795955658, 0.8909797668457031, 0.7146862745285034, 0.8520981669425964, 0.9023153781890869, 0.9159331321716309, 0.8044043183326721, 0.9137234091758728, 0.8762984871864319, 0.867788553237915, 0.8348559141159058, 0.8520981669425964, 0.7890034317970276, 0.8647039532661438, 0.784839391708374, 0.8654675483703613, 0.7913509011268616, 0.8990643620491028, 0.844202995300293, 0.9184122085571289, 0.988613486289978, 0.8285646438598633, 0.9474319815635681, 0.9559439420700073, 0.9652417302131653, 0.860496461391449, 0.7471926212310791, 0.7578871846199036, 0.9949445128440857, 0.927854061126709, 0.8103267550468445, 0.7511711120605469, 0.9698401689529419, 0.7705491185188293, 0.9020175933837891, 0.8946594595909119], "label": [1, 1, 1, 0, 0, 0, 0]}