{"text": ["XYZ Hospital", "123 tlealth Street,Wellness City", "Phone:+1-234.587-890", "PatlantNamx:Allco Smith", "p:28", "Doctor: Dr.Johnson", "Medicine", "Dosuge", "Frequency", "Duration", "Cap Colmmune", "10 tablets", "3mesday", "10duys", "Tab Dolonexdt", "15tablets", "20mes dey", "4duys", "Tab Neurobin Forte", "5tablets", "3 tmesa doy", "30 duys", "Tab Combinam", "10tablets", "3 tmes aday", "4duys", "TabCiplox500", "10tablets", "3 tmesaday", "7 days", "TabCyciopam", "15tablets", "3 tmesa dey", "7 days", "Syrup", "Dosago", "Froquoncy", "Duratlon", "Syrup Corox-dx", "10ml", "2tm doy", "10dy", "Advico:", "-Tako tod rost", "Eat nsy-to-digest food like boiled dce with dnl", "Stoy bydrated"], "confidence": [0.944415271282196, 0.8440488576889038, 0.8531273007392883, 0.8567437529563904, 0.626974880695343, 0.9664130806922913, 0.9307171702384949, 0.908909797668457, 0.9790523052215576, 0.9623180627822876, 0.8758372664451599, 0.8778047561645508, 0.8449034690856934, 0.9152160286903381, 0.9457690119743347, 0.8959775567054749, 0.7364528775215149, 0.9136894941329956, 0.9540467858314514, 0.916618824005127, 0.7694242000579834, 0.9137939810752869, 0.9043822884559631, 0.9273074269294739, 0.8303842544555664, 0.9083743095397949, 0.9489137530326843, 0.9273074269294739, 0.8478784561157227, 0.8452855944633484, 0.914737343788147, 0.9037178754806519, 0.8120609521865845, 0.8767657279968262, 0.9719002842903137, 0.9641801714897156, 0.8976813554763794, 0.9928507804870605, 0.9731125235557556, 0.9717352390289307, 0.7230568528175354, 0.9338974952697754, 0.9678854942321777, 0.7795003056526184, 0.8616782426834106, 0.7977608442306519], "label": [1, 1, 1, 0, 0, 0, 0]}