{"text": ["XYZ Hospital", "123 tlealth Street,Wellness City", "Phone:+1-234.587-890", "PatlontNanx:Bob Wllam", "p:31", "Doctor: Dr.Lao", "Medicine", "Dosuge", "Frequency", "Duration", "Cap Omez", "15tablets", "3mesday", "30 duys", "Tab Zole fcream", "5tablets", "3tmesaday", "10days", "Tab Clavun 25", "5tablets", "2 tmes aduy", "30 duys", "TabA1urocin 500", "15tablets", "2tmesaday", "10days", "Tab Trz", "15tablets", "2 tmes a duy", "7 days", "Cap Pan d", "20 tablets", "3 tmesa dey", "7 days", "Syrup", "Dosago", "Froquoncy", "Duratlon", "Syrup TusQ-dx", "Sml", "2tdoy", "14dy", "Advico:", "-Tako tod rost", "Eat nsy-to-digest food like boiled dce with dnl", "Stoybydrated"], "confidence": [0.9529951214790344, 0.8499622344970703, 0.8589719533920288, 0.795730710029602, 0.739750325679779, 0.878334641456604, 0.9259157180786133, 0.9420654773712158, 0.983525812625885, 0.964890718460083, 0.7728180885314941, 0.8647039532661438, 0.8467262983322144, 0.9137939810752869, 0.889792263507843, 0.9046000242233276, 0.8446890115737915, 0.8654675483703613, 0.8290096521377563, 0.9159331321716309, 0.7543216347694397, 0.9069848656654358, 0.8570062518119812, 0.8671495914459229, 0.8128202557563782, 0.8654675483703613, 0.9231915473937988, 0.8647039532661438, 0.753273069858551, 0.8452855944633484, 0.9221227169036865, 0.8797799944877625, 0.7805267572402954, 0.991462230682373, 0.9719002842903137, 0.9144992828369141, 0.9637989401817322, 0.9843534231185913, 0.9382736682891846, 0.927854061126709, 0.698294997215271, 0.932861328125, 0.9678854942321777, 0.7618414759635925, 0.8601347208023071, 0.8273892998695374], "label": [1, 1, 1, 0, 0, 0, 0]}