{"text": ["XYZ Hospital", "123 tlealth Street,Wellness City", "Phone:+1-234-587-890", "Patlont Nanx:Allco Wlllams", ":24", "Doctor: Dr. Tumor", "Medicine", "Dosuge", "Frequency", "Duration", "Cap Dilanun", "15tablets", "20ms dey", "4duys", "TabClavum25", "15tablets", "3 tmes doy", "$ duys", "Cap Colmmune", "5tablets", "3 tmesaday", "30 days", "Tab Sumo cold", "10tablets", "3 tmes aday", "10days", "TabFebrexplus", "5tablets", "3 tmesaday", "10days", "Cap Omez", "20 tablets", "3 tmesa dey", "10days", "Syrup", "Dosago", "Froquoncy", "Duration", "Syrup Corox", "Sml", "3 tims doy", "30dy", "Syrup TusQx", "Sml", "3timsday", "14day", "Advico:", "-Tako tod rost", "Eat nsy-to-digest food like boiled rice with dnl", "-Stytydrated"], "confidence": [0.9531888961791992, 0.8402786254882812, 0.886119544506073, 0.8294729590415955, 0.866183340549469, 0.954460620880127, 0.9514597654342651, 0.9427713751792908, 0.9902750849723816, 0.9621754884719849, 0.8739718794822693, 0.8647039532661438, 0.7692691087722778, 0.9136894941329956, 0.8864681720733643, 0.9037178754806519, 0.7507402896881104, 0.9324522018432617, 0.9130351543426514, 0.916618824005127, 0.8341830968856812, 0.8492847681045532, 0.9248234629631042, 0.9247161149978638, 0.8272819519042969, 0.9213528037071228, 0.9752780199050903, 0.9079194068908691, 0.8251968622207642, 0.9213528037071228, 0.9053189754486084, 0.981949508190155, 0.8336135745048523, 0.924377977848053, 0.988613486289978, 0.8285646438598633, 0.9466862082481384, 0.9799325466156006, 0.8926152586936951, 0.860496461391449, 0.7524312138557434, 0.9722570776939392, 0.9398233294487, 0.927854061126709, 0.7849414348602295, 0.7873247861862183, 0.9686400294303894, 0.7688633799552917, 0.8460922241210938, 0.8946594595909119], "label": [1, 1, 1, 0, 0, 0, 0]}