{"text": ["XYZ Hospital", "123 tlealth Street,Wellness City", "Phone:+1-234.587-890", "Patlant Namx:Bob Millor", ":40", "Doctor: Dr.Johnson", "Medicine", "Dosuge", "Frequency", "Duration", "TabCyciomelf", "15tablets", "3mesday", "30 days", "Tab Cetine", "20 tablets", "20mesaday", "4days", "Tab Pand", "10 tablets", "2 tmes aday", "7 days", "TabAlurocin 500", "5tablets", "2 tmes adey", "10days", "TabClavum 025", "10 tablets", "2tmesaday", "t4days", "Syrup", "Dosapo", "Froquoncy", "Duratlon", "Syrup TusQ dx", "Sml", "3tms doy", "5 days", "Syrup Cypon", "10ml", "3tims doy", "10dny", "Advico:", "-Tako tod rost", "Eat nsy-to-digest food like boiled rice with dnl", "Stoytydrated"], "confidence": [0.9441022872924805, 0.8430553674697876, 0.8575018644332886, 0.8704583644866943, 0.8325653076171875, 0.9664130806922913, 0.9546432495117188, 0.9427713751792908, 0.9788968563079834, 0.964890718460083, 0.8730824589729309, 0.8913987278938293, 0.8458738923072815, 0.8724113702774048, 0.9294699430465698, 0.9054545164108276, 0.7241058349609375, 0.8935898542404175, 0.9208880662918091, 0.8921223878860474, 0.7674550414085388, 0.8720644116401672, 0.813687264919281, 0.8912277221679688, 0.8046001195907593, 0.924377977848053, 0.8155454397201538, 0.901634693145752, 0.8577829003334045, 0.8406792283058167, 0.9703512191772461, 0.9113816618919373, 0.9083086848258972, 0.9960426092147827, 0.9514198303222656, 0.9197258949279785, 0.7066380381584167, 0.9072994589805603, 0.9888902306556702, 0.9616332650184631, 0.7529909014701843, 0.7591055631637573, 0.9687759280204773, 0.7586460113525391, 0.8524071574211121, 0.871784508228302], "label": [1, 0, 1, 0, 0, 0, 0]}