{"text": ["XYZ Hospital", "123 tlealth Street,Wellness City", "Phone:+1-234.587-890", "Patont Namx:Mla Wllams", "p:02", "Doctor: Dr.Pato1", "Medicine", "Dosage", "Frequency", "Duration", "Tab Combinam", "5tablets", "20ms day", "4duys", "Tab Febrex plus", "20 tablets", "20mesaday", "30 days", "TabCiplox500", "20 tblets", "3 tmesa day", "4days", "Cap Zovirax", "15tablets", "2 tms a doy", "5 days", "TabCyciopam", "10 tablets", "2tmesaday", "30 days", "Syrup", "Dosapo", "Froquoncy", "Duratlon", "Syrup Zodox", "Sml", "2timday", "7day", "Advico:", "-Tako tod rost", "Eat nsy-to-dlgest food like boiled dce with dal", "-Staytydrated"], "confidence": [0.9513452053070068, 0.8384838700294495, 0.8577502369880676, 0.8069456219673157, 0.6046748161315918, 0.9181328415870667, 0.930323600769043, 0.9033363461494446, 0.9560942053794861, 0.9623180627822876, 0.9441452026367188, 0.9079194068908691, 0.7605679631233215, 0.9136894941329956, 0.9186879992485046, 0.8709948658943176, 0.7784956693649292, 0.8663529753684998, 0.9484987258911133, 0.9248446226119995, 0.7573702335357666, 0.9184122085571289, 0.9138808846473694, 0.8865138292312622, 0.7903292179107666, 0.8013837933540344, 0.9111517071723938, 0.901634693145752, 0.8574197292327881, 0.8853435516357422, 0.9747051000595093, 0.9054598808288574, 0.9624842405319214, 0.910537838935852, 0.9014583826065063, 0.9197258949279785, 0.7432094216346741, 0.8434621095657349, 0.96775883436203, 0.795816957950592, 0.9010121822357178, 0.937537431716919], "label": [1, 1, 1, 0, 0, 0, 0]}