{"text": ["XYZ Hospital", "123 tlealth Street,Wellness City", "Phone:+1-234.587-890", "Patlnt Nam:Allco D", ":07", "Doctor:Dr.Johnson", "Medicine", "Dosuge", "Frequency", "Duration", "Tab Sumo cold", "5tablets", "3mesa day", "30 days", "Tab Febrex plus", "20 tblets", "2 tms  duy", "10days", "Tab Pand", "t5tblets", "2tmesa duy", "7 days", "TabAluhrodin 500", "5tablets", "2 tm5 a doy", "5 days", "Syrup", "Dosapo", "Froquancy", "Duratlon", "Syrup Brozodox", "Sml", "2tmdoy", "7days", "SyrupCorox-dx", "Sml", "3mday", "14dy", "Advico:", "-Tako tod rost", "Eat nsy-to-dlgest food like boiled dce with dal", "-Stayhydrated"], "confidence": [0.951866626739502, 0.8477214574813843, 0.8577502369880676, 0.7919503450393677, 0.8011953830718994, 0.961843729019165, 0.930323600769043, 0.9427713751792908, 0.985615611076355, 0.964890718460083, 0.9144731760025024, 0.901167631149292, 0.7508084774017334, 0.8676621317863464, 0.9224916100502014, 0.9132061004638672, 0.7212334871292114, 0.9213528037071228, 0.9201011061668396, 0.9026899933815002, 0.8062561750411987, 0.8767657279968262, 0.7435046434402466, 0.8878754377365112, 0.737241804599762, 0.8369717597961426, 0.9886301159858704, 0.8093938827514648, 0.9572234749794006, 0.9490550756454468, 0.9772181510925293, 0.8684621453285217, 0.7560526728630066, 0.9112256765365601, 0.8807696104049683, 0.9197258949279785, 0.8256782293319702, 0.8365260362625122, 0.9688101410865784, 0.8293460011482239, 0.9003587961196899, 0.8834782838821411], "label": [1, 0, 1, 0, 0, 0, 0]}