{"text": ["XYZ Hospital", "123 tlealth Street,Wellness City", "Phone:+1-234.587-890", "Patlont Namx:Davld Wlson", "Doctor: Dr.Pato1", "Medicine", "Dosuge", "Frequency", "Duration", "Cap Dilanun", "10tablets", "3mesday", "30 days", "TabClavum025", "10 tablets", "3 umes duy", "30 days", "Tab Sumo cold", "10 tablets", "2 tmes aday", "5days", "Tab Trz", "10tablets", "3 tmesa dey", "5 days", "Syrup", "Dosago", "Froquoncy", "Duratlon", "Syrup TusQ dx", "10ml", "3tms doy", "10days", "SyrupCorox-dx", "10ml", "3timsday", "5doy", "Advico:", "-Tako tod rost", "Eat nsy-to-dlgest food like boiled rice with dal", "-Staytydrated"], "confidence": [0.953935444355011, 0.8471035957336426, 0.8541738390922546, 0.8478915691375732, 0.9176931977272034, 0.9240130186080933, 0.9349806904792786, 0.9838371276855469, 0.964890718460083, 0.8990545272827148, 0.9273074269294739, 0.8170825242996216, 0.8676621317863464, 0.885660707950592, 0.9107781648635864, 0.7057475447654724, 0.8663529753684998, 0.8909777402877808, 0.8921223878860474, 0.8022674918174744, 0.8701895475387573, 0.8342235684394836, 0.9247161149978638, 0.7729131579399109, 0.8369717597961426, 0.9747051000595093, 0.8496239185333252, 0.9251506328582764, 0.873630166053772, 0.985166609287262, 0.9347427487373352, 0.6752092242240906, 0.7906635403633118, 0.8774359226226807, 0.9165780544281006, 0.7793974876403809, 0.7402545213699341, 0.9688101410865784, 0.8336081504821777, 0.9003981947898865, 0.9319948554039001], "label": [1, 1, 1, 0, 0, 0, 0]}