{"text": ["XYZ Hospital", "123 tlealth Street,Wellness City", "Phone:+1-234.587-890", "Patlont Namx:LlamJohnson", ":30", "Doctor: Dr.Pato1", "Medicine", "Dosage", "Frequency", "Duration", "Tab Cetine", "5tablets", "20ms dey", "10days", "Tab Dolo 650", "20 tblets", "3 umes dey", "4days", "Cap Zovirax", "15tablets", "3 tmesadey", "10 days", "Cap Colmmune", "10 tablets", "3 tmesa dey", "7 days", "Cap Cypon", "20tablets", "3tmesaday", "30 days", "Syrup", "Dosago", "Froquancy", "Duratlon", "Syrup TusQ-dx", "10ml", "2timdy", "14day", "Advico:", "-Tako tod rost", "Eat nsy-to-dlgest food like boiled dce with dal", "-Staytydrated"], "confidence": [0.953935444355011, 0.8386499881744385, 0.8577502369880676, 0.8876578211784363, 0.8779355883598328, 0.917064905166626, 0.930323600769043, 0.9033363461494446, 0.9856641292572021, 0.9629752039909363, 0.9074390530586243, 0.9079194068908691, 0.7692691087722778, 0.8628065586090088, 0.8231015205383301, 0.9248446226119995, 0.7338784337043762, 0.9184122085571289, 0.9156240820884705, 0.8623680472373962, 0.8391181230545044, 0.8740202188491821, 0.916467010974884, 0.901634693145752, 0.7762048244476318, 0.8720644116401672, 0.9558568596839905, 0.8978633880615234, 0.8553907871246338, 0.8853435516357422, 0.9720994234085083, 0.8300634026527405, 0.9370110630989075, 0.8988408446311951, 0.9553414583206177, 0.9347427487373352, 0.8268892168998718, 0.7760825753211975, 0.96775883436203, 0.795816957950592, 0.9010859727859497, 0.937537431716919], "label": [1, 1, 1, 0, 0, 0, 0]}