{"text": ["XYZ Hospital", "123 tlealth Street,Wellness City", "Phone:+1-234-587-890", "Patlant Nanx:Graco Johnson", ":48", "Doctor: Dr.Lo", "Medicine", "Dosage", "Frequency", "Duration", "Tab Combinam", "20 tblets", "3mesday", "$ days", "Cap Zovirax", "5tablets", "3tmesaday", "30 days", "Tab Pan d", "t5tblets", "3 tmes a duy", "5 days", "Cap Dilantn", "20 tblets", "3 tmesadey", "7 days", "Syrup", "Dosago", "Froquancy", "Duratlon", "Syrup Corx", "10ml", "2 tim doy", "30day", "Advico:", "-Takorst", "Eat nsy-to-dlgest food like boiled rice with dal", "-Stynydrated"], "confidence": [0.9470403790473938, 0.8488829135894775, 0.8675873875617981, 0.8380172252655029, 0.8221071362495422, 0.9231882691383362, 0.9286406636238098, 0.8897534012794495, 0.9788968563079834, 0.964890718460083, 0.9510242342948914, 0.9135541915893555, 0.8427475690841675, 0.837290346622467, 0.9156240820884705, 0.8909797668457031, 0.8145215511322021, 0.8663529753684998, 0.8987160921096802, 0.8782268762588501, 0.8619096875190735, 0.7990822196006775, 0.8855029940605164, 0.9086169004440308, 0.7121106386184692, 0.8480218052864075, 0.9852066040039062, 0.9191999435424805, 0.9354243874549866, 0.9490550756454468, 0.9269081354141235, 0.9658069610595703, 0.7394269704818726, 0.888917088508606, 0.9288334846496582, 0.7479605674743652, 0.8857390284538269, 0.8980918526649475], "label": [1, 1, 1, 0, 0, 0, 0]}