{"text": ["XYZ Hospital", "123 tlealth Street,Wellness City", "Phone:+1-234-587-890", "Patlont Namx:EvoSmith", ":20", "Doctor: Dr.Smith", "Medicine", "Dosage", "Frequency", "Duration", "TabClvum 025", "5tablets", "20ms doy", "t4duys", "Tab Allegra", "15tablets", "2 m0s  duy", "4duys", "Cup Omez", "15tablets", "2 tmes a day", "5days", "TabCiplox 500", "5tablets", "3 tmes aday", "7 days", "Tab Sumo cold", "15tablets", "2 tmes a duy", "4duys", "Cap Pan d", "15tablets", "3 tmesa dey", "t4days", "Syrup", "Dosapo", "Froquoncy", "Durotlon", "Syrup Fobrox plus", "Sml", "3 tims doy", "14days", "Syrup Cypon", "10ml", "2timday", "14 doy", "Advico:", "-Tako tod rst", "Eat nsy-to-digest food like boiled rice with dal", "-Stytydrated"], "confidence": [0.9509110450744629, 0.8445388078689575, 0.8954404592514038, 0.8281192779541016, 0.8505358099937439, 0.9594454765319824, 0.9259157180786133, 0.9033363461494446, 0.985968291759491, 0.9623180627822876, 0.8495747447013855, 0.901167631149292, 0.7569583654403687, 0.8546951413154602, 0.8884873986244202, 0.8927748799324036, 0.7353242039680481, 0.9136894941329956, 0.8356970548629761, 0.8647039532661438, 0.7271961569786072, 0.8641525506973267, 0.8628305196762085, 0.9046000242233276, 0.8303280472755432, 0.861883819103241, 0.906132161617279, 0.8647039532661438, 0.7506501078605652, 0.9083743095397949, 0.9697298407554626, 0.8990643620491028, 0.8244291543960571, 0.8406792283058167, 0.988613486289978, 0.8228013515472412, 0.9466862082481384, 0.934342622756958, 0.9936562776565552, 0.9028758406639099, 0.7524312138557434, 0.8673887848854065, 0.9619796872138977, 0.9357630014419556, 0.8143227696418762, 0.770780086517334, 0.9238536953926086, 0.7242653369903564, 0.9027966856956482, 0.9149673581123352], "label": [1, 1, 1, 0, 0, 0, 0]}