{"text": ["XYZ Hospital", "123 tlealth Street,Wellness City", "Phone:+1-234-587-890", "Patlant Nanx:Allco Wlson", ":41", "Doctor: Dr.Smith", "Medicine", "Dosuge", "Frequency", "Duration", "Cup Dilunun", "5 tablets", "3mesday", "10duys", "Tab Combinam", "10 tablets", "3tmesaday", "4days", "Cap Colmmune", "5tablets", "2tmesaday", "4 days", "Tab Evion", "20 tablets", "2 tm5 a doy", "7 days", "Syrup", "Dosago", "Froquancy", "Duration", "Syrup TusQ dx", "Sml", "3mday", "5days", "Advico:", "-Tako bod rost", "Eat nsy-to-dlgest food like boiled rice with dal", "-Stytydrated"], "confidence": [0.950584352016449, 0.8408339023590088, 0.8927069902420044, 0.82670658826828, 0.8224173188209534, 0.9509567022323608, 0.930323600769043, 0.9030749201774597, 0.9823787212371826, 0.9623180627822876, 0.918804407119751, 0.887381374835968, 0.843670666217804, 0.9152160286903381, 0.9226258397102356, 0.8921223878860474, 0.8201786875724792, 0.8935898542404175, 0.8990365862846375, 0.9093613624572754, 0.858680784702301, 0.8659627437591553, 0.951782763004303, 0.8983814120292664, 0.7780935168266296, 0.8767657279968262, 0.9852066040039062, 0.9117240309715271, 0.9354243874549866, 0.8712384700775146, 0.9520286321640015, 0.8684621453285217, 0.8066997528076172, 0.8856489062309265, 0.9288334846496582, 0.7142534255981445, 0.8857390284538269, 0.9112634658813477], "label": [1, 1, 1, 0, 0, 0, 0]}