{"text": ["XYZ Hospital", "123 tlealth Street,Wellness City", "Phone:+1-234.587-890", "PatlantNamx:Llam Wlllams", "p:45", "Doctor: Dr. Tumor", "Medicine", "Dosuge", "Frequency", "Duration", "Tab Cetine", "10 tablets", "3mesday", "10days", "Tab Allegra", "5tablets", "3tmesadey", "10days", "Cap Dilanun", "5tablets", "3tmes aday", "4 days", "Cap Omez", "20 toblets", "3 tmesa dey", "t4days", "TabCyclopam", "5 tablets", "3 tmesaday", "5days", "Syrup", "Dosapo", "Froquoncy", "Duratlon", "Syrup TusQx", "Sml", "2mdoy", "5 days", "Syrup TusQ-dx", "Sml", "2tims doy", "10dny", "Advico:", "-Tako tod rost", "Eat ensy-to-digest food like boiled rice with dnl", "Stoytydrated"], "confidence": [0.953700840473175, 0.8401622772216797, 0.8589719533920288, 0.8218857645988464, 0.7807413339614868, 0.956225574016571, 0.930323600769043, 0.9741355776786804, 0.9788968563079834, 0.9623180627822876, 0.9220861196517944, 0.9107781648635864, 0.8343991041183472, 0.9608897566795349, 0.8737680315971375, 0.8912277221679688, 0.8160144090652466, 0.9015160202980042, 0.8659977316856384, 0.8205043077468872, 0.8121234774589539, 0.8880710601806641, 0.876608669757843, 0.8743324279785156, 0.7284836173057556, 0.8510770797729492, 0.8953136205673218, 0.8480369448661804, 0.8251968622207642, 0.8882506489753723, 0.9720994234085083, 0.8614616990089417, 0.9494552612304688, 0.9960426092147827, 0.9398233294487, 0.8684621453285217, 0.7551538348197937, 0.9072994589805603, 0.9641260504722595, 0.9197258949279785, 0.7249763607978821, 0.7591055631637573, 0.96775883436203, 0.719155490398407, 0.844878613948822, 0.8284637331962585], "label": [1, 1, 1, 0, 0, 0, 0]}