{"text": ["XYZ Hospital", "123 tlealth Street,Wellness City", "Phone:+1-234.587-890", "Patlant Namx:Llam Millor", ":74", "Doctor: Dr.Johnson", "Medicine", "Dosuge", "Frequency", "Duration", "Tab Combiam", "5 tablets", "20ms dey", "5 days", "TabCyciopam", "15tablets", "20mesaday", "7 days", "Cap Omez", "10 tablets", "2 tmes aday", "10 days", "Tab Febrexplus", "10 tablets", "3tmesaday", "5days", "TabNeurobin Forte", "5tablets", "2tmesaday", "5days", "Syrup", "Dosapo", "Froquancy", "Duratlon", "Syrup TusQ dx", "Sml", "2tmdoy", "10dny", "Syrup Corox-dx", "Sml", "3tims doy", "5 days", "Advico:", "-Tako tod rost", "Eat nsy-to-digest food like boiled rice with dnl", "Stoytydrated"], "confidence": [0.9477817416191101, 0.8474778532981873, 0.8575018644332886, 0.8593688607215881, 0.8531801700592041, 0.9653756022453308, 0.8953059315681458, 0.979745090007782, 0.9821071624755859, 0.964890718460083, 0.9423530101776123, 0.8705056309700012, 0.7692691087722778, 0.7393367886543274, 0.9114999175071716, 0.8913987278938293, 0.7719011902809143, 0.8767657279968262, 0.8306777477264404, 0.8921223878860474, 0.7674550414085388, 0.8690416216850281, 0.9431802034378052, 0.901634693145752, 0.8878806829452515, 0.8691898584365845, 0.9638843536376953, 0.9057856798171997, 0.8577829003334045, 0.8882506489753723, 0.974157989025116, 0.8843854069709778, 0.934880256652832, 0.9955869913101196, 0.9477811455726624, 0.8684621453285217, 0.7179483771324158, 0.6276463270187378, 0.9816890954971313, 0.9197258949279785, 0.7529909014701843, 0.8086541295051575, 0.9678077101707458, 0.7555519938468933, 0.8504207730293274, 0.871784508228302], "label": [1, 1, 1, 0, 0, 0, 0]}