{"text": ["XYZ Hospital", "123 tlealth Street,Wellness City", "Phone:+1-234-587-890", "Patlont Namx:Bob Millor", "p:39", "Doctor: Dr.Smith", "Medicine", "Dosage", "Frequency", "Duration", "TabDolo650", "20 tblets", "20ms doy", "$ days", "TabAlurocin 500", "20 tablets", "2mes  duy", "10days", "Tab Cyciopam", "10tablets", "3 tmesaday", "4 duys", "Cap Cypon", "5tablets", "3 tmesadey", "5 days", "Syrup", "Dosago", "Froquancy", "Duration", "Syrup TusQx", "Sml", "3tims doy", "30day", "Advico:", "-Tako bod rost", "Eat nsy-to-dlgest food like boiled rice with dal", "-Stynydrated"], "confidence": [0.9509110450744629, 0.8406103849411011, 0.8954404592514038, 0.8157860040664673, 0.7092078924179077, 0.955949604511261, 0.9286406636238098, 0.9033363461494446, 0.9838371276855469, 0.964890718460083, 0.8932056427001953, 0.9135541915893555, 0.7564270496368408, 0.837290346622467, 0.8008655309677124, 0.9054545164108276, 0.7472155094146729, 0.924377977848053, 0.8583760261535645, 0.9273074269294739, 0.8514732122421265, 0.944999635219574, 0.9343239665031433, 0.8909797668457031, 0.7185487747192383, 0.8334064483642578, 0.9908796548843384, 0.9191999435424805, 0.9584259390830994, 0.9392375946044922, 0.9471550583839417, 0.8684621453285217, 0.7523825764656067, 0.8759253621101379, 0.9288334846496582, 0.7142534255981445, 0.8857390284538269, 0.8979136347770691], "label": [1, 1, 1, 0, 0, 0, 0]}