{"text": ["XYZ Hospital", "123 tlealth Street,Wellness City", "Phone:+1-234.587-890", "Patlont Namx:MlaJohnson", "p:27", "Doctor: Dr.Lao", "Medicine", "Dosuge", "Frequency", "Duration", "Cap Zovirax", "20tblets", "20ms day", "30 days", "Tab Sumo cold", "5tablets", "3tmesaday", "10days", "Tab Neurobin Forte", "20 tblets", "2tmesaday", "30 days", "Cap Co-lmmune", "10tablets", "2 tm5 a doy", "5 days", "Syrup", "Dosago", "Froquancy", "Duratlon", "Syrup Corx", "10ml", "3tm doy", "7days", "SyrupZodax", "10ml", "2timday", "14day", "Advico:", "-Tako bod rost", "Eat nsy-to-digest food like boiled rice with dal", "-Stayhydrated"], "confidence": [0.951866626739502, 0.8386499881744385, 0.8577502369880676, 0.8565487265586853, 0.7458348274230957, 0.888733983039856, 0.9307171702384949, 0.9427713751792908, 0.9838371276855469, 0.964890718460083, 0.8519293069839478, 0.9343926906585693, 0.761807918548584, 0.8676621317863464, 0.9154900312423706, 0.8909797668457031, 0.8251487016677856, 0.9015160202980042, 0.9011402130126953, 0.9086169004440308, 0.8631507158279419, 0.8867191672325134, 0.8847764134407043, 0.9247161149978638, 0.7343096137046814, 0.8235217928886414, 0.9728748202323914, 0.8347269892692566, 0.9061452150344849, 0.8653408288955688, 0.9269081354141235, 0.9347427487373352, 0.7288550138473511, 0.914350688457489, 0.8924425840377808, 0.911413848400116, 0.7986935377120972, 0.7760825753211975, 0.967370867729187, 0.8230072855949402, 0.8990753293037415, 0.8757689595222473], "label": [1, 1, 1, 0, 0, 0, 0]}