{"text": ["XYZ Hospital", "123 tlealth Street,Wellness City", "Phone:+1-234.587-890", "Patlant Namx:Jano Smith", ":70", "Doctor: Dr.Johnson", "Medicine", "Dosuge", "Frequency", "Duration", "Tab Allegra", "15tablets", "20ms doy", "7 duys", "Cap Dilanun", "10 tablets", "20mesadey", "4days", "TabClavum 025", "20 tblets", "3tmes aday", "7 days", "Tab Dolo 650", "5tablets", "2 tmesa dey", "7 days", "TabZole fcream", "10 tablets", "2tmesaday", "5days", "Syrup", "Dosapo", "Froquancy", "Duratlon", "Syrup Cypon", "Sml", "2tmsdoy", "7day", "Syrup TusQ-dx", "Sml", "3tims doy", "7days", "Advico:", "-Tako to rst", "Eat nsy-to-digest food like boiled rice with dnl", "Stoytydrated"], "confidence": [0.9442035555839539, 0.8472376465797424, 0.8575018644332886, 0.8451052308082581, 0.7763848900794983, 0.972112238407135, 0.8984020948410034, 0.975483238697052, 0.9788968563079834, 0.955414891242981, 0.9100603461265564, 0.8647039532661438, 0.767784595489502, 0.8653728365898132, 0.8668411374092102, 0.8921223878860474, 0.7595356702804565, 0.8935898542404175, 0.8213740587234497, 0.9248446226119995, 0.8150516748428345, 0.8720644116401672, 0.8140571713447571, 0.8902075290679932, 0.8118886351585388, 0.8720644116401672, 0.8941407203674316, 0.901634693145752, 0.8577829003334045, 0.8746163249015808, 0.9703512191772461, 0.90386563539505, 0.934296727180481, 0.9959683418273926, 0.9832866787910461, 0.8684621453285217, 0.6669524312019348, 0.8866479396820068, 0.9664191603660583, 0.9197258949279785, 0.7613676190376282, 0.9114284515380859, 0.9687759280204773, 0.7348210215568542, 0.8504207730293274, 0.8412471413612366], "label": [1, 1, 1, 0, 0, 0, 0]}