{"text": ["XYZ Hospital", "123 tlealth Street,Wellness City", "Phone:+1-234.587-890", "PatlntNanx:Davld Brown", ":42", "DoctorDr.Tumor", "Medicine", "Dosuge", "Frequency", "Duration", "TabCiplox500", "10tablets", "20ms day", "7 days", "Tab Allegra", "20 tablets", "2 ums  doy", "7 days", "Cap Dilanun", "20 tablets", "2 tmes day", "10 days", "Tab Cyciomeff", "10 tablets", "3tmes aday", "$ days", "TabFebrexplus", "20 tablets", "2tmesaday", "30 days", "Syrup", "Dosogo", "Froquoncy", "Duratlon", "Syrup TusQx", "10ml", "3timsday", "14day", "Advico:", "-Tako tod rost", "Eat nsy-to-dlgest food like boiled dc with dnt", "-Staytydrated"], "confidence": [0.9551815986633301, 0.840700626373291, 0.8522945642471313, 0.8386488556861877, 0.812186062335968, 0.974088728427887, 0.8984020948410034, 0.9375312328338623, 0.9838371276855469, 0.965709924697876, 0.8937670588493347, 0.9273074269294739, 0.7605679631233215, 0.8831198811531067, 0.8720228672027588, 0.9054545164108276, 0.7034355998039246, 0.8767657279968262, 0.8985759615898132, 0.9054545164108276, 0.7205934524536133, 0.8690416216850281, 0.8627439141273499, 0.901634693145752, 0.8479517102241516, 0.8910719752311707, 0.9625754952430725, 0.8863240480422974, 0.8574197292327881, 0.8853435516357422, 0.9720994234085083, 0.8471839427947998, 0.9624842405319214, 0.8988408446311951, 0.9429664611816406, 0.9347427487373352, 0.7220712900161743, 0.7760825753211975, 0.9694406390190125, 0.771562397480011, 0.8745375871658325, 0.9281126260757446], "label": [1, 1, 1, 0, 0, 0, 0]}