{"text": ["XYZ Hospital", "123 tlealth Street,Wellnes City", "Phone:+1-234.587-890", "PatlontNamx:Mla Davs", ":30", "Doctor: Dr.Lo", "Medicine", "Dosuge", "Frequency", "Duration", "Tab Sumo cold", "20 tblets", "20ms doy", "7 duys", "Cap Pan d", "10 tablets", "2tmesa duy", "10days", "TabNeurobin Forte", "10tablets", "3 tmesaday", "7 days", "Cap Dilantn", "20 tablets", "3 tmesa dey", "5 days", "Syrup", "Dosago", "Froquoncy", "Duratlon", "Syrup Grillnctus bm", "Sml", "2 tm doy", "30 days", "Syrup Fobroxplus", "10ml", "3timsday", "10day", "Advico:", "-Tako tod rost", "Eat nsy-to-dlgest food like boiled rice with dal", "-Stayhydrated"], "confidence": [0.95541912317276, 0.8442469239234924, 0.8541738390922546, 0.8438178300857544, 0.8670454025268555, 0.9291847944259644, 0.930323600769043, 0.9427713751792908, 0.9838371276855469, 0.955414891242981, 0.9144731760025024, 0.9135541915893555, 0.7707927227020264, 0.9828178286552429, 0.9048255085945129, 0.8921223878860474, 0.7795726656913757, 0.8626441955566406, 0.9521375298500061, 0.9273074269294739, 0.8464710116386414, 0.8720644116401672, 0.9008529186248779, 0.8983814120292664, 0.7739810347557068, 0.8369717597961426, 0.9747051000595093, 0.8496239185333252, 0.8970111012458801, 0.873630166053772, 0.9753844738006592, 0.8684621453285217, 0.7152940034866333, 0.9648943543434143, 0.8646885752677917, 0.911413848400116, 0.7330020666122437, 0.7979649305343628, 0.9677251577377319, 0.8293460011482239, 0.9003981947898865, 0.8834782838821411], "label": [1, 1, 1, 0, 0, 0, 0]}