{"text": ["XYZ Hospital", "123 tlealth Street,Wellness City", "Phone:+1-234-587-890", "Patlont Nanx:Graco Whito", ":07", "Doctor: Dr. Tumor", "Medicine", "Dosuge", "Frequency", "Duration", "Cap Colmmune", "10 tablets", "20ms dey", "7 days", "Tab TAz", "20 tablets", "2 tm0s  duy", "30 days", "Tab Neurobin Forte", "5tablets", "2 tmes a day", "5days", "Tab Combinlam", "20 tblets", "2 tmesa day", "5days", "Cup Omez", "5tablets", "2 tmes a duy", "7 days", "TabAluhrodin500", "10tablets", "3 tmesa dey", "t4days", "Syrup", "Dosago", "Froquoncy", "Duratlon", "Syrup Corox-dx", "10ml", "3tims doy", "7days", "Syrup Corox", "Sml", "3timday", "30dys", "Advico:", "-Tako tod rost", "Eat nsy-to-digest food like boiled rice with dal", "-Stytydrated"], "confidence": [0.9549286961555481, 0.8478810787200928, 0.8794944882392883, 0.8057431578636169, 0.7965459227561951, 0.9597349762916565, 0.9307171702384949, 0.9422492384910583, 0.9902750849723816, 0.964890718460083, 0.8869667649269104, 0.8778047561645508, 0.7692691087722778, 0.8594018816947937, 0.8014923334121704, 0.8709948658943176, 0.7051472663879395, 0.8513266444206238, 0.9426306486129761, 0.916618824005127, 0.7271961569786072, 0.8366293907165527, 0.8778592348098755, 0.9086169004440308, 0.8068044185638428, 0.8520981669425964, 0.8303523659706116, 0.9079194068908691, 0.7724898457527161, 0.8452855944633484, 0.8118975162506104, 0.9247161149978638, 0.8597587943077087, 0.8406792283058167, 0.988613486289978, 0.8285646438598633, 0.9466862082481384, 0.9693984985351562, 0.9713419675827026, 0.9702969789505005, 0.7440056204795837, 0.8676953315734863, 0.9742020964622498, 0.927854061126709, 0.7867868542671204, 0.9068120121955872, 0.9699703454971313, 0.7679581642150879, 0.9021574854850769, 0.8947877287864685], "label": [1, 1, 1, 0, 0, 0, 0]}