{"text": ["XYZ Hospital", "123 tlealth Street,Wellness City", "Phone:+1-234.587-890", "PatlntNam:EvoJohnson", "p:70", "Doctor:Dr.Pato1", "Medicine", "Dosuge", "Frequency", "Duration", "Tab Evion", "15tablets", "3mesday", "30 days", "Tab Cyciomeff", "5tablets", "20mes dey", "30 days", "Tab Cetine", "20 toblets", "2 tmes aday", "t4days", "Cap Omez", "5tablets", "3 tmesa dey", "t4days", "Cap Cypon", "20 tablets", "3tmes aday", "7 days", "Syrup", "Dosapo", "Froquoncy", "Duratlon", "Syrup Corox", "Sml", "3timsday", "14day", "Advico:", "-Tako tod rost", "Eat nsy-to-digest food like boiled dce with dal", "-Staytydrated"], "confidence": [0.9556338787078857, 0.8386499881744385, 0.8541738390922546, 0.8784977197647095, 0.782950758934021, 0.9264134168624878, 0.9180112481117249, 0.9420654773712158, 0.9838371276855469, 0.965709924697876, 0.9262643456459045, 0.8927748799324036, 0.8353540301322937, 0.8676621317863464, 0.8536059856414795, 0.8912277221679688, 0.7860987186431885, 0.8853435516357422, 0.9307428598403931, 0.8743324279785156, 0.7499434947967529, 0.8406792283058167, 0.8583098649978638, 0.8612961769104004, 0.8120609521865845, 0.8406792283058167, 0.9212132692337036, 0.864126980304718, 0.8533846139907837, 0.8720644116401672, 0.9720994234085083, 0.918595016002655, 0.9728686809539795, 0.962416410446167, 0.9715431332588196, 0.9197258949279785, 0.7406063079833984, 0.7760825753211975, 0.9675191640853882, 0.8345187902450562, 0.89924156665802, 0.9372954964637756], "label": [1, 1, 1, 0, 0, 0, 0]}