{"text": ["XYZ Hospital", "123 tlealth Street,Wellness City", "Phone:+1-234.587-890", "PatlntNanx:Bob Wllam", "Ap:58", "Doctor: Dr.Lao", "Medicine", "Dosuge", "Frequency", "Duration", "Cap Dilanun", "10tablets", "2 umes a day", "4days", "Tab Clavum025", "15tablets", "3 0ms dey", "10days", "Tab Cyciomelf", "5tablets", "3 tmesa day", "10 days", "Tab Zole f cream", "10tablets", "3 tmesa dey", "10days", "Tab Dolonex dt", "10tablets", "3 tmesaday", "7 days", "Syrup", "Dosago", "Froquoncy", "Duratlon", "Syrup Corox-dx", "Sml", "3timsday", "10day", "Advico:", "-Tako tod rost", "Eat nsy-to-digest food like boiled dce with dal", "-Staytydrated"], "confidence": [0.9527682662010193, 0.8471758365631104, 0.8577502369880676, 0.7872945070266724, 0.5542054772377014, 0.9044018983840942, 0.9314273595809937, 0.9349806904792786, 0.9838371276855469, 0.9629752039909363, 0.8908580541610718, 0.9273074269294739, 0.8037311434745789, 0.9227895736694336, 0.8568993210792542, 0.8871575593948364, 0.7231447696685791, 0.9213528037071228, 0.8485223054885864, 0.9073119759559631, 0.7573702335357666, 0.8715320229530334, 0.8586622476577759, 0.9273074269294739, 0.7729131579399109, 0.924377977848053, 0.9189910292625427, 0.9273074269294739, 0.8438262939453125, 0.8720644116401672, 0.9747051000595093, 0.9144992828369141, 0.9624842405319214, 0.962416410446167, 0.9615016579627991, 0.9197258949279785, 0.7220712900161743, 0.8202261924743652, 0.9675191640853882, 0.8320817351341248, 0.89924156665802, 0.9372954964637756], "label": [1, 1, 1, 0, 0, 0, 0]}