{"text": ["XYZ Hospital", "123 tlealth Street,Wellness City", "Phone:+1-234-587-890", "Patlont Nanx:Llam Brown", ":41", "Doctor: Dr. Tumor", "Medicine", "Dosage", "Frequency", "Duration", "TabCiplox500", "5tablets", "20ms doy", "5 days", "Tab Dolonexdt", "5tablets", "20mesa duy", "7 days", "Tab Triz", "10tablets", "2 tmes aduy", "5days", "TabAlurocin 500", "15tablets", "2tmesa duy", "30 days", "Tab Febrex plus", "15tablets", "2 umes a duy", "5days", "TabCyciomeff", "20 tablets", "3tmesaday", "30 days", "Syrup", "Dosapo", "Froquoncy", "Duratlon", "Syrup Grillnctus tm", "Sml", "3tims doy", "30days", "Syrup TusQ dx", "10ml", "2timday", "5days", "Advico:", "-Tako tod rost", "Eat nsy-to-digest food like boiled rice with dal", "-Stytydrated"], "confidence": [0.9539773464202881, 0.8380128741264343, 0.8895711898803711, 0.8239904642105103, 0.8224173188209534, 0.9733008146286011, 0.930323600769043, 0.9033363461494446, 0.9851459860801697, 0.965709924697876, 0.9081174731254578, 0.901167631149292, 0.767784595489502, 0.7547540068626404, 0.9448598027229309, 0.8909797668457031, 0.7457723617553711, 0.861883819103241, 0.9085347652435303, 0.9247161149978638, 0.7543216347694397, 0.8366293907165527, 0.7935484647750854, 0.8647039532661438, 0.8216344714164734, 0.8853435516357422, 0.9152048826217651, 0.8589031100273132, 0.7527843117713928, 0.8691898584365845, 0.8615994453430176, 0.8797799944877625, 0.8611699342727661, 0.9300812482833862, 0.983737587928772, 0.8228013515472412, 0.9474319815635681, 0.9902716875076294, 0.9915162920951843, 0.9028758406639099, 0.7389755249023438, 0.8151836395263672, 0.9526617527008057, 0.9357630014419556, 0.7662373781204224, 0.7154484987258911, 0.9686400294303894, 0.7705491185188293, 0.9020175933837891, 0.8946594595909119], "label": [1, 0, 1, 0, 0, 0, 0]}