{"text": ["XYZ Hospital", "123 tlealth Street,Wellness City", "Phone:+1-234-587-890", "Patlnt NanLlam D", ":30", "Doctor:Dr.Johnson", "Medicine", "Dosage", "Frequency", "Quradon", "TabAluhrodn 500", "5tablets", "3 mes doy", "4duys", "Tab Trz", "10 tablets", "3 tmes doy", "10days", "TabAllegra", "20 tablets", "3 tmesa doy", "10 days", "Tab Dolo650", "10tablets", "3tmesaday", "30 days", "Cap Pan d", "10tablets", "2 tmes a duy", "10days", "TabClvum 025", "10 tablets", "3 tmesa dey", "7 days", "Syrup", "Dosapo", "Froquoncy", "Durotlon", "Syrup Grillnctus tm", "Sml", "2 tim doy", "7days", "Syrup TusQ-dx", "10ml", "2timday", "7day", "Advico:", "-Tako tod rost", "Eat nsy-to-digest food like boiled rice with dal", "-Stytydrated"], "confidence": [0.9539773464202881, 0.8392036557197571, 0.9062145948410034, 0.776657223701477, 0.8133759498596191, 0.9619083404541016, 0.907014787197113, 0.9033363461494446, 0.9852608442306519, 0.8168739080429077, 0.7932007908821106, 0.901167631149292, 0.7591496109962463, 0.9136894941329956, 0.8941929936408997, 0.8778047561645508, 0.7266961336135864, 0.8626441955566406, 0.938199520111084, 0.8709948658943176, 0.7694242000579834, 0.8349600434303284, 0.83915114402771, 0.9273074269294739, 0.8851584792137146, 0.8867191672325134, 0.9105875492095947, 0.9273074269294739, 0.7724898457527161, 0.924377977848053, 0.8495147228240967, 0.8921223878860474, 0.8194018006324768, 0.8767657279968262, 0.9882689714431763, 0.8228013515472412, 0.9466862082481384, 0.9325146675109863, 0.9886631965637207, 0.9028758406639099, 0.7873589992523193, 0.9075732231140137, 0.9553414583206177, 0.9357630014419556, 0.7676267623901367, 0.8532044887542725, 0.9686400294303894, 0.7705491185188293, 0.9020175933837891, 0.8946594595909119], "label": [1, 1, 1, 0, 0, 0, 0]}