{"text": ["XYZ Hospital", "123 tlealth Street,Wellness City", "Phone:+1-234-587-890", "Patlont Nanx:Llam Whito", "p:43", "Doctor:Dr.Patol", "Medicine", "Dosuge", "Frequency", "Duration", "TabAluhrodin 500", "5 tablets", "3mesdey", "7 days", "Cap Colmmune", "20 tblets", "20mes  duy", "30 days", "Tab Zole fcream", "10 tablets", "3 tmesaday", "5 days", "Tab Combinam", "t5tablets", "3 tmesa dey", "10days", "Syrup", "Dosago", "Froquancy", "Duratlon", "Syrup Brozodax", "Sml", "3tims doy", "5days", "Advico:", "-Tako tod rost", "Eat nsy-to-dlgest food like boiled rice with dal", "-Stynydrated"], "confidence": [0.9555370807647705, 0.8440488576889038, 0.888440728187561, 0.8141235113143921, 0.7557733058929443, 0.9500476121902466, 0.9258362054824829, 0.9030749201774597, 0.9827357530593872, 0.964890718460083, 0.7673797011375427, 0.8940432071685791, 0.8327884078025818, 0.9877565503120422, 0.8991279602050781, 0.9248446226119995, 0.7085601687431335, 0.8663529753684998, 0.8476498126983643, 0.8921223878860474, 0.8493043780326843, 0.802062451839447, 0.9473810195922852, 0.8856318593025208, 0.7414395809173584, 0.924377977848053, 0.9648305773735046, 0.9117240309715271, 0.9371910095214844, 0.8653408288955688, 0.9832631349563599, 0.8684621453285217, 0.7382678389549255, 0.8675468564033508, 0.9288334846496582, 0.7285634279251099, 0.8857390284538269, 0.8869009613990784], "label": [1, 1, 1, 0, 0, 0, 0]}