{"text": ["XYZ Hospital", "123 tlealth Street,Wellness City", "Phone:+1-234-587-890", "Patlont Nanx:Mla Wlllams", ":30", "Doctor: Dr.Lao", "Medicine", "Dosuge", "Frequency", "Duration", "Tab Evlon", "5 tablets", "2msdey", "7 duys", "Tab Neurobin Forte", "20tblets", "2mes  duy", "10days", "TabClavum 025", "S tablets", "2 tmes a duy", "5 days", "TabDolo 650", "20 tablets", "2 tmes a doy", "7 days", "Syrup", "Dosapo", "Froquancy", "Duration", "Syrup Cypon", "10ml", "2 tm doy", "14days", "Advico:", "-Tako bod rost", "Eat nsy-to-dlgest food like boiled rice with dal", "-Stynydrated"], "confidence": [0.9505550265312195, 0.8390575647354126, 0.8917137980461121, 0.8170166015625, 0.8133759498596191, 0.9028307199478149, 0.9286406636238098, 0.9030749201774597, 0.9816504716873169, 0.9623180627822876, 0.9264383316040039, 0.863848865032196, 0.7759060263633728, 0.8653728365898132, 0.9416250586509705, 0.9516710042953491, 0.7472155094146729, 0.8654675483703613, 0.8290629982948303, 0.8312456011772156, 0.8907971978187561, 0.7393367886543274, 0.8534101843833923, 0.8983814120292664, 0.769815981388092, 0.8720644116401672, 0.9728748202323914, 0.7913495898246765, 0.9354243874549866, 0.9769387245178223, 0.9527111649513245, 0.9746028780937195, 0.7225327491760254, 0.8842740058898926, 0.9288334846496582, 0.7415408492088318, 0.8857390284538269, 0.8984878659248352], "label": [1, 0, 1, 0, 0, 0, 0]}