{"text": ["XYZ Hospital", "123 tlealth Street,Wellness City", "Phone:+1-234-587-890", "Patlant Namxo:John Davs", "p:02", "DoctorDr.Johnson", "Medicine", "Dosuge", "Frequency", "Duration", "TabCiplox500", "5 tablets", "20ms dey", "10days", "Tab Triz", "10 tablets", "3 tmes doy", "10days", "Cap Pan d", "10tablets", "3 tmesaday", "4days", "TabCyciopom", "20 tablets", "2 tms a day", "7days", "Syrup", "Dosago", "Froquoncy", "Duration", "Syrup Zodax", "Sml", "2 tm doy", "7days", "SyrupTusdx", "10ml", "3timsday", "10days", "Advico:", "-Tako tod rost", "Eat nsy-to-dlgest food like boiled rice with dal", "-Staytydrated"], "confidence": [0.9539773464202881, 0.8467555046081543, 0.8651002049446106, 0.829464316368103, 0.5924407243728638, 0.9631726741790771, 0.930323600769043, 0.9427713751792908, 0.9560942053794861, 0.9623180627822876, 0.9255120754241943, 0.8638057708740234, 0.7692691087722778, 0.8628065586090088, 0.9866247177124023, 0.8921223878860474, 0.7507402896881104, 0.9015160202980042, 0.907629132270813, 0.9273074269294739, 0.8493043780326843, 0.8935898542404175, 0.9091883301734924, 0.8983814120292664, 0.8000491857528687, 0.9454089403152466, 0.9747051000595093, 0.8496239185333252, 0.8694943189620972, 0.951239824295044, 0.9834193587303162, 0.8684621453285217, 0.7740520238876343, 0.9112256765365601, 0.8984538316726685, 0.911413848400116, 0.7859691381454468, 0.8016175627708435, 0.96641606092453, 0.7950741052627563, 0.9056201577186584, 0.932716965675354], "label": [1, 1, 1, 0, 0, 0, 0]}