{"text": ["XYZ Hospital", "123 tlealth Street,Wellness City", "Phone:+1-234-587-890", "Patlont Nan:Bob Johnson", "Ap:58", "Doctor:Dr.Patol", "Medicine", "Dosuge", "Frequency", "Duration", "TabZole fcreum", "5 tablets", "20ms doy", "7 days", "TabCiplox500", "5 tablets", "3tmesaday", "7days", "Tab Combinam", "5 tablets", "3 tmes a duy", "30 days", "Tab Evion", "5tablets", "3 tmesa dey", "t4days", "Syrup", "Dosago", "Froquancy", "Duratlon", "Syrup Cypon", "Sml", "2 tm doy", "10day", "Advico:", "-Tako tod rost", "Eat nsy-to-dlgest food like boiled rice with dal", "-Styhydrated"], "confidence": [0.9479550719261169, 0.8392246961593628, 0.8879653215408325, 0.857265830039978, 0.5542054772377014, 0.9500249028205872, 0.9286406636238098, 0.9030749201774597, 0.9815905094146729, 0.964890718460083, 0.8989103436470032, 0.863848865032196, 0.7563122510910034, 0.9877565503120422, 0.940759003162384, 0.8665355443954468, 0.8034953474998474, 0.9236086010932922, 0.9431731104850769, 0.8705056309700012, 0.8568880558013916, 0.8866694569587708, 0.9518179297447205, 0.8909797668457031, 0.7367983460426331, 0.8406792283058167, 0.9825723767280579, 0.8239191174507141, 0.935694694519043, 0.9200783967971802, 0.9505860805511475, 0.9028758406639099, 0.7093347311019897, 0.841717541217804, 0.9288334846496582, 0.7388202548027039, 0.8857390284538269, 0.8823270797729492], "label": [1, 0, 1, 0, 0, 0, 0]}