{"text": ["XYZ Hospital", "123 tlealth Street,Wellness City", "Phone:+1-234-587-890", "Patlont Nanx:Davld D", "Ap:37", "Doctor: Dr. Tumor", "Medicine", "Dosuge", "Frequency", "Duration", "TabAluhrodn 500", "15tablets", "3mesdey", "30 duys", "Tab Zolefcream", "15tablets", "3 tmes doy", "4duys", "Tab Evlon", "15tablets", "2 tmes a day", "10days", "Tab Taz", "15tablets", "2tmesa day", "4duys", "Cup Cypon", "5tablets", "2 tmes a duy", "5days", "Tab Cetine", "20 tblets", "3 tmesa dey", "7 days", "Syrup", "Dosapo", "Froquoncy", "Durotlon", "Syrup Zodox", "Sml", "2 tim doy", "7days", "Syrup Grillnctus tm", "10ml", "3timsday", "14day", "Advico:", "-Tako tod rost", "Eat nsy-to-digest food like boiled rice with dal", "-Stytydrated"], "confidence": [0.9555370807647705, 0.8471035957336426, 0.8946743011474609, 0.7780150175094604, 0.7727944254875183, 0.9731908440589905, 0.9009021520614624, 0.9427713751792908, 0.9905779957771301, 0.964890718460083, 0.7955407500267029, 0.8927748799324036, 0.8327884078025818, 0.9137939810752869, 0.8688405752182007, 0.9092390537261963, 0.7507402896881104, 0.9136894941329956, 0.9146842956542969, 0.8647039532661438, 0.7271961569786072, 0.8654675483703613, 0.8006169199943542, 0.9037178754806519, 0.8268402814865112, 0.9083743095397949, 0.8965983986854553, 0.9079194068908691, 0.7506501078605652, 0.8520981669425964, 0.9303092956542969, 0.8838595747947693, 0.8244291543960571, 0.9913495182991028, 0.988613486289978, 0.8228013515472412, 0.9466862082481384, 0.9375925064086914, 0.9223028421401978, 0.9028758406639099, 0.7249144315719604, 0.8807341456413269, 0.9920914173126221, 0.9599877595901489, 0.7849414348602295, 0.7463439702987671, 0.9625463485717773, 0.7723420858383179, 0.9027966856956482, 0.9149386882781982], "label": [1, 0, 1, 0, 0, 0, 0]}