{"text": ["XYZ Hospital", "123 tlealth Street,Wellness City", "Phone:+1-234.587-890", "Patlont Namx:Charlo Ro", "p:39", "Doctor:Dr.Patol", "Medicine", "Dosuge", "Frequency", "Duration", "TabDolo650", "20 tblets", "20ms doy", "10duys", "Cap Zovirax", "t5tablets", "2tmesa dey", "10days", "Tab Sumo cold", "5tablets", "2 tmes a duy", "7 days", "Tab Evion", "5tblets", "3 tmes dey", "30 days", "Syrup", "Dosago", "Froquoncy", "Duration", "Syrup TusQ dx", "10ml", "3tms doy", "30 day", "Syrup Cypon", "Sml", "3mday", "30dy", "Advico:", "-Tako bod rost", "Eat nsy-to-digest food like boiled dce with dal", "-Staytydrated"], "confidence": [0.9539773464202881, 0.8356792330741882, 0.8577502369880676, 0.7972589731216431, 0.7214882969856262, 0.9258586764335632, 0.930323600769043, 0.9427713751792908, 0.9838371276855469, 0.9623180627822876, 0.8880208730697632, 0.9135541915893555, 0.7552156448364258, 0.9183242917060852, 0.8855472803115845, 0.8874572515487671, 0.7410504817962646, 0.9213528037071228, 0.8873775005340576, 0.9093613624572754, 0.7841776013374329, 0.8480218052864075, 0.9495925903320312, 0.8720654249191284, 0.7675620317459106, 0.8853435516357422, 0.9720994234085083, 0.8239191174507141, 0.9308472871780396, 0.9392375946044922, 0.9476492404937744, 0.9410436153411865, 0.7202708125114441, 0.7933688163757324, 0.9272768497467041, 0.9197258949279785, 0.8235791325569153, 0.9695253372192383, 0.967370867729187, 0.8304697871208191, 0.9078223705291748, 0.9250409007072449], "label": [1, 1, 1, 0, 0, 0, 0]}