{"text": ["XYZ Hospital", "123 tlealth Street,Wellness City", "Phone:+1-234.587-890", "PatlantNam:Bob Wllams", "p:23", "Doctor: Dr. Millor", "Medicine", "Dosuge", "Frequency", "Duration", "Cap Pan d", "5 tablets", "20ms doy", "30 duys", "Cup Omez", "20 tablets", "2tmesa dey", "$ days", "TabCiplox500", "t5tblets", "2tmesa dey", "4 days", "Tab Evion", "10tablets", "2 tmes a day", "10days", "Syrup", "Dosago", "Froquoncy", "Duratlon", "Syrup Corox-dx", "Sml", "3tmdoy", "14day", "SyrupCorax", "10ml", "2timday", "7day", "Advico:", "-Tako tod rost", "Eat nsy-to-dlgest food like boiled rice with dal", "-Staytydrated"], "confidence": [0.9531888961791992, 0.8471758365631104, 0.8577502369880676, 0.816954493522644, 0.7894628047943115, 0.9415956139564514, 0.9318302869796753, 0.9427713751792908, 0.9560942053794861, 0.964890718460083, 0.8757061958312988, 0.8539843559265137, 0.751822292804718, 0.9156034588813782, 0.826431155204773, 0.9054545164108276, 0.7338863611221313, 0.9359393119812012, 0.9479290843009949, 0.9061143398284912, 0.8306969404220581, 0.8659627437591553, 0.9276586174964905, 0.9247161149978638, 0.7614920139312744, 0.9470896124839783, 0.9701129198074341, 0.8496239185333252, 0.8775841593742371, 0.937681257724762, 0.9759541749954224, 0.8684621453285217, 0.7303792834281921, 0.7923818826675415, 0.9032772779464722, 0.9165780544281006, 0.8054354786872864, 0.8190528750419617, 0.9683253169059753, 0.7978090047836304, 0.9031388163566589, 0.9250409007072449], "label": [1, 1, 1, 0, 0, 0, 0]}