{"text": ["XYZ Hospital", "123 tlealth Street,Wellness City", "Phone:+1-234-587-890", "Patlant Namxo:John Johnson", "Doctor: Dr. Millor", "Medicine", "Dosuge", "Frequency", "Duration", "Tab Neurobin Forte", "20 tblets", "3mesday", "30 duys", "TabDolo650", "20 tablets", "3 umes doy", "30 days", "Tab Dolonex dt", "15tablets", "3tmesaduy", "7 days", "Cap Zovirax", "20 tablets", "2 tmes a duy", "7 days", "TabAllegr", "10tablets", "2 tmes a duy", "7 days", "Tab Suno cold", "10tablets", "2 tmes a day", "30 days", "Syrup", "Dosago", "Froquoncy", "Duratlon", "Syrup Brozodax", "Sml", "3tms doy", "7day", "Advico:", "-Tako tod rost", "Eat nsy-to-digest food like boiled dce with dnl", "Stoytydrated"], "confidence": [0.9489903450012207, 0.8392246961593628, 0.8653600811958313, 0.8719116449356079, 0.968653678894043, 0.9278041124343872, 0.9427713751792908, 0.9790523052215576, 0.964890718460083, 0.9208012819290161, 0.9003804326057434, 0.8458738923072815, 0.9206424355506897, 0.8854395151138306, 0.8967920541763306, 0.7165395617485046, 0.8513266444206238, 0.9208034873008728, 0.8647039532661438, 0.8625564575195312, 0.8580665588378906, 0.8862808346748352, 0.8967920541763306, 0.8155198693275452, 0.861883819103241, 0.935485303401947, 0.9273074269294739, 0.7853452563285828, 0.8452855944633484, 0.8784386515617371, 0.9273074269294739, 0.7614920139312744, 0.8867191672325134, 0.9719002842903137, 0.9144992828369141, 0.8976813554763794, 0.9843534231185913, 0.9615684151649475, 0.927854061126709, 0.7066380381584167, 0.940690815448761, 0.9667397141456604, 0.7586460113525391, 0.8616782426834106, 0.871784508228302], "label": [1, 1, 1, 0, 0, 0, 0]}