{"text": ["XYZ Hospital", "123 tlealth Street,Wellness City", "Phone:+1-234.587-890", "PatlantNam:Jan D", "Ap:35", "DoctorDr.Johnson", "Medicine", "Dosuge", "Frequency", "Duration", "Tab Pan d", "10tablets", "20ms day", "10duys", "Tab Neurobin Forte", "20 tablets", "3 0ms dey", "5days", "Cap Cypon", "20 tblets", "3 tmesa day", "10days", "Tab Cyciomelf", "10 tablets", "2 tms a doy", "5 days", "Tab Zole fcream", "20 tablets", "2tmesaday", "5days", "Syrup", "Dosapo", "Froquoncy", "Duratlon", "Syrup Brozodaxd", "10ml", "2timday", "Sday", "Advico:", "-Tako tod rost", "Eat nsy-to-dlgest food like boiled dce with dal", "-Staytydrated"], "confidence": [0.9566960334777832, 0.838995099067688, 0.8571933507919312, 0.8294197916984558, 0.7815839052200317, 0.9617027044296265, 0.9286406636238098, 0.9375312328338623, 0.9838371276855469, 0.9629752039909363, 0.8942930698394775, 0.9273074269294739, 0.7605679631233215, 0.9106659889221191, 0.9190710783004761, 0.9054545164108276, 0.7231447696685791, 0.8691898584365845, 0.9460980296134949, 0.9248446226119995, 0.7573702335357666, 0.9266385436058044, 0.8453551530838013, 0.901634693145752, 0.7903292179107666, 0.8334064483642578, 0.8785538077354431, 0.8863240480422974, 0.8574197292327881, 0.8882506489753723, 0.9747051000595093, 0.9006344676017761, 0.9624842405319214, 0.9097633361816406, 0.9270389676094055, 0.9347427487373352, 0.7432094216346741, 0.7356988191604614, 0.9671358466148376, 0.822932243347168, 0.9010859727859497, 0.8817411661148071], "label": [1, 1, 1, 0, 0, 0, 0]}