{"text": ["XYZ Hospital", "123 tlealth Street,Wellness City", "Phone:+1-234-587-890", "Patlont Nanx:Llam Davs", ":42", "Doctor:Dr.Smith", "Medicine", "Dosuge", "Frequency", "Quraton", "TabZole fcream", "15tablets", "20ms dey", "5days", "Tab Pan d", "5tablets", "2 tm0s  duy", "30 days", "Tab Dolonex dt", "15tablets", "2 tmes a day", "7 days", "TabAlurocin 500", "15tablets", "2 tmesa day", "t4days", "TabAllegr", "15tablets", "2 umes a duy", "10days", "Tab Combilam", "10tablets", "2 tmesa dey", "30 days", "Syrup", "Dosapo", "Froquoncy", "Durotlon", "Syrup TusQx", "10ml", "3 tims doy", "5days", "Syrup Grillnctus tm", "10ml", "3timday", "7day", "Advico:", "-Tako tod rost", "Eat nsy-to-digest food like boiled rice with dal", "-Stytydrated"], "confidence": [0.9538248181343079, 0.8470800518989563, 0.8887737989425659, 0.808241605758667, 0.812186062335968, 0.9683760404586792, 0.907014787197113, 0.9420654773712158, 0.9905779957771301, 0.8290681838989258, 0.8850782513618469, 0.8647039532661438, 0.7692691087722778, 0.8371574282646179, 0.9202485680580139, 0.8909797668457031, 0.7051472663879395, 0.8518379926681519, 0.899642825126648, 0.8927748799324036, 0.7271961569786072, 0.8401936888694763, 0.7917335629463196, 0.9037178754806519, 0.8068044185638428, 0.8406792283058167, 0.9370623826980591, 0.8647039532661438, 0.7387182116508484, 0.924377977848053, 0.9046834111213684, 0.9273074269294739, 0.8076270818710327, 0.8867191672325134, 0.9883453249931335, 0.8228013515472412, 0.9466862082481384, 0.9325146675109863, 0.9381473064422607, 0.9702969789505005, 0.7524312138557434, 0.8846160173416138, 0.9724935293197632, 0.9599877595901489, 0.7816687822341919, 0.8532044887542725, 0.9631933569908142, 0.7682695984840393, 0.9020175933837891, 0.9120380282402039], "label": [1, 0, 1, 0, 0, 0, 0]}