{"text": ["XYZ Hospital", "123 tlealth Street,Wellness City", "Phone:+1-234.587-890", "Patlant Namx:Mla D", "p:20", "Doctor: Dr. Millor", "Medicine", "Dosuge", "Frequency", "Duration", "TabCiplox 500", "15tablets", "3mesday", "10duys", "Cap Cypon", "20 tablets", "3 umes dey", "30 days", "TabClavum 25", "15tablets", "3tmes day", "10 days", "TabA1urocin 500", "5tablets", "2 tmesa dey", "30 days", "TabDolo650", "t5tablets", "3 tmesaday", "4days", "Syrup", "Dosago", "Froquancy", "Duratlon", "SyrupGrillnctus bm", "Sml", "3 tms doy", "5 days", "Syrup Brozodox", "10ml", "2tims doy", "10dny", "Advico:", "-Tako bod rost", "Eat nsy-to-digest food like boiled rice with dnl", "-Stytydrated"], "confidence": [0.9451872706413269, 0.8416517972946167, 0.8589719533920288, 0.7810852527618408, 0.7387039661407471, 0.9747728705406189, 0.9286406636238098, 0.9427713751792908, 0.9838371276855469, 0.9623180627822876, 0.9067467451095581, 0.8913987278938293, 0.843670666217804, 0.9152160286903381, 0.9450976252555847, 0.9054545164108276, 0.7338784337043762, 0.8637088537216187, 0.8251607418060303, 0.8913987278938293, 0.795462429523468, 0.8544573783874512, 0.833444356918335, 0.8861472606658936, 0.8118886351585388, 0.8853435516357422, 0.9055817723274231, 0.8791769742965698, 0.8439608812332153, 0.9184122085571289, 0.974157989025116, 0.8384754657745361, 0.8954519629478455, 0.957970380783081, 0.9400258660316467, 0.9197258949279785, 0.7108118534088135, 0.9072994589805603, 0.8964797854423523, 0.94232577085495, 0.7010757923126221, 0.7591055631637573, 0.96775883436203, 0.7501351237297058, 0.8504207730293274, 0.9135692715644836], "label": [1, 1, 1, 0, 0, 0, 0]}