{"text": ["XYZ Hospital", "123 tlealth Street,Wellness City", "Phone:+1-234.587-890", "PatlantNam:Allco Brown", "p:31", "Doctor:Dr.Smith", "Medicine", "Dosuge", "Frequency", "Duration", "Tab Evlon", "20tblets", "3mesday", "7 days", "Tab Sumo cold", "t5tablets", "3 tmes duy", "$ days", "Cap Cypon", "5tablets", "2tmesaday", "10 days", "Tab Neurobin Forte", "5tblets", "3 tmesa dey", "30 days", "Syrup", "Dosago", "Froquoncy", "Duratlon", "Syrup TusQ-dx", "10ml", "3tm doy", "14day", "SyrupCorox-dx", "Sml", "2mday", "5day", "Advico:", "-Tako tod rost", "Eat nsy-to-dlgest food like boiled dce with dal", "-Stayhydrated"], "confidence": [0.951866626739502, 0.8380128741264343, 0.8541738390922546, 0.8554835915565491, 0.739750325679779, 0.9724594354629517, 0.9335603713989258, 0.9427713751792908, 0.9838371276855469, 0.9623180627822876, 0.9264383316040039, 0.9343926906585693, 0.8170825242996216, 0.861883819103241, 0.916229784488678, 0.8874572515487671, 0.7485857605934143, 0.9359393119812012, 0.9481927156448364, 0.9093613624572754, 0.8561273813247681, 0.8690416216850281, 0.929922342300415, 0.8796586990356445, 0.7284836173057556, 0.8853435516357422, 0.9728748202323914, 0.9144992828369141, 0.9702069163322449, 0.9490550756454468, 0.9675470590591431, 0.9410436153411865, 0.7288550138473511, 0.8130840063095093, 0.8791417479515076, 0.9197258949279785, 0.7640750408172607, 0.7321327924728394, 0.9688101410865784, 0.8293460011482239, 0.9003587961196899, 0.8834782838821411], "label": [1, 1, 1, 0, 0, 0, 0]}