{"text": ["XYZ Hospital", "123 tlealth Street,Wellness City", "Phone:+1-234-587-890", "Patlont Nanx:Davld Whito", "Ap:52", "Doctor: Dr.Lo", "Medicine", "Dosuge", "Frequency", "Duration", "Tab Cyciopom", "5 tablets", "20ms doy", "30 days", "Tab Combinlam", "20tblets", "3tmesaday", "4days", "Cap Dilanun", "S tablets", "2 tmes a duy", "5 days", "TabAllegra", "10tablets", "3 tmesa dey", "30 days", "Syrup", "Dosago", "Froquancy", "Quratlon", "Syrup TusQx", "Sml", "3tims doy", "14 doy", "Advico:", "-Takoto rost", "Eat nsy-to-dlgest food like boiled rice with dal", "-Stynydrated"], "confidence": [0.9542763829231262, 0.8385964632034302, 0.8930080533027649, 0.8336712718009949, 0.7315886616706848, 0.9269587397575378, 0.9546432495117188, 0.9030749201774597, 0.9816504716873169, 0.964890718460083, 0.8643578886985779, 0.887381374835968, 0.7485461831092834, 0.8676621317863464, 0.8906754851341248, 0.9516710042953491, 0.8278653621673584, 0.8935898542404175, 0.9184550642967224, 0.8356771469116211, 0.8993287086486816, 0.7472350001335144, 0.9607243537902832, 0.9247161149978638, 0.7006754875183105, 0.8853435516357422, 0.9728748202323914, 0.9191999435424805, 0.9584259390830994, 0.8845944404602051, 0.9471550583839417, 0.8684621453285217, 0.7417122721672058, 0.7683423161506653, 0.9288334846496582, 0.6613307595252991, 0.8857390284538269, 0.8985902667045593], "label": [1, 1, 1, 0, 0, 0, 0]}