{"text": ["XYZ Hospital", "123 tlealth Street,Wellness City", "Phone:+1-234.587-890", "PatlntNam:GrcoRo", "p:21", "Doctor: Dr. Millor", "Medicine", "Dosuge", "Frequency", "Duration", "Tab Dolonex dt", "5 tablets", "3 mesdey", "30 days", "TabCyciopam", "15tablets", "20mes dey", "30 days", "Cap Omez", "20 tblets", "3tmes day", "4 days", "Tab Cetine", "20 tablets", "2 tmesa dey", "5days", "Cap Pand", "15tablets", "2tmesaday", "5days", "Syrup", "Dosapo", "Froquancy", "Duratlon", "Syrup Corox", "10ml", "2 tm doy", "5day", "Syrup Zodox", "10ml", "2 tims doy", "30day", "Advico:", "-Tako tod rost", "Eat ensy-to-digest food like boiled rice with dnl", "Stoytydrated"], "confidence": [0.9565796852111816, 0.8473905324935913, 0.8499292135238647, 0.7721026539802551, 0.6957564949989319, 0.9704163670539856, 0.951400876045227, 0.979745090007782, 0.9829168319702148, 0.965709924697876, 0.9139989018440247, 0.8705056309700012, 0.8015594482421875, 0.8920504450798035, 0.9134073853492737, 0.8647039532661438, 0.7744828462600708, 0.8867191672325134, 0.8114436268806458, 0.9248446226119995, 0.795462429523468, 0.8902750611305237, 0.92555171251297, 0.9061443209648132, 0.8118886351585388, 0.8882506489753723, 0.9216877222061157, 0.8865651488304138, 0.8482097387313843, 0.8746163249015808, 0.9703512191772461, 0.8934853076934814, 0.9114760160446167, 0.9921525120735168, 0.9759426712989807, 0.9347427487373352, 0.7346670627593994, 0.7321327924728394, 0.8493207693099976, 0.9604064226150513, 0.731744647026062, 0.8754482269287109, 0.9671232104301453, 0.7354203462600708, 0.844878613948822, 0.8262820839881897], "label": [1, 1, 1, 0, 0, 0, 0]}