{"text": ["XYZ Hospital", "123 tlealth Street,Wellness City", "Phone:+1-234.587-890", "Patlant Namx:Davld Millar", ":70", "Doctor: Dr. Tumor", "Medidine", "Dosage", "Frequency", "Duration", "Cap Pand", "20 tblets", "3mesday", "4duys", "Tab Pan d", "10tablets", "3 umes duy", "5days", "TabDolo 650", "15tablets", "3 tmesa duy", "30 duys", "Cap Omez", "5tablets", "3tmes aday", "4duys", "Tab Neurobin Forte", "15tablets", "2 tmes a duy", "5 days", "TabCiplox500", "15tablets", "2 tmes a dey", "7 days", "Syrup", "Dosago", "Froquoncy", "Duratlon", "Syrup Corox", "Sml", "3tms doy", "5 days", "Advico:", "-Tako to rost", "Eat nsy-to-digest food like boiled dce with dnl", "Stoybydrated"], "confidence": [0.9488534331321716, 0.8385964632034302, 0.8531273007392883, 0.8483549356460571, 0.8660268783569336, 0.9541154503822327, 0.8939267992973328, 0.8897534012794495, 0.9790523052215576, 0.9618746042251587, 0.9195549488067627, 0.9003804326057434, 0.8442182540893555, 0.9136894941329956, 0.8761835098266602, 0.9273074269294739, 0.6979562044143677, 0.8520981669425964, 0.8621923327445984, 0.8647039532661438, 0.8160629868507385, 0.9156034588813782, 0.832811713218689, 0.9046000242233276, 0.8576598167419434, 0.9083743095397949, 0.9521243572235107, 0.8647039532661438, 0.7857459187507629, 0.7517222762107849, 0.9324384331703186, 0.8990643620491028, 0.7939390540122986, 0.8767657279968262, 0.9719002842903137, 0.9641801714897156, 0.9529516696929932, 0.9843534231185913, 0.8779683709144592, 0.927854061126709, 0.7210977077484131, 0.7886900901794434, 0.9678854942321777, 0.7480148077011108, 0.861255407333374, 0.8227565884590149], "label": [1, 1, 1, 0, 0, 0, 0]}