{"text": ["XYZ Hospital", "123 tlealth Street,Wellness City", "Phone:+1-234-587-890", "Patlont Namx:EvoSmith", "Ap:75", "Doctor: Dr.Johnson", "Medicine", "Dosage", "Frequency", "Duration", "TabCiplox500", "20 tblets", "20ms doy", "30 days", "Cap Dilantn", "5tablets", "3tmesaday", "30 days", "Tab Triz", "5 tablets", "2 tmes a duy", "4 duys", "Cap Pand", "5tablets", "3 tmesa dey", "30 days", "Syrup", "Dosopo", "Froquancy", "Duratlon", "Syrup Brozodax", "10ml", "2 tmdoy", "14dy", "Advico:", "-Tako bod rost", "Eat nsy-to-dlgest food like boiled rice with dal", "-Stynydrated"], "confidence": [0.9509110450744629, 0.8450579047203064, 0.8954404592514038, 0.8227861523628235, 0.7691259980201721, 0.9472150802612305, 0.9498608112335205, 0.8897534012794495, 0.9788968563079834, 0.964890718460083, 0.8606662750244141, 0.9135541915893555, 0.7564270496368408, 0.8676621317863464, 0.9064619541168213, 0.895728349685669, 0.8034953474998474, 0.8853435516357422, 0.834576427936554, 0.8705056309700012, 0.9000213742256165, 0.944999635219574, 0.914463996887207, 0.8909797668457031, 0.7313879132270813, 0.8500292897224426, 0.9852066040039062, 0.7810644507408142, 0.935694694519043, 0.8653408288955688, 0.9870462417602539, 0.9658069610595703, 0.7310596704483032, 0.9139397740364075, 0.9288334846496582, 0.7142534255981445, 0.8857390284538269, 0.8979136347770691], "label": [1, 1, 1, 0, 0, 0, 0]}