{"text": ["XYZ Hospital", "123 tlealth Street,Wellness City", "Phone:+1-234-587-890", "Patlont Namx:Chorlo Millor", "p:43", "Doctor: Dr.Lo", "Medicine", "Dosage", "Frequency", "Duration", "Tab Combinam", "t5tablets", "3mesday", "14duys", "Tab Dolo650", "t5tablets", "2tmesa dey", "4days", "Tab Cyciopom", "10tablets", "2 tmes a duy", "10 days", "Cap Cypon", "10tablets", "3 tmesa dey", "7 days", "Syrup", "Dosago", "Froquancy", "Duration", "Syrup Brozodax", "Sml", "2 tim doy", "7 days", "Advico:", "-Takoorst", "Eat nsy-to-dlgest food like boiled rice with dal", "-Stynydrated"], "confidence": [0.9463098049163818, 0.8390575647354126, 0.8858551979064941, 0.8132054805755615, 0.7557733058929443, 0.9228541851043701, 0.930323600769043, 0.9033363461494446, 0.9838311672210693, 0.9623180627822876, 0.9338667988777161, 0.8808125257492065, 0.8427475690841675, 0.8650357723236084, 0.8484645485877991, 0.8836497068405151, 0.7338863611221313, 0.8935898542404175, 0.8608005046844482, 0.9273074269294739, 0.857764482498169, 0.8771353960037231, 0.9343239665031433, 0.9273074269294739, 0.8120609521865845, 0.8767657279968262, 0.9852066040039062, 0.9191999435424805, 0.9330023527145386, 0.958915650844574, 0.9862431883811951, 0.8684621453285217, 0.7382363677024841, 0.963207483291626, 0.9288334846496582, 0.7237708568572998, 0.8857390284538269, 0.8980255126953125], "label": [1, 1, 1, 0, 0, 0, 0]}