{"text": ["XYZ Hospital", "123 tlealth Street,Wellness City", "Phone:+1-234.587-890", "Patlont Namx:Jano Wlllams", ":00", "Doctor: Dr. Tumor", "Medicine", "Dosage", "Frequency", "Duration", "Cap Zovirax", "20 tblets", "3mesday", "4days", "Cap Pan d", "15tablets", "3 umes dey", "7 days", "Tab Sumo cold", "10 tablets", "2tmes day", "4 days", "Tab Pan d", "20 tablets", "3tmesaday", "30 days", "Tab Febrexplus", "20 tablets", "3 tmesaday", "10days", "Syrup", "Dosapo", "Froquancy", "Duratlon", "Syrup Grillnctus tm", "10ml", "2tmdoy", "7day", "Syrup TusQx", "10ml", "2tims doy", "30days", "Advico:", "-Tako tod rost", "Eat ensy-to-digest food like boiled rice with dnl", "Stoytydrated"], "confidence": [0.9501902461051941, 0.8440525531768799, 0.8589719533920288, 0.8478066325187683, 0.5413311123847961, 0.9579607844352722, 0.9263918399810791, 0.8897534012794495, 0.9788968563079834, 0.9629752039909363, 0.8512569069862366, 0.9135541915893555, 0.8458738923072815, 0.8829224705696106, 0.9079701900482178, 0.8927748799324036, 0.7338784337043762, 0.8720644116401672, 0.9109707474708557, 0.8921223878860474, 0.7530199289321899, 0.8880710601806641, 0.9305731654167175, 0.8863240480422974, 0.8878806829452515, 0.8867191672325134, 0.9364853501319885, 0.8863240480422974, 0.8439608812332153, 0.9213528037071228, 0.9781457185745239, 0.8906665444374084, 0.8946319222450256, 0.9908849000930786, 0.984961986541748, 0.9347427487373352, 0.7434632182121277, 0.8483083248138428, 0.9367538690567017, 0.9150266051292419, 0.7041686773300171, 0.9183411002159119, 0.96775883436203, 0.7159023880958557, 0.844878613948822, 0.8652937412261963], "label": [1, 1, 1, 0, 0, 0, 0]}