{"text": ["XYZ Hospital", "123 tlealth Street,Wellness City", "Phone:+1-234-587-890", "Patlant Nanx:Jano D", "p:50", "Doctor: Dr. Millor", "Medicine", "Dosuge", "Frequency", "Duration", "TabZole fcreum", "15tablets", "3mesday", "5 days", "Tab Cyciopam", "5tablets", "2mes  duy", "5days", "Tab Cyciomeff", "t5tblets", "3 tmes a duy", "4 days", "Cap Dilanun", "5tablets", "2 tms  doy", "4days", "Syrup", "Dosago", "Froquancy", "Duratlon", "Syrup Cypon", "10ml", "3tms doy", "10day", "Advico:", "-Tako bod rost", "Eat nsy-to-dlgest food like boiled rice with dal", "-Stynydrated"], "confidence": [0.947755753993988, 0.8395678997039795, 0.9010553359985352, 0.7884414792060852, 0.7119712829589844, 0.95815110206604, 0.9267791509628296, 0.975483238697052, 0.9788968563079834, 0.964890718460083, 0.8970609307289124, 0.8927748799324036, 0.8407676815986633, 0.7517222762107849, 0.8804202675819397, 0.895728349685669, 0.7555578351020813, 0.8343985676765442, 0.847920298576355, 0.9061143398284912, 0.8568880558013916, 0.8659627437591553, 0.8818933963775635, 0.8909797668457031, 0.7103807330131531, 0.9184122085571289, 0.9852066040039062, 0.9191999435424805, 0.935694694519043, 0.9634062051773071, 0.955413818359375, 0.9658069610595703, 0.7066549062728882, 0.841717541217804, 0.9288334846496582, 0.7415408492088318, 0.8857390284538269, 0.8968467712402344], "label": [1, 1, 1, 0, 0, 0, 0]}