{"text": ["XYZ Hospital", "123 tlealth Street,Wellness City", "Phone:+1-234.587-890", "PatlantNamx:Mla Brown", "p:31", "Doctor: Dr. Smith", "Medicine", "Dosuge", "Frequency", "Duration", "Tab Cyclopum", "15tablets", "20ms doy", "7 duys", "Tab Cetine", "15tablets", "2tmesaday", "4duys", "Tab Dolonex dt", "20 tablets", "2 tmesa duy", "30 duys", "Cap Omez", "5tablets", "2tmesa day", "4duys", "Cap Zovirax", "20 tblets", "3 tmesaday", "5 days", "Cap Pan d", "10tablets", "3 tmesa dey", "4days", "Syrup", "Dosago", "Froquoncy", "Duratlon", "Syrup Fobrox plus", "Sml", "3tmsdoy", "5 days", "Advico:", "-Tako tod rost", "Eat nsy-to-digest food like boiled dce with dnl", "Stoybydrated"], "confidence": [0.9549444317817688, 0.8450579047203064, 0.8531273007392883, 0.8422171473503113, 0.739750325679779, 0.9401914477348328, 0.930323600769043, 0.9427713751792908, 0.9788968563079834, 0.9564203023910522, 0.8683829307556152, 0.8927748799324036, 0.7471427917480469, 0.9796134829521179, 0.9370294809341431, 0.9092390537261963, 0.8059148788452148, 0.9136894941329956, 0.9164074063301086, 0.8709948658943176, 0.7515864968299866, 0.9137939810752869, 0.7944837212562561, 0.9046000242233276, 0.8135057687759399, 0.9136894941329956, 0.8839902877807617, 0.9003804326057434, 0.8371230363845825, 0.7517222762107849, 0.947770357131958, 0.9273074269294739, 0.779941737651825, 0.9184122085571289, 0.9719002842903137, 0.9641801714897156, 0.9529516696929932, 0.954035758972168, 0.9932650327682495, 0.927854061126709, 0.7238248586654663, 0.7886900901794434, 0.9678077101707458, 0.7849678993225098, 0.8593538999557495, 0.8402068614959717], "label": [1, 1, 1, 0, 0, 0, 0]}