{"text": ["XYZ Hospital", "123 tlealth Street,Wellness City", "Phone:+1-234-587-890", "Patlont Nanx:Charlo Wlllams", "p:22", "Doctor: Dr. Tumor", "Medicine", "Dosuge", "Frequency", "Duration", "TabNeurobin Forte", "10tablets", "20ms doy", "10 days", "Tab Dolo650", "15tablets", "2tmes  duy", "7 days", "TabAllegra", "5tablets", "3 tmes a duy", "5 days", "Tab Cetine", "5tablets", "3 tmesa dey", "7days", "Syrup", "Dosapo", "Froquancy", "Ouration", "Syrup TusQx", "10ml", "3mday", "5 days", "Advico:", "-Tako bod rost", "Eat nsy-to-dlgest food like boiled rice with dal", "-Stynydrated"], "confidence": [0.9532425403594971, 0.8392246961593628, 0.8814093470573425, 0.8229416012763977, 0.7705976963043213, 0.977020800113678, 0.9286406636238098, 0.9054610133171082, 0.9788968563079834, 0.9623180627822876, 0.9551739692687988, 0.9273074269294739, 0.7564270496368408, 0.9543588757514954, 0.8472158908843994, 0.9092390537261963, 0.7184790968894958, 0.8720644116401672, 0.9442430734634399, 0.9093613624572754, 0.8568880558013916, 0.7990822196006775, 0.9145100712776184, 0.8909797668457031, 0.7313879132270813, 0.9444330930709839, 0.9728748202323914, 0.7913495898246765, 0.935694694519043, 0.9041805267333984, 0.9471550583839417, 0.9658069610595703, 0.8106390237808228, 0.7771541476249695, 0.9288334846496582, 0.7142534255981445, 0.8857390284538269, 0.8988800048828125], "label": [1, 0, 1, 0, 0, 0, 0]}