{"text": ["XYZ Hospital", "123 tlealth Street,Wellness City", "Phone:+1-234-587-890", "Patlont Nanx:Charlo Ro", "1", "Doctor:Dr.Patol", "Medidine", "Dosuge", "Frequency", "Duration", "Tab Pan d", "20tblets", "20ms dey", "5days", "TabClavum25", "5tablets", "20mes dey", "4duys", "Cap Pan d", "10tablets", "3 tmesa doy", "10days", "Cap Cypon", "10tablets", "3 tmes aday", "10days", "TabNeurobin Forte", "15tablets", "2 tmes a duy", "10days", "TabAlurodin 500", "20 tablets", "3 tmes aday", "$ duys", "Syrup", "Dosapo", "Froquoncy", "Durotion", "Syrup Corox-dx", "10ml", "3 tims doy", "7days", "Syrup TusQx", "Sml", "2timday", "Sday", "Advico:", "-Tako tod rost", "Eat nsy-to-digest food like boiled rice with dal", "-Stytydrated"], "confidence": [0.9539773464202881, 0.8356792330741882, 0.8937011957168579, 0.7660925388336182, 0.9231669902801514, 0.9443918466567993, 0.9188768863677979, 0.9427713751792908, 0.9902750849723816, 0.964890718460083, 0.8776441812515259, 0.9145114421844482, 0.7692691087722778, 0.8641525506973267, 0.903445839881897, 0.8909797668457031, 0.7428823113441467, 0.9136894941329956, 0.9105875492095947, 0.9247161149978638, 0.7852831482887268, 0.8628065586090088, 0.9202053546905518, 0.9273074269294739, 0.8272819519042969, 0.8628065586090088, 0.9540571570396423, 0.8647039532661438, 0.7853452563285828, 0.8628065586090088, 0.7946792840957642, 0.8797799944877625, 0.8203939199447632, 0.9236800670623779, 0.988613486289978, 0.8228013515472412, 0.9466862082481384, 0.9337034225463867, 0.9718355536460876, 0.9702969789505005, 0.7524312138557434, 0.8774265050888062, 0.9398233294487, 0.927854061126709, 0.7676267623901367, 0.7481143474578857, 0.9699703454971313, 0.7723420858383179, 0.9020175933837891, 0.8946594595909119], "label": [1, 1, 1, 0, 0, 0, 0]}