{"text": ["XYZ Hospital", "123 tlealth Street,Wellness City", "Phone:+1-234.587-890", "Patlant Namx:GracoJohnson", "p:32", "Doctor: Dr. Smith", "Medicine", "Dosuge", "Frequency", "Duration", "Tab Neurobin Forte", "15tablets", "3mesday", "t4 days", "Tab Pan d", "20 tablets", "2tmesa day", "7 days", "Tab Febrex plus", "15tablets", "2 tmes a day", "30 duys", "Tab Zole fcreum", "5tablets", "2tmesa day", "10days", "Tab Cyclopum", "15tablets", "2 tmes a duy", "5 days", "Tab Dolonex dt", "15tablets", "2 tms a doy", "$ days", "Syrup", "Dosago", "Froquoncy", "Duratlon", "Syrup TusQx", "10ml", "3 tms doy", "7day", "Advico:", "-Tako bod rst", "Eat nsy-to-digest food like boiled dce with dnl", "Stoy bydrated"], "confidence": [0.947608470916748, 0.8488829135894775, 0.846886157989502, 0.8595079779624939, 0.7719925045967102, 0.9595116972923279, 0.9286406636238098, 0.9427713751792908, 0.9788968563079834, 0.9623180627822876, 0.9260866641998291, 0.8927748799324036, 0.843670666217804, 0.9412974119186401, 0.9182332158088684, 0.9054545164108276, 0.7311515808105469, 0.861883819103241, 0.918476402759552, 0.8647039532661438, 0.7271961569786072, 0.9156034588813782, 0.8817461133003235, 0.9046000242233276, 0.8076890110969543, 0.8654675483703613, 0.867110013961792, 0.8647039532661438, 0.7522758841514587, 0.7517222762107849, 0.9198975563049316, 0.8990643620491028, 0.8156778216362, 0.9325768351554871, 0.9720994234085083, 0.9641801714897156, 0.9524527788162231, 0.9843534231185913, 0.9340599179267883, 0.9717352390289307, 0.7108118534088135, 0.940690815448761, 0.9678854942321777, 0.7399647235870361, 0.8616782426834106, 0.806763768196106], "label": [1, 0, 1, 0, 0, 0, 0]}