{"text": ["XYZ Hospital", "123 tlealth Street,Wellness City", "Phone:+1-234-587-890", "Patlant Nanx:John Do", "Ap:32", "Doctor: Dr. Millor", "Medicine", "Dosage", "Frequency", "Duration", "TabCyciopam", "20 tblets", "3mesday", "30 days", "TabCiplox500", "t5tablets", "2mes  duy", "4days", "TabAlurodin 500", "5tablets", "3 tmes a duy", "7 days", "Cap Zovirax", "20 tablets", "3 tmesadey", "5days", "Syrup", "Dosapo", "Froquancy", "Duration", "Syrup TusQ dx", "10ml", "3tims doy", "14days", "Advico:", "-Tako bod rost", "Eat nsy-to-dlgest food like boiled rice with dal", "-Stytydrated"], "confidence": [0.9475247859954834, 0.8394729495048523, 0.9064761400222778, 0.8147201538085938, 0.7326472997665405, 0.9715129137039185, 0.943350076675415, 0.8897534012794495, 0.9788968563079834, 0.964890718460083, 0.9153635501861572, 0.9135541915893555, 0.8407676815986633, 0.8920504450798035, 0.9132898449897766, 0.8833587169647217, 0.7472155094146729, 0.9184122085571289, 0.7871841788291931, 0.9093613624572754, 0.8768436908721924, 0.8767657279968262, 0.8706382513046265, 0.8983814120292664, 0.7185487747192383, 0.8950570225715637, 0.9852066040039062, 0.7913495898246765, 0.9354243874549866, 0.9758866429328918, 0.9445343017578125, 0.9658069610595703, 0.7523825764656067, 0.8842740058898926, 0.9288334846496582, 0.7142534255981445, 0.8857390284538269, 0.9112634658813477], "label": [1, 1, 1, 0, 0, 0, 0]}