{"text": ["XYZ Hospital", "123 tlealth Street,Wellness City", "Phone:+1-234-587-890", "Patlont Nanx:Graco Davls", ":40", "Doctor:Dr.Patol", "Medicine", "Dosuge", "Frequency", "Duration", "TabCiplox500", "20tblets", "3mesdey", "30 duys", "Cap Dilantn", "20 tablets", "2 um05  duy", "7 days", "Cap Pan d", "15tablets", "3 tmesa doy", "7 days", "Tab Dolonexdt", "5tablets", "3 tmes aday", "30 days", "Tab Febrex plus", "20tblets", "2 tmes a duy", "30 days", "TabNeurobin Forte", "10tablets", "3 tmesa dey", "$ days", "Syrup", "Dosapo", "Froquoncy", "Durotlon", "Syrup Corox-dx", "10ml", "3 tims doy", "7days", "Syrup Corox", "10ml", "2timday", "14day", "Advico:", "-Tako tod rost", "Eat nsy-to-digest food like boiled rice with dal", "-Stytydrated"], "confidence": [0.9534645676612854, 0.8414032459259033, 0.8758831024169922, 0.7751851081848145, 0.8325653076171875, 0.9509796500205994, 0.930323600769043, 0.9427713751792908, 0.9902750849723816, 0.965709924697876, 0.918097734451294, 0.9145114421844482, 0.8327884078025818, 0.9137939810752869, 0.8932403922080994, 0.8967920541763306, 0.7148935794830322, 0.861883819103241, 0.903003454208374, 0.8647039532661438, 0.7852831482887268, 0.8580665588378906, 0.9370973110198975, 0.9046000242233276, 0.8286858201026917, 0.8853435516357422, 0.9173294901847839, 0.9145114421844482, 0.7704176902770996, 0.8853435516357422, 0.9590460658073425, 0.9273074269294739, 0.8194018006324768, 0.9286584258079529, 0.988613486289978, 0.8228013515472412, 0.9466862082481384, 0.9339734315872192, 0.9713419675827026, 0.9702969789505005, 0.7524312138557434, 0.9066702127456665, 0.8926152586936951, 0.9599877595901489, 0.8154367208480835, 0.7463439702987671, 0.9250312447547913, 0.7681971788406372, 0.9021574854850769, 0.9000576138496399], "label": [1, 1, 1, 0, 0, 0, 0]}