{"text": ["XYZ Hospital", "123 tlealth Street,Wellness City", "Phone:+1-234.587-890", "Patlont Namxo:Davd Johnson", "p:73", "Doctor:Dr.Smith", "Medicine", "Dosuge", "Frequency", "Duration", "Cap Zovirax", "20 tblets", "20ms doy", "4days", "Cap CoImmune", "t5tablets", "20mes dey", "5days", "Cap Cypon", "5tablets", "3 tmes dey", "5 days", "TabAlurodin500", "20 toblets", "3 tmesa dey", "10days", "Tab Cetine", "t5tablets", "2tmesaday", "t4days", "Syrup", "Dosago", "Froquoncy", "Duratlon", "Syrup Cypon", "10ml", "3timsday", "10day", "Advico:", "-Tako tod rost", "Eat nsy-to-dlgest food like boiled dce with dal", "-Stayhydrated"], "confidence": [0.95541912317276, 0.8385250568389893, 0.8577502369880676, 0.8676084280014038, 0.8352077603340149, 0.9709880948066711, 0.930323600769043, 0.9427713751792908, 0.9838371276855469, 0.9629472494125366, 0.8637662529945374, 0.9135541915893555, 0.7477378845214844, 0.9607241749763489, 0.8981125354766846, 0.8836497068405151, 0.7687022686004639, 0.8691898584365845, 0.9437306523323059, 0.9093613624572754, 0.7872068881988525, 0.7472350001335144, 0.802467942237854, 0.8586471676826477, 0.8120609521865845, 0.924377977848053, 0.9074390530586243, 0.8830724954605103, 0.8577829003334045, 0.8406792283058167, 0.9720994234085083, 0.8300634026527405, 0.9749724864959717, 0.962416410446167, 0.9910526275634766, 0.9483411312103271, 0.7407669425010681, 0.8202261924743652, 0.9691476225852966, 0.7905479669570923, 0.9010859727859497, 0.8896684050559998], "label": [1, 1, 1, 0, 0, 0, 0]}