{"text": ["XYZ Hospital", "123 tlealth Street,Wellness City", "Phone:+1-234.587-890", "Patlant Namxo:John Whito", "p:43", "Doctor: Dr.Johnson", "Medicine", "Dosage", "Frequency", "Duration", "Tab Tiz", "15tablets", "20ms doy", "30 days", "Tab Evion", "5tablets", "3umesaday", "t4days", "Tab Febrexplus", "20 tblets", "3tmes day", "7 days", "TabCiplox500", "10tablets", "3 tmesa dey", "7 days", "TabZole fcream", "20 tablets", "3 tmesaday", "5days", "Syrup", "Dosapo", "Froquancy", "Duratlon", "Syrup TusQx", "10ml", "2timsdoy", "7day", "Syrup Corox", "10ml", "3tims doy", "30day", "Advico:", "-Tako to rost", "Eat ensy-to-digest food like boiled rice with dnl", "Stoytydrated"], "confidence": [0.9477817416191101, 0.8474778532981873, 0.8575018644332886, 0.8530922532081604, 0.7557733058929443, 0.9679127931594849, 0.9180112481117249, 0.8880900740623474, 0.9788968563079834, 0.964890718460083, 0.8156980872154236, 0.8647039532661438, 0.7523245811462402, 0.8724113702774048, 0.9241676330566406, 0.8909797668457031, 0.8479437828063965, 0.8406792283058167, 0.9477840065956116, 0.9248446226119995, 0.8064771294593811, 0.8767657279968262, 0.9111249446868896, 0.9273074269294739, 0.8120609521865845, 0.8720644116401672, 0.900043785572052, 0.8974159359931946, 0.8439608812332153, 0.8882506489753723, 0.9703512191772461, 0.9054598808288574, 0.8946319222450256, 0.9959683418273926, 0.9421020150184631, 0.9483411312103271, 0.7008321285247803, 0.8483083248138428, 0.8948759436607361, 0.9604064226150513, 0.7529909014701843, 0.8754482269287109, 0.9671232104301453, 0.7215479612350464, 0.844878613948822, 0.8652937412261963], "label": [1, 0, 1, 0, 0, 0, 0]}