{"text": ["XYZ Hospital", "123 tlealth Street,Wellness City", "Phone:+1-234.587-890", "PatlantNamx:Allco Whito", "Ap:53", "Doctor: Dr. Millor", "Medidine", "Dosage", "Frequency", "Duration", "Cap Pan d", "20 tblets", "20ms doy", "30 duys", "Tab Pan d", "15tablets", "2tmesa duy", "7 days", "Cup Cypon", "20 tablets", "3tmes aday", "10 duys", "Tab Sumo cold", "15tablets", "2 tms a duy", "30 days", "TabDolo650", "5tablets", "2 umes a duy", "10duys", "TabAllegr", "20 tablets", "2 tms a doy", "7 days", "Syrup", "Dosago", "Froquoncy", "Duratlon", "Syrup Brozodox", "Sml", "3tms doy", "14dy", "Advico:", "-Tako tod rost", "Eat nsy-to-digest food like boiled dce with dnl", "Stoybydrated"], "confidence": [0.9544651508331299, 0.8402389287948608, 0.8575018644332886, 0.8541954159736633, 0.7789907455444336, 0.9690362215042114, 0.9102709293365479, 0.8897534012794495, 0.9788968563079834, 0.964890718460083, 0.8820434808731079, 0.9135541915893555, 0.7702575922012329, 0.9137939810752869, 0.9182332158088684, 0.9092390537261963, 0.782965898513794, 0.861883819103241, 0.8994295597076416, 0.8709948658943176, 0.8005436658859253, 0.8750689625740051, 0.9124193787574768, 0.8647039532661438, 0.7527334094047546, 0.8513266444206238, 0.8744982481002808, 0.9079194068908691, 0.7527843117713928, 0.9137234091758728, 0.9359873533248901, 0.8797799944877625, 0.8276674747467041, 0.8767657279968262, 0.9720994234085083, 0.9641801714897156, 0.9529516696929932, 0.9924637079238892, 0.9569897055625916, 0.927854061126709, 0.7256457805633545, 0.932861328125, 0.9667397141456604, 0.7879562377929688, 0.8601347208023071, 0.8390377163887024], "label": [1, 1, 1, 0, 0, 0, 0]}