{"text": ["XYZ Hospital", "123 tlealth Street,Wellness City", "Phone:+1-234.587-890", "Patlnt Nanx:Evo Wllams", "p:31", "Doctor: Dr. Tumor", "Medicine", "Dosuge", "Frequency", "Duration", "Tab Zole fcream", "15tablets", "3umesa day", "30 days", "Tab Evion", "15tablets", "3 0ms dey", "$ days", "Cap Dilantn", "20 tblets", "3 tmesaday", "30 days", "Tab Cyclopam", "10 tablets", "2 tmes adey", "30 days", "Tab Febrexplus", "15tablets", "3 tmesaday", "7days", "Syrup", "Dosopo", "Froquoncy", "Duratlon", "SyrupGrillnctus tm", "10ml", "2timday", "30dy", "Advico:", "-Tako tod rost", "Eat nsy-to-dlgest food like boiled dce with dal", "-Stayhydrated"], "confidence": [0.9566960334777832, 0.8384838700294495, 0.8541738390922546, 0.7725919485092163, 0.739750325679779, 0.9494557976722717, 0.930323600769043, 0.9427713751792908, 0.9838371276855469, 0.965709924697876, 0.88272625207901, 0.8913987278938293, 0.8330917358398438, 0.8676621317863464, 0.9279268980026245, 0.9090301990509033, 0.7231447696685791, 0.9325768351554871, 0.8810198307037354, 0.9248446226119995, 0.8151966333389282, 0.8866694569587708, 0.8892824649810791, 0.901634693145752, 0.8098935484886169, 0.8853435516357422, 0.9339065551757812, 0.8865651488304138, 0.8457149267196655, 0.9444330930709839, 0.9720994234085083, 0.7710023522377014, 0.9624842405319214, 0.9871726036071777, 0.9102516174316406, 0.9347427487373352, 0.7432094216346741, 0.9668070673942566, 0.9678854942321777, 0.7691553831100464, 0.901470422744751, 0.8774308562278748], "label": [1, 1, 1, 0, 0, 0, 0]}