{"text": ["XYZ Hospital", "123 tlealth Street,Wellness City", "Phone:+1-234-587-890", "Patlant Namxo:John Davs", "p:34", "Doctor: Dr. Millor", "Medicine", "Dosuge", "Frequency", "Duration", "Cap Omez", "20 tblets", "20ms dey", "30 days", "Tab Febrex plus", "10 tablets", "3tmesaday", "7 days", "TabDolo 650", "5tablets", "3tmes aday", "30 days", "Tab Dolonex dt", "5tablets", "2umesaday", "10days", "Cap Co-immune", "5tablets", "3 tmesaday", "30 days", "Syrup", "Dosapo", "Froquoncy", "Duratlon", "Syrup Corox-dx", "Sml", "3tms doy", "14dy", "Syrup TusQ-dx", "Sml", "3tims doy", "10dny", "Advico:", "-Tako tod rost", "Eat nsy-to-digest food like boiled rice with dnl", "Stoytydrated"], "confidence": [0.9565796852111816, 0.8494900465011597, 0.8676124811172485, 0.8240256905555725, 0.7649431824684143, 0.9650458097457886, 0.9307171702384949, 0.9740098118782043, 0.9838371276855469, 0.964890718460083, 0.8499735593795776, 0.9135541915893555, 0.7692691087722778, 0.8676621317863464, 0.9107570648193359, 0.8921223878860474, 0.8387840986251831, 0.8831198811531067, 0.8611643314361572, 0.9093613624572754, 0.8216320872306824, 0.8833222985267639, 0.9202830195426941, 0.9057856798171997, 0.8187302947044373, 0.9213528037071228, 0.8736393451690674, 0.9057856798171997, 0.8309677243232727, 0.8853435516357422, 0.9719002842903137, 0.8614616990089417, 0.9496034979820251, 0.9472008943557739, 0.9738151431083679, 0.8684621453285217, 0.7066380381584167, 0.8365260362625122, 0.9664191603660583, 0.9197258949279785, 0.7529909014701843, 0.7591055631637573, 0.9689494371414185, 0.7298118472099304, 0.8504207730293274, 0.871784508228302], "label": [1, 1, 1, 0, 0, 0, 0]}