{"text": ["XYZ Hospital", "123 tlealth Street,Wellness City", "Phone:+1-234.587-890", "Patlont Namx:Jano Smith", ":24", "Doctor: Dr.Lao", "Medicine", "Dosuge", "Frequency", "Duration", "Cap Zovirax", "15tablets", "20ms doy", "7 days", "TabCiplox500", "5tablets", "3tmesaday", "4duys", "Tab Neurobin Forte", "20 tblets", "3 tmesaday", "7days", "Tab Dolonex dt", "20 tablets", "3 tmesa dey", "10days", "Syrup", "Dosago", "Froquancy", "Duratlon", "Syrup Grillnctus tm", "Sml", "2 tmdoy", "10day", "Syrup Cypon", "Sml", "2timday", "5doy", "Advico:", "-Tako bod rost", "Eat nsy-to-digest food like boiled dce with dal", "-Staytydrated"], "confidence": [0.9524534344673157, 0.8442541360855103, 0.8541738390922546, 0.8542817831039429, 0.882969081401825, 0.8884757161140442, 0.9307171702384949, 0.9420654773712158, 0.9838371276855469, 0.955414891242981, 0.8629161715507507, 0.8927748799324036, 0.7707927227020264, 0.8594018816947937, 0.9390066266059875, 0.8909797668457031, 0.8351958394050598, 0.9083743095397949, 0.9378073215484619, 0.9086169004440308, 0.8511756658554077, 0.9236086010932922, 0.9164556860923767, 0.8983814120292664, 0.7014458179473877, 0.9470896124839783, 0.9869922399520874, 0.8239191174507141, 0.9293076395988464, 0.9500347375869751, 0.9939761757850647, 0.8684621453285217, 0.722653865814209, 0.7859762907028198, 0.9283126592636108, 0.9197258949279785, 0.7565017938613892, 0.7402545213699341, 0.967370867729187, 0.8245164752006531, 0.9078223705291748, 0.9250409007072449], "label": [1, 1, 1, 0, 0, 0, 0]}