{"text": ["XYZ Hospital", "123 tlealth Street,Wellness City", "Phone:+1-234.587-890", "PatlntNamx:GracoSmith", ":54", "Doctor: Dr. Smith", "Medicine", "Dosuge", "Frequency", "Duration", "Tab Cetine", "5 tablets", "20ms doy", "14duys", "Tab Clavum025", "20 tablets", "3tmesaday", "4duys", "Cap Dilantn", "15tablets", "2tmsa duy", "4 duys", "Tab Combinam", "5tablets", "3 tmesaday", "4duys", "Tab Neurobin Forte", "5tablets", "3 tmesaday", "30 duys", "Cap Pan d", "20tblets", "2 tms a doy", "7 days", "Syrup", "Dosago", "Froquoncy", "Duratlon", "Syrup TusQ-dx", "Sml", "3tms doy", "14dy", "Advico:", "-Tako tod rost", "Eat nsy-to-digest food like boiled dce with dnl", "Stoytydrated"], "confidence": [0.9478399157524109, 0.8513327240943909, 0.8499292135238647, 0.8342801928520203, 0.8006799817085266, 0.9595116972923279, 0.930323600769043, 0.979745090007782, 0.9803639650344849, 0.9623180627822876, 0.9167537689208984, 0.887381374835968, 0.7523245811462402, 0.8650357723236084, 0.8468596339225769, 0.8709948658943176, 0.8278234004974365, 0.9083743095397949, 0.8771684765815735, 0.8647039532661438, 0.791744589805603, 0.939846932888031, 0.9424284100532532, 0.9046000242233276, 0.8438262939453125, 0.9083743095397949, 0.9235482811927795, 0.9079194068908691, 0.8289969563484192, 0.9156034588813782, 0.9373091459274292, 0.9145114421844482, 0.810215175151825, 0.8480218052864075, 0.9719002842903137, 0.9144992828369141, 0.8976813554763794, 0.9921525120735168, 0.9332492351531982, 0.927854061126709, 0.7066380381584167, 0.932861328125, 0.9678854942321777, 0.7481598854064941, 0.8601347208023071, 0.8621355891227722], "label": [1, 1, 1, 0, 0, 0, 0]}