{"text": ["XYZ Hospital", "123 tlealth Street,Wellness City", "Phone:+1-234.587-890", "Patlant Namx:Allco Wlllams", "p:78", "Doctor: Dr.Johnson", "Medicine", "Dosuge", "Frequency", "Duration", "Tab Combinam", "15tablets", "20ms doy", "30 days", "Tab Dolo650", "5tablets", "20mes dey", "10days", "Tab Febrexplus", "15tablets", "3tmes day", "5 days", "Tab Neurobin Forte", "10 tablets", "2 tmesa dey", "10days", "Cap Pan d", "15tablets", "3 tmesaday", "t4days", "Syrup", "Dosapo", "Froquancy", "Duratlon", "Syrup TusQx", "Sml", "3tms doy", "10dny", "Syrup Cypon", "10ml", "2tims doy", "10dny", "Advico:", "-Tako to rost", "Eat ensy-to-digest food like boiled rice with dnl", "Stoytydrated"], "confidence": [0.9441022872924805, 0.8428828716278076, 0.8589719533920288, 0.8369534015655518, 0.7078232169151306, 0.9692518711090088, 0.9286406636238098, 0.975483238697052, 0.9838371276855469, 0.965709924697876, 0.9417300224304199, 0.8647039532661438, 0.7523245811462402, 0.8724113702774048, 0.8367595672607422, 0.8909797668457031, 0.7744828462600708, 0.9213528037071228, 0.9478082656860352, 0.8623680472373962, 0.8064771294593811, 0.7472350001335144, 0.9483057856559753, 0.901634693145752, 0.8118886351585388, 0.924377977848053, 0.8811477422714233, 0.8865651488304138, 0.8439608812332153, 0.8406792283058167, 0.9682205319404602, 0.8843854069709778, 0.934880256652832, 0.9907678961753845, 0.938771665096283, 0.9197258949279785, 0.7066380381584167, 0.6375325322151184, 0.9886476397514343, 0.9380403757095337, 0.7041686773300171, 0.7591055631637573, 0.9662078022956848, 0.7243521809577942, 0.844878613948822, 0.8626587390899658], "label": [1, 1, 1, 0, 0, 0, 0]}