{"text": ["XYZ Hospital", "123 tlealth Street,Wellness City", "Phone:+1-234.587-890", "Patlant Namx:Charlo Wlson", ":40", "Doctor: Dr. Millor", "Medicine", "Dosage", "Frequency", "Duration", "Tab Cetine", "20 tblets", "3mesday", "10duys", "Tab Combinam", "5tablets", "2tmesa day", "30 days", "Tab Cyciomelf", "10tablets", "2 tmesa duy", "5 days", "TabAllegra", "10tablets", "2tmesaday", "7 days", "Cap Zovirax", "20 tblets", "2 umes a duy", "30 days", "Tab Clavum 025", "20 tablets", "3 tmesa dey", "7 days", "Syrup", "Dosago", "Froquoncy", "Duratlon", "Syrup TusQ dx", "10ml", "3tms doy", "14dy", "Advico:", "-Tako tod rost", "Eat nsy-to-digest food like boiled dce with dnl", "Stoytydrated"], "confidence": [0.9557154178619385, 0.8386703133583069, 0.8589719533920288, 0.8426589965820312, 0.7442576289176941, 0.9748319983482361, 0.9286406636238098, 0.9033363461494446, 0.9788968563079834, 0.9629752039909363, 0.9171751141548157, 0.9135541915893555, 0.8458738923072815, 0.9152160286903381, 0.9383710026741028, 0.8909797668457031, 0.7703806161880493, 0.8513266444206238, 0.8436166048049927, 0.9273074269294739, 0.7515864968299866, 0.7517222762107849, 0.9402159452438354, 0.9273074269294739, 0.851213276386261, 0.861883819103241, 0.8816882967948914, 0.9003804326057434, 0.7527843117713928, 0.8833222985267639, 0.7747008204460144, 0.8797799944877625, 0.783811628818512, 0.8767657279968262, 0.9719002842903137, 0.9641801714897156, 0.8976813554763794, 0.9843534231185913, 0.9441629648208618, 0.9751888513565063, 0.7066380381584167, 0.932861328125, 0.9678854942321777, 0.7717369794845581, 0.8601347208023071, 0.8621355891227722], "label": [1, 1, 1, 0, 0, 0, 0]}