{"text": ["XYZ Hospital", "123 tlealth Street,Wellness City", "Phone:+1-234-587-890", "Patlont Nanx:Llam Whito", ":48", "Doctor: Dr.Lao", "Medicine", "Dosage", "Frequency", "Duration", "Cup Omez", "20 tblets", "20ms doy", "10duys", "Tab Allegra", "10 tablets", "2tmesaday", "7 days", "TabFebrexplus", "10tablets", "3 tmes a duy", "4 days", "Cap Pand", "15tablets", "2 tmes a doy", "10days", "Syrup", "Dosapo", "Froquancy", "Ouration", "Syrup Cypon", "Sml", "2 tim doy", "14days", "Advico:", "-Takoto rost", "Eat nsy-to-dlgest food like boiled rice with dal", "-Stynydrated"], "confidence": [0.9475593566894531, 0.8440488576889038, 0.888440728187561, 0.8178136944770813, 0.8221071362495422, 0.8747309446334839, 0.930323600769043, 0.8897534012794495, 0.9838371276855469, 0.9623180627822876, 0.8621577024459839, 0.9135541915893555, 0.7520666718482971, 0.9106659889221191, 0.8731436133384705, 0.8921223878860474, 0.8067965507507324, 0.8401936888694763, 0.9741638898849487, 0.9273074269294739, 0.8568880558013916, 0.8659627437591553, 0.9227392673492432, 0.8990643620491028, 0.7733061909675598, 0.9213528037071228, 0.9852066040039062, 0.8093938827514648, 0.9325470328330994, 0.9101769924163818, 0.9539554715156555, 0.8684621453285217, 0.7382363677024841, 0.875527560710907, 0.9268304705619812, 0.7066717147827148, 0.8857390284538269, 0.8974366784095764], "label": [1, 1, 1, 0, 0, 0, 0]}