{"text": ["XYZ Hospital", "123 tlealth Street,Wellnes City", "Phone:+1-234-587-890", "Patlont Nanx:Mla Millor", ":9", "Doctor:Dr.Patol", "Medicine", "Dosuge", "Frequency", "Duration", "Cap Omez", "20tblets", "3mesday", "7 days", "Tab Evion", "20 tablets", "3 umes duy", "7 days", "TabAluhrodin 500", "5tablets", "2 tmes a duy", "7 days", "TabCiplox500", "15tablets", "3 tmes aday", "4days", "Cup Colmmune", "20 tblets", "3 tmesaday", "5days", "Tab Suno cold", "20 tablets", "2tmesa day", "4duys", "Syrup", "Dosago", "Froquoncy", "Duratlon", "Syrup Fobrox plus", "Sml", "3tims doy", "10day", "Syrup Corox", "Sml", "3timsday", "7day", "Advico:", "-Tako tod rost", "Eat nsy-to-digest food like boiled rice with dal", "-Stytydrated"], "confidence": [0.9531888961791992, 0.8487738966941833, 0.8980655670166016, 0.8532553315162659, 0.7344461679458618, 0.9370895624160767, 0.9328186511993408, 0.9427713751792908, 0.9902750849723816, 0.964890718460083, 0.8579201698303223, 0.9145114421844482, 0.8376972079277039, 0.8594018816947937, 0.9212585091590881, 0.8967920541763306, 0.7057475447654724, 0.8401936888694763, 0.7341009974479675, 0.916618824005127, 0.7192685604095459, 0.8401936888694763, 0.8935238718986511, 0.8647039532661438, 0.8218534588813782, 0.9184122085571289, 0.8889593482017517, 0.9003804326057434, 0.8438262939453125, 0.8691898584365845, 0.8489551544189453, 0.9364849328994751, 0.8353765606880188, 0.9083743095397949, 0.983737587928772, 0.8285646438598633, 0.9466862082481384, 0.9893155694007874, 0.9943340420722961, 0.9028758406639099, 0.7382882833480835, 0.8265790939331055, 0.8926152586936951, 0.927854061126709, 0.7849414348602295, 0.8654559254646301, 0.9238536953926086, 0.7723420858383179, 0.9027966856956482, 0.9149386882781982], "label": [1, 1, 1, 0, 0, 0, 0]}