{"text": ["XYZ Hospital", "123 tlealth Street,Wellness City", "Phone:+1-234-587-890", "Patlont Nanx:Mla Wlllams", "Ap:58", "Doctor: Dr. Tumor", "Medicine", "Dosuge", "Frequency", "Duration", "Cup Cypon", "10 tablets", "3mesday", "5 days", "Tab Combinlam", "20 tablets", "3tmesaday", "10days", "Tab Cyciomeff", "15tablets", "3 tmesaday", "10 duys", "TabNeurobin Forte", "5tablets", "2 tm5 a doy", "30 days", "Syrup", "Dosapo", "Froquancy", "Duratlon", "Syrup TusQx", "10ml", "2 tim doy", "14 day", "Advico:", "-Tako bod rost", "Eat nsy-to-dlgest food like boiled rice with dal", "-Stytydrated"], "confidence": [0.9504032135009766, 0.8390575647354126, 0.8917137980461121, 0.8392178416252136, 0.5542054772377014, 0.9580783843994141, 0.9307171702384949, 0.9422492384910583, 0.9838371276855469, 0.964890718460083, 0.9432985782623291, 0.9107781648635864, 0.8407676815986633, 0.7393367886543274, 0.8999427556991577, 0.9054545164108276, 0.8034953474998474, 0.9213528037071228, 0.847920298576355, 0.8894662857055664, 0.8514732122421265, 0.8914344906806946, 0.9579430818557739, 0.8909797668457031, 0.7406336069107056, 0.8500292897224426, 0.9728748202323914, 0.7913495898246765, 0.9354243874549866, 0.9347891807556152, 0.9429664611816406, 0.9658069610595703, 0.7463570237159729, 0.7775042057037354, 0.9288334846496582, 0.7142534255981445, 0.8857390284538269, 0.9112634658813477], "label": [1, 0, 1, 0, 0, 0, 0]}