{"text": ["XYZ Hospital", "123 tlealth Street,Wellness City", "Phone:+1-234.587-890", "PatlantNamx:Allco Smith", "p:22", "DoctorDr.Johnson", "Medidine", "Dosuge", "Frequency", "Duration", "Tab Pan d", "10 tablets", "3mesday", "t4duys", "Tab Neurobin Forte", "5tablets", "2tmesa day", "4duys", "Cap Omez", "20 tablets", "2 tmsa day", "5 days", "Tab Cyciomelf", "20 tblets", "2tmesa day", "7 days", "Cap Pan d", "15tablets", "2 tmes a duy", "14duys", "Tab Combilam", "5tablets", "3 tmesa dey", "$ days", "Syrup", "Dosago", "Froquoncy", "Duratlon", "Syrup Corox-dx", "Sml", "3tms doy", "14days", "Advico:", "-Tako to rost", "Eat nsy-to-digest food like boiled dce with dnl", "Stoytydrated"], "confidence": [0.9433424472808838, 0.8440488576889038, 0.8531273007392883, 0.8519009947776794, 0.7944168448448181, 0.9800477623939514, 0.9080982208251953, 0.9422492384910583, 0.9790523052215576, 0.9623180627822876, 0.8776441812515259, 0.8778047561645508, 0.8458738923072815, 0.8546951413154602, 0.9510070085525513, 0.9046000242233276, 0.7703806161880493, 0.9136894941329956, 0.8864384293556213, 0.8709948658943176, 0.7501845359802246, 0.7517222762107849, 0.8408421277999878, 0.9086169004440308, 0.8158695101737976, 0.8452855944633484, 0.9023153781890869, 0.8647039532661438, 0.7857459187507629, 0.8727502822875977, 0.9143417477607727, 0.8909797668457031, 0.8179402947425842, 0.9325768351554871, 0.9719002842903137, 0.9144992828369141, 0.9529516696929932, 0.9845994710922241, 0.9839245676994324, 0.927854061126709, 0.7066380381584167, 0.8428124785423279, 0.9678854942321777, 0.7455339431762695, 0.8616782426834106, 0.8621355891227722], "label": [1, 1, 1, 0, 0, 0, 0]}