{"text": ["XYZ Hospital", "123 tlealth Street,Wellness City", "Phone:+1-234-587-890", "Patlont Namx:Mla Smith", "p:33", "Doctor:Dr.Patol", "Medicine", "Dosuge", "Frequency", "Duration", "Tab Febrexplus", "10 tablets", "3mesday", "10duys", "Cap Colmmune", "20 tablets", "3umesaday", "7 days", "Tab Triz", "10 tablets", "3 tmesaday", "30 duys", "Cap Zovirax", "10tablets", "3 tmesa dey", "5 days", "Syrup", "Dosago", "Froquancy", "Duratlon", "Syrup Zodax", "Sml", "3tims doy", "30day", "Advico:", "-Tako bod rost", "Eat nsy-to-dlgest food like boiled rice with dal", "-Stytydrated"], "confidence": [0.9437253475189209, 0.8440488576889038, 0.8976541757583618, 0.8450403213500977, 0.8159250020980835, 0.9471322298049927, 0.9286406636238098, 0.9054610133171082, 0.9788968563079834, 0.9629752039909363, 0.9369897842407227, 0.9107781648635864, 0.8407676815986633, 0.8971586227416992, 0.8547613024711609, 0.9054545164108276, 0.8562780022621155, 0.8720644116401672, 0.8176649808883667, 0.8921223878860474, 0.8477917909622192, 0.9196853041648865, 0.8540268540382385, 0.9273074269294739, 0.7706842422485352, 0.8334064483642578, 0.9825723767280579, 0.9117240309715271, 0.935694694519043, 0.9573420286178589, 0.9230165481567383, 0.8684621453285217, 0.7523825764656067, 0.8759253621101379, 0.9288334846496582, 0.7142534255981445, 0.8857390284538269, 0.9112634658813477], "label": [1, 1, 1, 0, 0, 0, 0]}