{"text": ["XYZ Hospital", "123 tlealth Street,Wellness City", "Phone:+1-234.587-890", "Patlont Namx:Allco Davs", ":47", "Doctor: Dr.Lo", "Medicine", "Dosuge", "Frequency", "Duration", "TabClavum 025", "15tablets", "3mesday", "30 days", "Tab Evion", "10tablets", "3 0ms dey", "4days", "Tab Dolonex dt", "15tablets", "2tmesaday", "30 days", "Tab Dolo650", "15tablets", "3 tmesa dey", "10days", "Tab Combinam", "5tablets", "2tmesaday", "5days", "Syrup", "Dosago", "Froquoncy", "Duration", "Syrup TusQx", "Sml", "3timsday", "30dy", "Advico:", "-Tako tod rost", "Eat nsy-to-dlgest food like boiled dc with dnt", "-Staytydrated"], "confidence": [0.9531888961791992, 0.8488454222679138, 0.8522945642471313, 0.8330177068710327, 0.8488302230834961, 0.9473685622215271, 0.930323600769043, 0.975483238697052, 0.9838371276855469, 0.964890718460083, 0.7912741303443909, 0.8647039532661438, 0.8203554749488831, 0.8676621317863464, 0.9279268980026245, 0.9273074269294739, 0.7231447696685791, 0.8935898542404175, 0.9152517318725586, 0.8623680472373962, 0.8063648343086243, 0.8867191672325134, 0.8089301586151123, 0.9035497307777405, 0.7729131579399109, 0.924377977848053, 0.9473810195922852, 0.9057856798171997, 0.8561273813247681, 0.8882506489753723, 0.9720994234085083, 0.9064610600471497, 0.9749724864959717, 0.9667842388153076, 0.9429664611816406, 0.9197258949279785, 0.7220712900161743, 0.9668070673942566, 0.9694406390190125, 0.7755385041236877, 0.8665194511413574, 0.9281126260757446], "label": [1, 0, 1, 0, 0, 0, 0]}