{"text": ["XYZ Hospital", "123 tlealth Street,Wellness City", "Phone:+1-234.587-890", "Patlant Namx:Charlo Davs", "1", "Doctor: Dr. Millor", "Medicine", "Dosuge", "Frequency", "Duration", "Tab Febrex plus", "15tablets", "20ms doy", "10 days", "Tab Combinam", "t5tablets", "3umesaday", "5days", "Tab Sumo cold", "5tablets", "3 tmesaday", "10 days", "Tab Pan d", "5tablets", "3tmesaday", "30 days", "Cap Cypon", "t5tablets", "3 umesaduy", "t4days", "Syrup", "Dosapo", "Froquoncy", "Duratlon", "Syrup TusQ dx", "Sml", "3tms doy", "10dny", "Syrup TusQ-dx", "10ml", "2tims doy", "5 days", "Advico:", "-Tako tod rost", "Eat ensy-to-digest food like boiled rice with dnl", "Stoytydrated"], "confidence": [0.9539383053779602, 0.8420253992080688, 0.8589719533920288, 0.8142080307006836, 0.8787527680397034, 0.9775311946868896, 0.9220892190933228, 0.9740098118782043, 0.9838371276855469, 0.9623180627822876, 0.9169871211051941, 0.8913987278938293, 0.7523245811462402, 0.9802390336990356, 0.9445174336433411, 0.8831853270530701, 0.8479437828063965, 0.8691898584365845, 0.9018286466598511, 0.9093613624572754, 0.8258501291275024, 0.8622841835021973, 0.8903860449790955, 0.8909797668457031, 0.8757919669151306, 0.8867191672325134, 0.9235844016075134, 0.8830724954605103, 0.793174147605896, 0.8406792283058167, 0.9703512191772461, 0.7913495898246765, 0.9345409870147705, 0.9960426092147827, 0.9433781504631042, 0.9197258949279785, 0.7066380381584167, 0.6375325322151184, 0.9619960188865662, 0.9380403757095337, 0.7041686773300171, 0.8086541295051575, 0.9662078022956848, 0.7351533770561218, 0.844878613948822, 0.8652937412261963], "label": [1, 1, 1, 0, 0, 0, 0]}