{"text": ["XYZ Hospital", "123 tlealth Street,Wellness City", "Phone:+1-234-587-890", "Patlont Namx:Evo Brown", "p:43", "Doctor: Dr.Smith", "Medicine", "Dosuge", "Frequency", "Quraton", "TabCyciomelf", "10 tablets", "3mesday", "30 duys", "Tab Triz", "5tablets", "3 tmes duy", "$ duys", "Tab Dolonex dt", "10 tablets", "2tmesa day", "30 days", "TabClavum025", "15tablets", "3 tmes aday", "30 days", "TabFebrexplus", "10tablets", "2 umes a duy", "10days", "TabAllegr", "10tablets", "2 tmes a doy", "10days", "Syrup", "Dosapo", "Froquoncy", "Duratlon", "Syrup TusQ dx", "Sml", "2 tim doy", "30 days", "Syrup Corox-dx", "10ml", "2timday", "14day", "Advico:", "-Tako tod rost", "Eat nsy-to-digest food like boiled rice with dal", "-Stytydrated"], "confidence": [0.9539773464202881, 0.8380128741264343, 0.8883641362190247, 0.8242396712303162, 0.7557733058929443, 0.9486132264137268, 0.930323600769043, 0.9415733814239502, 0.9902750849723816, 0.8290681838989258, 0.8655534386634827, 0.8778047561645508, 0.8353540301322937, 0.9051676392555237, 0.9158270955085754, 0.9046000242233276, 0.7485857605934143, 0.9324522018432617, 0.8988081216812134, 0.8921223878860474, 0.825162410736084, 0.8833222985267639, 0.8677460551261902, 0.8671495914459229, 0.8218534588813782, 0.8867191672325134, 0.96805340051651, 0.9273074269294739, 0.7387182116508484, 0.924377977848053, 0.9370623826980591, 0.9273074269294739, 0.8000494837760925, 0.8654675483703613, 0.988613486289978, 0.8228013515472412, 0.9466862082481384, 0.9799938797950745, 0.940744936466217, 0.9028758406639099, 0.7471926212310791, 0.9535742402076721, 0.9652417302131653, 0.9357630014419556, 0.8103267550468445, 0.7873247861862183, 0.9210488200187683, 0.7723420858383179, 0.9027966856956482, 0.9149386882781982], "label": [1, 0, 1, 0, 0, 0, 0]}