{"text": ["XYZ Hospital", "123 tlealth Street,Wellness City", "Phone:+1-234.587-890", "Patlant Namx:EvoSmith", "p:50", "Doctor: Dr.Lo", "Medicine", "Dosuge", "Frequency", "Duration", "TabClavum 025", "15tablets", "3mesday", "10days", "Cap Pan d", "10 tablets", "2 tms  duy", "30 days", "Tab Evion", "t5tablets", "3 tmesaday", "10days", "Cap Omez", "10 tablets", "2 tms a dey", "30 days", "Syrup", "Dosago", "Froquoncy", "Duration", "Syrup TusQ dx", "10ml", "3tmsdoy", "5 days", "Syrup Cypon", "10ml", "3timsday", "5doy", "Advico:", "-Tako bod rost", "Eat nsy-to-digest food like boiled rice with dal", "-Staytydrated"], "confidence": [0.9531888961791992, 0.8445388078689575, 0.8541738390922546, 0.8446416258811951, 0.7119712829589844, 0.9281219840049744, 0.9293676614761353, 0.9431764483451843, 0.9838371276855469, 0.9623180627822876, 0.7863032221794128, 0.8927748799324036, 0.8329204320907593, 0.8654675483703613, 0.8972174525260925, 0.8921223878860474, 0.7146862745285034, 0.8853435516357422, 0.9258148670196533, 0.8833587169647217, 0.8460615277290344, 0.8809830546379089, 0.8835228085517883, 0.8802648782730103, 0.7360888123512268, 0.8853435516357422, 0.9728748202323914, 0.8496239185333252, 0.9620964527130127, 0.9527572989463806, 0.9832977652549744, 0.9347427487373352, 0.7064982056617737, 0.8339796662330627, 0.9285939931869507, 0.9165780544281006, 0.7859691381454468, 0.7402545213699341, 0.967370867729187, 0.8304697871208191, 0.8990753293037415, 0.9250409007072449], "label": [1, 1, 1, 0, 0, 0, 0]}