{"text": ["XYZ Hospital", "123 tlealth Street,Wellness City", "Phone:+1-234.587-890", "PatlantNanx:Davd Willlans", ":30", "Doctor: Dr.Lo", "Medicine", "Dosuge", "Frequency", "Duration", "Tab Dolonex dt", "15tablets", "20ms day", "$ days", "Tab Cetine", "10tablets", "3umesadey", "10days", "TabCyciomelf", "5tablets", "3 tmesa day", "5 days", "Cap Cypon", "20 tablets", "3 tmesa dey", "t4days", "Tab Evion", "10 tablets", "3 tmesaday", "5days", "Syrup", "Dosapo", "Froquancy", "Duratlon", "Syrup TusQ dx", "10ml", "2timsdoy", "7day", "Syrup Corox-dx", "10ml", "3tims doy", "4 day", "Advico:", "-Tako tod rost", "Eat nsy-to-digest food like boiled rice with dnl", "-Stytydrated"], "confidence": [0.951176106929779, 0.8410260081291199, 0.8575018644332886, 0.8299689292907715, 0.8784618377685547, 0.9426762461662292, 0.9286406636238098, 0.975483238697052, 0.9839102625846863, 0.964890718460083, 0.9143250584602356, 0.8647039532661438, 0.7605679631233215, 0.837290346622467, 0.9116803407669067, 0.9273074269294739, 0.8198149800300598, 0.9213528037071228, 0.8530116677284241, 0.9073119759559631, 0.7573702335357666, 0.7472350001335144, 0.9158343076705933, 0.8709948658943176, 0.7729131579399109, 0.8406792283058167, 0.9258222579956055, 0.901634693145752, 0.8430861234664917, 0.8882506489753723, 0.9703512191772461, 0.8843854069709778, 0.9524898529052734, 0.9682292938232422, 0.9500349760055542, 0.9347427487373352, 0.7138168811798096, 0.8639349937438965, 0.9783080816268921, 0.9150266051292419, 0.7592406868934631, 0.7794343829154968, 0.9678077101707458, 0.8012900352478027, 0.8524071574211121, 0.9186305403709412], "label": [1, 1, 1, 0, 0, 0, 0]}