{"text": ["XYZ Hospital", "123 tlealth Street,Wellness City", "Phone:+1-234.587-890", "Patlant Namx:Mla Smith", ":48", "Doctor: Dr.Lao", "Medicine", "Dosuge", "Frequency", "Duration", "Cap Omez", "20tblets", "3mesadoy", "7 days", "Tab Sumo cold", "10 tablets", "2 tmes  duy", "$ duys", "Tab Neurobin Forte", "20 tablets", "2tmesaduy", "4 days", "TabCiplox 500", "20 tablets", "3 tmesa dey", "4days", "Syrup", "Dosago", "Froquancy", "Duratlon", "Syrup Brozodox", "10ml", "2 tm doy", "5 days", "Syrup Corx", "10ml", "2timday", "7day", "Advico:", "-Tako tod rost", "Eat nsy-to-dlgest food like boiled rice with dal", "-Staytydrated"], "confidence": [0.9531888961791992, 0.8435166478157043, 0.8541738390922546, 0.8357201218605042, 0.761138379573822, 0.9016666412353516, 0.9314273595809937, 0.9427713751792908, 0.9832375645637512, 0.955414891242981, 0.7854167222976685, 0.9617631435394287, 0.7829302549362183, 0.8594018816947937, 0.9195887446403503, 0.8921223878860474, 0.7199966907501221, 0.9236800670623779, 0.9453683495521545, 0.8692690134048462, 0.8477074503898621, 0.8659627437591553, 0.9190508127212524, 0.8983814120292664, 0.7801483273506165, 0.9184122085571289, 0.9747051000595093, 0.8496239185333252, 0.9588082432746887, 0.8870259523391724, 0.9400792121887207, 0.9347427487373352, 0.7161205410957336, 0.8339796662330627, 0.8969472050666809, 0.911413848400116, 0.8054354786872864, 0.8483083248138428, 0.9683253169059753, 0.7978090047836304, 0.9031388163566589, 0.9250409007072449], "label": [1, 1, 1, 0, 0, 0, 0]}