{"text": ["XYZ Hospital", "123 tlealth Street,Wellness City", "Phone:+1-234.587-890", "Patlant Namx:Jano Wlllams", "p:43", "Doctor:Dr.Millor", "Medicine", "Dosuge", "Frequency", "Duration", "Cap Pan d", "20 tblets", "3mesday", "5 days", "Tab Combinam", "t5tablets", "2 tm0s  duy", "5 days", "Tab Triz", "10tablets", "3 tmesaday", "5days", "Tab Cetine", "10tablets", "2 tmes a day", "7days", "Syrup", "Dosago", "Froquoncy", "Duration", "Syrup TusQx", "Sml", "2 tm doy", "5days", "SyrupTusdx", "10ml", "2timday", "14dy", "Advico:", "-Tako tod rost", "Eat nsy-to-dlgest food like boiled rice with dal", "-Staytydrated"], "confidence": [0.9531888961791992, 0.8409596681594849, 0.8577502369880676, 0.8424363136291504, 0.7557733058929443, 0.9536542296409607, 0.9286406636238098, 0.9427713751792908, 0.9838371276855469, 0.964890718460083, 0.8716112971305847, 0.9135541915893555, 0.8329204320907593, 0.7393367886543274, 0.9125449061393738, 0.8836497068405151, 0.7051472663879395, 0.8013837933540344, 0.8540539145469666, 0.9273074269294739, 0.8439608812332153, 0.8701895475387573, 0.9154947400093079, 0.9247161149978638, 0.7614920139312744, 0.9344526529312134, 0.9720994234085083, 0.8496239185333252, 0.9034984111785889, 0.9527572989463806, 0.9397844076156616, 0.8684621453285217, 0.7824395895004272, 0.8852624893188477, 0.8986228704452515, 0.9165780544281006, 0.8054354786872864, 0.8365260362625122, 0.96641606092453, 0.7950741052627563, 0.9056201577186584, 0.932716965675354], "label": [1, 1, 1, 0, 0, 0, 0]}