{"text": ["XYZ Hospital", "123 tlealth Street,Wellness City", "Phone:+1-234-587-890", "Patlant Namx:Groco Wilson", "02", "Doctor:Dr.Smith", "Medidine", "Dosuge", "Frequency", "Duration", "Tab Pan d", "15tablets", "3mesaday", "10days", "Tab Trz", "20 tablets", "2 um5  duy", "10days", "Cap Dilanun", "20 tablets", "2 tmes aduy", "4duys", "Cap Co-lmmune", "15tablets", "3 tmes aday", "4duys", "Tab Cetine", "20 tblets", "3 tmesaday", "30 days", "Cap Zovirax", "15tablets", "2 tmes a dey", "4days", "Syrup", "Dosapo", "Froquoncy", "Duratlon", "Syrup Fobrox plus", "Sml", "2 timdoy", "10dy", "Syrup TusQ-dx", "Sml", "2timday", "10days", "Advico:", "-Takoto rost", "Eat nsy-to-digest food like boiled rice with dnl", "-Stytydrated"], "confidence": [0.9462621212005615, 0.8522793054580688, 0.8718692064285278, 0.7814329266548157, 0.7370598316192627, 0.9411700963973999, 0.9102709293365479, 0.9427713751792908, 0.9902750849723816, 0.9623180627822876, 0.9158036112785339, 0.8647039532661438, 0.7886044979095459, 0.8628065586090088, 0.8577829599380493, 0.8967920541763306, 0.7169803380966187, 0.8628065586090088, 0.9105465412139893, 0.8709948658943176, 0.7138233184814453, 0.9136894941329956, 0.8357582092285156, 0.8671495914459229, 0.8287243247032166, 0.9136894941329956, 0.9221501350402832, 0.9003804326057434, 0.849814236164093, 0.8513266444206238, 0.839751660823822, 0.8990643620491028, 0.728033721446991, 0.9184122085571289, 0.983737587928772, 0.8228013515472412, 0.9466862082481384, 0.9893155694007874, 0.994860827922821, 0.9028758406639099, 0.7469385862350464, 0.9420825839042664, 0.954573929309845, 0.927854061126709, 0.8162146806716919, 0.8326132893562317, 0.9698401689529419, 0.7129238247871399, 0.8460922241210938, 0.904712438583374], "label": [1, 1, 1, 0, 0, 0, 0]}