{"text": ["XYZ Hospital", "123 tlealth Street,Wellness City", "Phone:+1-234-587-890", "Patlont Nanx:Llam D", "02", "Doctor: Dr. Millor", "Medicine", "Dosuge", "Frequency", "Duration", "Cap Omez", "5 tablets", "20ms doy", "30 days", "Tab Combinam", "10 tablets", "20mes  duy", "7 days", "Tab Triz", "10 tablets", "3 tmes a duy", "4 duys", "Tab Dolonex dt", "10tablets", "3 tmesa dey", "30 days", "Syrup", "Dosago", "Froquancy", "Duration", "Syrup Corox-dx", "Sml", "3tims doy", "30day", "Advico:", "-Tako bod rost", "Eat nsy-to-dlgest food like boiled rice with dal", "-Stytydrated"], "confidence": [0.9475247859954834, 0.8397927284240723, 0.9048346281051636, 0.7802553176879883, 0.7370598316192627, 0.9773463010787964, 0.9307171702384949, 0.9030749201774597, 0.9821071624755859, 0.964890718460083, 0.8940621614456177, 0.8757308125495911, 0.7529489994049072, 0.8676621317863464, 0.9173454642295837, 0.8921223878860474, 0.6940584778785706, 0.8480218052864075, 0.8540539145469666, 0.8921223878860474, 0.8733134865760803, 0.944999635219574, 0.9162381291389465, 0.9273074269294739, 0.7706842422485352, 0.8853435516357422, 0.9728748202323914, 0.9191999435424805, 0.935694694519043, 0.9527572989463806, 0.9552870392799377, 0.8684621453285217, 0.7523825764656067, 0.8759253621101379, 0.9288334846496582, 0.7142534255981445, 0.8857390284538269, 0.9112634658813477], "label": [1, 1, 1, 0, 0, 0, 0]}