{"text": ["XYZ Hospital", "123 tlealth Street,Wellness City", "Phone:+1-234.587-890", "PatlantNamx:Allco Smith", "Ap:35", "Doctor: Dr.Patol", "Medicine", "Dosage", "Frequency", "Duration", "Cap Omez", "5 tablets", "20ms dey", "30 days", "Tab Evion", "20 tblets", "3 umes dey", "5days", "TabZole fcream", "20 toblets", "2 tmes aday", "$ days", "Tab Sumo cold", "5tablets", "3 tmesa dey", "7 days", "Tab Cetine", "5 tablets", "2tmesaday", "7 days", "Syrup", "Dosapo", "Froquoncy", "Duratlon", "Syrup Fobrxplus", "Sml", "2timdy", "Sday", "Advico:", "-Tako tod rost", "Eat nsy-to-dlgest food like boiled dce with dal", "-Stayhydrated"], "confidence": [0.951866626739502, 0.8435166478157043, 0.8541738390922546, 0.8562687039375305, 0.7742155194282532, 0.9558186531066895, 0.9307171702384949, 0.8897534012794495, 0.9560942053794861, 0.964890718460083, 0.8516159057617188, 0.8691415786743164, 0.7692691087722778, 0.8676621317863464, 0.9426844120025635, 0.9185055494308472, 0.7338784337043762, 0.8344883918762207, 0.8871710896492004, 0.8743324279785156, 0.7499434947967529, 0.724358081817627, 0.8971992135047913, 0.8669136762619019, 0.8120609521865845, 0.8720644116401672, 0.9277437329292297, 0.8480369448661804, 0.848638653755188, 0.8720644116401672, 0.9747051000595093, 0.9107210040092468, 0.9749724864959717, 0.910537838935852, 0.851455569267273, 0.9197258949279785, 0.8292061686515808, 0.7356988191604614, 0.9687759280204773, 0.8077505826950073, 0.9014807939529419, 0.8786836266517639], "label": [1, 1, 1, 0, 0, 0, 0]}