{"text": ["XYZ Hospital", "123 tlealth Street,Wellness City", "Phone:+1-234-587-890", "Patlant Namx:BobJohnson", ":20", "Doctor:Dr.Smith", "Medicine", "Dosuge", "Frequency", "Duration", "CapColmmune", "20 tblets", "20ms dey", "5days", "Cap Dilanun", "15tablets", "2 tm0s  duy", "10days", "Tab Sumo cold", "20 tablets", "3 tmesa duy", "7 days", "Tab Evlon", "20 tblets", "2 tmesa day", "30 days", "TabAllegr", "20tblets", "3 tmesaday", "5days", "Tab Combinlam", "5tablets", "2 tms a doy", "7 days", "Syrup", "Dosago", "Froquoncy", "Duratlon", "Syrup Cypon", "10ml", "2 timdoy", "14dy", "Syrup Corox", "10ml", "3timsday", "Sday", "Advico:", "-Tako tod rst", "Eat nsy-to-digest food like boiled rice with dnl", "-Stytydrated"], "confidence": [0.947130024433136, 0.8392246961593628, 0.8870278596878052, 0.8731710314750671, 0.8505358099937439, 0.9381499886512756, 0.9328186511993408, 0.9427713751792908, 0.9905779957771301, 0.964890718460083, 0.9272810220718384, 0.9003804326057434, 0.7692691087722778, 0.8641525506973267, 0.9054367542266846, 0.9037178754806519, 0.7051472663879395, 0.8654675483703613, 0.9219247102737427, 0.8709948658943176, 0.8109228014945984, 0.8580665588378906, 0.9127489924430847, 0.9086169004440308, 0.8068044185638428, 0.8513266444206238, 0.9370623826980591, 0.9145114421844482, 0.8309677243232727, 0.8520981669425964, 0.8996942043304443, 0.8909797668457031, 0.8156778216362, 0.991462230682373, 0.988613486289978, 0.8496239185333252, 0.9466862082481384, 0.9899555444717407, 0.9880268573760986, 0.9702969789505005, 0.7554259300231934, 0.9280709028244019, 0.9745674133300781, 0.9599877595901489, 0.7865440845489502, 0.7643508911132812, 0.9631933569908142, 0.6960872411727905, 0.8472650647163391, 0.9058265686035156], "label": [1, 1, 1, 0, 0, 0, 0]}