{"text": ["XYZ Hospital", "123 tlealth Street,Wellness City", "Phone:+1-234.587-890", "PatlontNanx:Davd Brown", "p:32", "Doctor: Dr. Smith", "Medicine", "Dosuge", "Frequency", "Duration", "Cap Omez", "15tablets", "20ms doy", "10 days", "Cap Dilanun", "20 tablets", "20mesa duy", "5days", "Tab Zole fcream", "10tablets", "3tmesaduy", "7 days", "Tab Combinam", "20 tablets", "2 tmes a duy", "10days", "Tab Clavum 025", "15tablets", "2 tmes a duy", "10 days", "Tab Evion", "15tablets", "3 tmesa dey", "10days", "Syrup", "Dosago", "Froquoncy", "Duratlon", "SyrupZodax", "10ml", "2tmdoy", "10dy", "Advico:", "-Tako to rost", "Eat nsy-to-digest food like boiled dce with dnl", "Stoytydrated"], "confidence": [0.9581725597381592, 0.8414099216461182, 0.8589719533920288, 0.8371830582618713, 0.7810633778572083, 0.9696208834648132, 0.9297910928726196, 0.9427713751792908, 0.9790523052215576, 0.9623180627822876, 0.8437602519989014, 0.8647039532661438, 0.7523245811462402, 0.9548414945602417, 0.9095649719238281, 0.8967920541763306, 0.7259731888771057, 0.8520981669425964, 0.8499457240104675, 0.9273074269294739, 0.8625564575195312, 0.8594018816947937, 0.9423035979270935, 0.8709948658943176, 0.7442622184753418, 0.8628065586090088, 0.7923322916030884, 0.8647039532661438, 0.7857459187507629, 0.8341747522354126, 0.9196940660476685, 0.8990643620491028, 0.7711530923843384, 0.924377977848053, 0.9719002842903137, 0.958836555480957, 0.9529516696929932, 0.9921525120735168, 0.8556957244873047, 0.9717352390289307, 0.7179483771324158, 0.9338974952697754, 0.9678854942321777, 0.7640179991722107, 0.8601347208023071, 0.8621355891227722], "label": [1, 1, 1, 0, 0, 0, 0]}