{"text": ["XYZ Hospital", "123 tlealth Street,Wellness City", "Phone:+1-234.587-890", "Patlant Namxo:John Wilson", ":74", "Doctor: Dr. Tumor", "Medicine", "Dosuge", "Frequency", "Duration", "Tab Zole fcream", "15tablets", "20ms day", "7 duys", "TabA1urocin 500", "t5tablets", "20mesaday", "10days", "Cap Dilanun", "20 tablets", "3tmes day", "10 days", "Cap Zovirax", "t5tablets", "3tmes adey", "t4days", "Tab Cetine", "5tablets", "3tmesaday", "4days", "Syrup", "Dosago", "Froquancy", "Duratlon", "Syrup Cypon", "Sml", "3tms doy", "Sday", "Syrup TusQ dx", "Sml", "2tims doy", "4 day", "Advico:", "-Tako tod rost", "Eat nsy-to-digest food like boiled rice with dnl", "Stoybydrated"], "confidence": [0.9534473419189453, 0.8416517972946167, 0.8589719533920288, 0.8539632558822632, 0.8511033058166504, 0.9752182960510254, 0.9454436302185059, 0.9427713751792908, 0.9788968563079834, 0.9564203023910522, 0.8961528539657593, 0.8913987278938293, 0.7605679631233215, 0.8653728365898132, 0.8162173628807068, 0.8831853270530701, 0.7708227634429932, 0.9213528037071228, 0.9349057674407959, 0.8709948658943176, 0.797487735748291, 0.8622841835021973, 0.9156240820884705, 0.8830724954605103, 0.8477534055709839, 0.8510770797729492, 0.9246917963027954, 0.9079194068908691, 0.8785970211029053, 0.9184122085571289, 0.9719002842903137, 0.8148204684257507, 0.9368769526481628, 0.9960426092147827, 0.9903943538665771, 0.8684621453285217, 0.7197035551071167, 0.7331788539886475, 0.9842331409454346, 0.9197258949279785, 0.7249763607978821, 0.7794343829154968, 0.9687759280204773, 0.7691457867622375, 0.8504207730293274, 0.8409426212310791], "label": [1, 1, 1, 0, 0, 0, 0]}