{"text": ["XYZ Hospital", "123 tlealth Street,Wellness City", "Phone:+1-234-587-890", "Patlont Namx:Llam Ro", "Ap:59", "Doctor: Dr. Tumor", "Medicine", "Dosage", "Frequency", "Duration", "Cup Omez", "5 tablets", "3mesaday", "4 duys", "Tab Combinlam", "20 tblets", "3tmesaday", "7 days", "TabAllegra", "10tablets", "3 tmes a duy", "30 days", "Tab Dolonex dt", "5tablets", "2 tm5 a doy", "7 days", "Syrup", "Dosago", "Froquancy", "Duratlon", "Syrup Corx", "Sml", "2 tim doy", "30day", "Advico:", "-Tako bod rost", "Eat nsy-to-dlgest food like boiled rice with dal", "-Stytydrated"], "confidence": [0.9468161463737488, 0.8397927284240723, 0.9010553359985352, 0.7557393312454224, 0.6575450301170349, 0.9498757719993591, 0.9307171702384949, 0.8897534012794495, 0.9859857559204102, 0.9623180627822876, 0.8621577024459839, 0.887381374835968, 0.7886044979095459, 0.939846932888031, 0.89210444688797, 0.9248446226119995, 0.8236387968063354, 0.8720644116401672, 0.9442430734634399, 0.9273074269294739, 0.8619096875190735, 0.8833222985267639, 0.9233474135398865, 0.8909797668457031, 0.7780935168266296, 0.8480218052864075, 0.9728748202323914, 0.9191999435424805, 0.9354243874549866, 0.8827411532402039, 0.9262898564338684, 0.8684621453285217, 0.7463570237159729, 0.888917088508606, 0.9288334846496582, 0.7142534255981445, 0.8857390284538269, 0.9112634658813477], "label": [1, 0, 1, 0, 0, 0, 0]}