{"text": ["XYZ Hospital", "123 tlealth Street,Wellness City", "Phone:+1-234-587-890", "Patlont Nan:Bob Johnson", "Ap:52", "Doctor: Dr. Tumor", "Medicine", "Dosage", "Frequency", "Duration", "Tab Allegra", "20 tblets", "3mesday", "10duys", "Cap Omez", "10 tablets", "3umesaday", "5days", "Tab Triz", "t5tblets", "2 tmes a duy", "4 days", "Tab Cetine", "t5tablets", "3 tmesa dey", "7 days", "Syrup", "Dosago", "Froquancy", "Duratlon", "Syrup Cypon", "10ml", "3tims doy", "7 days", "Advico:", "-Takoto rost", "Eat nsy-to-dlgest food like boiled rice with dal", "-Stynydrated"], "confidence": [0.9479550719261169, 0.8392246961593628, 0.8879653215408325, 0.8367303013801575, 0.7315886616706848, 0.9597434997558594, 0.8984020948410034, 0.8897534012794495, 0.9788968563079834, 0.9623180627822876, 0.875527560710907, 0.9135541915893555, 0.8170825242996216, 0.9106659889221191, 0.8548129796981812, 0.8921223878860474, 0.8287543058395386, 0.8691898584365845, 0.8540539145469666, 0.9061143398284912, 0.8743255138397217, 0.8880710601806641, 0.9186185598373413, 0.8856318593025208, 0.7729131579399109, 0.8480218052864075, 0.9728748202323914, 0.9191999435424805, 0.935694694519043, 0.8827411532402039, 0.9539554715156555, 0.9658069610595703, 0.7592406868934631, 0.963207483291626, 0.9288334846496582, 0.7001729011535645, 0.8857390284538269, 0.8978703618049622], "label": [1, 1, 1, 0, 0, 0, 0]}