{"text": ["XYZ Hospital", "123 tlealth Street,Wellness City", "Phone:+1-234.587-890", "Patlant Namo:John Wilson", "Ap:37", "Doctor: Dr.Patol", "Medidine", "Dosage", "Frequency", "Duration", "Cap Cypon", "15tablets", "20ms day", "7 duys", "Cap Omez", "10 tablets", "3umesadey", "5days", "Cap Dilanun", "20 tblets", "2 tmes dey", "4 days", "Tab Cetine", "20 toblets", "3tmes adey", "5days", "Tab Neurobin Forte", "5tablets", "2tmesaday", "30 days", "Syrup", "Dosapo", "Froquancy", "Duratlon", "Syrup Grillnctus tm", "Sml", "3tms doy", "30dny", "Syrup Zodox", "10ml", "3tims doy", "7days", "Advico:", "-Tako to rst", "Eat nsy-to-digest food like boiled rice with dnl", "Stoybydrated"], "confidence": [0.9478399157524109, 0.8416517972946167, 0.8589719533920288, 0.8716961741447449, 0.7727944254875183, 0.9544589519500732, 0.9153215289115906, 0.8880900740623474, 0.9838371276855469, 0.9564203023910522, 0.9597777128219604, 0.8647039532661438, 0.7605679631233215, 0.9828178286552429, 0.840925931930542, 0.8921223878860474, 0.8198149800300598, 0.8343985676765442, 0.8717398047447205, 0.9248446226119995, 0.7422879934310913, 0.8902750611305237, 0.9307762384414673, 0.8586471676826477, 0.8477534055709839, 0.8691898584365845, 0.9208948612213135, 0.9079194068908691, 0.8482097387313843, 0.8853435516357422, 0.974157989025116, 0.7913495898246765, 0.9235289692878723, 0.9927033185958862, 0.9835804104804993, 0.9197258949279785, 0.7197035551071167, 0.8397564888000488, 0.962128221988678, 0.9401394128799438, 0.7592406868934631, 0.9038707613945007, 0.9687759280204773, 0.7373817563056946, 0.8504207730293274, 0.8415243625640869], "label": [1, 1, 1, 0, 0, 0, 0]}