{"text": ["XYZ Hospital", "123 tlealth Street,Wellness City", "Phone:+1-234-587-890", "PatlntNam:John Ro", ":20", "Doctor: Dr.Patol", "Medicine", "Dosuge", "Frequency", "Duration", "TabA1urodin 500", "5 tablets", "3mes doy", "t4duys", "Tab Zole fcream", "15tablets", "3 tmes duy", "4duys", "Cup Cypon", "20 tablets", "3 tmesa duy", "5 days", "Tab Dolonex dt", "5tablets", "3 tmes aday", "7 days", "TabClavum 025", "5tablets", "2 tmes a duy", "5days", "Tab Combinam", "10tablets", "2 tms a doy", "10days", "Syrup", "Dosago", "Froquoncy", "Duratlon", "Syrup Corox-dx", "10ml", "2tm doy", "14days", "Advico:", "-Tako tod rost", "Eat nsy-to-digest food like boiled dce with dnl", "Stoy bydrated"], "confidence": [0.9534473419189453, 0.8394729495048523, 0.8653600811958313, 0.8372204899787903, 0.8733994960784912, 0.961713433265686, 0.9176808595657349, 0.9740098118782043, 0.98100346326828, 0.9623180627822876, 0.8404789566993713, 0.887381374835968, 0.7750561833381653, 0.8546951413154602, 0.8885208964347839, 0.8647039532661438, 0.7187150120735168, 0.9136894941329956, 0.9113526940345764, 0.8709948658943176, 0.8116254806518555, 0.7547540068626404, 0.9111363291740417, 0.9046000242233276, 0.8303842544555664, 0.8580665588378906, 0.8264074325561523, 0.9079194068908691, 0.7522758841514587, 0.8366293907165527, 0.9086942076683044, 0.9273074269294739, 0.8156778216362, 0.924377977848053, 0.9719002842903137, 0.958836555480957, 0.9633573889732361, 0.9845994710922241, 0.9731125235557556, 0.9717352390289307, 0.7230568528175354, 0.8428124785423279, 0.9678854942321777, 0.7717796564102173, 0.8616782426834106, 0.7977608442306519], "label": [1, 0, 1, 0, 0, 0, 0]}