{"text": ["XYZ Hospital", "123 tlealth Street,Wellness City", "Phone:+1-234-587-890", "Patlant Nanx:Jano Ro", "p:72", "Doctor: Dr. Tumor", "Medicine", "Dosage", "Frequency", "Duration", "TabCyciomef", "20 tblets", "3mesday", "30 days", "Tab Combinlam", "5tablets", "2tmes  duy", "4days", "Tab Neurobin Forte", "10tablets", "3 tmes a duy", "5 days", "Cap Dilanun", "5tablets", "3 tmes dey", "7 days", "Syrup", "Dosapo", "Froquancy", "Duratlon", "Syrup Brozodax", "10ml", "2 tmdoy", "30dny", "Advico:", "-Tako bod rost", "Eat nsy-to-dlgest food like boiled rice with dal", "-Stytydrated"], "confidence": [0.947755753993988, 0.8395678997039795, 0.9056805372238159, 0.7700787782669067, 0.77070152759552, 0.9527459740638733, 0.9499181509017944, 0.8897534012794495, 0.9789015650749207, 0.964890718460083, 0.9197675585746765, 0.9135541915893555, 0.8407676815986633, 0.8920504450798035, 0.8962644338607788, 0.895728349685669, 0.7295010089874268, 0.9184122085571289, 0.9308955669403076, 0.9273074269294739, 0.8536353707313538, 0.7600082755088806, 0.8913772702217102, 0.8909797668457031, 0.7675620317459106, 0.8767657279968262, 0.9728748202323914, 0.7913495898246765, 0.9371910095214844, 0.9490550756454468, 0.9870462417602539, 0.9658069610595703, 0.7310596704483032, 0.8771942257881165, 0.9288334846496582, 0.7142534255981445, 0.8857390284538269, 0.9112634658813477], "label": [1, 1, 1, 0, 0, 0, 0]}