{"text": ["XYZ Hospital", "123 tlealth Street,Wellness City", "Phone:+1-234-587-890", "Patlant Namxo:John Davs", ":74", "Doctor: Dr. Millor", "Medicine", "Dosuge", "Frequency", "Duration", "TabDolo 650", "20 tblets", "3umesa day", "7 days", "Cap Cypon", "15tablets", "3umesaday", "4days", "Tab Sumo cold", "10 tablets", "3 tmes dey", "10 days", "Tab Evion", "15tablets", "2 tms a day", "4days", "Tab Triz", "20tablets", "2tmesaday", "5days", "Syrup", "Dosopo", "Froquoncy", "Duration", "Syrup TusQ dx", "10ml", "3timsday", "30dy", "Advico:", "-Tako tod rost", "Eat nsy-to-dlgest food like boiled dce with dal", "-Staytydrated"], "confidence": [0.9539773464202881, 0.8467555046081543, 0.8651002049446106, 0.8283321261405945, 0.8511033058166504, 0.9552932381629944, 0.9258362054824829, 0.9427713751792908, 0.9838371276855469, 0.955414891242981, 0.8387084603309631, 0.9135541915893555, 0.836573600769043, 0.8594018816947937, 0.9342072606086731, 0.9090301990509033, 0.8489219546318054, 0.8935898542404175, 0.9154753088951111, 0.8921223878860474, 0.7872068881988525, 0.8715320229530334, 0.9465073347091675, 0.8865138292312622, 0.8000491857528687, 0.9184122085571289, 0.8540539145469666, 0.8978633880615234, 0.8579052090644836, 0.8882506489753723, 0.9747051000595093, 0.7710023522377014, 0.9624842405319214, 0.9667842388153076, 0.9476492404937744, 0.9347427487373352, 0.7406063079833984, 0.9668070673942566, 0.9675191640853882, 0.7947360873222351, 0.8972930908203125, 0.937537431716919], "label": [1, 1, 1, 0, 0, 0, 0]}