{"text": ["XYZ Hospital", "123 tlealth Street,Wellness City", "Phone:+1-234.587-890", "Patlant Namx:Davld Smith", "p:34", "Doctor: Dr. Millor", "Medicine", "Dosuge", "Frequency", "Duration", "Tab Combilam", "20 tblets", "20ms dey", "5 days", "Tab Neurobin Forte", "20 tablets", "3 umes dey", "30 days", "Tab Pan d", "5tablets", "3 tmesadey", "5days", "Cap Dilanun", "20 toblets", "3 tmesa dey", "4days", "TabClavum 025", "5 tablets", "3 tmesaday", "30 days", "Syrup", "Dosapo", "Froquoncy", "Duratlon", "Syrup TusQ-dx", "10ml", "3timsday", "Sday", "Advico:", "-Tako tod rost", "Eat nsy-to-dlgest food like boiled dce with dal", "-Stayhydrated"], "confidence": [0.9573611617088318, 0.8413002490997314, 0.8541738390922546, 0.830009400844574, 0.7649431824684143, 0.9718132019042969, 0.9318302869796753, 0.9427713751792908, 0.9838371276855469, 0.964890718460083, 0.9043158888816833, 0.9135541915893555, 0.7692691087722778, 0.7393367886543274, 0.9274117350578308, 0.9054545164108276, 0.7338784337043762, 0.8663529753684998, 0.8942930698394775, 0.8878754377365112, 0.8341437578201294, 0.8344883918762207, 0.9424877166748047, 0.8743324279785156, 0.8120609521865845, 0.9184122085571289, 0.7736307382583618, 0.8480369448661804, 0.8439608812332153, 0.8853435516357422, 0.9720994234085083, 0.8918704390525818, 0.9749724864959717, 0.910537838935852, 0.9550187587738037, 0.9483411312103271, 0.7384964227676392, 0.7356988191604614, 0.96775883436203, 0.7805672287940979, 0.9010859727859497, 0.8882160782814026], "label": [1, 1, 1, 0, 0, 0, 0]}