{"text": ["XYZ Hospital", "123 tlealth Street,Wellness City", "Phone:+1-234.587-890", "Patlant Namx:EvoWhito", "p:73", "Doctor: Dr.Patol", "Medicine", "Dosuge", "Frequency", "Duration", "TabCiplox500", "15tablets", "3mesday", "30 days", "TabA1urocin 500", "15tablets", "20mes dey", "30 days", "Tab Evion", "5tablets", "3 tmes dey", "5 days", "Cap Pan d", "15tablets", "3tmes aday", "5days", "Tab Neurobin Forte", "t5tablets", "3 tmesaday", "t4 days", "Syrup", "Dosago", "Froquancy", "Duratlon", "Syrup Brozodx", "10ml", "3tms doy", "Sday", "Syrup TusQ-dx", "Sml", "3tims doy", "10dny", "Advico:", "-Tako bod rst", "Eat nsy-to-digest food like boiled rice with dnl", "Stoy bydrated"], "confidence": [0.9489903450012207, 0.8474778532981873, 0.8575018644332886, 0.8365766406059265, 0.8352077603340149, 0.9578908681869507, 0.930323600769043, 0.9427713751792908, 0.9788968563079834, 0.965709924697876, 0.8893699645996094, 0.8913987278938293, 0.843670666217804, 0.8920504450798035, 0.8159905672073364, 0.9090301990509033, 0.7687022686004639, 0.8867191672325134, 0.9258222579956055, 0.9073119759559631, 0.7872068881988525, 0.802062451839447, 0.9081821441650391, 0.8865651488304138, 0.8498398065567017, 0.8882506489753723, 0.9221484065055847, 0.8791769742965698, 0.8439608812332153, 0.9750253558158875, 0.974157989025116, 0.8148204684257507, 0.9316151738166809, 0.9908950328826904, 0.86513352394104, 0.9347427487373352, 0.7060664892196655, 0.7331788539886475, 0.9664191603660583, 0.9197258949279785, 0.7523825764656067, 0.7591055631637573, 0.9687759280204773, 0.7464123964309692, 0.8504207730293274, 0.806763768196106], "label": [1, 1, 1, 0, 0, 0, 0]}