{"text": ["XYZ Hospital", "123 tlealth Street,Wellness City", "Phone:+1-234-587-890", "Patlont Nanx:Evo Davls", "Ap:51", "Doctor: Dr.Johnson", "Medicine", "Dosuge", "Frequency", "Duration", "Tab Cyciomeff", "10tablets", "20ms dey", "30 duys", "Tab Allegra", "20 tablets", "3 tmes doy", "7 days", "Cap Dilanun", "5tablets", "2 tmes a day", "30 duys", "Tab Zole fcream", "10tablets", "2 tmesa day", "7 days", "Tab Dolonex dt", "5tablets", "3 tmesaday", "4duys", "Tab Triz", "15tablets", "3 tmesa dey", "10days", "Syrup", "Dosago", "Froquoncy", "Duratlon", "Syrup TusQ-dx", "10ml", "2 timdoy", "5days", "Syrup Fobrox plus", "10ml", "2timday", "30 days", "Advico:", "-Tako tod rost", "Eat nsy-to-digest food like boiled rice with dal", "-Stytydrated"], "confidence": [0.9519359469413757, 0.8383982181549072, 0.8925822377204895, 0.7730964422225952, 0.7588711380958557, 0.9467943906784058, 0.8984020948410034, 0.9422492384910583, 0.9902750849723816, 0.964890718460083, 0.835265576839447, 0.9273074269294739, 0.7692691087722778, 0.9137939810752869, 0.900334358215332, 0.8967920541763306, 0.7507402896881104, 0.861883819103241, 0.9204625487327576, 0.901509165763855, 0.7271961569786072, 0.9156034588813782, 0.8804810047149658, 0.9247161149978638, 0.8068044185638428, 0.861883819103241, 0.9150389432907104, 0.9079194068908691, 0.8251968622207642, 0.9083743095397949, 0.9699918031692505, 0.8990643620491028, 0.8336135745048523, 0.924377977848053, 0.988613486289978, 0.8285646438598633, 0.9466862082481384, 0.9559439420700073, 0.9452909827232361, 0.9702969789505005, 0.7354855537414551, 0.8750370144844055, 0.995391309261322, 0.9599877595901489, 0.7694263458251953, 0.7511711120605469, 0.9698401689529419, 0.7632184028625488, 0.9020175933837891, 0.9027094841003418], "label": [1, 1, 1, 0, 0, 0, 0]}