{"text": ["XYZ Hospital", "123 tlealth Street,Wellness City", "Phone:+1-234.587-890", "Patlant Namxo:John Brown", "40", "Doctor: Dr.Johnson", "Medicine", "Dosuge", "Frequency", "Duration", "Tab Tiz", "5 tablets", "3mesaday", "30 days", "Cap Cypon", "t5tablets", "3tmesadey", "10days", "TabCiplox500", "20 tablets", "2 tmes dey", "4 days", "Cap Zovirax", "20 tablets", "3tmes adey", "30 days", "TabCyciopam", "20 tablets", "2tmesaday", "7days", "Syrup", "Dosapo", "Froquancy", "Duratlon", "Syrup Corox", "10ml", "2 tm doy", "30dny", "Syrup Corox-dx", "10ml", "2tims doy", "4 days", "Advico:", "-Tako tod rost", "Eat nsy-to-digest food like boiled rice with dnl", "Stoytydrated"], "confidence": [0.9476857781410217, 0.8413600921630859, 0.8680675625801086, 0.8578798174858093, 0.7681287527084351, 0.9679127931594849, 0.9200336337089539, 0.979745090007782, 0.9862409234046936, 0.965709924697876, 0.8156980872154236, 0.8691415786743164, 0.8035884499549866, 0.8724113702774048, 0.9466296434402466, 0.8534514904022217, 0.7950026392936707, 0.9213528037071228, 0.9344419836997986, 0.8957331776618958, 0.7422879934310913, 0.8902750611305237, 0.9085922837257385, 0.9061443209648132, 0.8477534055709839, 0.8867191672325134, 0.9057239294052124, 0.8974159359931946, 0.8565099239349365, 0.9444330930709839, 0.9719002842903137, 0.9139150977134705, 0.9016490578651428, 0.9916149973869324, 0.9759426712989807, 0.9483411312103271, 0.713553249835968, 0.8377351760864258, 0.9783080816268921, 0.9150266051292419, 0.7249763607978821, 0.8612959980964661, 0.9678077101707458, 0.7555519938468933, 0.8524071574211121, 0.8412471413612366], "label": [1, 1, 1, 0, 0, 0, 0]}