{"text": ["XYZ Hospital", "123 tlealth Street,Wellness City", "Phone:+1-234.587-890", "PatlantNamx:Llam Wilson", "p:73", "DoctorDr.Johnson", "Medicine", "Dosuge", "Frequency", "Duration", "Tab Evlon", "10tablets", "3umesa day", "30 days", "Cap Zovirax", "15tablets", "2 ums  doy", "7 days", "TabAluhrodin500", "5tablets", "2 tmes a day", "30 days", "Tab Sumo cold", "10 tablets", "3tmesaday", "10days", "Cap Pand", "15tablets", "2tmesaday", "30 days", "Syrup", "Dosago", "Froquoncy", "Duratlon", "Syrup Corox-dx", "Sml", "2timdy", "14day", "Advico:", "-Tako tod rost", "Eat nsy-to-digest food like boiled dce with dal", "-Stayhydrated"], "confidence": [0.95541912317276, 0.8376824259757996, 0.8577502369880676, 0.8367464542388916, 0.8352077603340149, 0.9636654257774353, 0.930323600769043, 0.9349806904792786, 0.9838371276855469, 0.964890718460083, 0.9281571507453918, 0.9273074269294739, 0.8366243243217468, 0.8676621317863464, 0.8816882967948914, 0.9092390537261963, 0.7284188270568848, 0.9900434613227844, 0.7770461440086365, 0.9106838703155518, 0.7702033519744873, 0.8833222985267639, 0.8939223885536194, 0.8958706855773926, 0.8835886120796204, 0.9213528037071228, 0.9235751628875732, 0.8865651488304138, 0.8616918325424194, 0.8853435516357422, 0.9747051000595093, 0.9064610600471497, 0.9749724864959717, 0.9654592275619507, 0.9838690757751465, 0.9197258949279785, 0.8292061686515808, 0.7760825753211975, 0.9675191640853882, 0.8316531181335449, 0.89924156665802, 0.88934326171875], "label": [1, 1, 1, 0, 0, 0, 0]}