{"text": ["XYZ Hospital", "123 tlealth Street,Wellness City", "Phone:+1-234-587-890", "Patlont Namx:Charlo Smith", ":20", "Doctor: Dr.Lao", "Medicine", "Dosage", "Frequency", "Duration", "TabClavum 025", "20 tblets", "20ms doy", "4 duys", "Tab Allegra", "t5tablets", "3umesaday", "4days", "TabDolo 650", "t5tblets", "2 tmes a duy", "30 days", "TabNeurobin Forte", "t5tablets", "3 tmesa dey", "7 days", "Syrup", "Dosago", "Froquancy", "Duration", "Syrup Brozodax", "Sml", "3tims doy", "7 days", "Advico:", "-Tako bod rost", "Eat nsy-to-dlgest food like boiled rice with dal", "-Stynydrated"], "confidence": [0.9470725655555725, 0.8395678997039795, 0.8857169151306152, 0.8337650299072266, 0.852616012096405, 0.907295286655426, 0.930411696434021, 0.8897534012794495, 0.9838311672210693, 0.9623180627822876, 0.7963405251502991, 0.9135541915893555, 0.7564270496368408, 0.9153589606285095, 0.8742099404335022, 0.8831853270530701, 0.7704163789749146, 0.8935898542404175, 0.8522525429725647, 0.9061143398284912, 0.8931125998497009, 0.8724113702774048, 0.9578830599784851, 0.8856318593025208, 0.8120609521865845, 0.8720644116401672, 0.9728748202323914, 0.9117240309715271, 0.9371910095214844, 0.958915650844574, 0.9870462417602539, 0.8684621453285217, 0.7523825764656067, 0.9799483418464661, 0.9288334846496582, 0.7142534255981445, 0.8857390284538269, 0.8980219960212708], "label": [1, 0, 1, 0, 0, 0, 0]}