{"text": ["XYZ Hospital", "123 tlealth Street,Wellness City", "Phone:+1-234.587-890", "Patlant Namx:Davld Millar", ":47", "Doctor: Dr.Patol", "Medicine", "Dosuge", "Frequency", "Duration", "TabA1urodn 500", "5 tablets", "3mesaduy", "7 duys", "Tab Pan d", "10tablets", "20mesaday", "4duys", "TabAllegra", "10tablets", "3 tmesaduy", "30 duys", "Tab Cetine", "10tablets", "3tmesaday", "4duys", "Cap Dilanun", "15tablets", "2 tmes a duy", "10days", "Cap CoImmune", "15tablets", "2 tms a day", "10days", "Syrup", "Dosago", "Froquoncy", "Duratlon", "Syrup TusQx", "10ml", "2tmdoy", "7day", "Advico:", "-Tako to rst", "Eat nsy-to-digest food like boiled dce with dnl", "Stoybydrated"], "confidence": [0.9545212388038635, 0.8385964632034302, 0.8531273007392883, 0.8483549356460571, 0.8488302230834961, 0.961713433265686, 0.9009021520614624, 0.979745090007782, 0.9829168319702148, 0.955414891242981, 0.8463132977485657, 0.887381374835968, 0.7983358502388, 0.9828178286552429, 0.9090089797973633, 0.9273074269294739, 0.7755182385444641, 0.9136894941329956, 0.938199520111084, 0.9273074269294739, 0.8196805119514465, 0.9137939810752869, 0.9364941716194153, 0.9273074269294739, 0.877721905708313, 0.9083743095397949, 0.8751750588417053, 0.8647039532661438, 0.7704176902770996, 0.9213528037071228, 0.8913404941558838, 0.9037178754806519, 0.7687986493110657, 0.924377977848053, 0.9719002842903137, 0.8346906304359436, 0.8976813554763794, 0.9878179430961609, 0.9335668683052063, 0.9751888513565063, 0.7008616924285889, 0.940690815448761, 0.9678854942321777, 0.7411465644836426, 0.8616782426834106, 0.8409426212310791], "label": [1, 1, 1, 0, 0, 0, 0]}