{"text": ["XYZ Hospital", "123 tlealth Street,Wellness City", "Phone:+1-234-587-890", "Patlant Nanx:John Do", ":30", "Doctor: Dr. Millor", "Medicine", "Dosuge", "Frequency", "Duration", "Cap Dilanun", "15tablets", "20ms dey", "5days", "TabAlurodin500", "15tablets", "3 umes doy", "30 days", "TabClavum025", "20tblets", "2tmesa dey", "4duys", "TabCiplox500", "5tablets", "2 tmesa day", "5days", "Tab Cyclopom", "10tablets", "3 tmesaday", "5days", "Tab Combinam", "10tablets", "3 tmesa dey", "t4 days", "Syrup", "Dosapo", "Froquoncy", "Durotlon", "Syrup Corox", "10ml", "3 tims doy", "10day", "Syrup Corox-dx", "10ml", "3timsday", "14 doy", "Advico:", "-Tako tod rost", "Eat nsy-to-digest food like boiled rice with dnl", "-Stytydrated"], "confidence": [0.9539773464202881, 0.8394729495048523, 0.9064761400222778, 0.8147201538085938, 0.8118503093719482, 0.9397733211517334, 0.930323600769043, 0.9427713751792908, 0.9898338317871094, 0.964890718460083, 0.850979208946228, 0.8647039532661438, 0.7692691087722778, 0.8641525506973267, 0.8304529190063477, 0.9037178754806519, 0.7165395617485046, 0.8513266444206238, 0.8969917893409729, 0.9412925839424133, 0.8071712255477905, 0.9083743095397949, 0.9380180835723877, 0.9046000242233276, 0.8068044185638428, 0.8520981669425964, 0.8548450469970703, 0.9273074269294739, 0.849814236164093, 0.8520981669425964, 0.9328301548957825, 0.9273074269294739, 0.8194018006324768, 0.8135213851928711, 0.988613486289978, 0.8228013515472412, 0.9474319815635681, 0.9339734315872192, 0.8837899565696716, 0.9702969789505005, 0.7524312138557434, 0.7873427867889404, 0.9840628504753113, 0.9599877595901489, 0.7849414348602295, 0.770780086517334, 0.917208194732666, 0.7723420858383179, 0.8472650647163391, 0.8946594595909119], "label": [1, 1, 1, 0, 0, 0, 0]}