{"text": ["XYZ Hospital", "123 tlealth Street,Wellness City", "Phone:+1-234.587-890", "PatlantNamx:Allco Smith", "p:28", "Doctor: Dr.Patol", "Medicine", "Dosuge", "Frequency", "Duration", "TabA1urodn 500", "20 tblets", "20ms doy", "30 duys", "Tab Allegra", "20 tablets", "20mesa duy", "10days", "Tab Trtz", "10tablets", "2 tmes aduy", "30 duys", "Tab Neurobin Forte", "15tablets", "3tmes aday", "5days", "Tab Cyciomelf", "15tablets", "2 tmes a duy", "5days", "Cup Dilanun", "20 tablets", "2 tmes a dey", "t4days", "Syrup", "Dosago", "Froquoncy", "Duratlon", "Syrup Corox-dx", "Sml", "3tms doy", "30 dny", "Advico:", "-Tako tod rost", "Eat nsy-to-digest food like boiled dce with dnl", "Stoytydrated"], "confidence": [0.944415271282196, 0.8440488576889038, 0.8531273007392883, 0.8519009947776794, 0.7335016131401062, 0.9543881416320801, 0.9161810874938965, 0.9427713751792908, 0.9790523052215576, 0.964890718460083, 0.8332807421684265, 0.9003804326057434, 0.7523245811462402, 0.9206424355506897, 0.9256467819213867, 0.8967920541763306, 0.7259731888771057, 0.8654675483703613, 0.8327649235725403, 0.9273074269294739, 0.7138233184814453, 0.9069848656654358, 0.9263222217559814, 0.8647039532661438, 0.8616535067558289, 0.8366293907165527, 0.842537522315979, 0.8647039532661438, 0.7857459187507629, 0.8520981669425964, 0.9310328960418701, 0.8797799944877625, 0.7939390540122986, 0.8406792283058167, 0.9719002842903137, 0.9144992828369141, 0.9529516696929932, 0.9835640788078308, 0.9619593024253845, 0.927854061126709, 0.7066380381584167, 0.7926518321037292, 0.9678854942321777, 0.7481598854064941, 0.8616782426834106, 0.8621355891227722], "label": [1, 0, 1, 0, 0, 0, 0]}