{"text": ["XYZ Hospital", "123 tlealth Street,Wellness City", "Phone:+1-234-587-890", "Patlont Nam:Evo Ro", "p:20", "Doctor: Dr.Patol", "Medicine", "Dosage", "Frequency", "Duration", "Tab Cetine", "20 tblets", "20ms doy", "30 days", "Tab Dolonexdt", "10 tablets", "2tmesa day", "7days", "Tab Cyciopam", "20 tablets", "2 tmes a duy", "30 days", "Cap Dilantn", "10tablets", "2 tmes a doy", "t4days", "Syrup", "Dosago", "Froquancy", "Duration", "Syrup TusQ-dx", "Sml", "3tims doy", "7days", "Advico:", "-Tako bod rost", "Eat nsy-to-dlgest food like boiled rice with dal", "-Stynydrated"], "confidence": [0.9541840553283691, 0.8418617844581604, 0.9123506546020508, 0.7972813844680786, 0.7696038484573364, 0.9251936078071594, 0.954825758934021, 0.8897534012794495, 0.9838371276855469, 0.964890718460083, 0.9167537689208984, 0.9135541915893555, 0.7564270496368408, 0.8833222985267639, 0.9414342641830444, 0.8921223878860474, 0.7311515808105469, 0.9236086010932922, 0.8798132538795471, 0.8967920541763306, 0.7724898457527161, 0.8793798685073853, 0.8598687648773193, 0.9273074269294739, 0.769815981388092, 0.8406792283058167, 0.9908796548843384, 0.9117240309715271, 0.9325470328330994, 0.8712384700775146, 0.9589363932609558, 0.8684621453285217, 0.7522122859954834, 0.894059956073761, 0.9288334846496582, 0.7142534255981445, 0.8857390284538269, 0.8971806168556213], "label": [1, 1, 1, 0, 0, 0, 0]}