{"text": ["XYZ Hospital", "123 tlealth Street,Wellness City", "Phone:+1-234.587-890", "Patlant Namx:Charlo Whito", ":70", "Doctor: Dr. Millor", "Medicine", "Dosuge", "Frequency", "Duration", "Tab Dolonex dt", "10 tablets", "20ms doy", "10duys", "Tab Cyciomeff", "15tablets", "3 tmes duy", "7 days", "TabAluhrodin 500", "10tablets", "2tmesaduy", "7 days", "Cap Pand", "5tblets", "2 tm5 a doy", "7days", "Syrup", "Dosago", "Froquancy", "Duratlon", "Syrup Corox-dx", "10ml", "2 tmdoy", "4 day", "SyrupTusdx", "10ml", "2timday", "30dy", "Advico:", "-Tako tod rost", "Eat nsy-to-dlgest food like boiled rice with dal", "-Stayhydrated"], "confidence": [0.9544928669929504, 0.8386499881744385, 0.8577502369880676, 0.8427761793136597, 0.8660268783569336, 0.9531019926071167, 0.9254783391952515, 0.9422492384910583, 0.9839102625846863, 0.9623180627822876, 0.9146298170089722, 0.8996537923812866, 0.7707927227020264, 0.9137234091758728, 0.860748291015625, 0.8647039532661438, 0.7430770993232727, 0.8720644116401672, 0.7435046434402466, 0.9249202013015747, 0.8510462641716003, 0.8452855944633484, 0.9223241806030273, 0.8796586990356445, 0.737241804599762, 0.9479596018791199, 0.9747051000595093, 0.8347269892692566, 0.9303044080734253, 0.9518309235572815, 0.9783514142036438, 0.9347427487373352, 0.7173526883125305, 0.7662840485572815, 0.9010220766067505, 0.911413848400116, 0.7565017938613892, 0.9695253372192383, 0.96641606092453, 0.7913808822631836, 0.9056201577186584, 0.8862071633338928], "label": [1, 1, 1, 0, 0, 0, 0]}