{"text": ["XYZ Hospital", "123 tlealth Street,Wellness City", "Phone:+1-234-587-890", "Patlont Nanx:Charlo Davis", "p:39", "Doctor:Dr.Patol", "Medicine", "Dosuge", "Frequency", "Duration", "Tab Dolonex dt", "5tablets", "3mes doy", "10days", "Tab Zolefcreum", "15tablets", "2 m0s  duy", "4duys", "Tab Cyciomelf", "5tablets", "3 tmesa doy", "4duys", "Tab Cetine", "5tablets", "2 tmesa day", "30 days", "TabAllegra", "10tablets", "2 umes a duy", "4duys", "TabClavum 025", "15tablets", "3 tmesa dey", "$ duys", "Syrup", "Dosapo", "Froquoncy", "Durotlon", "Syrup TusQ-dx", "Sml", "2 timdoy", "10day", "Syrup Cypon", "Sml", "3timsday", "14 doy", "Advico:", "-Tako tod rost", "Eat nsy-to-digest food like boiled rice with dal", "-Stytydrated"], "confidence": [0.9470226764678955, 0.838995099067688, 0.8857169151306152, 0.8271542191505432, 0.7214882969856262, 0.9490913152694702, 0.930323600769043, 0.9740098118782043, 0.9852608442306519, 0.9623180627822876, 0.9124363660812378, 0.901167631149292, 0.7750561833381653, 0.8628065586090088, 0.8361819386482239, 0.8647039532661438, 0.7353242039680481, 0.9136894941329956, 0.8406903147697449, 0.916618824005127, 0.7852831482887268, 0.9136894941329956, 0.9394625425338745, 0.9046000242233276, 0.8068044185638428, 0.8479889631271362, 0.9442430734634399, 0.9273074269294739, 0.7387182116508484, 0.9083743095397949, 0.805231511592865, 0.9037178754806519, 0.8336135745048523, 0.9236800670623779, 0.988613486289978, 0.8228013515472412, 0.9466862082481384, 0.9339734315872192, 0.9514011740684509, 0.860496461391449, 0.738703727722168, 0.7873427867889404, 0.9619796872138977, 0.927854061126709, 0.7806689143180847, 0.770780086517334, 0.9699703454971313, 0.7723812460899353, 0.9021574854850769, 0.9093573093414307], "label": [1, 0, 1, 0, 0, 0, 0]}