{"text": ["XYZ Hospital", "123 tlealth Street,Wellness City", "Phone:+1-234.587-890", "Patlont Namx:Charl Do", ":40", "DoctorDr.Johnson", "Medicine", "Dosuge", "Frequency", "Duration", "Cap Zovirax", "15tablets", "20ms dey", "7 duys", "Tab Evion", "t5tablets", "3 tmes duy", "10days", "Tab Dolo 650", "20 tablets", "2tmesa dey", "10 days", "TabCiplox 500", "10tablets", "2 tmes a day", "7days", "Syrup", "Dosago", "Froquancy", "Duratlon", "Syrup Corox-dx", "Sml", "2 tm doy", "10days", "Syrup Cypon", "10ml", "3timsday", "5doy", "Advico:", "-Tako bod rost", "Eat nsy-to-digest food like boiled rice with dal", "-Staytydrated"], "confidence": [0.9539773464202881, 0.8356792330741882, 0.8577502369880676, 0.7976216673851013, 0.8440144658088684, 0.9615441560745239, 0.9286406636238098, 0.9427713751792908, 0.9905779957771301, 0.955414891242981, 0.8629161715507507, 0.8927748799324036, 0.7710025310516357, 0.9828178286552429, 0.9269418716430664, 0.8853757381439209, 0.746250569820404, 0.8626441955566406, 0.8595656752586365, 0.8967920541763306, 0.8103421926498413, 0.8472437858581543, 0.9190508127212524, 0.9247161149978638, 0.7614920139312744, 0.9454089403152466, 0.9720994234085083, 0.8347269892692566, 0.9293076395988464, 0.9548891186714172, 0.9759541749954224, 0.8684621453285217, 0.7740520238876343, 0.8146038055419922, 0.9280782341957092, 0.911413848400116, 0.7859691381454468, 0.7402545213699341, 0.967370867729187, 0.8304697871208191, 0.8990753293037415, 0.9250409007072449], "label": [1, 1, 1, 0, 0, 0, 0]}