{"text": ["XYZ Hospital", "123 tlealth Street,Wellness City", "Phone:+1-234-587-890", "Patlont Nan:Bob D", ":20", "Doctor: Dr. Smith", "Medicine", "Dosuge", "Frequency", "Duration", "TabClvum 025", "5tablets", "3 mes doy", "4duys", "Tab Pan d", "20tblets", "2 m0s  duy", "7 days", "Cap Dilanun", "5tablets", "3 tmesa doy", "5days", "TabDolo650", "5tablets", "2 tmes a duy", "5days", "Cup Omez", "5tablets", "3 tmesaday", "7 days", "TabAlurodin 500", "15tablets", "3 tmesa dey", "$ duys", "Syrup", "Dosago", "Froquoncy", "Durotlon", "Syrup Corox", "10ml", "3tims doy", "7days", "Syrup TusQ dx", "10ml", "2timday", "Sday", "Advico:", "-Tako tod rst", "Eat nsy-to-dlgest food like boiled rice with dal", "-Stytydrated"], "confidence": [0.9544918537139893, 0.8413002490997314, 0.9079828262329102, 0.7990553379058838, 0.8747641444206238, 0.9365332126617432, 0.8984020948410034, 0.9740098118782043, 0.9852608442306519, 0.9629752039909363, 0.851504385471344, 0.901167631149292, 0.7526925802230835, 0.9136894941329956, 0.9090089797973633, 0.9412925839424133, 0.7353242039680481, 0.8401936888694763, 0.9204917550086975, 0.916618824005127, 0.7694242000579834, 0.8366293907165527, 0.8673673868179321, 0.9046000242233276, 0.7725598216056824, 0.8383257985115051, 0.8303523659706116, 0.9079194068908691, 0.8478784561157227, 0.8434519171714783, 0.7956629395484924, 0.8931859135627747, 0.8322397470474243, 0.923030436038971, 0.9883453249931335, 0.8285646438598633, 0.9466862082481384, 0.9325146675109863, 0.8926152586936951, 0.9702969789505005, 0.732460081577301, 0.9060519337654114, 0.952340841293335, 0.9599877595901489, 0.7733154892921448, 0.7481143474578857, 0.9698401689529419, 0.7309774160385132, 0.9009497165679932, 0.9058265686035156], "label": [1, 1, 1, 0, 0, 0, 0]}