{"text": ["XYZ Hospital", "123 tlealth Street,Wellness City", "Phone:+1-234.587-890", "PatlntNam:Graco Ro", ":48", "Doctor: Dr. Millor", "Medidine", "Dosuge", "Frequency", "Duration", "Tab Pan d", "5 tablets", "20ms doy", "7 duys", "TabCiplox500", "5tablets", "20mesa duy", "tO days", "Tab Zole fcreum", "10tablets", "3 tmesa doy", "7 days", "Tab Suno cold", "10tablets", "3 tmes aday", "7 days", "Cap Zovirax", "10tablets", "3 tmesaday", "10days", "TabA1urodin 500", "20 tablets", "2 tmes a doy", "t4days", "Syrup", "Dosago", "Froquoncy", "Duratlon", "Syrup Corox-dx", "Sml", "2tmdoy", "5 days", "Advico:", "-Tako bod rst", "Eat nsy-to-digest food like boiled dce with dnl", "Stoy bydrated"], "confidence": [0.9534473419189453, 0.8444144129753113, 0.846886157989502, 0.7614567875862122, 0.8221071362495422, 0.9725606441497803, 0.9184882044792175, 0.9740098118782043, 0.9803639650344849, 0.9564203023910522, 0.8776441812515259, 0.887381374835968, 0.7529489994049072, 0.8640217781066895, 0.9074344038963318, 0.9079194068908691, 0.7393035292625427, 0.8201694488525391, 0.8293367028236389, 0.9273074269294739, 0.7852831482887268, 0.8594018816947937, 0.8795154094696045, 0.9273074269294739, 0.8307840824127197, 0.861883819103241, 0.8504308462142944, 0.9273074269294739, 0.8478784561157227, 0.8654675483703613, 0.8250407576560974, 0.8797799944877625, 0.7914690375328064, 0.8406792283058167, 0.9719002842903137, 0.9641801714897156, 0.9638596773147583, 0.9915661811828613, 0.9731125235557556, 0.927854061126709, 0.7155683040618896, 0.7886900901794434, 0.9678854942321777, 0.7454431056976318, 0.8616782426834106, 0.7944247722625732], "label": [1, 1, 1, 0, 0, 0, 0]}