{"text": ["XYZ Hospital", "123 tlealth Street,Wellness City", "Phone:+1-234-587-890", "Patlont Nanx:Jano Millor", "p:50", "Doctor: Dr. Millor", "Medicine", "Dosage", "Frequency", "Qurabon", "Tab Combilam", "5tablets", "20ms doy", "7 days", "Cap Colmnune", "20 tablets", "2 m0s  duy", "$ duys", "Tab Febrex plus", "20 tablets", "3 tmesa doy", "10 duys", "TabClavun25", "15tablets", "2 tmesa day", "30 days", "TabZole fcreum", "5tablets", "3 tmesaday", "5days", "Cap Cypon", "10tablets", "3 tmesa dey", "$ days", "Syrup", "Dosapo", "Froquoncy", "Duratlon", "Syrup Corox-dx", "10ml", "2 tim doy", "30 days", "Syrup Zodox", "10ml", "3timsday", "10days", "Advico:", "-Tako tod rost", "Eat nsy-to-digest food like boiled rice with dnl", "-Stytydrated"], "confidence": [0.9556474685668945, 0.8450579047203064, 0.888440728187561, 0.8621458411216736, 0.7119712829589844, 0.9714028239250183, 0.9318302869796753, 0.9033363461494446, 0.9918885827064514, 0.8754696846008301, 0.9062917232513428, 0.901167631149292, 0.7569583654403687, 0.861883819103241, 0.8346147537231445, 0.8709948658943176, 0.7353242039680481, 0.9236800670623779, 0.9167390465736389, 0.8709948658943176, 0.7852831482887268, 0.8863319754600525, 0.8584945797920227, 0.8647039532661438, 0.8068044185638428, 0.8513266444206238, 0.8995737433433533, 0.9079194068908691, 0.8472303152084351, 0.8691898584365845, 0.9538946151733398, 0.9273074269294739, 0.8194018006324768, 0.9325768351554871, 0.988613486289978, 0.8228013515472412, 0.9464366436004639, 0.9799938797950745, 0.9778780341148376, 0.9702969789505005, 0.7873589992523193, 0.7578871846199036, 0.91866135597229, 0.9599877595901489, 0.7844318151473999, 0.7768905758857727, 0.9238536953926086, 0.7594929933547974, 0.8472199440002441, 0.9237112402915955], "label": [1, 1, 1, 0, 0, 0, 0]}