{"text": ["XYZ Hospital", "123 tlealth Street,Wellness City", "Phone:+1-234.587-890", "Patlant Namx:Allco Millar", ":70", "Doctor: Dr.Lao", "Medicine", "Dosuge", "Frequency", "Duration", "Tab Cetine", "5 tablets", "3 mesdey", "30 days", "Tab Cyciopam", "20 tblets", "20mes dey", "7 days", "TabClovum 025", "10 tablets", "3tmes aday", "4 days", "TabDolo650", "5tablets", "3tmesaday", "10days", "Tab Febrex plus", "5tablets", "2tmesaday", "7 days", "Syrup", "Dosapo", "Froquoncy", "Duratlon", "Syrup Brozodx", "Sml", "2mdoy", "30dny", "Syrup TusQ dx", "Sml", "2tims doy", "4 days", "Advico:", "-Tako tod rost", "Eat nsy-to-digest food like boiled rice with dnl", "Stoybydrated"], "confidence": [0.9512086510658264, 0.8465441465377808, 0.8575018644332886, 0.8432696461677551, 0.8494295477867126, 0.8745076060295105, 0.930323600769043, 0.979745090007782, 0.986274003982544, 0.964890718460083, 0.9164716005325317, 0.8705056309700012, 0.8015594482421875, 0.8676621317863464, 0.8763749599456787, 0.9248446226119995, 0.7744828462600708, 0.8720644116401672, 0.8211913704872131, 0.8921223878860474, 0.8216320872306824, 0.8880710601806641, 0.8834966421127319, 0.9079194068908691, 0.8846117854118347, 0.8654675483703613, 0.9164559841156006, 0.9079194068908691, 0.8239051103591919, 0.8452855944633484, 0.9719002842903137, 0.8614616990089417, 0.9345409870147705, 0.9960426092147827, 0.88084876537323, 0.8684621453285217, 0.7319940328598022, 0.8377351760864258, 0.9829253554344177, 0.9197258949279785, 0.6940467357635498, 0.8612959980964661, 0.9687759280204773, 0.7887561917304993, 0.8504207730293274, 0.8403627276420593], "label": [1, 0, 1, 0, 0, 0, 0]}