{"text": ["XYZ Hospital", "123 tlealth Street,Wellness City", "Phone:+1-234.587-890", "Patlant Namx:GracoJohnson", ":24", "Doctor: Dr.Johnson", "Medicine", "Dosuge", "Frequency", "Duration", "Tab Febrexplus", "5 tablets", "20ms doy", "4days", "Cap Colmmune", "15tablets", "3tmesaday", "30 days", "Tab Triz", "5tablets", "2 tms day", "$ days", "Tab Cyclopam", "10 tablets", "3tmesaday", "10days", "Tab Cetine", "15tablets", "3 tmesaday", "t4days", "Syrup", "Dosapo", "Froquancy", "Duratlon", "Syrup TusQ dx", "10ml", "2tdoy", "14dy", "Syrup Corox", "10ml", "3tims doy", "10dny", "Advico:", "-Tako to rost", "Eat ensy-to-digest food like boiled rice with dnl", "Stoytydrated"], "confidence": [0.947608470916748, 0.8513327240943909, 0.8499292135238647, 0.8487845063209534, 0.882969081401825, 0.9646912813186646, 0.9514597654342651, 0.979745090007782, 0.9858052134513855, 0.9629752039909363, 0.940341591835022, 0.8705056309700012, 0.7471427917480469, 0.9657290577888489, 0.8993911743164062, 0.8623680472373962, 0.8165578842163086, 0.8663529753684998, 0.8176649808883667, 0.9073119759559631, 0.7628087401390076, 0.724358081817627, 0.8851787447929382, 0.901634693145752, 0.8859413266181946, 0.924377977848053, 0.9118903875350952, 0.8865651488304138, 0.8439608812332153, 0.8406792283058167, 0.974157989025116, 0.90386563539505, 0.9319033026695251, 0.9907678961753845, 0.9465349912643433, 0.9347427487373352, 0.6986504793167114, 0.8365260362625122, 0.8967664837837219, 0.9604064226150513, 0.7377488613128662, 0.7591055631637573, 0.9662078022956848, 0.7504910826683044, 0.844878613948822, 0.8325924277305603], "label": [1, 1, 1, 0, 0, 0, 0]}