{"text": ["XYZ Hospital", "123 tlealth Street,Wellness City", "Phone:+1-234-587-890", "Patlont Nanx:Davld Whito", ":G5", "Doctor:Dr.Patol", "Medicine", "Dosuge", "Frequency", "Qurabon", "Tab Febrex plus", "10 tablets", "20ms dey", "7 days", "Tab Evlon", "15tablets", "3 umes duy", "$ duys", "Cap Pan d", "15tablets", "2tmesa dey", "30 days", "Tab Cetine", "15tablets", "3 tmes aday", "30 days", "TabDolo650", "15tablets", "3 tmesaday", "5days", "TabAllegr", "15tablets", "2 tmes a doy", "5 duys", "Syrup", "Dosapo", "Froquoncy", "Durotlon", "Syrup TusQ-dx", "Sml", "3tims doy", "30days", "Syrup Cypon", "Sml", "3timsday", "30 days", "Advico:", "-Takoto rost", "Eat nsy-to-digest food like boiled rice with dal", "-Stynydrated"], "confidence": [0.9542763829231262, 0.8380128741264343, 0.8889164924621582, 0.8288764953613281, 0.633100688457489, 0.9346440434455872, 0.930323600769043, 0.9415733814239502, 0.9902750849723816, 0.8740919232368469, 0.9229676723480225, 0.8778047561645508, 0.7692691087722778, 0.8633471131324768, 0.8993228077888489, 0.8671495914459229, 0.6960850954055786, 0.9324522018432617, 0.9105875492095947, 0.8671495914459229, 0.7881771326065063, 0.8866694569587708, 0.9235197305679321, 0.8959775567054749, 0.8291813135147095, 0.8500292897224426, 0.8774751424789429, 0.8647039532661438, 0.8478784561157227, 0.8383257985115051, 0.9370623826980591, 0.8990643620491028, 0.7914705872535706, 0.9175510406494141, 0.9882689714431763, 0.8228013515472412, 0.9466862082481384, 0.9282572865486145, 0.9452909827232361, 0.860496461391449, 0.7311160564422607, 0.8070105910301208, 0.9619796872138977, 0.927854061126709, 0.7874224185943604, 0.7511711120605469, 0.9250312447547913, 0.7256273627281189, 0.9021574854850769, 0.8896828293800354], "label": [1, 1, 1, 0, 0, 0, 0]}