{"text": ["XYZ Hospital", "123 tlealth Street,Wellness City", "Phone:+1-234.587-890", "Patlant Namx:Davld Millar", "p:72", "Doctor: Dr.Lao", "Medicine", "Dosuge", "Frequency", "Duration", "TabCiplox500", "15tablets", "20ms day", "30 days", "Tab Dolonex dt", "5tablets", "3tmesaday", "t4days", "Cap Zovirax", "20 tablets", "3 tmesaday", "10days", "Cap Dilantn", "t5tablets", "2 tm5 a doy", "5days", "Syrup", "Dosago", "Froquancy", "Duration", "Syrup Brozodox", "10ml", "3tm doy", "30 days", "Syrup Fobroxplus", "Sml", "2timday", "30dy", "Advico:", "-Tako tod rost", "Eat nsy-to-dlgest food like boiled dce with dal", "-Staytydrated"], "confidence": [0.9555370807647705, 0.8380128741264343, 0.8541738390922546, 0.8535218834877014, 0.7978620529174805, 0.9044675827026367, 0.9278230667114258, 0.9420654773712158, 0.9905779957771301, 0.964890718460083, 0.9436982274055481, 0.8927748799324036, 0.761807918548584, 0.8676621317863464, 0.9165202379226685, 0.8909797668457031, 0.8251487016677856, 0.8406792283058167, 0.9156240820884705, 0.8983814120292664, 0.8535230755805969, 0.8809830546379089, 0.8527357578277588, 0.8862625360488892, 0.7343096137046814, 0.886221706867218, 0.9747051000595093, 0.8239191174507141, 0.9061452150344849, 0.9412360191345215, 0.9780980348587036, 0.9410436153411865, 0.7329906821250916, 0.9111426472663879, 0.8312637805938721, 0.9197258949279785, 0.8054354786872864, 0.9695253372192383, 0.9677251577377319, 0.8324451446533203, 0.9003587961196899, 0.9319948554039001], "label": [1, 1, 1, 0, 0, 0, 0]}