{"text": ["XYZ Hospital", "123 tlealth Street,Wellness City", "Phone:+1-234-587-890", "Patlnt NanJan Ro", ":70", "Doctor:Dr.Patol", "Medicine", "Dosage", "Frequency", "Duration", "TabCiplox500", "20 tblets", "3mesday", "7 days", "TabAlurocin 500", "10tablets", "3tmesaday", "30 days", "TabAllegra", "5tablets", "3 tmes a duy", "5 days", "Cap Zovirax", "5tablets", "3 tmesa dey", "30 days", "Syrup", "Dosago", "Froquancy", "Duratlon", "Syrup TusQx", "Sml", "3mday", "14dy", "Advico:", "-Tako bod rost", "Eat nsy-to-dlgest food like boiled rice with dal", "-Stytydrated"], "confidence": [0.9484565258026123, 0.8395678997039795, 0.9048346281051636, 0.8396996259689331, 0.7763848900794983, 0.9584888815879822, 0.8984020948410034, 0.8897534012794495, 0.9788968563079834, 0.964890718460083, 0.8711509108543396, 0.9135541915893555, 0.8407676815986633, 0.9877565503120422, 0.7894207835197449, 0.9273074269294739, 0.811162531375885, 0.8867191672325134, 0.94379061460495, 0.9093613624572754, 0.8568880558013916, 0.7990822196006775, 0.8617597222328186, 0.8909797668457031, 0.7313879132270813, 0.8853435516357422, 0.9908796548843384, 0.9191999435424805, 0.9325470328330994, 0.9347891807556152, 0.9471550583839417, 0.8684621453285217, 0.8066997528076172, 0.9139397740364075, 0.9288334846496582, 0.7142534255981445, 0.8857390284538269, 0.9112634658813477], "label": [1, 1, 1, 0, 0, 0, 0]}