{"text": ["XYZ Hospital", "123 tlealth Street,Wellness City", "Phone:+1-234.587-890", "Patlnt Nam:EvoJohnson", ":80", "Doctor: Dr.Lo", "Medicine", "Dosuge", "Frequency", "Duration", "CapColmmune", "15tablets", "3mesday", "10days", "Tab Triz", "5tablets", "3 tmes duy", "10days", "Tab Combinam", "t5tablets", "2tmesaday", "5 days", "Cap Omez", "5tablets", "3 tmes doy", "10days", "Syrup", "Dosago", "Froquoncy", "Duration", "Syrup Fobrox plus", "Sml", "2tmdoy", "7days", "Syrup Corox-dx", "10ml", "3mday", "14day", "Advico:", "-Tako tod rost", "Eat nsy-to-dlgest food like boiled rice with dal", "-Staytydrated"], "confidence": [0.9556338787078857, 0.8386499881744385, 0.8577502369880676, 0.8611977100372314, 0.7917329668998718, 0.9281219840049744, 0.9307171702384949, 0.975483238697052, 0.9838371276855469, 0.9623180627822876, 0.9312600493431091, 0.8927748799324036, 0.8416870832443237, 0.8628065586090088, 0.9879308342933655, 0.895728349685669, 0.7430770993232727, 0.9015160202980042, 0.9450199604034424, 0.8511607646942139, 0.8578804135322571, 0.7393367886543274, 0.861156702041626, 0.8909797668457031, 0.7171288728713989, 0.924377977848053, 0.9728748202323914, 0.8239191174507141, 0.9308472871780396, 0.951239824295044, 0.9921287298202515, 0.8684621453285217, 0.7560526728630066, 0.9112256765365601, 0.8401254415512085, 0.911413848400116, 0.8256782293319702, 0.7760825753211975, 0.9688101410865784, 0.8324451446533203, 0.9003981947898865, 0.9319948554039001], "label": [1, 1, 1, 0, 0, 0, 0]}