{"text": ["XYZ Hospital", "123 tlealth Street,Wellness City", "Phone:+1-234.587-890", "PatlntNam:Evo D", "p:34", "Doctor: Dr. Tumor", "Medicine", "Dosage", "Frequency", "Duration", "Tab Pan d", "5 tablets", "3mesday", "5 days", "Cap Co-lmmune", "5tablets", "20mesaday", "7 days", "Tab Thiz", "15tablets", "3 tmesaday", "14days", "Cap Cypon", "10 tablets", "2 tms a duy", "$ days", "Tab Sumo cold", "5 tablets", "2 tmes a duy", "10days", "Syrup", "Dosapo", "Froquoncy", "Duratlon", "SyrupCorox-dx", "Sml", "2timdy", "Sday", "Advico:", "-Tako tod rost", "Eat nsy-to-digest food like boiled dce with dal", "-Stayhydrated"], "confidence": [0.9532526135444641, 0.8413002490997314, 0.8571933507919312, 0.8287850618362427, 0.7649431824684143, 0.9384100437164307, 0.9318302869796753, 0.9033363461494446, 0.9850733280181885, 0.964890718460083, 0.8833444118499756, 0.8705056309700012, 0.8203554749488831, 0.7393367886543274, 0.8735728859901428, 0.895728349685669, 0.7784956693649292, 0.8720644116401672, 0.8297414183616638, 0.867788553237915, 0.8247963190078735, 0.8413376212120056, 0.9671644568443298, 0.8958706855773926, 0.7953894138336182, 0.9286584258079529, 0.902246356010437, 0.8494940996170044, 0.7454357147216797, 0.9213528037071228, 0.9747051000595093, 0.90958172082901, 0.9772486090660095, 0.910537838935852, 0.8825000524520874, 0.9197258949279785, 0.8292061686515808, 0.7356988191604614, 0.9675191640853882, 0.8316531181335449, 0.89924156665802, 0.88934326171875], "label": [1, 1, 1, 0, 0, 0, 0]}