{"text": ["XYZ Hospital", "123 tlealth Street,Wellness City", "Phone:+1-234.587-890", "Patlont Namx:Chardlo Wlllams", "1", "Doctor: Dr. Millor", "Medidine", "Dosuge", "Frequency", "Duration", "Cap Pan d", "20 tblets", "3mesday", "10days", "Tab Zole fcreum", "5tablets", "3umesadey", "7days", "Tab Neurobin Forte", "20 tblets", "2 tmes adey", "$ days", "Tab Cetine", "10 tablets", "2 tmes adey", "4days", "CapOmez", "10 tablets", "2tmesaday", "5days", "Syrup", "Dosapo", "Froquancy", "Duratlon", "Syrup Corox-dx", "Sml", "2tmdoy", "30dny", "Syrup Cypon", "10ml", "3tims doy", "7days", "Advico:", "-Tako to rst", "Eat nsy-to-digest food like boiled rice with dnl", "Stoytydrated"], "confidence": [0.9477817416191101, 0.8416517972946167, 0.8589719533920288, 0.8257349729537964, 0.9231669902801514, 0.9588755369186401, 0.9153572916984558, 0.9740098118782043, 0.9788968563079834, 0.9623180627822876, 0.8757061958312988, 0.9135541915893555, 0.8203554749488831, 0.8628065586090088, 0.8687937259674072, 0.895728349685669, 0.8198149800300598, 0.9236086010932922, 0.951806366443634, 0.9248446226119995, 0.7663896679878235, 0.724358081817627, 0.9143468737602234, 0.901634693145752, 0.8098935484886169, 0.9184122085571289, 0.7913241386413574, 0.901634693145752, 0.8616918325424194, 0.8882506489753723, 0.9719002842903137, 0.918595016002655, 0.940043568611145, 0.9960426092147827, 0.9846334457397461, 0.9197258949279785, 0.7008616924285889, 0.8377351760864258, 0.9881842136383057, 0.9380403757095337, 0.7592406868934631, 0.9038707613945007, 0.9687759280204773, 0.7348210215568542, 0.8504207730293274, 0.8412471413612366], "label": [1, 1, 1, 0, 0, 0, 0]}