{"text": ["XYZ Hospital", "123 tlealth Street,Wellness City", "Phone:+1-234.587-890", "Patlant Namx:Mla D", "p:27", "Doctor: Dr.Pato1", "Medicine", "Dosuge", "Frequency", "Duration", "Cap Omez", "20tblets", "20ms doy", "4duys", "Tab Sumo cold", "10 tablets", "3 tmes duy", "4days", "Tab Combinam", "20 tablets", "2tmesaduy", "10 days", "TabZole fcream", "10tablets", "3 tmesa dey", "7days", "Syrup", "Dosago", "Froquoncy", "Duratlon", "Syrup Fobrox plus", "10ml", "2 tm doy", "30 day", "SyrupZodax", "Sml", "3timsday", "30dy", "Advico:", "-Tako bod rost", "Eat nsy-to-digest food like boiled dce with dal", "-Staytydrated"], "confidence": [0.9524848461151123, 0.8386499881744385, 0.860508918762207, 0.7803785800933838, 0.7458348274230957, 0.9169014096260071, 0.9307171702384949, 0.9427713751792908, 0.9832303524017334, 0.9623180627822876, 0.8042736649513245, 0.9619661569595337, 0.7707927227020264, 0.9136894941329956, 0.9191429615020752, 0.8921223878860474, 0.7430770993232727, 0.8935898542404175, 0.9461339116096497, 0.870638370513916, 0.8510462641716003, 0.8472437858581543, 0.8875287771224976, 0.9247161149978638, 0.7739810347557068, 0.9421157836914062, 0.9728748202323914, 0.9593794941902161, 0.9058486223220825, 0.9397474527359009, 0.9936861395835876, 0.9410436153411865, 0.7152940034866333, 0.8198152184486389, 0.881576418876648, 0.9197258949279785, 0.7330020666122437, 0.9695253372192383, 0.967370867729187, 0.8301025629043579, 0.9078223705291748, 0.9250409007072449], "label": [1, 1, 1, 0, 0, 0, 0]}