{"text": ["XYZ Hospital", "123 tlealth Street,Wellness City", "Phone:+1-234.587-890", "PatlantNamx:Bob Brown", ":47", "Doctor: Dr. Tumor", "Modicine", "Dosuge", "Frequency", "Duration", "TabA1urodn 500", "10 tablets", "3mesday", "4days", "Tab Cetine", "10 tablets", "3 tmes dey", "30 days", "Cap Cypon", "15tablets", "3tmes aday", "10 days", "Tab Allegra", "20 tablets", "3 tmesa dey", "5days", "Tab Pand", "10 tablets", "3 tmesaday", "4days", "Syrup", "Dosapo", "Froquoncy", "Duratlon", "Syrup Cypon", "Sml", "2tm doy", "10dny", "Syrup TusQx", "10ml", "3 tims doy", "5 days", "Advico:", "-Tako tod rost", "Eat ensy-to-digest food like boiled rice with dnl", "Stoybydrated"], "confidence": [0.9534473419189453, 0.8410260081291199, 0.8575018644332886, 0.861504316329956, 0.8488302230834961, 0.9657127261161804, 0.8987582921981812, 0.9422492384910583, 0.9788968563079834, 0.9629752039909363, 0.8407927751541138, 0.8921223878860474, 0.8315368294715881, 0.9657290577888489, 0.9186652302742004, 0.8921223878860474, 0.7944637537002563, 0.8663529753684998, 0.9437306523323059, 0.8623680472373962, 0.8216320872306824, 0.8622841835021973, 0.9297246932983398, 0.9061443209648132, 0.7762048244476318, 0.8756504058837891, 0.9234901666641235, 0.901634693145752, 0.8302022218704224, 0.9184122085571289, 0.9703512191772461, 0.9139150977134705, 0.9308472871780396, 0.9907678961753845, 0.9903943538665771, 0.9197258949279785, 0.7230568528175354, 0.6375325322151184, 0.9560192227363586, 0.9380403757095337, 0.7696221470832825, 0.8086541295051575, 0.9662078022956848, 0.7159023880958557, 0.844878613948822, 0.8269393444061279], "label": [1, 1, 1, 0, 0, 0, 0]}