{"text": ["XYZ Hospital", "123 tlealth Street,Wellness City", "Phone:+1-234.587-890", "Patlant Namx:Graco Millar", "p:47", "Doctor: Dr. Smith", "Medicine", "Dosage", "Frequency", "Duration", "Tab Dolonex dt", "20 tblets", "20ms dey", "10 days", "Tab Triz", "5tablets", "2tmesa dey", "5days", "TabCyciopam", "10tablets", "2 tmes a day", "10days", "Tab Cetine", "15tablets", "3tmes aday", "10days", "Tab Combinlam", "20 tblets", "2 tmes a duy", "4duys", "TabClavum 025", "15tablets", "3 tmesa dey", "7 days", "Syrup", "Dosago", "Froquoncy", "Duratlon", "Syrup Brozodax", "Sml", "2tmdoy", "5 days", "Advico:", "-Tako tod rost", "Eat nsy-to-digest food like boiled dce with dnl", "Stoytydrated"], "confidence": [0.9549444317817688, 0.8484009504318237, 0.846886157989502, 0.8188403844833374, 0.7643239498138428, 0.9378921985626221, 0.9591829776763916, 0.8897534012794495, 0.9790523052215576, 0.9623180627822876, 0.9164074063301086, 0.9135541915893555, 0.7692691087722778, 0.9548414945602417, 0.9181328415870667, 0.8909797668457031, 0.7338863611221313, 0.8520981669425964, 0.8891937136650085, 0.9273074269294739, 0.7271961569786072, 0.8628065586090088, 0.9306322336196899, 0.8647039532661438, 0.8616535067558289, 0.8654675483703613, 0.9163577556610107, 0.9003804326057434, 0.7522758841514587, 0.9083743095397949, 0.7962754368782043, 0.9037178754806519, 0.783811628818512, 0.8767657279968262, 0.9720994234085083, 0.9641801714897156, 0.9638596773147583, 0.9544193744659424, 0.9615684151649475, 0.927854061126709, 0.7179483771324158, 0.7886900901794434, 0.9667397141456604, 0.7849678993225098, 0.8616782426834106, 0.871784508228302], "label": [1, 0, 1, 0, 0, 0, 0]}