{"text": ["XYZ Hospital", "123 tlealth Street,Wellness City", "Phone:+1-234.587-890", "Patlant Namx:EvoSmith", ":30", "Doctor: Dr.Patol", "Medicine", "Dosuge", "Frequency", "Duration", "Tab Combinam", "10tablets", "3mesday", "30 duys", "Tab Sumo cold", "15tablets", "3 tmes doy", "7 days", "Cap Cypon", "5tablets", "3 tmesa doy", "10 duys", "Tab Neurobin Forte", "5tablets", "2tmesa dey", "t4duys", "TabCiplox500", "10tablets", "2 tmes a duy", "5 days", "TabZole fcream", "20 tablets", "3 tmesa doy", "$ days", "Syrup", "Dosago", "Froquoncy", "Duratlon", "Syrup Fobrox plus", "Sml", "3 tms doy", "7day", "Advico:", "-Tako tod rost", "Eat nsy-to-digest food like boiled dce with dnl", "Stoy bydrated"], "confidence": [0.944415271282196, 0.8450579047203064, 0.8531273007392883, 0.8408123254776001, 0.8873375058174133, 0.955378532409668, 0.930323600769043, 0.9422492384910583, 0.9840719699859619, 0.964890718460083, 0.928655207157135, 0.9273074269294739, 0.8392101526260376, 0.9137939810752869, 0.8834066987037659, 0.8671495914459229, 0.7507402896881104, 0.861883819103241, 0.9451988935470581, 0.916618824005127, 0.7852831482887268, 0.8750689625740051, 0.9235482811927795, 0.9159331321716309, 0.8084509968757629, 0.8104643225669861, 0.9387898445129395, 0.9273074269294739, 0.7522758841514587, 0.7493965029716492, 0.900903582572937, 0.8797799944877625, 0.7784891724586487, 0.9325768351554871, 0.9788066744804382, 0.9144992828369141, 0.8976813554763794, 0.9843534231185913, 0.9953961968421936, 0.927854061126709, 0.7108118534088135, 0.940690815448761, 0.9678077101707458, 0.8018133044242859, 0.8593538999557495, 0.8112341165542603], "label": [1, 1, 1, 0, 0, 0, 0]}