{"text": ["XYZ Hospital", "123 tlealth Street,Wellness City", "Phone:+1-234-587-890", "Patlant Nanx:Jano Millor", ":07", "Doctor: Dr.Lao", "Medicine", "Dosuge", "Frequency", "Qurabon", "Cap Zovirax", "15tablets", "20ms dey", "7 days", "Tab Neurobin Forte", "20 tablets", "2 tm0s  duy", "tO days", "TabDolo650", "15tablets", "3 tmesa doy", "5days", "Tab Pan d", "20 tblets", "3 tmes aday", "7 days", "Tab Zole fcreun", "5tablets", "2 umes a duy", "4duys", "Tab Cetine", "5tablets", "2 tmesa dey", "t4days", "Syrup", "Dosago", "Froquoncy", "Durotlon", "Syrup Corox-dx", "Sml", "2 tim doy", "5days", "Syrup TusQx", "Sml", "3timsday", "10day", "Advico:", "-Takoto rost", "Eat nsy-to-digest food like boiled rice with dal", "-Stynydrated"], "confidence": [0.9440207481384277, 0.8445388078689575, 0.888440728187561, 0.8305530548095703, 0.8275513648986816, 0.9061760902404785, 0.9320040941238403, 0.9427713751792908, 0.9902750849723816, 0.8740919232368469, 0.8704531192779541, 0.8647039532661438, 0.7692691087722778, 0.861883819103241, 0.9161074757575989, 0.8967920541763306, 0.7051472663879395, 0.8201694488525391, 0.8774751424789429, 0.8647039532661438, 0.7852831482887268, 0.8641525506973267, 0.8963916301727295, 0.9086169004440308, 0.8312017321586609, 0.861883819103241, 0.8462530374526978, 0.9079194068908691, 0.7387182116508484, 0.9083743095397949, 0.9371212124824524, 0.8909797668457031, 0.8188995718955994, 0.8406792283058167, 0.9882689714431763, 0.8496239185333252, 0.9466862082481384, 0.9399316906929016, 0.9725632667541504, 0.860496461391449, 0.7234081029891968, 0.8644119501113892, 0.9398233294487, 0.927854061126709, 0.7874224185943604, 0.817059338092804, 0.9374408721923828, 0.7309548258781433, 0.9020175933837891, 0.8896828293800354], "label": [1, 1, 1, 0, 0, 0, 0]}