{"text": ["XYZ Hospital", "123 tlealth Street,Wellness City", "Phone:+1-234.587-890", "Patlont Nanx:Chadlo Wlllams", "DoctorDr.Tumor", "Medicine", "Dosuge", "Frequency", "Duration", "Tab Allegra", "15tablets", "20ms dey", "5 days", "Cap Cypon", "t5tablets", "2tmesa dey", "7 days", "Tab Combinam", "5tablets", "3 tmesaday", "5days", "TabFebrexplus", "t5tablets", "2 tm5 a day", "30 days", "Syrup", "Dosago", "Froquancy", "Ouratlon", "Syrup TusQ dx", "Sml", "2 tmdoy", "30 day", "Syrup Cypon", "10ml", "2timday", "30dy", "Advico:", "-Tako bod rost", "Eat nsy-to-digest food like boiled rice with dal", "-Staytydrated"], "confidence": [0.9549286961555481, 0.8386499881744385, 0.8577502369880676, 0.784546434879303, 0.9669028520584106, 0.8984020948410034, 0.9427713751792908, 0.9838371276855469, 0.965709924697876, 0.8746972680091858, 0.8927748799324036, 0.7710025310516357, 0.7472350001335144, 0.9463367462158203, 0.8853757381439209, 0.7410504817962646, 0.8480218052864075, 0.9440901875495911, 0.9093613624572754, 0.8439608812332153, 0.8701895475387573, 0.9725704789161682, 0.8862625360488892, 0.7431930899620056, 0.9282442927360535, 0.9728748202323914, 0.8239191174507141, 0.9061452150344849, 0.8866428732872009, 0.9831798076629639, 0.8684621453285217, 0.7183035612106323, 0.7933688163757324, 0.9280782341957092, 0.911413848400116, 0.8057705163955688, 0.9695253372192383, 0.967370867729187, 0.822790801525116, 0.8990753293037415, 0.9250409007072449], "label": [1, 1, 1, 0, 0, 0, 0]}