{"text": ["XYZ Hospital", "123 tlealth Street,Wellness City", "Phone:+1-234-587-890", "Patlont Nanx:Charlo Wlllams", "80", "Doctor:Dr.Johnson", "Medicine", "Dosuge", "Frequency", "Duration", "Tab Sumo cold", "10tablets", "20ms dey", "10days", "Tab Allegr", "20 tablets", "2 tm0s  duy", "7 days", "Tab Combinam", "5tablets", "3 tmesa doy", "14duys", "Cap Omez", "5tablets", "2 tmesa day", "7 days", "TabDolo650", "15tablets", "3 tmesaday", "4days", "Cap Oilanun", "15tablets", "2 tmes a doy", "$ days", "Syrup", "Dosago", "Froquoncy", "Duratlon", "Syrup Brozodax", "10ml", "2 timdoy", "10day", "Syrup TusQ dx", "Sml", "3timsday", "14 doy", "Advico:", "-Takoto rst", "Eat nsy-to-digest food like boiled rice with dal", "-Stytydrated"], "confidence": [0.9528822898864746, 0.8386499881744385, 0.8814093470573425, 0.8256736397743225, 0.8890917301177979, 0.9514479041099548, 0.8984020948410034, 0.9422492384910583, 0.9902750849723816, 0.9623180627822876, 0.89585942029953, 0.9273074269294739, 0.7692691087722778, 0.8628065586090088, 0.8866918683052063, 0.8967920541763306, 0.7051472663879395, 0.8401936888694763, 0.9500441551208496, 0.916618824005127, 0.7852831482887268, 0.8798058032989502, 0.7659987807273865, 0.9046000242233276, 0.8068044185638428, 0.8452855944633484, 0.883327305316925, 0.8647039532661438, 0.8251968622207642, 0.9184122085571289, 0.8484573364257812, 0.8990643620491028, 0.8046655058860779, 0.9325768351554871, 0.988613486289978, 0.8285646438598633, 0.9466862082481384, 0.9895802140235901, 0.9598060250282288, 0.9702969789505005, 0.7469385862350464, 0.7873427867889404, 0.952340841293335, 0.927854061126709, 0.7889569401741028, 0.770780086517334, 0.9684262275695801, 0.7276635766029358, 0.9027966856956482, 0.9147185683250427], "label": [1, 1, 1, 0, 0, 0, 0]}