{"text": ["XYZ Hospital", "123 tlealth Street,Wellness City", "Phone:+1-234-587-890", "Patlont Nanx:Evo Davls", "Apo:55", "Doctor: Dr.Smith", "Medicine", "Dosuge", "Frequency", "Duration", "TabCiplox500", "5 tablets", "3mesaday", "7 duys", "Tab Dolonexdt", "20 tablets", "3tmesaday", "5days", "Cup Omez", "20 tablets", "2 tmes a duy", "5 days", "Tab Sumo cold", "t5tablets", "3 tmesa dey", "30 days", "Syrup", "Dosago", "Froquancy", "Duratlon", "Syrup Corx", "Sml", "3tims doy", "7 days", "Advico:", "-Tako tod rost", "Eat nsy-to-dlgest food like boiled rice with dal", "-Styhydrated"], "confidence": [0.9519359469413757, 0.8389764428138733, 0.8954404592514038, 0.7730964422225952, 0.7298091053962708, 0.9564568996429443, 0.9286406636238098, 0.9030749201774597, 0.9860424399375916, 0.9623180627822876, 0.9308361411094666, 0.8757308125495911, 0.790343165397644, 0.9828178286552429, 0.9411929249763489, 0.9054545164108276, 0.7806190252304077, 0.8343985676765442, 0.8411909341812134, 0.9054545164108276, 0.8907971978187561, 0.7885099053382874, 0.8905518651008606, 0.8856318593025208, 0.774726152420044, 0.8867191672325134, 0.9728748202323914, 0.9117240309715271, 0.935694694519043, 0.8827411532402039, 0.9269081354141235, 0.8684621453285217, 0.7594210505485535, 0.9641744494438171, 0.9288334846496582, 0.7059499621391296, 0.8857390284538269, 0.8782772421836853], "label": [1, 0, 1, 0, 0, 0, 0]}