{"text": ["XYZ Hospital", "123 tlealth Street,Wellness City", "Phone:+1-234.587-890", "Patlant Nanx:Davld D", ":70", "DoctorDr.Johnson", "Medicine", "Dosage", "Frequency", "Duration", "TabDolo 650", "5tablets", "3 mes dey", "7 duys", "Tab Allegra", "10 tablets", "3 tmes doy", "4days", "Cap Zovirax", "5tablets", "3 tmesaday", "30 days", "Tab Sumo cold", "20 tablets", "3 tmesa dey", "30 days", "Syrup", "Dosapo", "Froquancy", "Duratlon", "Syrup Brozodox", "Sml", "3tms doy", "14day", "SyrupCorax", "Sml", "3timsday", "5day", "Advico:", "-Tako tod rost", "Eat nsy-to-dlgest food like boiled dce with dal", "-Staytydrated"], "confidence": [0.9555370807647705, 0.8471035957336426, 0.8541738390922546, 0.7833880186080933, 0.8660268783569336, 0.9617027044296265, 0.930323600769043, 0.9033363461494446, 0.9859857559204102, 0.9623180627822876, 0.8658743500709534, 0.901167631149292, 0.7595316767692566, 0.9796134829521179, 0.8720228672027588, 0.8893119096755981, 0.7589079141616821, 0.8935898542404175, 0.9172304272651672, 0.9093613624572754, 0.8478784561157227, 0.8867191672325134, 0.9025145769119263, 0.8983814120292664, 0.7414395809173584, 0.8853435516357422, 0.9747051000595093, 0.8093938827514648, 0.9061452150344849, 0.9490550756454468, 0.9650459885597229, 0.8684621453285217, 0.7032448053359985, 0.8130840063095093, 0.9244626760482788, 0.9197258949279785, 0.7859691381454468, 0.7321327924728394, 0.9683253169059753, 0.7978090047836304, 0.9067167639732361, 0.9250409007072449], "label": [1, 1, 1, 0, 0, 0, 0]}