{"text": ["XYZ Hospital", "123 tlealth Street,Wellness City", "Phone:+1-234-587-890", "Patlont Nanx:Davld Davls", "Doctor: Dr.Smith", "Medicine", "Dosage", "Frequency", "Duration", "Tab Sumo cold", "20tblets", "20ms doy", "5 days", "Cap Colmmune", "10 tablets", "2tmesa day", "4days", "Tab Triz", "20 tablets", "2 tmes a duy", "4 days", "Cap Dilantn", "20 tblets", "3 tmesa dey", "10days", "Syrup", "Dosago", "Froquancy", "Duratlon", "Syrup Corox-dx", "10ml", "2 tim doy", "30day", "Advico:", "-Tako bod rost", "Eat nsy-to-dlgest food like boiled rice with dal", "-Stytydrated"], "confidence": [0.9541015028953552, 0.8356626629829407, 0.8928332328796387, 0.7729929089546204, 0.9486778974533081, 0.9286406636238098, 0.9033363461494446, 0.9832684397697449, 0.964890718460083, 0.9047886729240417, 0.9619482755661011, 0.7564270496368408, 0.7393367886543274, 0.8894808292388916, 0.8921223878860474, 0.7311515808105469, 0.9184122085571289, 0.8540539145469666, 0.8967920541763306, 0.784839391708374, 0.8902750611305237, 0.8393984436988831, 0.9086169004440308, 0.7706842422485352, 0.8655838966369629, 0.9852066040039062, 0.9117240309715271, 0.9318037033081055, 0.8653408288955688, 0.9676312804222107, 0.9658069610595703, 0.7463570237159729, 0.8759253621101379, 0.9288334846496582, 0.7142534255981445, 0.8857390284538269, 0.9112634658813477], "label": [1, 1, 1, 0, 0, 0, 0]}