{"text": ["XYZ Hospital", "123 tlealth Street,Wellness City", "Phone:+1-234-587-890", "Patlnt Nanx:Grco D", "40", "Doctor: Dr.Smith", "Medicine", "Dosuge", "Frequency", "Duration", "Cup Cypon", "5 tablets", "20ms doy", "7 duys", "Cap Zovirax", "5tablets", "2tmes  duy", "10days", "Tab Triz", "5 tablets", "2 tmes a duy", "7 days", "Tab Febrex plus", "5tablets", "3 tmes doy", "30 days", "Syrup", "Dosapo", "Froquancy", "Duratlon", "Syrup Grillnctus tm", "Sml", "2 tmdoy", "14 day", "Advico:", "-Tako bod rost", "Eat nsy-to-dlgest food like boiled rice with dal", "-Stynydrated"], "confidence": [0.9535403847694397, 0.8444144129753113, 0.8858270645141602, 0.7855526208877563, 0.7601802945137024, 0.9579552412033081, 0.9291049838066101, 0.979745090007782, 0.9821071624755859, 0.955414891242981, 0.9467499852180481, 0.863848865032196, 0.7529489994049072, 0.8653728365898132, 0.8877450823783875, 0.895728349685669, 0.7110925912857056, 0.8626441955566406, 0.9694429636001587, 0.8758335113525391, 0.9000213742256165, 0.8720644116401672, 0.9447162747383118, 0.8909797668457031, 0.7109242677688599, 0.8867191672325134, 0.970925509929657, 0.7875345349311829, 0.935694694519043, 0.9634062051773071, 0.9913912415504456, 0.9028758406639099, 0.7310596704483032, 0.7775042057037354, 0.9288334846496582, 0.7142534255981445, 0.8857390284538269, 0.8978356719017029], "label": [1, 1, 1, 0, 0, 0, 0]}