{"text": ["XYZ Hospital", "123 tlealth Street,Wellness City", "Phone:+1-234.587-890", "PatlantNam:Bob Ro", ":70", "Doctor:Dr.Smith", "Medicine", "Dosuge", "Frequency", "Duration", "Cap Omez", "10tablets", "3mesday", "4days", "TabCyclopam", "10 tablets", "20mes day", "5days", "TabAllegra", "20 tblets", "2 tmes day", "4 days", "Tab Combinam", "15tablets", "3tmes adey", "10days", "Cap Cypon", "20tablets", "3 tmesaday", "30 days", "Syrup", "Dosogo", "Froquoncy", "Duratlon", "Syrup Grillnctus bm", "10ml", "2timdy", "14day", "Advico:", "-Tako tod rost", "Eat nsy-to-dlgest food like boiled dce with dal", "-Staytydrated"], "confidence": [0.9525117874145508, 0.8385250568389893, 0.8571933507919312, 0.8240480422973633, 0.8660268783569336, 0.9724681377410889, 0.930323600769043, 0.9375312328338623, 0.9838371276855469, 0.9622949361801147, 0.8499735593795776, 0.9273074269294739, 0.8376972079277039, 0.9607241749763489, 0.9334774017333984, 0.8921223878860474, 0.7785812020301819, 0.8691898584365845, 0.9473295211791992, 0.9248446226119995, 0.7205934524536133, 0.8880710601806641, 0.9210176467895508, 0.8865138292312622, 0.8477534055709839, 0.924377977848053, 0.9291279911994934, 0.8978633880615234, 0.8482871055603027, 0.8867191672325134, 0.9747051000595093, 0.8471839427947998, 0.9624842405319214, 0.9654592275619507, 0.9698572754859924, 0.9347427487373352, 0.8264021277427673, 0.7760825753211975, 0.9678854942321777, 0.7846784591674805, 0.901470422744751, 0.9258518218994141], "label": [1, 1, 1, 0, 0, 0, 0]}