{"text": ["XYZ Hospital", "123 tlealth Street,Wellness City", "Phone:+1-234-587-890", "Patlont NanxLlam D", ":41", "Doctor: Dr. Tumor", "Medicine", "Dosuge", "Frequency", "Duration", "Tab Dolonex dt", "10tablets", "20ms dey", "5days", "TabA1urodn500", "5tablets", "3 tmes duy", "30 days", "Tab Neurobin Forte", "20 tblets", "3 tmesa duy", "7 days", "Tab Sumo cold", "5tablets", "3tmes aday", "t4duys", "TabAllegr", "15tablets", "3 tmesaday", "5days", "Tab Evion", "5tablets", "3 tmesa dey", "7 days", "Syrup", "Dosago", "Froquoncy", "Durotlon", "Syrup Grillnctus tm", "Sml", "2 tim doy", "14day", "Syrup Brozodox", "10ml", "3timsday", "7day", "Advico:", "-Tako tod rost", "Eat nsy-to-dlgest food like boiled rice with dal", "-Stytydrated"], "confidence": [0.9539773464202881, 0.8392036557197571, 0.8962975740432739, 0.7770504951477051, 0.8224173188209534, 0.9426082372665405, 0.9258362054824829, 0.9422492384910583, 0.9900026321411133, 0.964890718460083, 0.9324603080749512, 0.9273074269294739, 0.7692691087722778, 0.8641525506973267, 0.8295098543167114, 0.8909797668457031, 0.7469850778579712, 0.8479889631271362, 0.941508412361145, 0.9086169004440308, 0.814317524433136, 0.8401936888694763, 0.9222643375396729, 0.8878754377365112, 0.8547051548957825, 0.8104643225669861, 0.935485303401947, 0.8693127036094666, 0.8309677243232727, 0.8366293907165527, 0.9616460800170898, 0.8909797668457031, 0.8068142533302307, 0.9913495182991028, 0.9882689714431763, 0.8285646438598633, 0.9459841251373291, 0.9314339756965637, 0.9905996918678284, 0.9028758406639099, 0.7383143901824951, 0.8130840063095093, 0.9579911231994629, 0.9357630014419556, 0.7849414348602295, 0.8532044887542725, 0.9625285863876343, 0.7831586003303528, 0.9010369181632996, 0.8946594595909119], "label": [1, 0, 1, 0, 0, 0, 0]}