{"text": ["XYZ Hospital", "123 tlealth Street,Wellness City", "Phone:+1-234.587-890", "PatlontNanx:GracoDavs", "p:43", "Doctor: Dr. Tumor", "Medicine", "Dosage", "Frequency", "Duration", "Cap Colmmune", "15tablets", "3mesday", "5 days", "TabDolo650", "5tablets", "2tmesa day", "7 days", "Tab Cyciomelf", "15tblets", "3 tmesa doy", "10 days", "Tab Evlon", "10tablets", "3 tmesa doy", "7 days", "Tab Cetine", "20 tblets", "2 tmes a duy", "30 days", "TabCyciopam", "5tablets", "2 tms a doy", "30 days", "Syrup", "Dosago", "Froquoncy", "Duratlon", "Syrup Grillnctus tm", "Sml", "3tms doy", "5 day", "Advico:", "-Tako to rost", "Eat nsy-to-digest food like boiled dce with dnl", "Stoytydrated"], "confidence": [0.9534473419189453, 0.8419854640960693, 0.8435162305831909, 0.7927042841911316, 0.7557733058929443, 0.9640548825263977, 0.930323600769043, 0.9028077125549316, 0.9790523052215576, 0.965709924697876, 0.8834328055381775, 0.8647039532661438, 0.8458738923072815, 0.7493965029716492, 0.870199978351593, 0.9046000242233276, 0.7703806161880493, 0.8401936888694763, 0.8432050943374634, 0.9074398279190063, 0.7852831482887268, 0.8690416216850281, 0.9146842956542969, 0.9273074269294739, 0.8015906810760498, 0.8767657279968262, 0.9436275362968445, 0.9003804326057434, 0.7522758841514587, 0.8500292897224426, 0.9082151055335999, 0.8909797668457031, 0.8156778216362, 0.8513266444206238, 0.9781457185745239, 0.9144992828369141, 0.9524527788162231, 0.9877357482910156, 0.9849842190742493, 0.927854061126709, 0.7066380381584167, 0.8135870099067688, 0.9678854942321777, 0.7605816721916199, 0.8616782426834106, 0.856630802154541], "label": [1, 1, 1, 0, 0, 0, 0]}