{"text": ["XYZ Hospital", "123 tlealth Street,Wellness City", "Phone:+1-234-587-890", "Patlont Namx:Llam Smith", ":40", "Doctor:Dr.Patol", "Medicine", "Dosage", "Frequency", "Duration", "Tab Cetine", "10tablets", "3mesday", "4 duys", "Tab Cyclopam", "5tablets", "3tmesaday", "4days", "Tab Pan d", "20 tablets", "2 tmes a duy", "5 days", "Tab Dolonex dt", "20 tblets", "2 tm5 a doy", "30 days", "Syrup", "Dosago", "Froquancy", "Duratlon", "Syrup Brozodax", "Sml", "2 tm doy", "5days", "Advico:", "-Tako bod rost", "Eat nsy-to-dlgest food like boiled rice with dal", "-Stynydrated"], "confidence": [0.9482889175415039, 0.8437840342521667, 0.887356162071228, 0.8100196123123169, 0.7442576289176941, 0.948589026927948, 0.9499181509017944, 0.8886480927467346, 0.9788968563079834, 0.9623180627822876, 0.9271114468574524, 0.9273074269294739, 0.8407676815986633, 0.9153589606285095, 0.8870232105255127, 0.8909797668457031, 0.8034953474998474, 0.8935898542404175, 0.8987160921096802, 0.8709948658943176, 0.9000213742256165, 0.7885099053382874, 0.9158319234848022, 0.9086169004440308, 0.7406336069107056, 0.8867191672325134, 0.9728748202323914, 0.9144992828369141, 0.9354243874549866, 0.8827411532402039, 0.9840925335884094, 0.9028758406639099, 0.7225327491760254, 0.8675468564033508, 0.9288334846496582, 0.7142534255981445, 0.8857390284538269, 0.8976470828056335], "label": [1, 0, 1, 0, 0, 0, 0]}