{"text": ["XYZ Hospital", "123 tlealth Street,Wellness City", "Phone:+1-234-587-890", "Patlont Nanx:Mla Wlllams", ":8", "Doctor: Dr. Tumor", "Medicine", "Dosuge", "Frequency", "Duration", "TabZole fcreum", "15tablets", "3mesday", "10days", "Cap Zovirax", "10 tablets", "3 tmes duy", "10days", "TabAlhrodin500", "5tablets", "3 tmesa duy", "t4duys", "Tab Febrex plus", "15tablets", "2tmesa day", "7 days", "TabCyclopam", "15tablets", "2 umes a duy", "5days", "TabCiplox500", "20 tablets", "2 tms a dey", "7days", "Syrup", "Dosapo", "Froquoncy", "Durotlon", "Syrup TusQ-dx", "Sml", "3tims doy", "7days", "Syrup Cypon", "10ml", "3timsday", "14day", "Advico:", "-Tako tod rost", "Eat nsy-to-digest food like boiled rice with dal", "-Stytydrated"], "confidence": [0.9527682662010193, 0.8384838700294495, 0.8921415209770203, 0.8031505942344666, 0.6136865615844727, 0.9420538544654846, 0.9286406636238098, 0.9420654773712158, 0.9901472926139832, 0.9623180627822876, 0.9051119089126587, 0.8647039532661438, 0.8203554749488831, 0.8628065586090088, 0.8759679794311523, 0.8921223878860474, 0.7485857605934143, 0.85993891954422, 0.8070822954177856, 0.916618824005127, 0.8044043183326721, 0.8104643225669861, 0.9156275987625122, 0.8647039532661438, 0.8348559141159058, 0.8452855944633484, 0.8913053870201111, 0.8647039532661438, 0.7527843117713928, 0.8520981669425964, 0.9102839827537537, 0.8797799944877625, 0.7880218029022217, 0.9421157836914062, 0.988613486289978, 0.8228013515472412, 0.9474319815635681, 0.9314339756965637, 0.9433580040931702, 0.860496461391449, 0.7382882833480835, 0.9066702127456665, 0.983395516872406, 0.9357630014419556, 0.7835556268692017, 0.7463439702987671, 0.9250312447547913, 0.7679581642150879, 0.9021574854850769, 0.8947877287864685], "label": [1, 1, 1, 0, 0, 0, 0]}