{"text": ["XYZ Hospital", "123 tlealth Street,Wellness City", "Phone:+1-234-587-890", "Patlant Nam:Charlo Wilson", "p:28", "Doctor: Dr. Millor", "Medicine", "Dosage", "Frequency", "Duration", "TabZole fcreum", "10tablets", "20ms doy", "5 days", "Cap Dilanun", "5tablets", "3tmesaday", "5days", "Tab Cetine", "t5tblets", "3 tmes a duy", "5 days", "TabFebrexplus", "20 tblets", "2 tm5 a doy", "5 days", "Syrup", "Dosago", "Froquancy", "Duratlon", "Syrup Cypon", "Sml", "3tims doy", "14days", "Advico:", "-Tako bod rost", "Eat nsy-to-dlgest food like boiled rice with dal", "-Stytydrated"], "confidence": [0.946252167224884, 0.836279034614563, 0.8822774887084961, 0.8235864043235779, 0.7335016131401062, 0.9653981328010559, 0.9536738395690918, 0.8886480927467346, 0.9788968563079834, 0.964890718460083, 0.8994738459587097, 0.9273074269294739, 0.7564270496368408, 0.7393367886543274, 0.8931956887245178, 0.8909797668457031, 0.811162531375885, 0.8691898584365845, 0.9351898431777954, 0.9061143398284912, 0.8768436908721924, 0.7600082755088806, 0.9786468148231506, 0.9086169004440308, 0.7406336069107056, 0.8378275036811829, 0.9728748202323914, 0.9191999435424805, 0.9584259390830994, 0.8827411532402039, 0.9887985587120056, 0.8684621453285217, 0.7523825764656067, 0.8842740058898926, 0.9268304705619812, 0.7415408492088318, 0.8857390284538269, 0.910991907119751], "label": [1, 1, 1, 0, 0, 0, 0]}