{"text": ["XYZ Hospital", "123 tlealth Street,Wellness City", "Phone:+1-234.587-890", "Patlant Namx:Davld Millar", "p:21", "DoctorDr.Tumor", "Medicine", "Dosuge", "Frequency", "Duration", "Cap Omez", "10 tablets", "20ms dey", "5days", "Tab Pan d", "20 tblets", "3 tmes doy", "30 days", "TabAlhrodin500", "5tablets", "2tmesaday", "5days", "Tab Febrexplus", "10tablets", "2 tm5 a day", "5days", "Syrup", "Dosapo", "Froquancy", "Duratlon", "Syrup Cypon", "10ml", "3tms doy", "30 days", "SyrupTusdx", "Sml", "3timsday", "14dy", "Advico:", "-Tako tod rost", "Eat nsy-to-dlgest food like boiled dce with dal", "-Stayhydrated"], "confidence": [0.9573611617088318, 0.8380128741264343, 0.8541738390922546, 0.8535218834877014, 0.6957564949989319, 0.9641857743263245, 0.9318302869796753, 0.9422492384910583, 0.9838371276855469, 0.965709924697876, 0.8101397752761841, 0.9107781648635864, 0.7710025310516357, 0.8343985676765442, 0.9139695763587952, 0.9185055494308472, 0.7507402896881104, 0.8867191672325134, 0.8002473711967468, 0.8878754377365112, 0.8577829003334045, 0.8642148971557617, 0.9447802901268005, 0.9247161149978638, 0.7431930899620056, 0.886221706867218, 0.9728748202323914, 0.8093938827514648, 0.9061452150344849, 0.987548291683197, 0.9897556304931641, 0.9410436153411865, 0.7202708125114441, 0.9111426472663879, 0.8983722925186157, 0.9197258949279785, 0.7860556840896606, 0.8365260362625122, 0.9688101410865784, 0.8235440850257874, 0.9003587961196899, 0.880672037601471], "label": [1, 1, 1, 0, 0, 0, 0]}