{"text": ["XYZ Hospital", "123 tlealth Street,Wellness City", "Phone:+1-234.587-890", "PatlantNamx:EvoWhito", "Apo:77", "Doctor: Dr.Patol", "Medicine", "Dosuge", "Frequency", "Duration", "Tab Evlon", "20 tblets", "2 umes a day", "7 days", "Cap CoImmune", "t5tablets", "30ms doy", "$ days", "Tab Combinam", "t5tablets", "3tmesa day", "10days", "Tab Clavum025", "5tablets", "3tmesaday", "7 days", "Tab Cyciomeff", "20 tablets", "2tmesaday", "10days", "Syrup", "Dosapo", "Froquoncy", "Duratlon", "Syrup Fobroxplus", "Sml", "3timsday", "30dy", "Advico:", "-Tako tod rost", "Eat nsy-to-dlgest food like boiled dce with dal", "-Staytydrated"], "confidence": [0.9556874632835388, 0.8445388078689575, 0.8541738390922546, 0.8487275838851929, 0.7262139916419983, 0.9569216966629028, 0.9273771047592163, 0.9427713751792908, 0.9838371276855469, 0.9564203023910522, 0.9146842956542969, 0.9135541915893555, 0.8037311434745789, 0.8594018816947937, 0.8998416066169739, 0.8831853270530701, 0.7268615365028381, 0.9359393119812012, 0.9349772334098816, 0.8534514904022217, 0.7763892412185669, 0.9266385436058044, 0.8533686995506287, 0.8878754377365112, 0.8846117854118347, 0.8720644116401672, 0.8445244431495667, 0.8863240480422974, 0.8375726342201233, 0.9213528037071228, 0.9747051000595093, 0.8934853076934814, 0.9624842405319214, 0.9871726036071777, 0.8273863792419434, 0.9197258949279785, 0.7308685183525085, 0.9668070673942566, 0.9687759280204773, 0.8082612156867981, 0.9014807939529419, 0.9258518218994141], "label": [1, 1, 1, 0, 0, 0, 0]}