{"text": ["XYZ Hospital", "123 tlealth Street,Wellness City", "Phone:+1-234.587-890", "PatlantNamxo:Davd Wlllams", "40", "DoctorDr.Johnson", "Medicine", "Dosuge", "Frequency", "Duration", "Cup CoImmune", "20tblets", "3mesday", "10duys", "Cap Zovirax", "5tablets", "2tmesa duy", "7 days", "Tab Neurobin Forte", "10tablets", "3 tmesaday", "4days", "TabAlurodin 500", "20 tablets", "3 tmesa dey", "7days", "Syrup", "Dosago", "Froquancy", "Duratlon", "Syrup Grillnctus bm", "Sml", "3tm doy", "5days", "SyrupCorax", "10ml", "3timsday", "10day", "Advico:", "-Tako tod rost", "Eat nsy-to-dlgest food like boiled rice with dal", "-Staytydrated"], "confidence": [0.9545212388038635, 0.8380128741264343, 0.8541738390922546, 0.8153716921806335, 0.7681287527084351, 0.9631726741790771, 0.9307171702384949, 0.9427713751792908, 0.9838371276855469, 0.9623180627822876, 0.8546293377876282, 0.9343926906585693, 0.8416870832443237, 0.9137234091758728, 0.8821117877960205, 0.8909797668457031, 0.7795726656913757, 0.8720644116401672, 0.93797367811203, 0.9247161149978638, 0.8563558459281921, 0.921265721321106, 0.8282610177993774, 0.8983814120292664, 0.7014458179473877, 0.93414705991745, 0.9869922399520874, 0.8347269892692566, 0.9169834852218628, 0.9490550756454468, 0.9735644459724426, 0.8684621453285217, 0.7234882116317749, 0.8852624893188477, 0.907475471496582, 0.911413848400116, 0.7330020666122437, 0.7979649305343628, 0.9683253169059753, 0.7706080675125122, 0.9031388163566589, 0.8746689558029175], "label": [1, 1, 1, 0, 0, 0, 0]}