{"text": ["XYZ Hospital", "123 tlealth Street,Wellness City", "Phone:+1-234.587-890", "PatlontNam:Bob D", ":30", "Doctor: Dr.Patol", "Medicine", "Dosuge", "Frequency", "Duration", "Tab Cetine", "15tablets", "3mesday", "7 days", "Tab Zole fcream", "5tablets", "2tmesaday", "4duys", "Cap Dilanun", "10tablets", "3 tmesaday", "10 days", "TabDolo 650", "10tablets", "3 tmesa dey", "4days", "Syrup", "Dosapo", "Froquancy", "Duratlon", "Syrup TusQx", "10ml", "2 tm doy", "5 days", "Syrup Brozodax", "Sml", "2timday", "30dy", "Advico:", "-Tako tod rost", "Eat nsy-to-dlgest food like boiled dce with dal", "-Staytydrated"], "confidence": [0.9551815986633301, 0.8413002490997314, 0.8577502369880676, 0.8471982479095459, 0.8873375058174133, 0.9468051195144653, 0.930323600769043, 0.9420654773712158, 0.9838371276855469, 0.955414891242981, 0.9147233963012695, 0.8927748799324036, 0.8170825242996216, 0.8594018816947937, 0.8712989091873169, 0.8909797668457031, 0.8111010789871216, 0.9083743095397949, 0.8854270577430725, 0.9247161149978638, 0.8482871055603027, 0.8341747522354126, 0.854692816734314, 0.9247161149978638, 0.7000328302383423, 0.9184122085571289, 0.9747051000595093, 0.8093938827514648, 0.9293076395988464, 0.9519932270050049, 0.9582244753837585, 0.9410436153411865, 0.7102198600769043, 0.8145861029624939, 0.8690010905265808, 0.9197258949279785, 0.8025859594345093, 0.9695253372192383, 0.9688101410865784, 0.8305357098579407, 0.9003587961196899, 0.9332470297813416], "label": [1, 1, 1, 0, 0, 0, 0]}