{"text": ["XYZ Hospital", "123 tlealth Street,Wellness City", "Phone:+1-234.587-890", "PatlantNamx:GracoWlson", ":70", "Doctor: Dr.Patol", "Medicine", "Dosage", "Frequency", "Duration", "Cap Cypon", "5tablets", "20ms dey", "5 days", "TabCyclopam", "10tablets", "20mes dey", "$ days", "TabZole fcream", "20 tblets", "2 tmes day", "10 days", "Tab Triz", "5tablets", "3 tmesa dey", "t4days", "Cap Oilantn", "t5tablets", "3 tmesaday", "5days", "Syrup", "Dosapo", "Froquoncy", "Duratlon", "Syrup Fobrxplus", "Sml", "3timsday", "14day", "Advico:", "-Tako tod rost", "Eat nsy-to-dlgest food like boiled dce with dal", "-Stayhydrated"], "confidence": [0.9544928669929504, 0.8517599105834961, 0.8465229868888855, 0.8507457375526428, 0.7153405547142029, 0.9615007042884827, 0.9307171702384949, 0.9033363461494446, 0.9560942053794861, 0.965709924697876, 0.9237752556800842, 0.9079194068908691, 0.7692691087722778, 0.7393367886543274, 0.909751296043396, 0.9273074269294739, 0.7744828462600708, 0.9474455714225769, 0.8871710896492004, 0.9248446226119995, 0.721615195274353, 0.8690416216850281, 0.9902831315994263, 0.8933669328689575, 0.8120609521865845, 0.8406792283058167, 0.83477383852005, 0.8697188496589661, 0.8439608812332153, 0.8882506489753723, 0.9747051000595093, 0.8934853076934814, 0.9749724864959717, 0.962416410446167, 0.8471513390541077, 0.9197258949279785, 0.7407669425010681, 0.7760825753211975, 0.9687759280204773, 0.8077505826950073, 0.9014807939529419, 0.8786836266517639], "label": [1, 1, 1, 0, 0, 0, 0]}