{"text": ["XYZ Hospital", "123 tlealth Street,Wellness City", "Phone:+1-234-587-890", "Patlont Nanx:Jano Willlams", ":42", "Doctor:Dr.Smith", "Medicine", "Dosuge", "Frequency", "Duration", "TabDolo 650", "5 tablets", "20ms doy", "30 days", "Tab Pan d", "5tablets", "3tmesaday", "7days", "Cap Zovirax", "5tblets", "3 tmes a duy", "4 days", "Cap Pand", "t5tablets", "2 tm5 a doy", "10days", "Syrup", "Dosago", "Froquancy", "Ouration", "Syrup Grillnctus tm", "10ml", "3tims doy", "5days", "Advico:", "-Tako bod rost", "Eat nsy-to-dlgest food like boiled rice with dal", "-Stynydrated"], "confidence": [0.9504446983337402, 0.8415119647979736, 0.8868597745895386, 0.8640944361686707, 0.8241965174674988, 0.9648568630218506, 0.9587121605873108, 0.979745090007782, 0.9810009002685547, 0.964890718460083, 0.8673996329307556, 0.8705056309700012, 0.7529489994049072, 0.8833222985267639, 0.9056241512298584, 0.8909797668457031, 0.8236387968063354, 0.9236086010932922, 0.9156240820884705, 0.9190265536308289, 0.8619096875190735, 0.8659627437591553, 0.9232199192047119, 0.8856318593025208, 0.7406336069107056, 0.9213528037071228, 0.9852066040039062, 0.9117240309715271, 0.9354243874549866, 0.9101769924163818, 0.9922599792480469, 0.9658069610595703, 0.7523825764656067, 0.8856489062309265, 0.9288334846496582, 0.7142534255981445, 0.8857390284538269, 0.8987074494361877], "label": [1, 1, 1, 0, 0, 0, 0]}