{"text": ["XYZ Hospital", "123 tlealth Street,Wellness City", "Phone:+1-234.587-890", "Patlant Namx:Mla D", "Ap:59", "Doctor: Dr. Smith", "Medicine", "Dosuge", "Frequency", "Duration", "Tab Neurobin Forte", "5 tablets", "20ms doy", "30 days", "Cap Zovirax", "5 tablets", "20mes dey", "7 days", "Tab Zole fcream", "5 tablets", "3tmes aday", "7 days", "Tab Cetine", "t5tablets", "2 umes adey", "7 days", "Tab Sumo cold", "5tablets", "3 tmesaday", "30 days", "Syrup", "Dosapo", "Froquoncy", "Duratlon", "Syrup Fobroxplus", "Sml", "2mdoy", "30dny", "Syrup TusQx", "Sml", "2tims doy", "10dny", "Advico:", "-Tako bod rost", "Eat ensy-to-digest food like boiled rice with dnl", "Stoy bydrated"], "confidence": [0.9451872706413269, 0.8416517972946167, 0.8589719533920288, 0.7810852527618408, 0.6587652564048767, 0.9538585543632507, 0.9240130186080933, 0.9740098118782043, 0.9801251292228699, 0.964890718460083, 0.9221484065055847, 0.8691415786743164, 0.7529489994049072, 0.8676621317863464, 0.9153544902801514, 0.8665355443954468, 0.7687022686004639, 0.8720644116401672, 0.8376944065093994, 0.8705056309700012, 0.8216320872306824, 0.8720644116401672, 0.9172409176826477, 0.8659577965736389, 0.7814317345619202, 0.8767657279968262, 0.8985177278518677, 0.9057856798171997, 0.8309677243232727, 0.8867191672325134, 0.974157989025116, 0.8614616990089417, 0.9494552612304688, 0.9955869913101196, 0.8458908200263977, 0.8684621453285217, 0.7321361303329468, 0.8377351760864258, 0.9367538690567017, 0.9197258949279785, 0.7010757923126221, 0.7591055631637573, 0.96775883436203, 0.7340273261070251, 0.844878613948822, 0.7955535054206848], "label": [1, 1, 1, 0, 0, 0, 0]}