{"text": ["XYZ Hospital", "123 tlealth Street,Wellness City", "Phone:+1-234.587-890", "PatlntNam:Graco Ro", ":48", "DoctorDr.Johnson", "Medicine", "Dosuge", "Frequency", "Duration", "Tab Sumo cold", "20tblets", "20ms dey", "4duys", "Tab Pan d", "5tablets", "2tmesa dey", "4duys", "TabA1urodin 500", "5tablets", "3 tmesaday", "5days", "Tab Cetine", "20 tablets", "2 tms  doy", "4days", "Syrup", "Dosago", "Froquoncy", "Duratlon", "Syrup TusQ-dx", "10ml", "2m doy", "10 days", "Syrup Fobrxplus", "Sml", "3mday", "10day", "Advico:", "-Tako tod rost", "Eat nsy-to-dlgest food like boiled dce with dal", "-Staytydrated"], "confidence": [0.9554066061973572, 0.843846321105957, 0.8465229868888855, 0.7695329189300537, 0.761138379573822, 0.9636654257774353, 0.9246234893798828, 0.9427713751792908, 0.9838371276855469, 0.9623180627822876, 0.9141628742218018, 0.9343926906585693, 0.7692691087722778, 0.9136894941329956, 0.9305731654167175, 0.895728349685669, 0.7338863611221313, 0.9083743095397949, 0.8409956097602844, 0.9079194068908691, 0.8439608812332153, 0.8343985676765442, 0.9358774423599243, 0.90187007188797, 0.7158662676811218, 0.9184122085571289, 0.9728748202323914, 0.9191999435424805, 0.9308472871780396, 0.9502712488174438, 0.9696215987205505, 0.9410436153411865, 0.7446933388710022, 0.7629600763320923, 0.851455569267273, 0.9197258949279785, 0.8160167932510376, 0.7979649305343628, 0.9688101410865784, 0.8199334144592285, 0.9003587961196899, 0.8827476501464844], "label": [1, 0, 1, 0, 0, 0, 0]}