{"text": ["XYZ Hospital", "123 tlealth Street,Wellness City", "Phone:+1-234.587-890", "Patlant Namxo:John Brown", "p:39", "Doctor: Dr. Smith", "Medidine", "Dosuge", "Frequency", "Duration", "Tab Sumo cold", "15tablets", "3mesday", "30 duys", "Cap Coimmune", "5tablets", "2tmesa dey", "30 days", "TabAluhrocin 500", "20 tablets", "2tmsa day", "10 days", "Cap Cypon", "10 tablets", "3tmes aday", "10days", "Tab Neurobin Forte", "5 tablets", "2tmesaday", "10days", "Syrup", "Dosapo", "Froquoncy", "Duratlon", "Syrup TusQ-dx", "Sml", "3tms doy", "14dy", "Syrup Corox", "10ml", "2tims doy", "10dny", "Advico:", "-Tako bod rost", "Eat ensy-to-digest food like boiled rice with dnl", "Stoy bydrated"], "confidence": [0.9478399157524109, 0.8413600921630859, 0.8680675625801086, 0.8574870228767395, 0.6949520111083984, 0.9574518799781799, 0.918267011642456, 0.9740098118782043, 0.9838311672210693, 0.964890718460083, 0.9006218314170837, 0.8927748799324036, 0.843670666217804, 0.9069848656654358, 0.8789606690406799, 0.8912277221679688, 0.7638556957244873, 0.8663529753684998, 0.7928570508956909, 0.8709948658943176, 0.7672569751739502, 0.8622841835021973, 0.9462621212005615, 0.901634693145752, 0.8314854502677917, 0.9193813800811768, 0.922947347164154, 0.8480369448661804, 0.8281590342521667, 0.9213528037071228, 0.9701129198074341, 0.7913495898246765, 0.9496034979820251, 0.9472008943557739, 0.9553414583206177, 0.927854061126709, 0.7060664892196655, 0.8365260362625122, 0.8967664837837219, 0.9401394128799438, 0.7010757923126221, 0.7591055631637573, 0.9662078022956848, 0.7410234808921814, 0.844878613948822, 0.7955535054206848], "label": [1, 1, 1, 0, 0, 0, 0]}