{"text": ["XYZ Hospital", "123 tlealth Street,Wellness City", "Phone:+1-234.587-890", "Patlant Namx:Charlo Whito", "p:70", "Doctor: Dr.Johnson", "Medicine", "Dosuge", "Frequency", "Duration", "Tab Dolonex dt", "15tablets", "3mesday", "$ days", "Tab Febrex plus", "5tablets", "2tmesaday", "30 days", "Tab Cetine", "10tblets", "2 tmesa dey", "7 days", "Cap Omez", "15tablets", "2umesaday", "10days", "Cap Cypon", "5 tablets", "3 tmesaday", "7days", "Syrup", "Dosapo", "Froquoncy", "Duratlon", "Syrup Fobroxplus", "Sml", "3tms doy", "7day", "Syrup Corox-dx", "Sml", "3tims doy", "4 day", "Advico:", "-Tako to rost", "Eat ensy-to-digest food like boiled rice with dnl", "Stoytydrated"], "confidence": [0.9477817416191101, 0.8416517972946167, 0.8589719533920288, 0.8433218598365784, 0.782950758934021, 0.9653756022453308, 0.9180112481117249, 0.9740098118782043, 0.9838371276855469, 0.965709924697876, 0.9100155234336853, 0.8927748799324036, 0.8458738923072815, 0.837290346622467, 0.9091642498970032, 0.895728349685669, 0.8110752701759338, 0.8867191672325134, 0.9119707345962524, 0.9084895849227905, 0.7692209482192993, 0.991462230682373, 0.8817921876907349, 0.8871575593948364, 0.8129724264144897, 0.9213528037071228, 0.922913134098053, 0.8494940996170044, 0.8321623802185059, 0.9444330930709839, 0.9703512191772461, 0.8614616990089417, 0.9494552612304688, 0.9915322065353394, 0.8598552942276001, 0.8684621453285217, 0.7066380381584167, 0.8639349937438965, 0.9814982414245605, 0.9197258949279785, 0.7529909014701843, 0.7794343829154968, 0.96775883436203, 0.7215479612350464, 0.844878613948822, 0.8652937412261963], "label": [1, 1, 1, 0, 0, 0, 0]}