{"text": ["XYZ Hospital", "123 tlealth Street,Wellness City", "Phone:+1-234-587-890", "Patlont Namx:Allco Smith", ":70", "Doctor:Dr.Patol", "Medidine", "Dosuge", "Frequency", "Duration", "Tab Allegra", "15tablets", "20ms day", "4duys", "Cap Omez", "5tablets", "3 umes duy", "10days", "Cap Cypon", "5tablets", "2mes aduy", "7 days", "Tab Neurobin Forte", "5tablets", "3tmes aday", "7 days", "TabCiplox500", "10tablets", "3 tmesaday", "4days", "TabCyclopom", "5tablets", "3 tmes aday", "7 days", "Syrup", "Dosago", "Froquoncy", "Duratlon", "Syrup TusQ-dx", "Sml", "2 tim doy", "7days", "Syrup Brozodax", "10ml", "2timday", "10day", "Advico:", "-Tako tod rost", "Eat nsy-to-digest food like boiled rice with dal", "-Stytydrated"], "confidence": [0.9428637623786926, 0.8435166478157043, 0.8872672319412231, 0.8237908482551575, 0.8660268783569336, 0.9495258331298828, 0.8929821848869324, 0.9412831664085388, 0.9902750849723816, 0.9623180627822876, 0.9293495416641235, 0.8656508922576904, 0.7605679631233215, 0.9136894941329956, 0.8747931718826294, 0.9020013213157654, 0.7057475447654724, 0.8626441955566406, 0.9470078945159912, 0.9090673923492432, 0.7659589648246765, 0.8401936888694763, 0.9413029551506042, 0.9046000242233276, 0.852321445941925, 0.8452855944633484, 0.9606074690818787, 0.9247161149978638, 0.8438262939453125, 0.9184122085571289, 0.8864560723304749, 0.8909797668457031, 0.8223708868026733, 0.8404199481010437, 0.988613486289978, 0.8496239185333252, 0.9466862082481384, 0.9896453619003296, 0.9507985711097717, 0.9028758406639099, 0.7471926212310791, 0.8716343641281128, 0.9631537795066833, 0.9357630014419556, 0.8172538876533508, 0.817059338092804, 0.9684262275695801, 0.7472178339958191, 0.9027966856956482, 0.9115187525749207], "label": [1, 1, 1, 0, 0, 0, 0]}