{"text": ["XYZ Hospital", "123 tlealth Street,Wellness City", "Phone:+1-234-587-890", "Patlant Namxo:John Brown", "p:27", "Doctor: Dr.Lao", "Medicine", "Dosauge", "Frequency", "Duration", "Tab Evlon", "10tablets", "3mesday", "10days", "Tab Dolonex dt", "10 tablets", "30ms doy", "7days", "Cap Cypon", "20 tblets", "2tmes day", "4 days", "Tab Zole fcream", "20 tablets", "2tmesa dey", "7 days", "Cap CoImmune", "15tablets", "3 tmesaday", "7 days", "Syrup", "Dosapo", "Froquancy", "Duratlon", "Syrup TusQ-dx", "10ml", "2mdoy", "4dy", "Syrup TusQx", "Sml", "2tims doy", "5 days", "Advico:", "-Tako tod rost", "Eat ensy-to-digest food like boiled rice with dnl", "Stoytydrated"], "confidence": [0.9558648467063904, 0.8413600921630859, 0.8676124811172485, 0.8574870228767395, 0.8363779187202454, 0.8749284148216248, 0.9254783391952515, 0.8137890696525574, 0.9788968563079834, 0.9623180627822876, 0.9264383316040039, 0.9273074269294739, 0.8467262983322144, 0.8628065586090088, 0.9180583953857422, 0.8921223878860474, 0.7268615365028381, 0.9236086010932922, 0.9419836401939392, 0.9248446226119995, 0.7455813884735107, 0.8880710601806641, 0.8749058842658997, 0.9061443209648132, 0.8417045474052429, 0.8720644116401672, 0.8853044509887695, 0.8865651488304138, 0.8439608812332153, 0.8720644116401672, 0.9703512191772461, 0.8934853076934814, 0.8946319222450256, 0.9960426092147827, 0.9553414583206177, 0.9347427487373352, 0.793940544128418, 0.962104082107544, 0.9367538690567017, 0.9197258949279785, 0.6940467357635498, 0.8086541295051575, 0.96775883436203, 0.7293953895568848, 0.844878613948822, 0.8266310095787048], "label": [1, 1, 1, 0, 0, 0, 0]}