{"text": ["XYZ Hospital", "123 tlealth Street,Wellness City", "Phone:+1-234-587-890", "Patlant Nanx:Davld Ro", "p:73", "Doctor:Dr.Patol", "Medicine", "Dosage", "Frequency", "Duration", "TabZole fcreum", "10 tablets", "3mesday", "10 days", "Tab Combinam", "20 tablets", "3tmesaday", "30 days", "Tab Triz", "S tablets", "3 tmesaday", "10 duys", "TabCiplox 500", "20 tablets", "2 tm5 dey", "10days", "Syrup", "Dosapo", "Froquancy", "Duratlon", "Syrup Grillnctus tm", "Sml", "2 tim doy", "5days", "Advico:", "-Tako tod rost", "Eat nsy-to-dlgest food like boiled rice with dal", "-Styhydrated"], "confidence": [0.9543247222900391, 0.847599446773529, 0.8941647410392761, 0.7791396379470825, 0.8352077603340149, 0.9536928534507751, 0.9286406636238098, 0.9027800559997559, 0.9772398471832275, 0.9623180627822876, 0.9013157486915588, 0.8888846635818481, 0.8425248265266418, 0.948471188545227, 0.9490478038787842, 0.9054545164108276, 0.8181862235069275, 0.8663529753684998, 0.8074597120285034, 0.8312456011772156, 0.8551346063613892, 0.8914344906806946, 0.9164950251579285, 0.8983814120292664, 0.7426508665084839, 0.9213528037071228, 0.970925509929657, 0.7913495898246765, 0.936258852481842, 0.9347891807556152, 0.9909538626670837, 0.9028758406639099, 0.7548075318336487, 0.8821619153022766, 0.9288334846496582, 0.7059499621391296, 0.8857390284538269, 0.8782772421836853], "label": [1, 0, 1, 0, 0, 0, 0]}