{"text": ["XYZ Hospital", "123 tlealth Street,Wellness City", "Phone:+1-234-587-890", "Patlont Nanx:Davld Ro", "Ap:52", "Doctor: Dr.Smith", "Medicine", "Dosage", "Frequency", "Duration", "Cap Colmmune", "20 tblets", "20ms doy", "7 days", "Tab Evion", "10 tablets", "3tmesaday", "7days", "Tab Triz", "20 tablets", "2 tmes a duy", "4 days", "Tab Sumo cold", "10tablets", "2 tmes a doy", "10days", "Syrup", "Dosago", "Froquancy", "Duratlon", "Syrup Grillnctus tm", "10ml", "3tims doy", "30 days", "Advico:", "-Tako tod rost", "Eat nsy-to-dlgest food like boiled rice with dal", "-Styhydrated"], "confidence": [0.9545047879219055, 0.847599446773529, 0.8946743011474609, 0.7711576819419861, 0.7315886616706848, 0.952056884765625, 0.9307171702384949, 0.8897534012794495, 0.9788968563079834, 0.964890718460083, 0.8870832324028015, 0.9135541915893555, 0.7596700191497803, 0.9877565503120422, 0.9232249855995178, 0.8921223878860474, 0.8034953474998474, 0.9236086010932922, 0.8540539145469666, 0.8709948658943176, 0.8743255138397217, 0.8659627437591553, 0.9020398259162903, 0.9273074269294739, 0.7760208249092102, 0.9213528037071228, 0.970925509929657, 0.9117240309715271, 0.9325470328330994, 0.9200783967971802, 0.9913347959518433, 0.9658069610595703, 0.7591765522956848, 0.8061456680297852, 0.9288334846496582, 0.7059499621391296, 0.8857390284538269, 0.8782772421836853], "label": [1, 1, 1, 0, 0, 0, 0]}