{"text": ["XYZ Hospital", "123 tlealth Street,Wellness City", "Phone:+1-234-587-890", "Patlant Nanx:John Brown", "p:52", "Doctor:Dr.Johnson", "Medicine", "Dosuge", "Frequency", "Quraton", "CapColmmune", "10tablets", "3mesday", "7 duys", "Tab Combinlam", "5tablets", "3 tmes duy", "30 days", "Tab Dolonex dt", "10 tablets", "3 tmesa duy", "10 days", "Tab Thz", "10tablets", "3 tmes aday", "30 days", "Cap Pan d", "10tablets", "2 umes a duy", "5days", "TabClvum 025", "5tablets", "2 tmes a doy", "$ duys", "Syrup", "Dosago", "Froquoncy", "Durotlon", "Syrup Fobrox plus", "Sml", "2 tim doy", "7days", "Syrup TusQ-dx", "Sml", "3timday", "7day", "Advico:", "-Tako tod rost", "Eat nsy-to-digest food like boiled rice with dnl", "-Stytydrated"], "confidence": [0.9539773464202881, 0.8389220237731934, 0.8971930742263794, 0.860133707523346, 0.7853168249130249, 0.9530339241027832, 0.9307171702384949, 0.9415733814239502, 0.9902750849723816, 0.8290681838989258, 0.9278314709663391, 0.9273074269294739, 0.8203554749488831, 0.9787836074829102, 0.8505750298500061, 0.9046000242233276, 0.7485857605934143, 0.8518379926681519, 0.9159628748893738, 0.8921223878860474, 0.8044043183326721, 0.8341747522354126, 0.7960188984870911, 0.9273074269294739, 0.8218534588813782, 0.8867191672325134, 0.8972174525260925, 0.9273074269294739, 0.7387182116508484, 0.8756504058837891, 0.8335755467414856, 0.8909797668457031, 0.8000494837760925, 0.923030436038971, 0.988613486289978, 0.8360254764556885, 0.9466862082481384, 0.9325146675109863, 0.9938008785247803, 0.9028758406639099, 0.7471926212310791, 0.9075732231140137, 0.9556137919425964, 0.927854061126709, 0.7848047614097595, 0.8532044887542725, 0.9698401689529419, 0.7705491185188293, 0.8460922241210938, 0.8946594595909119], "label": [1, 1, 1, 0, 0, 0, 0]}