{"text": ["XYZ Hospital", "123 tlealth Street,Wellness City", "Phone:+1-234.587-890", "Patlant Namx:Jano Wlllams", ":42", "DoctorDr.Johnson", "Medicine", "Dosuge", "Frequency", "Duration", "Tab Dolonex dt", "15tablets", "3mesday", "10days", "Tab Combinam", "10 tablets", "2tmesa duy", "4days", "TabCiplox 500", "5tablets", "2 tmes a duy", "4days", "Cap Dilantn", "10tablets", "2 tmes a doy", "t4 days", "Syrup", "Dosapo", "Froquancy", "Duratlon", "Syrup Cypon", "Sml", "3tmsdoy", "30 day", "SyrupTusdx", "Sml", "3timsday", "30dy", "Advico:", "-Tako tod rost", "Eat nsy-to-dlgest food like boiled dce with dal", "-Staytydrated"], "confidence": [0.9531888961791992, 0.8409596681594849, 0.8577502369880676, 0.8226179480552673, 0.8241965174674988, 0.9636654257774353, 0.9254783391952515, 0.9420654773712158, 0.9838371276855469, 0.9623180627822876, 0.9131957292556763, 0.8910351991653442, 0.8416870832443237, 0.8654675483703613, 0.9339608550071716, 0.8921223878860474, 0.7858530282974243, 0.9184122085571289, 0.910442590713501, 0.8933669328689575, 0.7798504829406738, 0.9184122085571289, 0.8614959120750427, 0.9247161149978638, 0.770778238773346, 0.7770877480506897, 0.9747051000595093, 0.8093938827514648, 0.9061452150344849, 0.8653408288955688, 0.9280692934989929, 0.8684621453285217, 0.702323317527771, 0.7933688163757324, 0.8984538316726685, 0.9197258949279785, 0.7330020666122437, 0.9695253372192383, 0.9688101410865784, 0.8324451446533203, 0.9003587961196899, 0.9319948554039001], "label": [1, 1, 1, 0, 0, 0, 0]}