{"text": ["XYZ Hospital", "123 tlealth Street,Wellness City", "Phone:+1-234-587-890", "Patlont Nanx:Llam Davs", "p:5", "Doctor: Dr.Smith", "Medicine", "Dosuge", "Frequency", "Duration", "Tab Cyclopam", "10tablets", "3mesday", "10 days", "Tab Allegra", "5tablets", "3tmesaday", "7 days", "Cap Colmmune", "t5tblets", "3 tmes a duy", "30 days", "Tab Triz", "5tablets", "2 tms  doy", "4days", "Syrup", "Dosago", "Froquancy", "Duration", "Syrup Brozodax", "Sml", "2 tmdoy", "30day", "Advico:", "-Tako bod rost", "Eat nsy-to-dlgest food like boiled rice with dal", "-Stynydrated"], "confidence": [0.9474150538444519, 0.8475929498672485, 0.8887737989425659, 0.808241605758667, 0.5828918814659119, 0.9507853984832764, 0.9286406636238098, 0.9054610133171082, 0.9788968563079834, 0.9623180627822876, 0.8810727596282959, 0.9273074269294739, 0.8407676815986633, 0.9543588757514954, 0.8720228672027588, 0.8909797668457031, 0.8034953474998474, 0.8720644116401672, 0.9042177200317383, 0.9061143398284912, 0.8568880558013916, 0.8866694569587708, 0.9694429636001587, 0.8909797668457031, 0.7103807330131531, 0.9184122085571289, 0.9728748202323914, 0.9191999435424805, 0.935694694519043, 0.9527572989463806, 0.9840925335884094, 0.8684621453285217, 0.7310596704483032, 0.8759253621101379, 0.9288334846496582, 0.7142534255981445, 0.8857390284538269, 0.8976470828056335], "label": [1, 1, 1, 0, 0, 0, 0]}