{"text": ["XYZ Hospital", "123 tlealth Street,Wellness City", "Phone:+1-234.587-890", "Patlont Namx:John Smith", "Ap:51", "Doctor: Dr.Lao", "Medicine", "Dosuge", "Frequency", "Duration", "TabFebrexplus", "5 tablets", "20ms doy", "14duys", "Cap Omez", "10tablets", "3tmesaday", "t4duys", "Tab Suno cold", "5tablets", "3tmesaduy", "5 days", "Tab Evlon", "5tablets", "3 tmesaday", "4days", "Cap Pan d", "15tablets", "3 tmesaday", "30 days", "TabA1urodin 500", "5tablets", "3 tmesa dey", "10days", "Syrup", "Dosago", "Froquoncy", "Duratlon", "Syrup Corox", "10ml", "2tdoy", "14days", "Advico:", "-Tako to rost", "Eat nsy-to-digest food like boiled dce with dnl", "Stoybydrated"], "confidence": [0.9523743987083435, 0.8472376465797424, 0.8575018644332886, 0.8835038542747498, 0.7541440725326538, 0.878334641456604, 0.9286406636238098, 0.979745090007782, 0.9803639650344849, 0.9629752039909363, 0.9783642292022705, 0.887381374835968, 0.7485461831092834, 0.8650357723236084, 0.8197861909866333, 0.9273074269294739, 0.8242611289024353, 0.8104643225669861, 0.8838704824447632, 0.916618824005127, 0.8547772765159607, 0.7493965029716492, 0.9146842956542969, 0.9046000242233276, 0.8440883755683899, 0.9184122085571289, 0.8387721180915833, 0.8647039532661438, 0.8438262939453125, 0.8853435516357422, 0.8250407576560974, 0.8909797668457031, 0.8145851492881775, 0.8654675483703613, 0.9719002842903137, 0.958836555480957, 0.8976813554763794, 0.9877357482910156, 0.8861015439033508, 0.9717352390289307, 0.698294997215271, 0.8428124785423279, 0.9678854942321777, 0.7605816721916199, 0.859613835811615, 0.8221619129180908], "label": [1, 1, 1, 0, 0, 0, 0]}