{"text": ["XYZ Hospital", "123 tlealth Street,Wellness City", "Phone:+1-234.587-890", "PatlontNam:Evo Ro", "80", "Doctor:Dr.Patol", "Medicine", "Dosuge", "Frequency", "Duration", "TabDolo 650", "10tablets", "20ms doy", "4duys", "Tab Evion", "10 tablets", "3 umes dey", "7days", "Tab Dolonex dt", "10 tablets", "2 tmes day", "5days", "Cap Cypon", "20 toblets", "3 tmesa dey", "7 days", "Tab Triz", "15tablets", "3 tmesaday", "5days", "Syrup", "Dosopo", "Froquoncy", "Duratlon", "Syrup Corox-dx", "10ml", "3timsday", "14day", "Advico:", "-Tako tod rost", "Eat nsy-to-digest food like boiled dce with dal", "-Staytydrated"], "confidence": [0.9555370807647705, 0.8413002490997314, 0.8571933507919312, 0.7953818440437317, 0.7815377712249756, 0.9271616339683533, 0.9314273595809937, 0.9349806904792786, 0.9838371276855469, 0.9623180627822876, 0.8387084603309631, 0.9273074269294739, 0.751822292804718, 0.9136894941329956, 0.9283020496368408, 0.9107781648635864, 0.7338784337043762, 0.9236086010932922, 0.9152517318725586, 0.8921223878860474, 0.721615195274353, 0.8344883918762207, 0.9642513990402222, 0.8743324279785156, 0.8120609521865845, 0.8720644116401672, 0.9694429636001587, 0.8865651488304138, 0.8450846672058105, 0.8882506489753723, 0.9720994234085083, 0.7710023522377014, 0.9546997547149658, 0.9654592275619507, 0.9503946900367737, 0.9347427487373352, 0.7406063079833984, 0.7760825753211975, 0.9675191640853882, 0.8345187902450562, 0.8992130160331726, 0.9372954964637756], "label": [1, 1, 1, 0, 0, 0, 0]}