{"text": ["XYZ Hospital", "123 tlealth Street,Wellness City", "Phone:+1-234-587-890", "Patlont Nanx:Evo Wlllams", "Ap:37", "Doctor: Dr. Millor", "Medicine", "Dosage", "Frequency", "Duration", "TabCiplox 500", "20 tblets", "3mesday", "5 days", "Cap Zovirax", "10 tablets", "2tmesa duy", "30 days", "TabAllegra", "5tablets", "2 tmes a duy", "10 days", "TabAluhrodin 500", "t5tablets", "3 tmesa dey", "4days", "Syrup", "Dosago", "Froquancy", "Duratlon", "Syrup Fobrox plus", "Sml", "2 tm doy", "5days", "Advico:", "-Tako tod rst", "Eat nsy-to-dlgest food like boiled rice with dal", "-Styhydrated"], "confidence": [0.9479550719261169, 0.8390575647354126, 0.8836950063705444, 0.8244779706001282, 0.7727944254875183, 0.9520585536956787, 0.9286406636238098, 0.8897534012794495, 0.9789015650749207, 0.964890718460083, 0.8652999401092529, 0.9135541915893555, 0.8425248265266418, 0.7393367886543274, 0.9159099459648132, 0.8921223878860474, 0.7841420769691467, 0.8663529753684998, 0.9467397928237915, 0.9093613624572754, 0.8645098805427551, 0.8472437858581543, 0.7728022336959839, 0.8583819270133972, 0.7414395809173584, 0.9184122085571289, 0.9728748202323914, 0.9117240309715271, 0.9373424053192139, 0.8738883137702942, 0.9864944219589233, 0.8684621453285217, 0.7262657880783081, 0.8614164590835571, 0.9268304705619812, 0.7138832807540894, 0.8857390284538269, 0.8823270797729492], "label": [1, 1, 1, 0, 0, 0, 0]}