{"text": ["XYZ Hospital", "123 tlealth Street,Wellness City", "Phone:+1-234-587-890", "Patlont Namx:Evo Smith", "Doctor: Dr.Johnson", "Medicine", "Dosage", "Frequency", "Duration", "Tab Evlon", "t5tablets", "20ms doy", "4 duys", "Cap Omez", "t5tablets", "2tmesa day", "10days", "Tab Triz", "10tablets", "2 tmes a duy", "7 days", "Tab Neurobin Forte", "10tablets", "2 tmes a doy", "5 days", "Syrup", "Dosago", "Froquancy", "Duratlon", "Syrup TusQ dx", "Sml", "3tims doy", "10days", "Advico:", "-Tako bod rost", "Eat nsy-to-dlgest food like boiled rice with dal", "-Stynydrated"], "confidence": [0.9509110450744629, 0.8450579047203064, 0.8954404592514038, 0.8110023736953735, 0.9472150802612305, 0.930323600769043, 0.8897534012794495, 0.9838371276855469, 0.9623180627822876, 0.9272973537445068, 0.8831853270530701, 0.7564270496368408, 0.9153589606285095, 0.828264057636261, 0.8836497068405151, 0.7311515808105469, 0.9015160202980042, 0.8540539145469666, 0.9273074269294739, 0.8666040897369385, 0.8720644116401672, 0.93429034948349, 0.9273074269294739, 0.769815981388092, 0.8334064483642578, 0.9728748202323914, 0.9191999435424805, 0.9325470328330994, 0.9347891807556152, 0.9520286321640015, 0.8684621453285217, 0.7522122859954834, 0.8736727833747864, 0.9288334846496582, 0.7142534255981445, 0.8857390284538269, 0.8979136347770691], "label": [1, 1, 1, 0, 0, 0, 0]}