{"text": ["XYZ Hospital", "123 tlealth Street,Wellness City", "Phone:+1-234.587-890", "PatlantNamx:Bob Ro", ":44", "Doctor: Dr. Tumor", "Medicine", "Dosuge", "Frequency", "Duration", "Cap Omez", "15tablets", "3mesday", "30 days", "Tab Febrex plus", "20 tablets", "3 tmes dey", "5days", "TabAllegra", "15tablets", "3tmes aday", "5 days", "Tab Clavum025", "20 tablets", "3 tmesa dey", "5 days", "Cap Zovirax", "15tablets", "3tmesaday", "10days", "Syrup", "Dosapo", "Froquoncy", "Duratlon", "Syrup Corox", "Sml", "2tmdoy", "10dny", "Syrup TusQ-dx", "Sml", "3tims doy", "4 days", "Advico:", "-Tako tod rost", "Eat ensy-to-digest food like boiled rice with dnl", "Stoytydrated"], "confidence": [0.9511651992797852, 0.8415265083312988, 0.8575018644332886, 0.8007270693778992, 0.8580889701843262, 0.956225574016571, 0.9246234893798828, 0.9427713751792908, 0.9788968563079834, 0.965709924697876, 0.7295246124267578, 0.8913987278938293, 0.8170825242996216, 0.8676621317863464, 0.9111407995223999, 0.9054545164108276, 0.7654374837875366, 0.8756504058837891, 0.9442430734634399, 0.8647039532661438, 0.8121234774589539, 0.802062451839447, 0.8512910008430481, 0.9061443209648132, 0.7284836173057556, 0.8334064483642578, 0.8703895807266235, 0.8871575593948364, 0.8585392832756042, 0.9213528037071228, 0.9703512191772461, 0.9054598808288574, 0.9308472871780396, 0.9594031572341919, 0.9759426712989807, 0.8684621453285217, 0.7008616924285889, 0.6276463270187378, 0.9705040454864502, 0.9197258949279785, 0.7592406868934631, 0.8612959980964661, 0.9662078022956848, 0.7388820648193359, 0.844878613948822, 0.8284637331962585], "label": [1, 1, 1, 0, 0, 0, 0]}