{"text": ["XYZ Hospital", "123 tlealth Street,Wellness City", "Phone:+1-234-587-890", "Patlont Nanx:Charlo Brown", "40", "Doctor:Dr.Johnson", "Medicine", "Dosuge", "Frequency", "Duration", "Tab Cyciomelf", "15tablets", "20ms day", "10days", "Tab Allegr", "10tablets", "2 tms  duy", "30 days", "Cap Colmmune", "20tblets", "2 tmes a duy", "t4duys", "TabDolo650", "5tablets", "3 tmes aday", "7 days", "TabAluhrocin 500", "5tablets", "3 tmesaday", "7 days", "TabNeurobin Forte", "20 tablets", "2 tmes a doy", "7days", "Syrup", "Dosago", "Froquoncy", "Duratlon", "Syrup TusQx", "10ml", "3tims doy", "10days", "Syrup TusQ dx", "Sml", "3timsday", "10days", "Advico:", "-Tako tod rost", "Eat nsy-to-digest food like boiled rice with dnl", "-Stytydrated"], "confidence": [0.9539773464202881, 0.8392246961593628, 0.8858763575553894, 0.8289331197738647, 0.7681287527084351, 0.9536137580871582, 0.9246234893798828, 0.9420654773712158, 0.9902750849723816, 0.9623180627822876, 0.8408840894699097, 0.8647039532661438, 0.7605679631233215, 0.8628065586090088, 0.8866918683052063, 0.9273074269294739, 0.7418817281723022, 0.8518379926681519, 0.8623999953269958, 0.9412925839424133, 0.7192685604095459, 0.8104643225669861, 0.8758241534233093, 0.9046000242233276, 0.8218534588813782, 0.8452855944633484, 0.7759724259376526, 0.9079194068908691, 0.8251968622207642, 0.8452855944633484, 0.9577509760856628, 0.9735544323921204, 0.8000494837760925, 0.9442938566207886, 0.988613486289978, 0.8285646438598633, 0.9466862082481384, 0.9896453619003296, 0.9398233294487, 0.9702969789505005, 0.7382882833480835, 0.8172560334205627, 0.9453410506248474, 0.927854061126709, 0.7849414348602295, 0.8326132893562317, 0.9632426500320435, 0.7723420858383179, 0.8460922241210938, 0.8946594595909119], "label": [1, 1, 1, 0, 0, 0, 0]}