{"text": ["XYZ Hospital", "123 tlealth Street,Wellnes City", "Phone:+1-234-587-890", "Patlont Nanx:Mla Davis", "Ap:51", "Doctor: Dr.Lao", "Medicine", "Dosage", "Frequency", "Duration", "Tab Dolonexdt", "t5tablets", "20ms doy", "10 days", "Tab Cyciomeff", "t5tablets", "2tmes  duy", "4days", "TabZole fcream", "t5tblets", "3 tmes a duy", "30 duys", "Cap Omez", "10tablets", "2 tms a dey", "7days", "Syrup", "Dosago", "Froquancy", "Duration", "Syrup Brozodax", "Sml", "3tims doy", "30day", "Advico:", "-Tako bod rost", "Eat nsy-to-dlgest food like boiled rice with dal", "-Stynydrated"], "confidence": [0.9484283924102783, 0.8448141813278198, 0.8976541757583618, 0.8143194317817688, 0.7661563158035278, 0.9032083749771118, 0.951400876045227, 0.9033363461494446, 0.9832684397697449, 0.9623180627822876, 0.944376528263092, 0.8831853270530701, 0.7564270496368408, 0.948471188545227, 0.8542903661727905, 0.8831853270530701, 0.7222400307655334, 0.9184122085571289, 0.88483726978302, 0.9061143398284912, 0.8485350012779236, 0.9196853041648865, 0.8792755603790283, 0.9273074269294739, 0.7360888123512268, 0.9444330930709839, 0.970925509929657, 0.9117240309715271, 0.9355165958404541, 0.9527572989463806, 0.9842071533203125, 0.8684621453285217, 0.7522122859954834, 0.8759253621101379, 0.9288334846496582, 0.7142534255981445, 0.8857390284538269, 0.897238552570343], "label": [1, 1, 1, 0, 0, 0, 0]}