{"text": ["XYZ Hospital", "123 tlealth Street,Wellness City", "Phone:+1-234.587-890", "PatlantNamx:Llam Whito", "Ap:58", "Doctor: Dr. Tumor", "Medicine", "Dosage", "Frequency", "Duration", "Tab Ttz", "20 tblets", "20ms day", "4duys", "Tab Evlon", "20 tablets", "20mesaday", "5days", "Cap Cypon", "20 tablets", "2mes aduy", "10days", "Tab Allegra", "15tablets", "3tmes aday", "4duys", "TabCyciopam", "10tablets", "3 tmesaday", "4duys", "Tab Zole fcream", "15tblets", "2 tms a day", "7 days", "Syrup", "Dosago", "Froquoncy", "Duratlon", "Syrup TusQ-dx", "Sml", "2tmdoy", "30 dny", "Advico:", "-Tako tod rost", "Eat nsy-to-digest food like boiled dce with dnl", "Stoybydrated"], "confidence": [0.9545212388038635, 0.8440488576889038, 0.8531273007392883, 0.8395689129829407, 0.5542054772377014, 0.957442581653595, 0.930323600769043, 0.9033363461494446, 0.9790523052215576, 0.9618746042251587, 0.8316596150398254, 0.9003804326057434, 0.7605679631233215, 0.9136894941329956, 0.8897180557250977, 0.8967920541763306, 0.7667410373687744, 0.8520981669425964, 0.8964913487434387, 0.8709948658943176, 0.7659589648246765, 0.8628065586090088, 0.8574976325035095, 0.8671495914459229, 0.852321445941925, 0.9083743095397949, 0.8789215683937073, 0.9273074269294739, 0.8438262939453125, 0.9083743095397949, 0.8832219839096069, 0.9046850204467773, 0.7687986493110657, 0.8767657279968262, 0.9719002842903137, 0.9144992828369141, 0.8976813554763794, 0.9814329147338867, 0.9332492351531982, 0.927854061126709, 0.7008616924285889, 0.7926518321037292, 0.9678854942321777, 0.7583456039428711, 0.8616782426834106, 0.8271915912628174], "label": [1, 1, 1, 0, 0, 0, 0]}