{"text": ["XYZ Hospital", "123 tlealth Street,Wellness City", "Phone:+1-234.587-890", "Patlant Nanx:Davld Whito", "p:9", "Doctor: Dr. Millor", "Medicine", "Dosuge", "Frequency", "Duration", "Cap Dilanun", "20 tblets", "3mesday", "7 duys", "Tab Neurobin Forte", "20 tablets", "20mesaday", "4duys", "Tab Cetine", "10tablets", "3 tmesaduy", "30 duys", "Cap Cypon", "15tablets", "2tmesa day", "7 days", "Tab Trz", "20 tblets", "3 tmesaday", "7 days", "TabCyclopam", "15tablets", "2 tms a day", "$ days", "Syrup", "Dosago", "Froquoncy", "Duratlon", "Syrup TusQx", "Sml", "3tms doy", "14days", "Advico:", "-Tako to rst", "Eat nsy-to-digest food like boiled dce with dnl", "Stoybydrated"], "confidence": [0.9549853205680847, 0.8385964632034302, 0.8581722378730774, 0.833240807056427, 0.5035769939422607, 0.9755724668502808, 0.930323600769043, 0.9427713751792908, 0.9790523052215576, 0.955414891242981, 0.8809783458709717, 0.9003804326057434, 0.8203554749488831, 0.9796134829521179, 0.9530066251754761, 0.8709948658943176, 0.7667410373687744, 0.9136894941329956, 0.9377728700637817, 0.9273074269294739, 0.8196805119514465, 0.9156034588813782, 0.9164699912071228, 0.8671495914459229, 0.8157480955123901, 0.861883819103241, 0.9231915473937988, 0.9003804326057434, 0.8438262939453125, 0.8452855944633484, 0.8935652375221252, 0.8990643620491028, 0.7687986493110657, 0.9325768351554871, 0.9719002842903137, 0.9144992828369141, 0.8976813554763794, 0.9845994710922241, 0.9335668683052063, 0.927854061126709, 0.7197035551071167, 0.8428124785423279, 0.9678854942321777, 0.7280141711235046, 0.8616782426834106, 0.8416121602058411], "label": [1, 1, 1, 0, 0, 0, 0]}