{"text": ["XYZ Hospital", "123 tlealth Street,Wellness City", "Phone:+1-234.587-890", "Patlant Namx:Charl D", ":20", "Doctor: Dr.Patol", "Medicine", "Dosauge", "Frequency", "Duration", "Tab Allegra", "10 tablets", "3mesday", "14duys", "Cap Zovirax", "20 tablets", "3 umes duy", "4duys", "Tab Evlon", "10tablets", "3tmesaduy", "4 duys", "Tab Febrexplus", "20 tablets", "2 tmes a duy", "7 days", "Tab Sumo cold", "10tablets", "2 tmes a duy", "4duys", "TabA1urodin 500", "10tablets", "2 tmes a doy", "30 days", "Syrup", "Dosago", "Froquoncy", "Duratlon", "Syrup TusQ-dx", "10ml", "2tmdoy", "7day", "Advico:", "-Tako tod rost", "Eat nsy-to-digest food like boiled dce with dnl", "Stoytydrated"], "confidence": [0.9527716040611267, 0.836279034614563, 0.8581722378730774, 0.7921392321586609, 0.852616012096405, 0.9623554348945618, 0.8897854089736938, 0.8137890696525574, 0.9790523052215576, 0.9623180627822876, 0.921038806438446, 0.8778047561645508, 0.8458738923072815, 0.8650357723236084, 0.8834110498428345, 0.8967920541763306, 0.6944295167922974, 0.9083743095397949, 0.9196758270263672, 0.9273074269294739, 0.8625564575195312, 0.939846932888031, 0.9429062008857727, 0.8709948658943176, 0.7442622184753418, 0.861883819103241, 0.8817245960235596, 0.9273074269294739, 0.7857459187507629, 0.9083743095397949, 0.8303186893463135, 0.9273074269294739, 0.7735598087310791, 0.8513266444206238, 0.9719002842903137, 0.8300634026527405, 0.9529516696929932, 0.9921525120735168, 0.9449167847633362, 0.9751888513565063, 0.7179483771324158, 0.940690815448761, 0.9678854942321777, 0.7585877180099487, 0.8616782426834106, 0.8621355891227722], "label": [1, 1, 1, 0, 0, 0, 0]}