{"text": ["XYZ Hospital", "123 tlealth Street,Wellness City", "Phone:+1-234.587-890", "Patlont Nanx:Chadlo Wlllams", ":30", "Doctor: Dr.Lo", "Medicine", "Dosage", "Frequency", "Duration", "TabCiplox500", "15tablets", "3mesday", "7 duys", "Tab Sumo cold", "15tablets", "3 umes dey", "5days", "Tab Evion", "5tablets", "2 tmes dey", "$ days", "Tab Pan d", "10tablets", "3tmesaday", "7 days", "TabDolo 650", "10 tablets", "3 tmesaday", "t4 days", "Syrup", "Dosapo", "Froquancy", "Duratlon", "SyrupTusx", "Sml", "2m doy", "10dny", "Syrup Grillnctus tm", "10ml", "2tims doy", "30days", "Advico:", "-Tako tod rost", "Eat ensy-to-digest food like boiled rice with dnl", "Stoybydrated"], "confidence": [0.9505414366722107, 0.8416517972946167, 0.8589719533920288, 0.7812384366989136, 0.8784618377685547, 0.9269587397575378, 0.9506158828735352, 0.9033363461494446, 0.9788968563079834, 0.955414891242981, 0.906361997127533, 0.8913987278938293, 0.8467262983322144, 0.9828178286552429, 0.9190202951431274, 0.9090301990509033, 0.7338784337043762, 0.8366293907165527, 0.9249066114425659, 0.9073119759559631, 0.7602824568748474, 0.724358081817627, 0.9139695763587952, 0.9273074269294739, 0.8846117854118347, 0.8452855944633484, 0.8519672155380249, 0.901634693145752, 0.8439608812332153, 0.9750253558158875, 0.9656500816345215, 0.8843854069709778, 0.9319033026695251, 0.9960426092147827, 0.8774757981300354, 0.9197258949279785, 0.7393810749053955, 0.6375325322151184, 0.9945317506790161, 0.9380403757095337, 0.6940467357635498, 0.9039595127105713, 0.96775883436203, 0.7486037015914917, 0.844878613948822, 0.8244300484657288], "label": [1, 0, 1, 0, 0, 0, 0]}