{"text": ["XYZ Hospital", "123 tlealth Street,Wellness City", "Phone:+1-234.587-890", "Patlont Namx:Jano Brown", ":70", "Doctor: Dr.Lao", "Medicine", "Dosuge", "Frequency", "Duration", "Tab Sumo cold", "10tablets", "3mesday", "30 days", "Tab Clavum025", "10 tablets", "20mes day", "30 days", "Tab Febrex plus", "15tablets", "2 tmes aday", "30 days", "Tab Triz", "15tablets", "2tmesaday", "5 days", "Tab Cetine", "5tablets", "3 tmesaday", "5days", "Syrup", "Dosopo", "Froquoncy", "Duration", "Syrup Fobrxplus", "10ml", "3timsday", "30dy", "Advico:", "-Tako tod rost", "Eat nsy-to-dlgest food like boiled dce with dal", "-Stayhydrated"], "confidence": [0.95541912317276, 0.8380128741264343, 0.8541738390922546, 0.8641307950019836, 0.7153405547142029, 0.9030641913414001, 0.9286406636238098, 0.9349806904792786, 0.9838371276855469, 0.964890718460083, 0.9144731760025024, 0.9273074269294739, 0.8203554749488831, 0.8676621317863464, 0.8511881232261658, 0.8921223878860474, 0.7785812020301819, 0.8867191672325134, 0.8943037390708923, 0.8913987278938293, 0.762387216091156, 0.8866694569587708, 0.9879308342933655, 0.9035497307777405, 0.8693881630897522, 0.8977670669555664, 0.9062473177909851, 0.9057856798171997, 0.8432919383049011, 0.8882506489753723, 0.9720994234085083, 0.7710023522377014, 0.9749724864959717, 0.9667842388153076, 0.851455569267273, 0.9347427487373352, 0.7220712900161743, 0.9668070673942566, 0.9687759280204773, 0.8077505826950073, 0.901470422744751, 0.8786836266517639], "label": [1, 0, 1, 0, 0, 0, 0]}