{"text": ["XYZ Hospital", "123 tlealth Street,Wellness City", "Phone:+1-234-587-890", "Patlant Nanx:John Millor", ":53", "Doctor: Dr.Lao", "Medicine", "Dosuge", "Frequency", "Duration", "TabFebrexplus", "10 tablets", "20ms dey", "7 days", "Cap Pan d", "15tablets", "2 um05  duy", "7 days", "Tab Zole fcreum", "10tablets", "3 tmesa doy", "10 duys", "TabAlurocin 500", "15tablets", "2 tmesa day", "30 days", "Tab Trz", "10tablets", "3 tmesaday", "10days", "Cap Cypon", "20 tablets", "3 tmesa dey", "4days", "Syrup", "Dosapo", "Froquoncy", "Duratlon", "Syrup Zodax", "10ml", "2 timdoy", "10days", "Syrup Corox-dx", "Sml", "2timday", "10days", "Advico:", "-Tako tod rst", "Eat nsy-to-digest food like boiled rice with dal", "-Stytydrated"], "confidence": [0.9466805458068848, 0.8450297117233276, 0.8884289860725403, 0.8698959350585938, 0.9053983092308044, 0.8953491449356079, 0.923460841178894, 0.9415733814239502, 0.9902750849723816, 0.964890718460083, 0.9766137003898621, 0.8778047561645508, 0.7692691087722778, 0.8594018816947937, 0.9109414219856262, 0.8671495914459229, 0.7148935794830322, 0.861883819103241, 0.8440190553665161, 0.9273074269294739, 0.7694242000579834, 0.8829830288887024, 0.7880983352661133, 0.8671495914459229, 0.805739164352417, 0.8479889631271362, 0.9231915473937988, 0.9273074269294739, 0.8478784561157227, 0.8654675483703613, 0.9906094670295715, 0.8797799944877625, 0.7851676344871521, 0.9184122085571289, 0.988613486289978, 0.8240053653717041, 0.9466862082481384, 0.9893155694007874, 0.9197816848754883, 0.9702969789505005, 0.7554259300231934, 0.8172560334205627, 0.9713419675827026, 0.927854061126709, 0.8143227696418762, 0.8326132893562317, 0.9210488200187683, 0.7242653369903564, 0.9027966856956482, 0.9149673581123352], "label": [1, 1, 1, 0, 0, 0, 0]}