{"text": ["XYZ Hospital", "123 tlealth Street,Wellness City", "Phone:+1-234.587-890", "Patlant Namx:Charlo Wlson", ":30", "Doctor: Dr.Lao", "Medicine", "Dosuge", "Frequency", "Duration", "Tab Cyclopom", "20 tblets", "20ms doy", "7 duys", "TabAlurocin 500", "10 tablets", "3umesaday", "10days", "Tab Clavum 25", "t5tablets", "2 tms day", "4days", "Tab Zole fcream", "5tablets", "2 tmes adey", "30 days", "Tab Combinam", "20 tablets", "3 tmesaday", "10days", "Syrup", "Dosapo", "Froquancy", "Duratlon", "Syrup TusQx", "Sml", "2tm doy", "10dny", "Syrup Corox", "10ml", "3 tims doy", "7days", "Advico:", "-Tako tod rost", "Eat ensy-to-digest food like boiled rice with dnl", "Stoytydrated"], "confidence": [0.9515628814697266, 0.8386703133583069, 0.8589719533920288, 0.836690366268158, 0.8784618377685547, 0.8878427147865295, 0.9176411628723145, 0.9427713751792908, 0.9838371276855469, 0.9564203023910522, 0.8704748153686523, 0.9135541915893555, 0.7523245811462402, 0.8653728365898132, 0.8223394155502319, 0.8921223878860474, 0.8479437828063965, 0.8626441955566406, 0.8121650218963623, 0.8831853270530701, 0.7628087401390076, 0.8935898542404175, 0.8810368180274963, 0.895728349685669, 0.8046001195907593, 0.8853435516357422, 0.9412245750427246, 0.8863240480422974, 0.8439608812332153, 0.9213528037071228, 0.974157989025116, 0.7913495898246765, 0.8954519629478455, 0.957970380783081, 0.938771665096283, 0.9197258949279785, 0.7230568528175354, 0.6375325322151184, 0.8967664837837219, 0.9380403757095337, 0.7696221470832825, 0.9038707613945007, 0.9671232104301453, 0.7136694192886353, 0.844878613948822, 0.8652937412261963], "label": [1, 0, 1, 0, 0, 0, 0]}