{"text": ["XYZ Hospital", "123 tlealth Street,Wellness City", "Phone:+1-234.587-890", "PatlantNamx:Bob Smith", "p:5", "Doctor:Dr.Johnson", "Medicine", "Dosuge", "Frequency", "Duration", "Tab Dolonex dt", "15tablets", "20ms day", "30 days", "Tab Combinam", "5tablets", "3umesadey", "30 days", "Cap Omez", "20 tblets", "2 tmes day", "t4days", "Tab Sumo cold", "10 tablets", "3 tmesa dey", "7 days", "TabZole fcream", "t5tablets", "2tmesaday", "5days", "Syrup", "Dosapo", "Froquoncy", "Duratlon", "Syrup Corox", "Sml", "2timday", "7day", "Advico:", "-Tako tod rost", "Eat nsy-to-digest food like boiled dce with dal", "-Stayhydrated"], "confidence": [0.9544928669929504, 0.8350533843040466, 0.8465229868888855, 0.849401593208313, 0.5828918814659119, 0.9604119658470154, 0.930323600769043, 0.9420654773712158, 0.9838371276855469, 0.965709924697876, 0.9148510694503784, 0.8647039532661438, 0.7605679631233215, 0.8676621317863464, 0.9335317611694336, 0.8909797668457031, 0.8198149800300598, 0.8867191672325134, 0.793196439743042, 0.9185055494308472, 0.7324858903884888, 0.8406792283058167, 0.8881277441978455, 0.901634693145752, 0.7729131579399109, 0.8720644116401672, 0.8861929774284363, 0.8830724954605103, 0.8561273813247681, 0.8882506489753723, 0.9720994234085083, 0.9054598808288574, 0.9749724864959717, 0.9097633361816406, 0.9781517386436462, 0.9197258949279785, 0.7432094216346741, 0.8434621095657349, 0.9675191640853882, 0.8316531181335449, 0.89924156665802, 0.88934326171875], "label": [1, 1, 1, 0, 0, 0, 0]}