{"text": ["XYZ Hospital", "123 tlealth Street,Wellness City", "Phone:+1-234.587-890", "PatlantNamx:Evo Davs", ":44", "Doctor: Dr. Smith", "Medicine", "Dosuge", "Frequency", "Duration", "Cap Dilanun", "5 tablets", "3mesday", "$ days", "Tab Clavum025", "5 tablets", "20mesaday", "4days", "Tab Febrexplus", "10tablets", "2 tmesa dey", "10 days", "Tab Allegra", "15tablets", "2umesaday", "7 days", "Tab Cyciomeff", "5 tablets", "3 tmesaday", "t4days", "Syrup", "Dosapo", "Froquoncy", "Duratlon", "Syrup Corox", "10ml", "2tdoy", "10dny", "Syrup Cypon", "10ml", "3tims doy", "4 days", "Advico:", "-Tako tod rost", "Eat ensy-to-digest food like boiled rice with dnl", "Stoytydrated"], "confidence": [0.9535693526268005, 0.8414099216461182, 0.8575018644332886, 0.8169185519218445, 0.8580889701843262, 0.9411486387252808, 0.930323600769043, 0.9740098118782043, 0.9850733280181885, 0.964890718460083, 0.8838495016098022, 0.8705056309700012, 0.8467262983322144, 0.837290346622467, 0.869794487953186, 0.8665355443954468, 0.7657408118247986, 0.8935898542404175, 0.9516142010688782, 0.9273074269294739, 0.7692209482192993, 0.8690416216850281, 0.9265641570091248, 0.8871575593948364, 0.8108638525009155, 0.8767657279968262, 0.8350530862808228, 0.8494940996170044, 0.8321623802185059, 0.8406792283058167, 0.9719002842903137, 0.9139150977134705, 0.9507405757904053, 0.9960426092147827, 0.9759426712989807, 0.9483411312103271, 0.698294997215271, 0.6375325322151184, 0.9881842136383057, 0.9604064226150513, 0.7417122721672058, 0.8612959980964661, 0.96775883436203, 0.730461597442627, 0.844878613948822, 0.8286395072937012], "label": [1, 1, 1, 0, 0, 0, 0]}