{"text": ["XYZ Hospital", "123 tlealth Street,Wellness City", "Phone:+1-234.587-890", "Patlant Namx:Davld Ro", ":70", "Doctor: Dr.Patol", "Medicine", "Dosuge", "Frequency", "Duration", "Tab Allegra", "t5tablets", "20ms dey", "4duys", "Tab Zole fcream", "t5tablets", "2 tm0s  duy", "7days", "Cap Zovirax", "t5tblets", "2tmesa dey", "5days", "Tab Neurobin Forte", "t5tablets", "3 tmesa dey", "10days", "Syrup", "Dosago", "Froquoncy", "Duratlon", "Syrup Zodax", "Sml", "2 tm doy", "30 days", "SyrupTusx", "10ml", "3timsday", "10day", "Advico:", "-Tako tod rost", "Eat nsy-to-digest food like boiled rice with dal", "-Stayhydrated"], "confidence": [0.95541912317276, 0.8471035957336426, 0.8541738390922546, 0.7779064178466797, 0.8660268783569336, 0.9494669437408447, 0.9286406636238098, 0.9427713751792908, 0.9838371276855469, 0.9623180627822876, 0.8999242782592773, 0.8831853270530701, 0.7710025310516357, 0.9136894941329956, 0.8771246075630188, 0.8831853270530701, 0.7051472663879395, 0.9236086010932922, 0.9153544902801514, 0.9061143398284912, 0.8103421926498413, 0.8882506489753723, 0.9284508228302002, 0.8862625360488892, 0.8120609521865845, 0.948091983795166, 0.9720994234085083, 0.8496239185333252, 0.9034984111785889, 0.8653408288955688, 0.8622224926948547, 0.8684621453285217, 0.7740520238876343, 0.9702292084693909, 0.8666501641273499, 0.9165780544281006, 0.7808237075805664, 0.7979649305343628, 0.9678854942321777, 0.7862769961357117, 0.9073290824890137, 0.8786836266517639], "label": [1, 1, 1, 0, 0, 0, 0]}