{"text": ["XYZ Hospital", "123 tlealth Street,Wellness City", "Phone:+1-234.587-890", "PatlontNanx:Bob Davs", ":70", "Doctor: Dr.Tumor", "Medicine", "Dosuge", "Frequency", "Duration", "Cap Zovirax", "20 tblets", "3mesday", "4duys", "Tab Dolonexdt", "t5tablets", "2 tmes  duy", "5days", "Tab Combinam", "5tablets", "2 tmes a duy", "5 days", "TabDolo 650", "t5tablets", "3 tmesa dey", "t4days", "Syrup", "Dosago", "Froquancy", "Duratlon", "Syrup Fobrox plus", "Sml", "3tmsdoy", "5 days", "SyrupZodax", "10ml", "3timsday", "30dy", "Advico:", "-Tako bod rost", "Eat nsy-to-digest food like boiled rice with dal", "-Staytydrated"], "confidence": [0.9555370807647705, 0.8471035957336426, 0.8541738390922546, 0.8314236402511597, 0.7763848900794983, 0.952983021736145, 0.9286406636238098, 0.9427713751792908, 0.9838371276855469, 0.9622949361801147, 0.8519293069839478, 0.9135541915893555, 0.8416870832443237, 0.9136894941329956, 0.9479104280471802, 0.8853757381439209, 0.681406557559967, 0.8691898584365845, 0.9306991696357727, 0.8878754377365112, 0.7798504829406738, 0.7885099053382874, 0.8612693548202515, 0.8862625360488892, 0.7014458179473877, 0.8406792283058167, 0.975112795829773, 0.8239191174507141, 0.9061452150344849, 0.8870259523391724, 0.9907509088516235, 0.8684621453285217, 0.702323317527771, 0.8145861029624939, 0.9065452814102173, 0.911413848400116, 0.7330020666122437, 0.9695253372192383, 0.967370867729187, 0.8304697871208191, 0.8990753293037415, 0.9250409007072449], "label": [1, 1, 1, 0, 0, 0, 0]}