{"text": ["XYZ Hospital", "123 tlealth Street,Wellness City", "Phone:+1-234.587-890", "Patlant Namx:Graco Whito", "p:23", "Doctor:Dr.Patol", "Medicine", "Dosage", "Frequency", "Duration", "TabCiplox 500", "5tablets", "3tmesaday", "5days", "Tab Triz", "15tablets", "3 tmes dey", "t4days", "Cap Pan d", "15tablets", "2 tmes day", "30 days", "TabDolo650", "10 tablets", "3 tmesa dey", "7 days", "Tab Pan d", "5tablets", "2tmesaday", "7days", "Syrup", "Dosago", "Froquoncy", "Duratlon", "Syrup Cypon", "Sml", "2timday", "30days", "Advico:", "-Tako tod rost", "Eat nsy-to-dlgest food like boiled dce with dal", "-Staytydrated"], "confidence": [0.9539773464202881, 0.8478810787200928, 0.8465229868888855, 0.8271223902702332, 0.7894628047943115, 0.9238155484199524, 0.930323600769043, 0.8897534012794495, 0.986274003982544, 0.965709924697876, 0.9014389514923096, 0.901167631149292, 0.7419928908348083, 0.8343985676765442, 0.9866247177124023, 0.8623680472373962, 0.7472718954086304, 0.8406792283058167, 0.9139582514762878, 0.8623680472373962, 0.721615195274353, 0.8866694569587708, 0.8693490028381348, 0.901634693145752, 0.8120609521865845, 0.9913495182991028, 0.888660728931427, 0.9057856798171997, 0.8577829003334045, 0.9444330930709839, 0.9720994234085083, 0.9064610600471497, 0.9728686809539795, 0.9871726036071777, 0.9492177367210388, 0.9197258949279785, 0.7550383806228638, 0.8138046264648438, 0.9691476225852966, 0.7947360873222351, 0.9010121822357178, 0.937537431716919], "label": [1, 1, 1, 0, 0, 0, 0]}