{"text": ["XYZ Hospital", "123 tlealth Street,Wellness City", "Phone:+1-234.587-890", "Patlant Namx:AllcoJohnson", "DoctorDr.Smith", "Medicine", "Dosuge", "Frequency", "Duration", "Tab Febrexplus", "20 tblets", "20ms dey", "4duys", "Tab Neurobin Forte", "10 tablets", "2tmesa dey", "$ days", "TabCyciomelf", "t5tblets", "3 tmesaday", "30 duys", "Tab Trz", "20 tablets", "3 tmesa dey", "5days", "Syrup", "Dosago", "Froquoncy", "Duration", "Syrup Cypon", "10ml", "2 tm doy", "30 days", "SyrupZodax", "10ml", "2timday", "5doy", "Advico:", "-Tako bod rost", "Eat nsy-to-digest food like boiled rice with dal", "-Stayhydrated"], "confidence": [0.951866626739502, 0.8402663469314575, 0.8577502369880676, 0.8558286428451538, 0.972897469997406, 0.9314273595809937, 0.9427713751792908, 0.9838371276855469, 0.9622949361801147, 0.946690022945404, 0.9135541915893555, 0.7710025310516357, 0.9083743095397949, 0.9362795352935791, 0.8921223878860474, 0.7338863611221313, 0.9286584258079529, 0.8686442971229553, 0.9061143398284912, 0.8439608812332153, 0.9196853041648865, 0.8212323784828186, 0.8983814120292664, 0.8120609521865845, 0.886221706867218, 0.9747051000595093, 0.8496239185333252, 0.8970111012458801, 0.9552180767059326, 0.9894387722015381, 0.9347427487373352, 0.7824395895004272, 0.8685017824172974, 0.898558497428894, 0.911413848400116, 0.7986935377120972, 0.7402545213699341, 0.967370867729187, 0.8230072855949402, 0.8990753293037415, 0.8757689595222473], "label": [1, 0, 1, 0, 0, 0, 0]}