{"text": ["XYZ Hospital", "123 tlealth Street,Wellness City", "Phone:+1-234.587-890", "Patlont Namx:Evo Millor", "p:07", "Doctor: Dr.Johnson", "Medicine", "Dosuge", "Frequency", "Duration", "Cap Cypon", "15tablets", "20ms day", "7 duys", "Tab Evion", "20 tablets", "3umesadey", "4days", "Cap Zovirax", "15tablets", "3tmes day", "7 days", "TabA1urocin 500", "15tablets", "3 tmesa dey", "30 days", "TabZole fcream", "20 tablets", "2tmesaday", "5days", "Syrup", "Dosapo", "Froquancy", "Duratlon", "Syrup Corox", "10ml", "2tmdoy", "30dny", "Syrup TusQ-dx", "Sml", "3tims doy", "7days", "Advico:", "-Tako to rost", "Eat ensy-to-digest food like boiled rice with dnl", "Stoytydrated"], "confidence": [0.9442035555839539, 0.8430553674697876, 0.8575018644332886, 0.8640530705451965, 0.7272834777832031, 0.9731536507606506, 0.9307171702384949, 0.9427713751792908, 0.9788968563079834, 0.9564203023910522, 0.9237624406814575, 0.8913987278938293, 0.7605679631233215, 0.8653728365898132, 0.9279268980026245, 0.9054545164108276, 0.8198149800300598, 0.8935898542404175, 0.8821117877960205, 0.8927748799324036, 0.797487735748291, 0.8720644116401672, 0.825158953666687, 0.8871575593948364, 0.7729131579399109, 0.8853435516357422, 0.8871317505836487, 0.8974159359931946, 0.8482097387313843, 0.8882506489753723, 0.9703512191772461, 0.9054598808288574, 0.9114760160446167, 0.9921525120735168, 0.9759426712989807, 0.9347427487373352, 0.7008616924285889, 0.8397564888000488, 0.9705040454864502, 0.9197258949279785, 0.7592406868934631, 0.9038707613945007, 0.9662078022956848, 0.7215479612350464, 0.844878613948822, 0.832436740398407], "label": [1, 1, 1, 0, 0, 0, 0]}