{"text": ["XYZ Hospital", "123 tlealth Street,Wellness City", "Phone:+1-234-587-890", "Patlont Namx:CharloJohnson", "1", "Doctor: Dr. Tumor", "Medidine", "Dosage", "Frequency", "Duration", "Tab Pan d", "15tablets", "20ms doy", "t4 days", "Cap Omez", "10 tablets", "2tmesa day", "10days", "Tab Dolonex dt", "10 tablets", "3 tmes a duy", "4 days", "Tab Sumo cold", "5tablets", "2 tm5 a doy", "t4duys", "Syrup", "Dosago", "Froquancy", "Duratlon", "Syrup Corx", "10ml", "2 tm doy", "30day", "Advico:", "-Tako bod rost", "Eat nsy-to-dlgest food like boiled rice with dal", "-Stytydrated"], "confidence": [0.9532425403594971, 0.836279034614563, 0.8814093470573425, 0.8656569123268127, 0.9231669902801514, 0.9541261196136475, 0.8939267992973328, 0.8880900740623474, 0.9838371276855469, 0.9623180627822876, 0.9297789335250854, 0.8910351991653442, 0.7564270496368408, 0.9380125999450684, 0.8832269906997681, 0.8921223878860474, 0.7838765382766724, 0.9015160202980042, 0.9174408912658691, 0.8921223878860474, 0.8568880558013916, 0.8880710601806641, 0.8649386167526245, 0.8909797668457031, 0.7406336069107056, 0.8394883275032043, 0.9728748202323914, 0.9117240309715271, 0.9354243874549866, 0.8653408288955688, 0.9269081354141235, 0.9658069610595703, 0.7225327491760254, 0.8759253621101379, 0.9288334846496582, 0.7142534255981445, 0.8857390284538269, 0.9112634658813477], "label": [1, 1, 1, 0, 0, 0, 0]}