{"text": ["XYZ Hospital", "123 tlealth Street,Wellness City", "Phone:+1-234.587-890", "PatlntNam:Allco R", "p:5", "Doctor:Dr.Smith", "Medicine", "Dosuge", "Frequency", "Duration", "Tab Dolonex dt", "5 tablets", "3mesdey", "4duys", "Cap Zovirax", "t5tablets", "3 tmes doy", "4days", "Cap Colmmune", "t5tblets", "2tmesa dey", "30 days", "TabAluhrodin500", "10tablets", "2 tms a day", "10days", "Syrup", "Dosago", "Froquoncy", "Duratlon", "Syrup TusQx", "10ml", "3 tms doy", "14 day", "Syrup Cypon", "10ml", "2timday", "5day", "Advico:", "-Tako bod rost", "Eat nsy-to-digest food like boiled rice with dal", "-Stayhydrated"], "confidence": [0.951866626739502, 0.838995099067688, 0.8577502369880676, 0.7868191003799438, 0.5828918814659119, 0.9724594354629517, 0.9286406636238098, 0.9427713751792908, 0.9860424399375916, 0.9623180627822876, 0.9169639348983765, 0.8638057708740234, 0.8327884078025818, 0.9136894941329956, 0.9152831435203552, 0.8831853270530701, 0.7589079141616821, 0.8935898542404175, 0.9000464081764221, 0.9061143398284912, 0.8326894044876099, 0.8853435516357422, 0.7821550369262695, 0.9247161149978638, 0.8000491857528687, 0.9257344603538513, 0.9701129198074341, 0.8496239185333252, 0.9034984111785889, 0.9490550756454468, 0.9645798206329346, 0.9347427487373352, 0.7070752382278442, 0.7830430865287781, 0.9302413463592529, 0.9165780544281006, 0.7986935377120972, 0.7321327924728394, 0.967370867729187, 0.8230072855949402, 0.8990753293037415, 0.8757689595222473], "label": [1, 1, 1, 0, 0, 0, 0]}