{"text": ["XYZ Hospital", "123 tlealth Street,Wellness City", "Phone:+1-234.587-890", "Patlont Namx:EvoSmith", ":54", "Doctor: Dr. Smith", "Medicine", "Dosuge", "Frequency", "Duration", "Cap Zovirax", "15tablets", "20ms doy", "14duys", "Tab Allegra", "10tablets", "20mesa duy", "10days", "TabA1urodin 500", "15tablets", "2 tmes aduy", "30 days", "Tab Trz", "20 tablets", "3tmes aday", "5days", "Cap Dilanun", "20 tblets", "3 tmesaday", "10duys", "TabCyciopam", "15tablets", "3 tmesa dey", "5 duys", "Syrup", "Dosago", "Froquoncy", "Duratlon", "Syrup Fobrox plus", "Sml", "3tms doy", "10days", "Advico:", "-Tako tod rost", "Eat nsy-to-digest food like boiled dce with dnl", "Stoytydrated"], "confidence": [0.9508797526359558, 0.8474778532981873, 0.8575018644332886, 0.8617354035377502, 0.8006799817085266, 0.9536572694778442, 0.930323600769043, 0.9420654773712158, 0.9790523052215576, 0.9629752039909363, 0.8722892999649048, 0.8831526637077332, 0.7523245811462402, 0.8650357723236084, 0.8911073803901672, 0.9273074269294739, 0.7259731888771057, 0.8626441955566406, 0.8355599045753479, 0.8647039532661438, 0.7138233184814453, 0.8676621317863464, 0.8291946053504944, 0.8967920541763306, 0.8595724105834961, 0.8756504058837891, 0.9270681142807007, 0.9003804326057434, 0.849814236164093, 0.9131342768669128, 0.8777704238891602, 0.8990643620491028, 0.7711530923843384, 0.9175510406494141, 0.9720994234085083, 0.958836555480957, 0.9442562460899353, 0.9876395463943481, 0.9922525882720947, 0.927854061126709, 0.7066380381584167, 0.8282742500305176, 0.9678077101707458, 0.7691457867622375, 0.8581724166870117, 0.871784508228302], "label": [1, 1, 1, 0, 0, 0, 0]}