{"text": ["XYZ Hospital", "123 tlealth Street,Wellness City", "Phone:+1-234-587-890", "Patlont Nam:Bob Ro", "p:35", "Doctor:Dr.Johnson", "Medidine", "Dosuge", "Frequency", "Duration", "Tab Pan d", "20 tblets", "20ms dey", "30 duys", "Tab Febrexplus", "10tablets", "2 um05  duy", "30 days", "Cap Dilanun", "20 tablets", "3 tmesa doy", "t4duys", "Tab Cetine", "15tablets", "3 tmes aday", "7 days", "Tab Cyclomelf", "5tablets", "2 tmes a duy", "5days", "Cap Omez", "20 tblets", "3 tmesa dey", "$ days", "Syrup", "Dosago", "Froquoncy", "Durotlon", "Syrup Fobrox plus", "10ml", "2 timdoy", "7days", "Syrup TusQ dx", "Sml", "3timsday", "Sday", "Advico:", "-Takoto rost", "Eat nsy-to-digest food like boiled rice with dnl", "-Stytydrated"], "confidence": [0.9518458843231201, 0.8391073942184448, 0.9079828262329102, 0.7890521883964539, 0.7288324236869812, 0.9599231481552124, 0.8929821848869324, 0.9427713751792908, 0.9902750849723816, 0.964890718460083, 0.9158036112785339, 0.9003804326057434, 0.7692691087722778, 0.9137939810752869, 0.9393929243087769, 0.9273074269294739, 0.7148935794830322, 0.8513266444206238, 0.9441571831703186, 0.8709948658943176, 0.7852831482887268, 0.8104643225669861, 0.9318520426750183, 0.9037178754806519, 0.8307840824127197, 0.861883819103241, 0.8267346024513245, 0.9079194068908691, 0.7704176902770996, 0.8520981669425964, 0.8962332010269165, 0.8838595747947693, 0.8194018006324768, 0.9325768351554871, 0.988613486289978, 0.8285646438598633, 0.9466862082481384, 0.9314339756965637, 0.994860827922821, 0.9702969789505005, 0.7469385862350464, 0.9060519337654114, 0.952340841293335, 0.927854061126709, 0.7507364749908447, 0.7481143474578857, 0.9698401689529419, 0.7337613105773926, 0.8472650647163391, 0.904712438583374], "label": [1, 1, 1, 0, 0, 0, 0]}