{"text": ["XYZ Hospital", "123 tlealth Street,Wellness City", "Phone:+1-234.587-890", "PatlantNanx:Evo Davs", ":41", "Doctor: Dr. Tumor", "Medicine", "Dosuge", "Frequency", "Duration", "Cap Zovirax", "10tablets", "3mesday", "30 days", "TabCyciopam", "15tablets", "3 umes dey", "t4days", "TabAluhrocin 500", "15tablets", "2 tms day", "5 days", "Tab Pan d", "20 tablets", "2 tmes adey", "5days", "Tab Neurobin Forte", "10 tablets", "3 tmesaday", "10days", "Syrup", "Dosapo", "Froquancy", "Duratlon", "SyrupTus dx", "Sml", "2tm doy", "30dny", "Syrup Fobrox plusd", "10ml", "3tims doy", "10dny", "Advico:", "-Tako bod rst", "Eat nsy-to-digest food like boiled rice with dnl", "Stoy bydrated"], "confidence": [0.9459837079048157, 0.8414099216461182, 0.8575018644332886, 0.7994760274887085, 0.8224173188209534, 0.9544267058372498, 0.9286406636238098, 0.9054610133171082, 0.9788968563079834, 0.965709924697876, 0.8637662529945374, 0.9273074269294739, 0.843670666217804, 0.8724113702774048, 0.9110691547393799, 0.8927748799324036, 0.7338784337043762, 0.8406792283058167, 0.7810156941413879, 0.8913987278938293, 0.7628087401390076, 0.7600082755088806, 0.9119564890861511, 0.8863240480422974, 0.8091831207275391, 0.8691898584365845, 0.9226187467575073, 0.901634693145752, 0.8439608812332153, 0.9213528037071228, 0.974157989025116, 0.8843854069709778, 0.9532040357589722, 0.9916149973869324, 0.8693946599960327, 0.9197258949279785, 0.7230568528175354, 0.8377351760864258, 0.9510443806648254, 0.94232577085495, 0.7523825764656067, 0.7591055631637573, 0.96775883436203, 0.7464123964309692, 0.8504207730293274, 0.806763768196106], "label": [1, 1, 1, 0, 0, 0, 0]}