{"text": ["XYZ Hospital", "123 tlealth Street,Wellness City", "Phone:+1-234-587-890", "Patlant Nanx:John Millor", ":42", "Doctor:Dr.Smith", "Medicine", "Dosuge", "Frequency", "Duration", "TabClavum 025", "15tblets", "3mesdey", "30 duys", "Tab Sumo cold", "10tablets", "3 umes doy", "10days", "TabDolo650", "5tablets", "3 tmesa doy", "5days", "Tab Pan d", "5tablets", "3 tmes aday", "7 days", "Tab Evlon", "5tablets", "3tmesaday", "30 days", "TabFebrexplus", "10tablets", "3 tmesa dey", "7 days", "Syrup", "Dosago", "Froquoncy", "Duratlon", "Syrup Corox-dx", "10ml", "3 tims doy", "10day", "Syrup Zodox", "Sml", "2timday", "Sday", "Advico:", "-Tako tod rst", "Eat nsy-to-digest food like boiled rice with dal", "-Stytydrated"], "confidence": [0.9466805458068848, 0.8450297117233276, 0.8884289860725403, 0.8707535862922668, 0.812186062335968, 0.9683131575584412, 0.9035042524337769, 0.9420654773712158, 0.9902750849723816, 0.964890718460083, 0.8357214331626892, 0.900070071220398, 0.8327884078025818, 0.9137939810752869, 0.8937380313873291, 0.9273074269294739, 0.7165395617485046, 0.8654675483703613, 0.8897380828857422, 0.916618824005127, 0.7694242000579834, 0.8366293907165527, 0.9290552139282227, 0.9046000242233276, 0.8281913995742798, 0.861883819103241, 0.9114243388175964, 0.9079194068908691, 0.8785970211029053, 0.8513266444206238, 0.9741674661636353, 0.9247161149978638, 0.8597587943077087, 0.8767657279968262, 0.988613486289978, 0.8285646438598633, 0.9466862082481384, 0.9899555444717407, 0.9713419675827026, 0.9702969789505005, 0.7524312138557434, 0.8265790939331055, 0.9223028421401978, 0.927854061126709, 0.8143227696418762, 0.7643508911132812, 0.937720775604248, 0.7242653369903564, 0.9027966856956482, 0.9149673581123352], "label": [1, 0, 1, 0, 0, 0, 0]}