{"text": ["XYZ Hospital", "123 tlealth Street,Wellness City", "Phone:+1-234-587-890", "Patlont Nanx:Jano Wlllams", ":74", "Doctor:Dr.Patol", "Medicine", "Dosuge", "Frequency", "Duration", "TabCiplox500", "5 tablets", "20ms doy", "30 days", "TabClavum025", "t5tablets", "3tmesaday", "5days", "Tab Triz", "t5tblets", "2 tmes a duy", "7 days", "Tab Evion", "10tablets", "3 tmesa dey", "5 days", "Syrup", "Dosago", "Froquancy", "Duration", "Syrup TusQ dx", "10ml", "2 tim doy", "7 days", "Advico:", "-Tako bod rost", "Eat nsy-to-dlgest food like boiled rice with dal", "-Stytydrated"], "confidence": [0.9504446983337402, 0.8415119647979736, 0.8868597745895386, 0.8395845890045166, 0.8511033058166504, 0.9488111734390259, 0.9259157180786133, 0.9030749201774597, 0.9821071624755859, 0.964890718460083, 0.8731047511100769, 0.8757308125495911, 0.7529489994049072, 0.8676621317863464, 0.904919445514679, 0.8831853270530701, 0.8034953474998474, 0.8383257985115051, 0.8540539145469666, 0.9061143398284912, 0.9181955456733704, 0.8480218052864075, 0.9199547171592712, 0.9273074269294739, 0.7706842422485352, 0.8334064483642578, 0.970925509929657, 0.9117240309715271, 0.935694694519043, 0.9527572989463806, 0.9520286321640015, 0.9658069610595703, 0.7463570237159729, 0.8708378672599792, 0.9288334846496582, 0.7142534255981445, 0.8857390284538269, 0.9112634658813477], "label": [1, 0, 1, 0, 0, 0, 0]}