{"text": ["XYZ Hospital", "123 tlealth Street,Wellness City", "Phone:+1-234-587-890", "Patlont Nanx:Davld Smith", ":21", "Doctor:Dr.Patol", "Medicine", "Dosage", "Frequency", "Duration", "TabZole fcreum", "5tablets", "2 0ms doy", "4duys", "TabClavun25", "20 tablets", "2 m0s  duy", "30 days", "Tab Cyciomelf", "20 tablets", "3 tmesa doy", "10days", "Tab Cyclopum", "15tablets", "2 tmesa day", "5days", "Tab Evion", "10tablets", "3 tmesaday", "7 days", "Tab Combilam", "10tablets", "3 tmesa dey", "7 days", "Syrup", "Dosapo", "Froquoncy", "Durotlon", "Syrup Corox", "Sml", "2 tim doy", "7days", "Syrup TusQ-dx", "10ml", "2timday", "14day", "Advico:", "-Tako tod rost", "Eat nsy-to-dlgest food like boiled rice with dnl", "-Stytydrated"], "confidence": [0.9541555047035217, 0.8418617844581604, 0.8895711898803711, 0.8206688761711121, 0.738356351852417, 0.944171667098999, 0.9196256399154663, 0.9033363461494446, 0.9918885827064514, 0.9623180627822876, 0.9019266963005066, 0.901167631149292, 0.7218826413154602, 0.9136894941329956, 0.8691404461860657, 0.8709948658943176, 0.7353242039680481, 0.8513266444206238, 0.8498254418373108, 0.8709948658943176, 0.7694242000579834, 0.8654675483703613, 0.8546698093414307, 0.8959775567054749, 0.805739164352417, 0.8520981669425964, 0.9574010372161865, 0.9273074269294739, 0.8438262939453125, 0.861883819103241, 0.9034087061882019, 0.9273074269294739, 0.8194018006324768, 0.9913495182991028, 0.988613486289978, 0.8240053653717041, 0.9466862082481384, 0.9339734315872192, 0.8926152586936951, 0.860496461391449, 0.7873589992523193, 0.9066702127456665, 0.9556137919425964, 0.9357630014419556, 0.8172538876533508, 0.7463439702987671, 0.9698401689529419, 0.7646108865737915, 0.8441435694694519, 0.902330219745636], "label": [1, 0, 1, 0, 0, 0, 0]}