{"text": ["XYZ Hospital", "123 tlealth Street,Wellness City", "Phone:+1-234.587-890", "Patlont Namx:Charl D", "p:73", "Doctor: Dr. Tumor", "Medicine", "Dosauge", "Frequency", "Duration", "Cap Cypon", "10tablets", "20ms dey", "30 days", "Tab Allegre", "20 tablets", "20mes dey", "4days", "Tab Dolonex dt", "15tablets", "2tmes dey", "4 days", "Tab Combinam", "10 tablets", "3tmes aday", "t4days", "Tab Neurobin Forte", "15tablets", "3 tmesaday", "7 days", "Syrup", "Dosapo", "Froquancy", "Duratlon", "SyrupGrillnctus bm", "Sml", "2tmdoy", "Sday", "Syrup TusQ dx", "Sml", "2tims doy", "30day", "Advico:", "-Tako bod rost", "Eat ensy-to-digest food like boiled rice with dnl", "Stoy bydrated"], "confidence": [0.947608470916748, 0.8386703133583069, 0.8589719533920288, 0.8140867352485657, 0.8352077603340149, 0.9771426916122437, 0.930323600769043, 0.8137890696525574, 0.9788968563079834, 0.964890718460083, 0.922643780708313, 0.9273074269294739, 0.7692691087722778, 0.8724113702774048, 0.8713741898536682, 0.9054545164108276, 0.7687022686004639, 0.9184122085571289, 0.9023916125297546, 0.8913987278938293, 0.7527632713317871, 0.8880710601806641, 0.9139371514320374, 0.901634693145752, 0.8498398065567017, 0.8510770797729492, 0.9221484065055847, 0.8871575593948364, 0.8439608812332153, 0.8720644116401672, 0.974157989025116, 0.8934853076934814, 0.9114760160446167, 0.9627294540405273, 0.9400258660316467, 0.8684621453285217, 0.7404336333274841, 0.7331788539886475, 0.9806254506111145, 0.9197258949279785, 0.7010757923126221, 0.8754482269287109, 0.9662078022956848, 0.7551235556602478, 0.844878613948822, 0.7955535054206848], "label": [1, 1, 1, 0, 0, 0, 0]}