{"text": ["XYZ Hospital", "123 tlealth Street,Wellness City", "Phone:+1-234.587-890", "Patlont Namx:Allco Davs", "Ap:51", "Doctor:Dr.Patol", "Medicine", "Dosuge", "Frequency", "Duration", "Cap Cypon", "10 tablets", "3mesday", "30 days", "Tab Cyciomelf", "20 tablets", "3 umes dey", "t4days", "Tab Evion", "20 tablets", "3 tmes dey", "7 days", "Tab Dolonex dt", "t5tablets", "3 tmesa dey", "$ days", "Cap Zovirax", "20tablets", "2tmesaday", "7 days", "Syrup", "Dosago", "Froquoncy", "Duratlon", "Syrup Zodax", "10ml", "3timsday", "Sday", "Advico:", "-Tako tod rost", "Eat nsy-to-dlgest food like boiled dce with dal", "-Staytydrated"], "confidence": [0.9531888961791992, 0.8467555046081543, 0.8541738390922546, 0.8234783411026001, 0.7661563158035278, 0.9238155484199524, 0.9307171702384949, 0.9375312328338623, 0.9838371276855469, 0.964890718460083, 0.9230549335479736, 0.901634693145752, 0.8353540301322937, 0.8676621317863464, 0.8481281995773315, 0.9054545164108276, 0.7338784337043762, 0.8406792283058167, 0.9267144799232483, 0.9054545164108276, 0.7872068881988525, 0.8767657279968262, 0.9165202379226685, 0.8686149716377258, 0.8120609521865845, 0.9286584258079529, 0.8704531192779541, 0.8978633880615234, 0.8595501780509949, 0.8720644116401672, 0.9747051000595093, 0.8300634026527405, 0.9624842405319214, 0.910537838935852, 0.9236021041870117, 0.9483411312103271, 0.7406063079833984, 0.7356988191604614, 0.96775883436203, 0.7947360873222351, 0.9010859727859497, 0.937537431716919], "label": [1, 1, 1, 0, 0, 0, 0]}