{"text": ["XYZ Hospital", "123 tlealth Street,Wellness City", "Phone:+1-234-587-890", "Patlant Nanx:Mla Wilson", "p:34", "Doctor: Dr.Smith", "Medicine", "Dosage", "Frequency", "Duration", "TabCiplox500", "5 tablets", "3mesday", "10 days", "Tab Dolo650", "20 tblets", "3tmesaday", "30 days", "Cap Omez", "S tablets", "3 tmes a duy", "7 days", "Tab Dolonex dt", "t5tablets", "3 tmesa dey", "4days", "Syrup", "Dosago", "Froquancy", "Duratlon", "Syrup Cypon", "Sml", "2 tim doy", "30day", "Advico:", "-Tako bod rost", "Eat nsy-to-dlgest food like boiled rice with dal", "-Stytydrated"], "confidence": [0.9428961873054504, 0.8385964632034302, 0.8928923606872559, 0.8067054748535156, 0.7649431824684143, 0.9578077793121338, 0.951400876045227, 0.8897534012794495, 0.9859857559204102, 0.9629752039909363, 0.9190273284912109, 0.887381374835968, 0.8407880067825317, 0.948471188545227, 0.8472158908843994, 0.9185055494308472, 0.8201786875724792, 0.8853435516357422, 0.8212853670120239, 0.8312456011772156, 0.8619096875190735, 0.8480218052864075, 0.9154195785522461, 0.8862625360488892, 0.7049140334129333, 0.9184122085571289, 0.9852066040039062, 0.9117240309715271, 0.9354243874549866, 0.9687023162841797, 0.9513744711875916, 0.8684621453285217, 0.7495908737182617, 0.8759253621101379, 0.9268304705619812, 0.7415408492088318, 0.8857390284538269, 0.910991907119751], "label": [1, 1, 1, 0, 0, 0, 0]}