{"text": ["XYZ Hospital", "123 tlealth Street,Wellness City", "Phone:+1-234.587-890", "PatlantNamx:Evo Brown", "Ap:57", "Doctor: Dr.Lo", "Medicine", "Dosuge", "Frequency", "Duration", "Tab Cyclomeff", "5 tablets", "20ms doy", "7 duys", "Cap Pan d", "10tablets", "3tmesaday", "5days", "Tab Cetine", "5tablets", "3 tmes dey", "4 days", "Tab Triz", "t5tablets", "3tmesaday", "10days", "TabCiplox500", "20tablets", "3 tmesaday", "5days", "Syrup", "Dosapo", "Froquancy", "Duratlon", "SyrupTusx", "10ml", "3 tims doy", "7day", "Syrup Grillnctus tm", "10ml", "2tims doy", "10dny", "Advico:", "-Tako tod rost", "Eat ensy-to-digest food like boiled rice with dnl", "Stoybydrated"], "confidence": [0.9544302821159363, 0.8410260081291199, 0.8575018644332886, 0.8354803919792175, 0.752202570438385, 0.9228541851043701, 0.930323600769043, 0.979745090007782, 0.9821071624755859, 0.9564203023910522, 0.8310519456863403, 0.8705056309700012, 0.7485461831092834, 0.9828178286552429, 0.8965231776237488, 0.9273074269294739, 0.8156739473342896, 0.8343985676765442, 0.9205131530761719, 0.9106838703155518, 0.7872068881988525, 0.8880710601806641, 0.9879308342933655, 0.8830724954605103, 0.8846117854118347, 0.924377977848053, 0.952519416809082, 0.8978633880615234, 0.8439608812332153, 0.8882506489753723, 0.9703512191772461, 0.8934853076934814, 0.8946319222450256, 0.9908849000930786, 0.8774757981300354, 0.9483411312103271, 0.7524312138557434, 0.830951988697052, 0.9945317506790161, 0.9150266051292419, 0.6940467357635498, 0.7591055631637573, 0.96775883436203, 0.7486037015914917, 0.844878613948822, 0.8244300484657288], "label": [1, 1, 1, 0, 0, 0, 0]}