{"text": ["XYZ Hospital", "123 tlealth Street,Wellness City", "Phone:+1-234.587-890", "PatlntNam:Allco D", "Ap:65", "Doctor:Dr.Smith", "Medicine", "Dosuge", "Frequency", "Duration", "Tab Febrexplus", "20 tblets", "20ms day", "30 duys", "Tab Cyciomeff", "20 tablets", "20mesaday", "4days", "Cap Cypon", "15tablets", "3 tmesa day", "10 days", "Tab Cyclopam", "10 tablets", "3tmes adey", "10days", "TabDolo650", "15tablets", "2tmesaday", "30 days", "Syrup", "Dosapo", "Froquoncy", "Duration", "Syrup TusQ-dx", "Sml", "2timday", "30dy", "Advico:", "-Tako tod rost", "Eat nsy-to-dlgest food like boiled dce with dal", "-Staytydrated"], "confidence": [0.9524534344673157, 0.8477214574813843, 0.8577502369880676, 0.8057481050491333, 0.6137485504150391, 0.9714006185531616, 0.9323613047599792, 0.9427713751792908, 0.9838371276855469, 0.964890718460083, 0.9311314225196838, 0.9135541915893555, 0.7605679631233215, 0.9069848656654358, 0.8418662548065186, 0.9054545164108276, 0.7708227634429932, 0.8935898542404175, 0.9452340006828308, 0.8927748799324036, 0.7573702335357666, 0.8715320229530334, 0.8899634480476379, 0.901634693145752, 0.8477534055709839, 0.9213528037071228, 0.9021844863891602, 0.8871575593948364, 0.8475243449211121, 0.8867191672325134, 0.9747051000595093, 0.8742751479148865, 0.9624842405319214, 0.9667842388153076, 0.9561455249786377, 0.9197258949279785, 0.7432094216346741, 0.9742909669876099, 0.96775883436203, 0.7913121581077576, 0.9010121822357178, 0.937537431716919], "label": [1, 1, 1, 0, 0, 0, 0]}