{"text": ["XYZ Hospital", "123 tlealth Street,Wellness City", "Phone:+1-234.587-890", "Patlant Namx:John Smith", "p:50", "Doctor: Dr.Tumor", "Medicine", "Dosuge", "Frequency", "Duration", "Cap Omez", "10 tablets", "3mesaday", "10days", "Tab Pan d", "10 tablets", "2 tms  dey", "10days", "Tab Cetine", "10tablets", "2 tmes aday", "30 days", "Cap Cypon", "5tablets", "3tmes aday", "30 days", "TabDolo 650", "5 tablets", "2tmesaday", "5days", "Syrup", "Dosago", "Froquoncy", "Duration", "Syrup Zodax", "10ml", "2timday", "30dy", "Advico:", "-Tako tod rost", "Eat nsy-to-dlgest food like boiled dce with dal", "-Staytydrated"], "confidence": [0.9556338787078857, 0.8442541360855103, 0.8541738390922546, 0.8637354373931885, 0.7197458744049072, 0.9210150241851807, 0.925094723701477, 0.9415733814239502, 0.9838371276855469, 0.9623180627822876, 0.839903712272644, 0.8921223878860474, 0.783791184425354, 0.8628065586090088, 0.9305731654167175, 0.8921223878860474, 0.7005518078804016, 0.9015160202980042, 0.9078666567802429, 0.9273074269294739, 0.7311189770698547, 0.8853435516357422, 0.9446221590042114, 0.8909797668457031, 0.8265836834907532, 0.8853435516357422, 0.8508908748626709, 0.8494940996170044, 0.8279494047164917, 0.8950570225715637, 0.9747051000595093, 0.8360254764556885, 0.9772065281867981, 0.9667842388153076, 0.9236021041870117, 0.9483411312103271, 0.7550383806228638, 0.9668070673942566, 0.96775883436203, 0.7947360873222351, 0.9010859727859497, 0.937537431716919], "label": [1, 1, 1, 0, 0, 0, 0]}