{"text": ["XYZ Hospital", "123 tlealth Street,Wellness City", "Phone:+1-234.587-890", "Patlant Namxo:JanoJohnson", ":70", "Doctor: Dr. Millor", "Medicine", "Dosuge", "Frequency", "Duration", "Tab Dolonex dt", "10tablets", "20ms day", "7 days", "Tab Allegra", "5tablets", "3tmesaday", "$ days", "Cap Cypon", "20 tablets", "2tmesaday", "5days", "Cap Omez", "10 tablets", "2 tm5 a doy", "30 days", "Syrup", "Dosapo", "Froquancy", "Duration", "Syrup Brozodox", "10ml", "3tms doy", "10day", "Syrup Corox-dx", "Sml", "3timsday", "30dy", "Advico:", "-Tako tod rost", "Eat nsy-to-dlgest food like boiled dce with dal", "-Staytydrated"], "confidence": [0.9556338787078857, 0.8386499881744385, 0.8577502369880676, 0.857014000415802, 0.8660268783569336, 0.9531019926071167, 0.930323600769043, 0.9422492384910583, 0.9905779957771301, 0.9623180627822876, 0.9131957292556763, 0.9273074269294739, 0.761807918548584, 0.861883819103241, 0.8739837408065796, 0.8909797668457031, 0.8251487016677856, 0.9286584258079529, 0.9481927156448364, 0.8983814120292664, 0.8631507158279419, 0.8701895475387573, 0.8686382174491882, 0.8802648782730103, 0.7343096137046814, 0.8853435516357422, 0.9720994234085083, 0.8093938827514648, 0.9061452150344849, 0.9707295894622803, 0.9683529138565063, 0.9410436153411865, 0.6595202684402466, 0.7450453042984009, 0.8497761487960815, 0.9197258949279785, 0.7859691381454468, 0.9695253372192383, 0.9688101410865784, 0.8324451446533203, 0.9003587961196899, 0.9319948554039001], "label": [1, 1, 1, 0, 0, 0, 0]}