{"text": ["XYZ Hospital", "123 tlealth Street,Wellness City", "Phone:+1-234-587-890", "Patlont Nanx:Graco Wilson", ":00", "Doctor:Dr.Johnson", "Medicine", "Dosuge", "Frequency", "Duration", "TabZole fcreum", "10tablets", "20ms doy", "7 duys", "Cap Zovirax", "10 tablets", "20mesaday", "10days", "Tab Triz", "15tablets", "3 tmes a duy", "7 days", "Tab Dolonex dt", "20 tblets", "3 tmesa dey", "30 days", "Syrup", "Dosago", "Froquancy", "Duration", "Syrup Fobrox plus", "10ml", "3tims doy", "30day", "Advico:", "-Tako tod rost", "Eat nsy-to-dlgest food like boiled rice with dal", "-Stynydrated"], "confidence": [0.9463098049163818, 0.8522793054580688, 0.8718692064285278, 0.7860336899757385, 0.5022435784339905, 0.9701905250549316, 0.9259157180786133, 0.9054610133171082, 0.9789015650749207, 0.9623180627822876, 0.8989929556846619, 0.925683319568634, 0.7538338303565979, 0.9796134829521179, 0.8862808346748352, 0.8921223878860474, 0.7538208365440369, 0.9015160202980042, 0.8540539145469666, 0.8927748799324036, 0.8536353707313538, 0.8480218052864075, 0.9149875640869141, 0.9086169004440308, 0.8120609521865845, 0.8853435516357422, 0.9728748202323914, 0.9117240309715271, 0.9371910095214844, 0.9392375946044922, 0.9949677586555481, 0.9658069610595703, 0.741229772567749, 0.8759253621101379, 0.9288334846496582, 0.7252967953681946, 0.8857390284538269, 0.8822422027587891], "label": [1, 1, 1, 0, 0, 0, 0]}