{"text": ["XYZ Hospital", "123 tlealth Street,Wellness City", "Phone:+1-234.587-890", "Patlant Nanx:Davld Whito", "p:07", "Doctor: Dr. Tumor", "Medicine", "Dosuge", "Frequency", "Duration", "TabCiplox 500", "20 tblets", "20ms dey", "30 duys", "Cap Colmmune", "20 tablets", "20mes dey", "30 days", "Tab Neurobin Forte", "15tablets", "3 tmesa doy", "10 days", "Tab Febrexplus", "20 tablets", "3 tmesa doy", "10days", "Tab Cyciomelf", "15tablets", "3 tmesaday", "30 days", "Tab Sumo cold", "20 tablets", "2 tmes a day", "30 days", "Syrup", "Dosago", "Froquoncy", "Duratlon", "Syrup Grillnctus tm", "Sml", "3tms doy", "14days", "Advico:", "-Tako tod rost", "Eat nsy-to-digest food like boiled dce with dnl", "Stoy bydrated"], "confidence": [0.9488534331321716, 0.8410260081291199, 0.8589719533920288, 0.8336816430091858, 0.7272834777832031, 0.9688204526901245, 0.9259157180786133, 0.9427713751792908, 0.9790523052215576, 0.965709924697876, 0.8814845681190491, 0.9003804326057434, 0.7692691087722778, 0.9069848656654358, 0.9031016230583191, 0.8967920541763306, 0.7364528775215149, 0.8867191672325134, 0.9522820711135864, 0.8647039532661438, 0.7694242000579834, 0.8690416216850281, 0.9381254315376282, 0.8709948658943176, 0.8013067245483398, 0.8654675483703613, 0.8444123864173889, 0.8647039532661438, 0.8478784561157227, 0.8513266444206238, 0.9181652069091797, 0.8797799944877625, 0.7614920139312744, 0.8513266444206238, 0.9788066744804382, 0.958836555480957, 0.9429497122764587, 0.9877357482910156, 0.9843650460243225, 0.927854061126709, 0.7129813432693481, 0.8428124785423279, 0.9678854942321777, 0.7463893890380859, 0.8601347208023071, 0.7917029857635498], "label": [1, 1, 1, 0, 0, 0, 0]}