{"text": ["XYZ Hospital", "123 tlealth Street,Wellness City", "Phone:+1-234.587-890", "PatlantNam:Mla Ro", "Ap:58", "Doctor: Dr.Patol", "Medicine", "Dosuge", "Frequency", "Duration", "Tab Febrexplus", "10tablets", "20ms dey", "$ days", "Tab Zole fcreum", "10 tablets", "3umesaday", "4days", "TabAlurodin 500", "10 tablets", "2 tms day", "4 days", "Cap Pan d", "20 tablets", "3tmes aday", "t4days", "Cup Oilanun", "15tablets", "3 tmesaday", "4days", "Syrup", "Dosapo", "Froquancy", "Duratlon", "SyrupTusdx", "Sml", "3 tms doy", "7day", "Syrup Fobrox plus", "Sml", "3tims doy", "7day", "Advico:", "-Tako tod rost", "Eat ensy-to-digest food like boiled rice with dnl", "Stoy bydrated"], "confidence": [0.9501902461051941, 0.8416517972946167, 0.8589719533920288, 0.7877271771430969, 0.5542054772377014, 0.9626643657684326, 0.9323613047599792, 0.9054610133171082, 0.9788968563079834, 0.964890718460083, 0.9399697184562683, 0.9273074269294739, 0.7692691087722778, 0.8307803273200989, 0.8732103705406189, 0.9107781648635864, 0.8508873581886292, 0.9184122085571289, 0.8053543567657471, 0.8921223878860474, 0.7628087401390076, 0.8880710601806641, 0.9074792861938477, 0.8863240480422974, 0.8498398065567017, 0.8510770797729492, 0.804151713848114, 0.8865651488304138, 0.8439608812332153, 0.9184122085571289, 0.9701129198074341, 0.8843854069709778, 0.9532040357589722, 0.957970380783081, 0.8959684371948242, 0.8684621453285217, 0.7108118534088135, 0.8639349937438965, 0.9900272488594055, 0.9197258949279785, 0.7523825764656067, 0.940690815448761, 0.96775883436203, 0.7142127752304077, 0.844878613948822, 0.7955535054206848], "label": [1, 1, 1, 0, 0, 0, 0]}