{"text": ["XYZ Hospital", "123 tlealth Street,Wellness City", "Phone:+1-234.587-890", "Patlant Namx:Jano Millor", "Doctor: Dr.Johnson", "Medicine", "Dosuge", "Frequency", "Duration", "Tab Cyciomeff", "20tblets", "3mesday", "30 duys", "Tab Neurobin Forte", "5tablets", "3tmesaday", "5days", "Cap Dilanun", "10tablets", "3 tmesa doy", "5 days", "Tab Sumo cold", "15tablets", "2 tmes a duy", "7 days", "TabClavum 025", "5tablets", "2 tmes a duy", "10days", "TabAllegr", "15tablets", "3 tmesa dey", "7days", "Syrup", "Dosago", "Froquoncy", "Duratlon", "Syrup Cypon", "Sml", "3tms doy", "14days", "Advico:", "-Tako to rost", "Eat nsy-to-digest food like boiled dce with dnl", "Stoytydrated"], "confidence": [0.9459837079048157, 0.8450579047203064, 0.8531273007392883, 0.8569614291191101, 0.9664130806922913, 0.9259157180786133, 0.9427713751792908, 0.9790523052215576, 0.964890718460083, 0.8392091393470764, 0.9145114421844482, 0.8458738923072815, 0.9137939810752869, 0.9516726732254028, 0.8909797668457031, 0.8485071659088135, 0.8366293907165527, 0.9263727068901062, 0.9273074269294739, 0.7852831482887268, 0.7493965029716492, 0.9115852117538452, 0.8647039532661438, 0.7944900393486023, 0.8452855944633484, 0.8193110227584839, 0.9079194068908691, 0.7522758841514587, 0.9239731431007385, 0.935485303401947, 0.9037178754806519, 0.783811628818512, 0.9444330930709839, 0.9719002842903137, 0.9144992828369141, 0.8976813554763794, 0.9877357482910156, 0.9840652942657471, 0.927854061126709, 0.7066380381584167, 0.8428124785423279, 0.9678854942321777, 0.7507117390632629, 0.861255407333374, 0.856630802154541], "label": [1, 1, 1, 0, 0, 0, 0]}