{"text": ["XYZ Hospital", "123 tlealth Street,Wellness City", "Phone:+1-234-587-890", "Patlant Namxo:John Johnson", "p:9", "Doctor:Dr.Tumor", "Medicine", "Dosuge", "Frequency", "Duration", "Tab Allegra", "20tblets", "20ms doy", "5 days", "Cap Dilanun", "5tablets", "3 umes dey", "5days", "Tab Pand", "15tablets", "3 tmesa day", "t4days", "Tab Triz", "5tablets", "2 tmes a day", "7 days", "TabCyclopam", "10 tablets", "2 tmes a duy", "30 days", "Syrup", "Dosapo", "Froquoncy", "Qurptlon", "Syrup TusQx", "Sml", "3timsday", "10day", "Advico:", "-Tako tod rost", "Eat nsy-to-dlgest food like boiled dc with dnt", "-Staytydrated"], "confidence": [0.9555370807647705, 0.8409197330474854, 0.8676276206970215, 0.8656640648841858, 0.5524117946624756, 0.9383527636528015, 0.930323600769043, 0.9427713751792908, 0.9838371276855469, 0.965709924697876, 0.9037486910820007, 0.9343926906585693, 0.751822292804718, 0.7472350001335144, 0.9235268235206604, 0.895728349685669, 0.7338784337043762, 0.8393604159355164, 0.928550660610199, 0.867788553237915, 0.7925021648406982, 0.8406792283058167, 0.7602806687355042, 0.8909797668457031, 0.7614920139312744, 0.8720644116401672, 0.891776978969574, 0.901634693145752, 0.7841776013374329, 0.8853435516357422, 0.9720994234085083, 0.8934853076934814, 0.9749724864959717, 0.857977032661438, 0.943128764629364, 0.9197258949279785, 0.7406063079833984, 0.8202261924743652, 0.9694406390190125, 0.7755385041236877, 0.8665194511413574, 0.9281126260757446], "label": [1, 1, 1, 0, 0, 0, 0]}