{"text": ["XYZ Hospital", "123 tlealth Street,Wellness City", "Phone:+1-234.587-890", "Patlont Namxo:John Wilson", ":42", "Doctor: Dr.Lo", "Medicine", "Dosuge", "Frequency", "Duration", "Tab Zole fcream", "15tablets", "20ms dey", "t4days", "Tab Cyclomef", "5tablets", "3umesaday", "4days", "Tab Combinam", "15tablets", "2tmes aday", "4 days", "Tab Sumo cold", "20 tablets", "2 tmesa dey", "10days", "Cap Cypon", "t5tablets", "2tmesaday", "5days", "Syrup", "Dosapo", "Froquancy", "Duratlon", "Syrup Cypon", "10ml", "2tdoy", "14dy", "Syrup TusQx", "Sml", "3tims doy", "10dny", "Advico:", "-Tako tod rost", "Eat ensy-to-digest food like boiled rice with dnl", "Stoybydrated"], "confidence": [0.9558648467063904, 0.8416517972946167, 0.8589719533920288, 0.8602084517478943, 0.812186062335968, 0.9231882691383362, 0.9460604190826416, 0.9740098118782043, 0.9838371276855469, 0.9623180627822876, 0.88272625207901, 0.8927748799324036, 0.7692691087722778, 0.8849427700042725, 0.9024829268455505, 0.895728349685669, 0.8435301780700684, 0.9184122085571289, 0.9434452652931213, 0.8623680472373962, 0.7756690979003906, 0.8880710601806641, 0.8893293142318726, 0.9061443209648132, 0.8118886351585388, 0.9193813800811768, 0.9366462230682373, 0.8830724954605103, 0.8577829003334045, 0.8882506489753723, 0.9719002842903137, 0.7913495898246765, 0.8954519629478455, 0.9957352876663208, 0.9832866787910461, 0.9483411312103271, 0.698294997215271, 0.8365260362625122, 0.9367538690567017, 0.9197258949279785, 0.7417122721672058, 0.7591055631637573, 0.9662078022956848, 0.7254969477653503, 0.844878613948822, 0.8258877396583557], "label": [1, 1, 1, 0, 0, 0, 0]}