{"text": ["XYZ Hospital", "123 tlealth Street,Wellness City", "Phone:+1-234-587-890", "Patlont Nanx:Allco Wlllams", "Ap:25", "Doctor: Dr. Millor", "Medicine", "Dosage", "Frequency", "Duration", "TabNeurobin Forte", "20 tblets", "3mesday", "10 days", "Tab Allegra", "10 tablets", "2tmesa day", "5days", "Tab Cyciopam", "20 tablets", "3 tmes a duy", "10 days", "Cap Dilantn", "20 tblets", "3 tmesa dey", "30 days", "Syrup", "Dosago", "Froquancy", "Duration", "Syrup Fobrox plus", "Sml", "2 tim doy", "30day", "Advico:", "-Tako bod rst", "Eat nsy-to-dlgest food like boiled rice with dal", "-Stytydrated"], "confidence": [0.9505834579467773, 0.8402786254882812, 0.886119544506073, 0.8300567269325256, 0.761734664440155, 0.9488896131515503, 0.930323600769043, 0.8897534012794495, 0.9789015650749207, 0.9623180627822876, 0.9556882381439209, 0.9135541915893555, 0.8407676815986633, 0.9543588757514954, 0.8742099404335022, 0.8921223878860474, 0.7311515808105469, 0.8691898584365845, 0.8583760261535645, 0.8709948658943176, 0.8536353707313538, 0.8690416216850281, 0.8679519891738892, 0.9086169004440308, 0.8120609521865845, 0.8853435516357422, 0.9852066040039062, 0.9191999435424805, 0.9371910095214844, 0.9527572989463806, 0.9867159724235535, 0.8684621453285217, 0.7463570237159729, 0.8759253621101379, 0.9268304705619812, 0.7285957932472229, 0.8857390284538269, 0.910991907119751], "label": [1, 1, 1, 0, 0, 0, 0]}