{"text": ["XYZ Hospital", "123 tlealth Street,Wellness City", "Phone:+1-234.587-890", "PatlantNamx:Llam Millar", ":40", "DoctorDr.Johnson", "Medicine", "Dosuge", "Frequency", "Duration", "Cap Pand", "20 tblets", "20ms dey", "4duys", "Cap Omez", "15tablets", "3 umes dey", "4days", "Tab Combinam", "20 tblets", "3 tmes dey", "4days", "Tab Allegre", "15tablets", "2 tmesa dey", "4days", "Tab Dolonex dt", "15tablets", "3 tmesaday", "7 days", "Syrup", "Dosapo", "Froquoncy", "Duratlon", "Syrup Brozodax", "Sml", "3timsday", "14day", "Advico:", "-Tako tod rost", "Eat nsy-to-dlgest food like boiled dce with dal", "-Staytydrated"], "confidence": [0.9539773464202881, 0.8445388078689575, 0.8541738390922546, 0.8464779257774353, 0.7698519229888916, 0.9617027044296265, 0.9259157180786133, 0.9427713751792908, 0.9838371276855469, 0.9623180627822876, 0.924538254737854, 0.9135541915893555, 0.7692691087722778, 0.9136894941329956, 0.8205928802490234, 0.9090301990509033, 0.7338784337043762, 0.8935898542404175, 0.9418631196022034, 0.9248446226119995, 0.7872068881988525, 0.9184122085571289, 0.8713741898536682, 0.8865138292312622, 0.8118886351585388, 0.9184122085571289, 0.9152517318725586, 0.8865651488304138, 0.8450846672058105, 0.8720644116401672, 0.9747051000595093, 0.9054598808288574, 0.9624842405319214, 0.9632958173751831, 0.9832631349563599, 0.9197258949279785, 0.7406063079833984, 0.7760825753211975, 0.9671358466148376, 0.8324451446533203, 0.9010121822357178, 0.9319948554039001], "label": [1, 1, 1, 0, 0, 0, 0]}