{"text": ["XYZ Hospital", "123 tlealth Street,Wellness City", "Phone:+1-234-587-890", "Patlont Nam:Davld Brown", "Ap:51", "Doctor: Dr. Millor", "Medidine", "Dosuge", "Frequency", "Duration", "Tab Pan d", "15tablets", "3mesdey", "10days", "Tab Neurobin Forte", "20 tablets", "3 tmes doy", "7 days", "Tab Zole fcreum", "5tablets", "2 tmsa duy", "5days", "Tab Cyclomeff", "10tablets", "3 tmes aday", "4days", "Cap Omez", "10tablets", "2 umes a duy", "7 days", "TabAluhrodin500", "15tblets", "2 tmesa dey", "4duys", "Syrup", "Dosapo", "Froquoncy", "Duratlon", "Syrup TusQ dx", "Sml", "3 tims doy", "10days", "Syrup TusQ-dx", "Sml", "3timsday", "30 days", "Advico:", "-Tako tod rost", "Eat nsy-to-digest food like boiled rice with dal", "-Stytydrated"], "confidence": [0.9555370807647705, 0.8383982181549072, 0.8875136375427246, 0.7896376848220825, 0.7588711380958557, 0.9734188914299011, 0.8991739153862, 0.9427713751792908, 0.9905779957771301, 0.9623180627822876, 0.9158036112785339, 0.8927748799324036, 0.8327884078025818, 0.8628065586090088, 0.9175339937210083, 0.9054545164108276, 0.7507402896881104, 0.8401936888694763, 0.8510107398033142, 0.916618824005127, 0.7483718395233154, 0.8366293907165527, 0.8514583110809326, 0.9273074269294739, 0.8272819519042969, 0.9184122085571289, 0.8662049174308777, 0.9273074269294739, 0.7387182116508484, 0.8720644116401672, 0.8044005632400513, 0.9046850204467773, 0.8076270818710327, 0.9083743095397949, 0.983737587928772, 0.8228013515472412, 0.9466862082481384, 0.9559439420700073, 0.940744936466217, 0.860496461391449, 0.7524312138557434, 0.7868053317070007, 0.9553414583206177, 0.927854061126709, 0.7849414348602295, 0.7511711120605469, 0.9699703454971313, 0.7723420858383179, 0.9020175933837891, 0.8946594595909119], "label": [1, 1, 1, 0, 0, 0, 0]}