{"text": ["XYZ Hospital", "123 tlealth Street,Wellness City", "Phone:+1-234.587-890", "Patlant Namx:Allco Davs", ":42", "Doctor: Dr. Millor", "Medicine", "Dosuge", "Frequency", "Duration", "Cap Coimmune", "20 tblets", "20ms doy", "7 duys", "Tab Clavum025", "20 tablets", "20mesa duy", "4duys", "Cup Cypon", "20 tablets", "3 tmesa doy", "10 duys", "Tab Trz", "20 tablets", "3 tmesa duy", "10days", "TabAllegr", "20 tblets", "3 tmesaday", "4duys", "Tab Febrexplus", "15tablets", "3 tmesa dey", "10days", "Syrup", "Dosago", "Froquoncy", "Duratlon", "Syrup TusQx", "10ml", "2tmdoy", "14 doy", "Advico:", "-Tako to rst", "Eat nsy-to-digest food like boiled dce with dnl", "Stoytydrated"], "confidence": [0.9544651508331299, 0.8494900465011597, 0.8575018644332886, 0.8134360909461975, 0.812186062335968, 0.9685773849487305, 0.930323600769043, 0.9427713751792908, 0.9790523052215576, 0.9564203023910522, 0.8475953936576843, 0.9003804326057434, 0.7523245811462402, 0.9796134829521179, 0.876121461391449, 0.8967920541763306, 0.7259731888771057, 0.9136894941329956, 0.8962222337722778, 0.8709948658943176, 0.7694242000579834, 0.8829830288887024, 0.9231915473937988, 0.8967920541763306, 0.7955330014228821, 0.8628065586090088, 0.935485303401947, 0.9003804326057434, 0.8478784561157227, 0.9136894941329956, 0.931759238243103, 0.8990643620491028, 0.8283851742744446, 0.9015160202980042, 0.9720994234085083, 0.958836555480957, 0.942815363407135, 0.992949366569519, 0.9340599179267883, 0.9717352390289307, 0.7179483771324158, 0.770780086517334, 0.9678854942321777, 0.7566071152687073, 0.8601347208023071, 0.871784508228302], "label": [1, 1, 1, 0, 0, 0, 0]}