{"text": ["XYZ Hospital", "123 tlealth Street,Wellness City", "Phone:+1-234.587-890", "PatlntNamx:GracoSmith", ":41", "Doctor: Dr. Smith", "Medicine", "Dosuge", "Frequency", "Duration", "TabClavum 025", "5 tablets", "20ms duy", "14duys", "Tab Combinam", "20tblets", "20mesaday", "10days", "Tab Cetine", "5 tablets", "2 tmes a duy", "5 days", "Cap Dilanun", "10tablets", "3 tmes aday", "4duys", "Tab Trtz", "20 tblets", "2 tmes a duy", "7 days", "Cap Pan d", "5tablets", "2 tmes a doy", "10days", "Syrup", "Dosago", "Froquoncy", "Duratlon", "Syrup Zodax", "Sml", "2tmdoy", "7day", "Advico:", "-Tako tod rost", "Eat nsy-to-digest food like boiled dce with dnl", "Stoybydrated"], "confidence": [0.9549444317817688, 0.8513327240943909, 0.8499292135238647, 0.8374428749084473, 0.8224173188209534, 0.9411486387252808, 0.8953059315681458, 0.979745090007782, 0.9803639650344849, 0.9623180627822876, 0.819934606552124, 0.887381374835968, 0.7756778001785278, 0.8650357723236084, 0.9236570000648499, 0.9412925839424133, 0.7755182385444641, 0.8628065586090088, 0.9146391153335571, 0.8569201231002808, 0.7192685604095459, 0.7547540068626404, 0.8792970776557922, 0.9273074269294739, 0.8218534588813782, 0.9083743095397949, 0.785164475440979, 0.9003804326057434, 0.7704176902770996, 0.8452855944633484, 0.9221227169036865, 0.8909797668457031, 0.7830736637115479, 0.924377977848053, 0.9719002842903137, 0.9144992828369141, 0.9633573889732361, 0.9924637079238892, 0.9083108901977539, 0.927854061126709, 0.7008616924285889, 0.940690815448761, 0.9678854942321777, 0.7538960576057434, 0.8601347208023071, 0.8264799118041992], "label": [1, 1, 1, 0, 0, 0, 0]}