{"text": ["XYZ Hospital", "123 tlealth Street,Wellness City", "Phone:+1-234.587-890", "PatlantNanx:Bob Davs", "Apo:55", "Doctor: Dr. Tumor", "Medicine", "Dosuge", "Frequency", "Duration", "Tab Zole fcream", "5 tablets", "20ms dey", "4duys", "Tab Clavum025", "5tablets", "3tmesaday", "5days", "Cap Zovirax", "20 tblets", "3 tmesa duy", "10 duys", "Tab Neurobin Forte", "5tablets", "2tmesa day", "30 days", "TabA1uhrodn 500", "10tablets", "3 tmesaday", "10 days", "Cap Pan d", "10tablets", "2 tms a doy", "5 duys", "Syrup", "Dosago", "Froquoncy", "Duratlon", "Syrup TusQ dx", "10ml", "2tmdoy", "7day", "Advico:", "-Tako bod rst", "Eat nsy-to-digest food like boiled dce with dnl", "Stoy bydrated"], "confidence": [0.9489903450012207, 0.847599446773529, 0.8531273007392883, 0.8182112574577332, 0.7298091053962708, 0.9691582918167114, 0.9567275047302246, 0.9740098118782043, 0.9791619777679443, 0.9621754884719849, 0.8518531918525696, 0.887381374835968, 0.7692691087722778, 0.9136894941329956, 0.8614626526832581, 0.8909797668457031, 0.8277404308319092, 0.8366293907165527, 0.8862808346748352, 0.9086169004440308, 0.8085514307022095, 0.8750689625740051, 0.9264061450958252, 0.9046000242233276, 0.8076890110969543, 0.8867191672325134, 0.7905848026275635, 0.9273074269294739, 0.8352519273757935, 0.8740202188491821, 0.9221227169036865, 0.9273074269294739, 0.8156778216362, 0.9175510406494141, 0.9719002842903137, 0.958836555480957, 0.9638596773147583, 0.9877357482910156, 0.943820595741272, 0.9717352390289307, 0.7155683040618896, 0.940690815448761, 0.9678854942321777, 0.7454431056976318, 0.8616782426834106, 0.7944247722625732], "label": [1, 1, 1, 0, 0, 0, 0]}