{"text": ["XYZ Hospital", "123 tlealth Street,Wellness City", "Phone:+1-234-587-890", "Patlont Nanx:Evo Davls", ":20", "Doctor: Dr. Tumor", "Medicine", "Dosuge", "Frequency", "Qurabon", "Tab Allegra", "5tablets", "3mes doy", "7 days", "Cap Cypon", "5tablets", "2 m0s  duy", "$ duys", "TabCyciomelf", "5tablets", "2 tmes a day", "30 duys", "Cap Colmmune", "15tablets", "2 tmesa day", "4duys", "TabClavum 025", "10tablets", "2 umes a duy", "7 days", "Cap Oilanun", "20 tablets", "2 tmesa dey", "$ days", "Syrup", "Dosago", "Froquoncy", "Duratlon", "Syrup Grillnctus tm", "Sml", "2 tim doy", "14 doy", "Syrup TusQx", "10ml", "2timday", "30dy", "Advico:", "-Tako tod rost", "Eat nsy-to-digest food like boiled rice with dal", "-Stytydrated"], "confidence": [0.9556338787078857, 0.8383982181549072, 0.8954404592514038, 0.7861976623535156, 0.8426997661590576, 0.9637385010719299, 0.8984020948410034, 0.9740098118782043, 0.9852608442306519, 0.8740919232368469, 0.9293495416641235, 0.901167631149292, 0.7750561833381653, 0.861883819103241, 0.9343698024749756, 0.8909797668457031, 0.7353242039680481, 0.9236800670623779, 0.8702934384346008, 0.9159331321716309, 0.7271961569786072, 0.9156034588813782, 0.8995306491851807, 0.86665940284729, 0.8068044185638428, 0.9083743095397949, 0.8184966444969177, 0.9273074269294739, 0.7387182116508484, 0.8452855944633484, 0.8136087656021118, 0.8797799944877625, 0.8188995718955994, 0.9325768351554871, 0.9885613322257996, 0.8285646438598633, 0.9466862082481384, 0.9899555444717407, 0.9912502765655518, 0.9028758406639099, 0.7249144315719604, 0.770780086517334, 0.9398233294487, 0.9357630014419556, 0.8103267550468445, 0.973709762096405, 0.9631933569908142, 0.7688633799552917, 0.9020175933837891, 0.8946594595909119], "label": [1, 1, 1, 0, 0, 0, 0]}