{"text": ["XYZ Hospital", "123 tlealth Street,Wellness City", "Phone:+1-234.587-890", "PatlantNamx:Davld Smith", "p:38", "Doctor: Dr. Tumor", "Medicine", "Dosuge", "Frequency", "Duration", "Cap Dilanun", "10 tablets", "3mesday", "$ days", "Tab Dolonexdt", "5 tablets", "3umesaday", "10days", "Cap Coimmune", "5tablets", "3tmes aday", "5 days", "Tab Zole fcream", "20 toblets", "2 tmesa dey", "5days", "Tab Pand", "10 tablets", "3 tmesaday", "10days", "Syrup", "Dosapo", "Froquancy", "Duratlon", "Syrup Corox", "10ml", "2mdoy", "30dny", "Syrup Zodox", "10ml", "2tims doy", "7days", "Advico:", "-Tako tod rost", "Eat ensy-to-digest food like boiled rice with dnl", "Stoytydrated"], "confidence": [0.953700840473175, 0.8444339036941528, 0.8575018644332886, 0.8544023633003235, 0.7383583188056946, 0.957442581653595, 0.9323613047599792, 0.9720911383628845, 0.9788968563079834, 0.965709924697876, 0.8853470087051392, 0.9107781648635864, 0.8458738923072815, 0.837290346622467, 0.9420605301856995, 0.8309895992279053, 0.8479437828063965, 0.924377977848053, 0.865301787853241, 0.8312031030654907, 0.8274420499801636, 0.802062451839447, 0.8860510587692261, 0.8586471676826477, 0.8113839626312256, 0.8691898584365845, 0.9234901666641235, 0.901634693145752, 0.8439608812332153, 0.9213528037071228, 0.9703512191772461, 0.9139150977134705, 0.9316151738166809, 0.9927033185958862, 0.9736620187759399, 0.9483411312103271, 0.7373758554458618, 0.8397564888000488, 0.845456063747406, 0.9604064226150513, 0.7041686773300171, 0.9038707613945007, 0.9671232104301453, 0.7159023880958557, 0.844878613948822, 0.8652937412261963], "label": [1, 1, 1, 0, 0, 0, 0]}