{"text": ["XYZ Hospital", "123 tlealth Street,Wellness City", "Phone:+1-234-587-890", "Patlont Nanx:Mla Whito", "p:73", "Doctor: Dr. Tumor", "Medicine", "Dosuge", "Frequency", "Duration", "TabTrz", "5 tablets", "20ms doy", "7 duys", "Cap Dilantn", "t5tablets", "2mes  duy", "$ days", "Tab Sumo cold", "10tablets", "2 tmes a duy", "30 days", "Tab Evion", "20 tblets", "3 tmesa dey", "7days", "Syrup", "Dosago", "Froquancy", "Duratlon", "Syrup Fobrox plus.", "10ml", "3tims doy", "30day", "Advico:", "-Tako bod rst", "Eat nsy-to-dlgest food like boiled rice with dal", "-Stynydrated"], "confidence": [0.9429824948310852, 0.8406103849411011, 0.8980655670166016, 0.8239534497261047, 0.8352077603340149, 0.9691397547721863, 0.9200336337089539, 0.9030749201774597, 0.9821071624755859, 0.9629752039909363, 0.8394489288330078, 0.8757308125495911, 0.7529489994049072, 0.9796134829521179, 0.8972257375717163, 0.8833587169647217, 0.7472155094146729, 0.9286584258079529, 0.9170699715614319, 0.9273074269294739, 0.8021218776702881, 0.8866694569587708, 0.9344395399093628, 0.9086169004440308, 0.7706842422485352, 0.9444330930709839, 0.9728748202323914, 0.9117240309715271, 0.935694694519043, 0.9573420286178589, 0.9487089514732361, 0.9658069610595703, 0.7522122859954834, 0.8759253621101379, 0.9268304705619812, 0.7285957932472229, 0.8857390284538269, 0.8969745635986328], "label": [1, 1, 1, 0, 0, 0, 0]}