{"text": ["XYZ Hospital", "123 tlealth Street,Wellness City", "Phone:+1-234.587-890", "PatlntNam:Evo D", "p:5", "Doctor: Dr.Pato1", "Medicine", "Dosuge", "Frequency", "Duration", "Tab Evion", "15tablets", "20ms dey", "7 duys", "TabClavum025", "20 tblets", "2tmesa dey", "10days", "Tab Cetine", "5tablets", "3 tmesaday", "7days", "Tab Combinam", "5tblets", "2 tms  doy", "10days", "Syrup", "Dosago", "Froquoncy", "Duratlon", "Syrup TusQ-dx", "10ml", "2m doy", "14day", "SyrupCorox-dx", "10ml", "3mday", "7day", "Advico:", "-Tako tod rost", "Eat nsy-to-dlgest food like boiled rice with dal", "-Staytydrated"], "confidence": [0.9524848461151123, 0.8413002490997314, 0.8571933507919312, 0.8287850618362427, 0.5828918814659119, 0.9176145792007446, 0.930323600769043, 0.9427713751792908, 0.9838371276855469, 0.955414891242981, 0.9262643456459045, 0.8927748799324036, 0.7710025310516357, 0.9828178286552429, 0.8760592341423035, 0.9086169004440308, 0.7338863611221313, 0.8654675483703613, 0.9146391153335571, 0.9093613624572754, 0.8439608812332153, 0.9236086010932922, 0.9461339116096497, 0.8720654249191284, 0.7158662676811218, 0.9470896124839783, 0.9728748202323914, 0.8239191174507141, 0.9646628499031067, 0.9370599985122681, 0.9664191603660583, 0.9483411312103271, 0.7446933388710022, 0.7923818826675415, 0.8774359226226807, 0.911413848400116, 0.81695556640625, 0.8190528750419617, 0.9688101410865784, 0.8336081504821777, 0.9003981947898865, 0.9319948554039001], "label": [1, 0, 1, 0, 0, 0, 0]}