{"text": ["XYZ Hospital", "123 tlealth Street,Wellness City", "Phone:+1-234-587-890", "Patlont Namx:EvoSmith", "Ap:52", "Doctor: Dr.Smith", "Medicine", "Dosuge", "Frequency", "Duration", "Tab Cyclopum", "10tablets", "20ms doy", "7 days", "Tab Neurobin Forte", "10 tablets", "3umesaday", "7days", "Cap Omez", "20 tablets", "2 tmes a duy", "10 days", "Cap Dilantn", "20 tblets", "3 tmesa dey", "5days", "Syrup", "Dosago", "Froquancy", "Ouration", "Syrup Zodax", "10ml", "3tims doy", "14days", "Advico:", "-Tako bod rost", "Eat nsy-to-dlgest food like boiled rice with dal", "-Stynydrated"], "confidence": [0.9509110450744629, 0.8450579047203064, 0.8954404592514038, 0.8281192779541016, 0.7315886616706848, 0.9528047442436218, 0.9546432495117188, 0.9054610133171082, 0.9788968563079834, 0.964890718460083, 0.866511344909668, 0.9273074269294739, 0.7564270496368408, 0.9900434613227844, 0.9425820112228394, 0.8921223878860474, 0.759131908416748, 0.9236086010932922, 0.8976379632949829, 0.9054545164108276, 0.8743255138397217, 0.8472437858581543, 0.8727643489837646, 0.9086169004440308, 0.7706842422485352, 0.8882506489753723, 0.9908796548843384, 0.9117240309715271, 0.935694694519043, 0.9101769924163818, 0.9493877291679382, 0.9658069610595703, 0.7523825764656067, 0.8842740058898926, 0.9288334846496582, 0.7142534255981445, 0.8857390284538269, 0.8979136347770691], "label": [1, 1, 1, 0, 0, 0, 0]}