{"text": ["XYZ Hospital", "123 tlealth Street,Wellness City", "Phone:+1-234-587-890", "PatlontNan:Bob D", "p:47", "Doctor: Dr.Lao", "Medicine", "Dosuge", "Frequency", "Duration", "Cap Dilanun", "5 tablets", "3mesaday", "10duys", "TabAlurocin 500", "20 tblets", "3tmesaday", "30 days", "Cap Zovirax", "10tablets", "2 tmes a duy", "7 days", "TabCiplox 500", "20 tblets", "2 tmes a doy", "5days", "Syrup", "Dosago", "Froquancy", "Durptlon", "Syrup TusQ dx", "Sml", "3tims doy", "5days", "Advico:", "-Tako bod rost", "Eat nsy-to-dlgest food like boiled rice with dal", "-Stynydrated"], "confidence": [0.9541840553283691, 0.8418617844581604, 0.9123506546020508, 0.8164956569671631, 0.7643239498138428, 0.9028307199478149, 0.9259157180786133, 0.9030749201774597, 0.9860424399375916, 0.9623180627822876, 0.8701413869857788, 0.8757308125495911, 0.7886044979095459, 0.9152160286903381, 0.8020365238189697, 0.9248446226119995, 0.8201786875724792, 0.8663529753684998, 0.9156240820884705, 0.9273074269294739, 0.8021218776702881, 0.8720644116401672, 0.8971627950668335, 0.9086169004440308, 0.7674559950828552, 0.8950570225715637, 0.9728748202323914, 0.9117240309715271, 0.9325470328330994, 0.8660781383514404, 0.9520286321640015, 0.8684621453285217, 0.7522122859954834, 0.8675468564033508, 0.9288334846496582, 0.7142534255981445, 0.8857390284538269, 0.8971806168556213], "label": [1, 1, 1, 0, 0, 0, 0]}