{"text": ["XYZ Hospital", "123 tlealth Street,Wellness City", "Phone:+1-234.587-890", "Patlant Namx:Mla Ro", ":8", "Doctor: Dr.Lo", "Medicine", "Dosuge", "Frequency", "Duration", "TabCiplox500", "20tblets", "20ms doy", "4duys", "Tab Evion", "5tablets", "2tmesa duy", "5days", "TabAluhrodin500", "t5tablets", "3 tmesaday", "14days", "Tab Combinam", "10tablets", "3 tmesa dey", "7days", "Syrup", "Dosapo", "Froquancy", "Duratlon", "Syrup TusQ-dx", "Sml", "3tm doy", "10day", "Syrup Brozodax", "Sml", "3timsday", "7day", "Advico:", "-Tako tod rost", "Eat nsy-to-dlgest food like boiled dce with dal", "-Staytydrated"], "confidence": [0.9524534344673157, 0.8386499881744385, 0.8577502369880676, 0.7640092968940735, 0.6136865615844727, 0.9265617728233337, 0.930411696434021, 0.9427713751792908, 0.9838371276855469, 0.9622949361801147, 0.8937670588493347, 0.9343926906585693, 0.767784595489502, 0.9136894941329956, 0.9331890940666199, 0.8909797668457031, 0.7649374008178711, 0.8366293907165527, 0.7770461440086365, 0.8511607646942139, 0.8514732122421265, 0.8413376212120056, 0.9456238150596619, 0.9247161149978638, 0.7014458179473877, 0.9421157836914062, 0.9701129198074341, 0.8093938827514648, 0.9563462734222412, 0.9518309235572815, 0.9692877531051636, 0.8684621453285217, 0.7234882116317749, 0.7873427867889404, 0.8912094235420227, 0.9197258949279785, 0.7330020666122437, 0.8190528750419617, 0.9688101410865784, 0.8305357098579407, 0.9003587961196899, 0.9332470297813416], "label": [1, 0, 1, 0, 0, 0, 0]}