{"text": ["XYZ Hospital", "123 tlealth Street,Wellness City", "Phone:+1-234.587-890", "PatlantNam:Llam R", "p:02", "DoctorDr.Johnson", "Medicine", "Dosuge", "Frequency", "Duration", "Tab Pan d", "15tablets", "3mesaday", "10days", "Cap Cypon", "20 tablets", "2tmes day", "4days", "Cap Zovirax", "20 tblets", "2tmesa dey", "4days", "Cap Omez", "5tblets", "3 tmesa dey", "30 days", "Syrup", "Dosago", "Froquancy", "Duratlon", "Syrup TusQ-dx", "Sml", "2 tm doy", "5 days", "SyrupTusx", "10ml", "3timsday", "30dy", "Advico:", "-Tako tod rost", ".Eat nsy-to-digest food like boiled rice with dal", "-Staytydrated"], "confidence": [0.9539773464202881, 0.8392036557197571, 0.8577502369880676, 0.796282172203064, 0.5924407243728638, 0.9631726741790771, 0.9286406636238098, 0.9427713751792908, 0.9838371276855469, 0.9623180627822876, 0.9297789335250854, 0.8927748799324036, 0.7792060971260071, 0.8628065586090088, 0.9175405502319336, 0.9054545164108276, 0.7933801412582397, 0.8935898542404175, 0.8862808346748352, 0.9086169004440308, 0.8125902414321899, 0.8935898542404175, 0.8653192520141602, 0.8796586990356445, 0.697382926940918, 0.9300812482833862, 0.9720994234085083, 0.8239191174507141, 0.9199146628379822, 0.937681257724762, 0.9513934850692749, 0.9028758406639099, 0.741890549659729, 0.8145861029624939, 0.8749332427978516, 0.911413848400116, 0.7859691381454468, 0.9695253372192383, 0.9678854942321777, 0.8118053078651428, 0.8985157608985901, 0.9258518218994141], "label": [1, 1, 1, 0, 0, 0, 0]}