{"text": ["XYZ Hospital", "123 tlealth Street,Wellness City", "Phone:+1-234.587-890", "Patlant Namx:Charl Do", "p:22", "Doctor: Dr.Lo", "Medicine", "Dosuge", "Frequency", "Duration", "Tab Trtz", "5 tablets", "3tmesday", "7 days", "Tab Pan d", "5tablets", "20mesaday", "30 days", "Cap Pan d", "t5tablets", "3tmes day", "4 days", "Tab Neurobin Forte", "20 toblets", "2 tmes adey", "10days", "Tab Cetine", "t5tablets", "3tmesaday", "7days", "Syrup", "Dosapo", "Froquancy", "Duratlon", "Syrup Corox-dx", "10ml", "3tms doy", "4dy", "Syrup TusQx", "10ml", "2tims doy", "4 days", "Advico:", "-Tako to rost", "Eat ensy-to-digest food like boiled rice with dnl", "Stoytydrated"], "confidence": [0.9539994597434998, 0.8386703133583069, 0.8589719533920288, 0.7816351056098938, 0.7944168448448181, 0.9240993857383728, 0.9286406636238098, 0.979745090007782, 0.9827504754066467, 0.965709924697876, 0.788279116153717, 0.8705056309700012, 0.7893610596656799, 0.9877565503120422, 0.8833444118499756, 0.8909797668457031, 0.7784956693649292, 0.8853435516357422, 0.8883863091468811, 0.8831853270530701, 0.797487735748291, 0.8902750611305237, 0.9541727900505066, 0.8586471676826477, 0.8098935484886169, 0.924377977848053, 0.9062473177909851, 0.8830724954605103, 0.8785970211029053, 0.9444330930709839, 0.9720994234085083, 0.7913495898246765, 0.9368769526481628, 0.9593731760978699, 0.9675631523132324, 0.9483411312103271, 0.7197035551071167, 0.962104082107544, 0.9560192227363586, 0.9604064226150513, 0.7249763607978821, 0.8612959980964661, 0.96775883436203, 0.7236803770065308, 0.844878613948822, 0.7941193580627441], "label": [1, 1, 1, 0, 0, 0, 0]}