{"text": ["XYZ Hospital", "123 tlealth Street,Wellness City", "Phone:+1-234-587-890", "Patlant Nanx:Graco Johnson", ":40", "Doctor: Dr. Millor", "Medicine", "Dosuge", "Frequency", "Duration", "Tab Trtz", "15tablets", "3mesdey", "5days", "Tab Neurobin Forte", "20 tablets", "3 umes doy", "5days", "Tab Combinam", "10tablets", "2tmesa dey", "7 days", "Cap Zovirax", "5tablets", "3 tmes aday", "4days", "Cap Omez", "20tblets", "2 tmes a duy", "5days", "Cup Dilanun", "15tablets", "3 tmesa dey", "$ duys", "Syrup", "Dosapo", "Froquoncy", "Duratlon", "Syrup Cypon", "10ml", "3tims doy", "10days", "Syrup Corox", "Sml", "3timsday", "30 days", "Advico:", "-Tako tod rst", "Eat nsy-to-digest food like boiled rice with dnl", "-Stytydrated"], "confidence": [0.9468221664428711, 0.8488829135894775, 0.8675873875617981, 0.8362549543380737, 0.721707820892334, 0.9297031760215759, 0.9567275047302246, 0.9427713751792908, 0.9902750849723816, 0.964890718460083, 0.823991060256958, 0.8647039532661438, 0.8327884078025818, 0.8641525506973267, 0.9201793670654297, 0.8967920541763306, 0.7165395617485046, 0.8366293907165527, 0.9520880579948425, 0.9273074269294739, 0.8071712255477905, 0.8401936888694763, 0.9207450747489929, 0.9046000242233276, 0.8303280472755432, 0.9184122085571289, 0.8350864052772522, 0.9145114421844482, 0.7853452563285828, 0.8691898584365845, 0.9166556000709534, 0.9037178754806519, 0.7851676344871521, 0.9236800670623779, 0.9885613322257996, 0.8228013515472412, 0.9466862082481384, 0.9559439420700073, 0.9895244240760803, 0.9702969789505005, 0.732460081577301, 0.7868053317070007, 0.9745674133300781, 0.927854061126709, 0.7865440845489502, 0.7511711120605469, 0.9237281680107117, 0.6960872411727905, 0.8472650647163391, 0.9058265686035156], "label": [1, 1, 1, 0, 0, 0, 0]}