{"text": ["XYZ Hospital", "123 tlealth Street,Wellness City", "Phone:+1-234.587-890", "Patlant Namx:GracoWhito", ":30", "Doctor: Dr.Lao", "Medicine", "Dosuge", "Frequency", "Duration", "CupColmmune", "20 tblets", "20ms doy", "5 days", "Tab Evion", "10 tablets", "2tmesa dey", "5 duys", "Tab Triz", "t5tblets", "2tmesa dey", "10 duys", "Tab Cyciomelf", "20 tablets", "3 tmesa dey", "30 days", "Syrup", "Dosago", "Froquoncy", "Duration", "Syrup Cypon", "Sml", "3tms doy", "30 days", "SyrupZodax", "10ml", "3timsday", "7day", "Advico:", "-Tako bod rost", "Eat nsy-to-digest food like boiled rice with dal", "-Staytydrated"], "confidence": [0.9539773464202881, 0.8478810787200928, 0.8465229868888855, 0.8244177103042603, 0.786027729511261, 0.9056085348129272, 0.9263918399810791, 0.9427713751792908, 0.9838371276855469, 0.964890718460083, 0.8942317962646484, 0.9135541915893555, 0.7552156448364258, 0.7393367886543274, 0.9439893364906311, 0.8921223878860474, 0.7338863611221313, 0.9158236980438232, 0.8540539145469666, 0.9061143398284912, 0.8125902414321899, 0.8914344906806946, 0.8437232971191406, 0.8983814120292664, 0.8120609521865845, 0.8853435516357422, 0.9720994234085083, 0.8496239185333252, 0.9104382991790771, 0.9765629768371582, 0.9897556304931641, 0.8684621453285217, 0.7202708125114441, 0.9401676058769226, 0.8965408205986023, 0.9165780544281006, 0.7859691381454468, 0.8190528750419617, 0.967370867729187, 0.8304697871208191, 0.8990753293037415, 0.9250409007072449], "label": [1, 0, 1, 0, 0, 0, 0]}