{"text": ["XYZ Hospital", "123 tlealth Street,Wellness City", "Phone:+1-234-587-890", "Patlont Nanx:Bob Davs", ":42", "Doctor: Dr. Tumor", "Medicine", "Dosage", "Frequency", "Duration", "TubCiplox500", "20 tblets", "3mesday", "30 days", "Cap Zovirax", "10 tablets", "2tmesa day", "30 days", "Cap Colmmune", "5tablets", "2 tmes a duy", "30 days", "TabAllegra", "20 tablets", "2 tmes a doy", "7 days", "Syrup", "Dosago", "Froquancy", "Duratlon", "Syrup TusQ-dx", "Sml", "2 tm doy", "7 days", "Advico:", "-Tako bod rost", "Eat nsy-to-dlgest food like boiled rice with dal", "-Stytydrated"], "confidence": [0.9545387625694275, 0.847599446773529, 0.8954404592514038, 0.8039673566818237, 0.812186062335968, 0.9601377844810486, 0.9286406636238098, 0.8897534012794495, 0.9838371276855469, 0.964890718460083, 0.8429338335990906, 0.9135541915893555, 0.8407676815986633, 0.8676621317863464, 0.9156240820884705, 0.8921223878860474, 0.7838765382766724, 0.8853435516357422, 0.878234326839447, 0.9093613624572754, 0.8743255138397217, 0.8866694569587708, 0.94379061460495, 0.8983814120292664, 0.769815981388092, 0.8480218052864075, 0.9825723767280579, 0.9117240309715271, 0.9354243874549866, 0.8827411532402039, 0.9617738127708435, 0.8684621453285217, 0.7225327491760254, 0.9641744494438171, 0.9288334846496582, 0.7142534255981445, 0.8857390284538269, 0.9112634658813477], "label": [1, 1, 1, 0, 0, 0, 0]}