{"text": ["XYZ Hospital", "123 tlealth Street,Wellness City", "Phone:+1-234-587-890", "Patlont Nanx:John Do", "p:50", "Doctor:Dr.Patol", "Medicine", "Dosuge", "Frequency", "Duration", "Cap Zovirax", "5tablets", "20ms day", "5 days", "Tab Zolefcreum", "15tablets", "3 tmes duy", "7 days", "TabCiplox500", "5tablets", "3 tmesaduy", "30 duys", "TabAlurocin 500", "15tablets", "3tmes aday", "5days", "TabCyclopam", "5tablets", "2 tmes a duy", "4duys", "TabNeurobin Forte", "5tablets", "2tmesa day", "10days", "Syrup", "Dosago", "Froquoncy", "Durotlon", "Syrup TusQ-dx", "10ml", "2 tim doy", "5 days", "Syrup Corox", "10ml", "2timday", "7day", "Advico:", "-Tako tod rost", "Eat nsy-to-dlgest food like boiled rice with dal", "-Stytydrated"], "confidence": [0.9539773464202881, 0.8388950228691101, 0.9064761400222778, 0.8298788070678711, 0.7119712829589844, 0.9568375945091248, 0.9332491159439087, 0.9740098118782043, 0.985968291759491, 0.964890718460083, 0.8703895807266235, 0.901167631149292, 0.7605679631233215, 0.7547540068626404, 0.8300890922546387, 0.8647039532661438, 0.7182040214538574, 0.861883819103241, 0.9496781826019287, 0.916618824005127, 0.8196805119514465, 0.9156034588813782, 0.7894207835197449, 0.86665940284729, 0.852321445941925, 0.8520981669425964, 0.8910260796546936, 0.9079194068908691, 0.7704176902770996, 0.9083743095397949, 0.9589383602142334, 0.8909797668457031, 0.844202995300293, 0.924377977848053, 0.983737587928772, 0.8496239185333252, 0.9466862082481384, 0.9339734315872192, 0.9391883015632629, 0.9702969789505005, 0.7471926212310791, 0.8219525814056396, 0.9745674133300781, 0.9599877595901489, 0.7676267623901367, 0.8532044887542725, 0.9698401689529419, 0.7705491185188293, 0.9009497165679932, 0.8946594595909119], "label": [1, 1, 1, 0, 0, 0, 0]}