{"text": ["XYZ Hospital", "123 tlealth Street,Wellness City", "Phone:+1-234.587-890", "Patlant Namx:Jano Davs", ":24", "Doctor: Dr.Lo", "Medicine", "Dosuge", "Frequency", "Duration", "Cap Colmmune", "10 tablets", "20ms dey", "4duys", "Tab Pan d", "15tablets", "3 umes doy", "10days", "Tab Febrexplus", "20 tablets", "3 tmesaday", "7 days", "Cap Zovirax", "20 tablets", "3 tmesa dey", "7 days", "Syrup", "Dosago", "Froquoncy", "Duration", "Syrup Cypon", "10ml", "2 tm doy", "5days", "SyrupGrillnctus tm", "Sml", "3timsday", "30dy", "Advico:", "-Tako tod rost", "Eat nsy-to-digest food like boiled dce with dal", "-Staytydrated"], "confidence": [0.9556874632835388, 0.8467555046081543, 0.8541738390922546, 0.821458637714386, 0.882969081401825, 0.9278149008750916, 0.9307171702384949, 0.9349806904792786, 0.9838371276855469, 0.9623180627822876, 0.8730503916740417, 0.901634693145752, 0.7710025310516357, 0.9136894941329956, 0.9056241512298584, 0.9092390537261963, 0.7165395617485046, 0.9015160202980042, 0.9401038885116577, 0.9054545164108276, 0.8493043780326843, 0.8720644116401672, 0.8512569069862366, 0.8983814120292664, 0.8120609521865845, 0.8434519171714783, 0.9728748202323914, 0.8384754657745361, 0.8970111012458801, 0.9527572989463806, 0.9897556304931641, 0.9410436153411865, 0.7740520238876343, 0.8763659596443176, 0.906718373298645, 0.9197258949279785, 0.7852563858032227, 0.9695253372192383, 0.9678854942321777, 0.7805084586143494, 0.9067122340202332, 0.9258518218994141], "label": [1, 1, 1, 0, 0, 0, 0]}