{"text": ["XYZ Hospital", "123 tlealth Street,Wellness City", "Phone:+1-234.587-890", "Patlont Namx:Charl Do", "p:25", "Doctor: Dr.Patol", "Medicine", "Dosuge", "Frequency", "Duration", "TabDolo 650", "10tablets", "3umesa day", "7 duys", "Cap Co-lmmune", "15tablets", "3umesadey", "10days", "Tab Neurobin Forte", "10 tablets", "3 tmesa day", "4days", "Cap Zovirax", "20 toblets", "3tmes adey", "$ days", "TabCyciopam", "10 tablets", "2tmesaday", "10days", "Syrup", "Dosopo", "Froquoncy", "Duratlon", "Syrup TusQ dx", "10ml", "3timsday", "30dy", "Advico:", "-Tako tod rost", "Eat nsy-to-dlgest food like boiled dce with dal", "-Stayhydrated"], "confidence": [0.9544928669929504, 0.8356792330741882, 0.8577502369880676, 0.7976216673851013, 0.8360955119132996, 0.9595358371734619, 0.8984020948410034, 0.9349806904792786, 0.9838371276855469, 0.9564203023910522, 0.8724918961524963, 0.9273074269294739, 0.8330917358398438, 0.9828178286552429, 0.8629149198532104, 0.8927748799324036, 0.8198149800300598, 0.9015160202980042, 0.9445422291755676, 0.8921223878860474, 0.7573702335357666, 0.9184122085571289, 0.8862100839614868, 0.8743324279785156, 0.8477534055709839, 0.9325768351554871, 0.911049485206604, 0.901634693145752, 0.8620349168777466, 0.9213528037071228, 0.9720994234085083, 0.7710023522377014, 0.9624842405319214, 0.9871726036071777, 0.9495112895965576, 0.9347427487373352, 0.7220712900161743, 0.9668070673942566, 0.9675191640853882, 0.7905479669570923, 0.8972930908203125, 0.8896684050559998], "label": [1, 1, 1, 0, 0, 0, 0]}