{"text": ["XYZ Hospital", "123 tlealth Street,Wellness City", "Phone:+1-234-587-890", "Patlont Nanx:Mla Wlllams", "Ap:8", "Doctor: Dr. Millor", "Medicine", "Dosage", "Frequency", "Duration", "Tab Cetine", "15tablets", "20ms doy", "30 days", "Tab Zole fcream", "10 tablets", "2tmesa day", "7 days", "Cap Dilanun", "20 tblets", "2 tmes a duy", "10 duys", "Cap Omez", "5tablets", "2 tmes a doy", "30 days", "Syrup", "Dosago", "Froquancy", "Duration", "Syrup Brozodax", "10ml", "3mday", "10day", "Advico:", "-Tako bod rost", "Eat nsy-to-dlgest food like boiled rice with dal", "-Stynydrated"], "confidence": [0.9504032135009766, 0.8390575647354126, 0.8917137980461121, 0.8392178416252136, 0.5038836598396301, 0.9724238514900208, 0.954825758934021, 0.9028077125549316, 0.9788968563079834, 0.964890718460083, 0.9271114468574524, 0.8910351991653442, 0.7564270496368408, 0.8676621317863464, 0.8796309232711792, 0.8921223878860474, 0.7838765382766724, 0.8480218052864075, 0.9153401851654053, 0.9248446226119995, 0.8743255138397217, 0.8914344906806946, 0.8917877674102783, 0.8909797668457031, 0.769815981388092, 0.8853435516357422, 0.970925509929657, 0.9191999435424805, 0.9584259390830994, 0.9527572989463806, 0.9870462417602539, 0.9658069610595703, 0.8066997528076172, 0.8316768407821655, 0.9288334846496582, 0.7142534255981445, 0.8857390284538269, 0.8985016345977783], "label": [1, 1, 1, 0, 0, 0, 0]}