{"text": ["XYZ Hospital", "123 tlealth Street,Wellness City", "Phone:+1-234.587-890", "Patlant Namx:MlaJohnson", "Ap:59", "DoctorDr.Johnson", "Medicine", "Dosuge", "Frequency", "Duration", "Tab Allegra", "5tablets", "3mesday", "7 days", "Tab Neurobin Forte", "5tablets", "2tmesa duy", "30 days", "Tab Combinam", "10tablets", "3 tmesaday", "14duys", "TabCyclopam", "t5tablets", "3 tmesa dey", "30 days", "Syrup", "Dosapo", "Froquancy", "Duratlon", "Syrup Brozodox", "10ml", "2 tm doy", "10day", "SyrupCorax", "Sml", "2timday", "10day", "Advico:", "-Tako tod rost", "Eat nsy-to-dlgest food like boiled dce with dal", "-Stayhydrated"], "confidence": [0.951866626739502, 0.8386499881744385, 0.8577502369880676, 0.8362841606140137, 0.660327136516571, 0.9639472961425781, 0.930323600769043, 0.9427713751792908, 0.9859857559204102, 0.964890718460083, 0.8888742923736572, 0.901167631149292, 0.8345361948013306, 0.8635157942771912, 0.9362795352935791, 0.8909797668457031, 0.7688897252082825, 0.8867191672325134, 0.9422912001609802, 0.9247161149978638, 0.8578677177429199, 0.8666453957557678, 0.8930419683456421, 0.8862625360488892, 0.7195785641670227, 0.8853435516357422, 0.9747051000595093, 0.8093938827514648, 0.9061452150344849, 0.9347891807556152, 0.9400792121887207, 0.9410436153411865, 0.6902334094047546, 0.7450453042984009, 0.907331109046936, 0.9197258949279785, 0.7986935377120972, 0.7979649305343628, 0.9683253169059753, 0.7933914065361023, 0.9067167639732361, 0.8757689595222473], "label": [1, 0, 1, 0, 0, 0, 0]}