{"text": ["XYZ Hospital", "123 tlealth Street,Wellness City", "Phone:+1-234.587-890", "Patlant Namx:Charlo Wlson", "p:23", "Doctor: Dr.Lao", "Medidine", "Dosuge", "Frequency", "Duration", "Tab Pan d", "5 tablets", "3mesa duy", "t4 days", "Tab Dolonex dt", "15tablets", "20mesa day", "5days", "Tab Cyciomeff", "20 tablets", "2 tmsa duy", "4 duys", "TabA1urocin 500", "10tablets", "2tmesa dey", "7 days", "Cup Coimmune", "15tablets", "2 tmes a duy", "7 days", "TabCiplox500", "5tablets", "2 tms a doy", "30 days", "Syrup", "Dosago", "Froquoncy", "Duratlon", "Syrup TusQ dx", "10ml", "3tms doy", "14dy", "Advico:", "-Tako tod rost", "Eat nsy-to-digest food like boiled dce with dnl", "Stoytydrated"], "confidence": [0.9539175629615784, 0.8386703133583069, 0.8589719533920288, 0.8404710292816162, 0.7894628047943115, 0.8967886567115784, 0.9080982208251953, 0.979745090007782, 0.98100346326828, 0.9618746042251587, 0.902746856212616, 0.887381374835968, 0.7645907998085022, 0.9412974119186401, 0.9166784882545471, 0.8647039532661438, 0.7425007820129395, 0.8520981669425964, 0.8423850536346436, 0.8709948658943176, 0.7483718395233154, 0.9403669238090515, 0.8253230452537537, 0.9273074269294739, 0.8084509968757629, 0.861883819103241, 0.8696260452270508, 0.8647039532661438, 0.7522758841514587, 0.8452855944633484, 0.9453054070472717, 0.8909797668457031, 0.8156778216362, 0.8867191672325134, 0.9719002842903137, 0.9641801714897156, 0.9524527788162231, 0.9845994710922241, 0.943820595741272, 0.9717352390289307, 0.7066380381584167, 0.932861328125, 0.9678854942321777, 0.7658414244651794, 0.8601347208023071, 0.8621355891227722], "label": [1, 0, 1, 0, 0, 0, 0]}