{"text": ["XYZ Hospital", "123 tlealth Street,Wellness City", "Phone:+1-234.587-890", "PatlontNamx:EvoSmith", "4", "Doctor:Dr.Smith", "Medicine", "Dosuge", "Frequency", "Duration", "Cap Omez", "15tablets", "3mesaday", "30 days", "Tab Combinam", "20 tablets", "2 tmes  duy", "7days", "Cap Pan d", "t5tblets", "2tmesa dey", "30 days", "Cap Cypon", "5tblets", "3 tmesa dey", "t4days", "Syrup", "Dosapo", "Froquancy", "Duratlon", "Syrup TusQx", "Sml", "2 tm doy", "5 days", "SyrupTus dx", "Sml", "2timday", "7day", "Advico:", "-Tako tod rost", "Eat nsy-to-dlgest food like boiled dce with dal", "-Staytydrated"], "confidence": [0.9531888961791992, 0.8445388078689575, 0.8541738390922546, 0.8738844990730286, 0.9744680523872375, 0.9701091051101685, 0.9307171702384949, 0.9427713751792908, 0.9838371276855469, 0.964890718460083, 0.7160422801971436, 0.8927748799324036, 0.7792060971260071, 0.8676621317863464, 0.9179542660713196, 0.9054545164108276, 0.7066835165023804, 0.9236086010932922, 0.8972174525260925, 0.9061143398284912, 0.8125902414321899, 0.8716698288917542, 0.9557991027832031, 0.8720654249191284, 0.7414395809173584, 0.8406792283058167, 0.9747051000595093, 0.8093938827514648, 0.9578977227210999, 0.8827411532402039, 0.9390825033187866, 0.8684621453285217, 0.7493499517440796, 0.8339796662330627, 0.8778020739555359, 0.9197258949279785, 0.8054354786872864, 0.8483083248138428, 0.96641606092453, 0.7950741052627563, 0.9047735333442688, 0.932716965675354], "label": [1, 1, 1, 0, 0, 0, 0]}