{"text": ["XYZ Hospital", "123 tlealth Street,Wellness City", "Phone:+1-234.587-890", "Patlant Namx:Allco Smith", "Ap:57", "Doctor: Dr.Lao", "Medicine", "Dosuge", "Frequency", "Duration", "TabClovum 025", "5 tablets", "3 mesdey", "10 days", "Tab Cyciopam", "20tblets", "20mes dey", "5days", "Tab Dolonex dt", "5 tablets", "2tmes day", "10 days", "Tab Combinam", "20 toblets", "3tmesaday", "30 days", "TabCiplox500", "10 tablets", "3 tmesaday", "t4days", "Syrup", "Dosapo", "Froquancy", "Duratlon", "Syrup TusQ-dx", "Sml", "2tmdoy", "Sday", "Syrup TusQx", "10ml", "3 tims doy", "4 day", "Advico:", "-Tako tod rost", "Eat ensy-to-digest food like boiled rice with dnl", "Stoytydrated"], "confidence": [0.9544651508331299, 0.8465441465377808, 0.8575018644332886, 0.8380442261695862, 0.752202570438385, 0.8965769410133362, 0.930323600769043, 0.979745090007782, 0.9829168319702148, 0.9623180627822876, 0.7837120890617371, 0.8691415786743164, 0.8015594482421875, 0.9802390336990356, 0.8815881609916687, 0.9412925839424133, 0.7744828462600708, 0.8691898584365845, 0.9162189364433289, 0.8630087375640869, 0.7530199289321899, 0.8622841835021973, 0.9184688925743103, 0.8586471676826477, 0.8878806829452515, 0.8867191672325134, 0.9466992020606995, 0.901634693145752, 0.8439608812332153, 0.8406792283058167, 0.9719002842903137, 0.7913495898246765, 0.9235289692878723, 0.9960426092147827, 0.9553414583206177, 0.9197258949279785, 0.7179483771324158, 0.7331788539886475, 0.9367538690567017, 0.9380403757095337, 0.7696221470832825, 0.7794343829154968, 0.96775883436203, 0.7386766076087952, 0.844878613948822, 0.8652937412261963], "label": [1, 0, 1, 0, 0, 0, 0]}