{"text": ["XYZ Hospital", "123 tlealth Street,Wellness City", "Phone:+1-234-587-890", "Patlont Nanx:Llam D", ":40", "Doctor:Dr.Patol", "Medicine", "Dosuge", "Frequency", "Quraton", "CapColmmune", "20 tblets", "3mesday", "7 days", "Tab Neurobin Forte", "15tablets", "3 tmes duy", "30 days", "Tab Combinam", "10tablets", "2 tmes a duy", "30 duys", "TabCiplox500", "5tablets", "3 tmes aday", "10days", "Tab Dolonex dt", "20tblets", "3 tmesaday", "5days", "Tab Cetine", "5tablets", "2 tmes a doy", "5 duys", "Syrup", "Dosago", "Froquoncy", "Duratlon", "Syrup TusQ-dx", "Sml", "3tims doy", "7days", "Syrup Corox", "Sml", "3timsday", "30dys", "Advico:", "-Tako tod rost", "Eat nsy-to-dlgest food like boiled rice with dnl", "-Stytydrated"], "confidence": [0.9475247859954834, 0.8397927284240723, 0.9048346281051636, 0.7802553176879883, 0.8776516914367676, 0.946814239025116, 0.930323600769043, 0.9427713751792908, 0.9902750849723816, 0.8290681838989258, 0.9259936809539795, 0.9003804326057434, 0.8376972079277039, 0.8559229373931885, 0.9253674745559692, 0.8647039532661438, 0.7485857605934143, 0.8518379926681519, 0.9506288170814514, 0.9273074269294739, 0.7192685604095459, 0.9156034588813782, 0.8926923274993896, 0.9046000242233276, 0.8218534588813782, 0.924377977848053, 0.9098272323608398, 0.9145114421844482, 0.8251968622207642, 0.8756504058837891, 0.9371212124824524, 0.8909797668457031, 0.8000494837760925, 0.9175510406494141, 0.988613486289978, 0.8496239185333252, 0.9466862082481384, 0.9799938797950745, 0.9391883015632629, 0.860496461391449, 0.7382882833480835, 0.8676953315734863, 0.8918397426605225, 0.927854061126709, 0.7806689143180847, 0.9068120121955872, 0.9698401689529419, 0.7696391940116882, 0.8441435694694519, 0.9093573093414307], "label": [1, 1, 1, 0, 0, 0, 0]}