{"text": ["XYZ Hospital", "123 tlealth Street,Wellness City", "Phone:+1-234.587-890", "PatlntNamx:GracoSmith", "p:25", "Doctor: Dr.Lao", "Medicine", "Dosuge", "Frequency", "Duration", "Cap Dilanun", "20 tblets", "3mesday", "4duys", "TabCiplox500", "10tablets", "3 umes doy", "7 days", "Tab Neurobin Forte", "20 tablets", "3tmesaduy", "7 days", "TabClavum 025", "10tablets", "2 tmes a duy", "7 days", "Cup Cypon", "20 tblets", "2 tmes a duy", "30 days", "Tab Combilam", "20 tablets", "3 tmesa dey", "t4days", "Syrup", "Dosago", "Froquoncy", "Duratlon", "Syrup Cypon", "10ml", "2tmdoy", "14days", "Advico:", "-Tako to rost", "Eat nsy-to-digest food like boiled dce with dnl", "Stoytydrated"], "confidence": [0.9476857781410217, 0.8488829135894775, 0.846886157989502, 0.8333438038825989, 0.8360955119132996, 0.8984217047691345, 0.9286406636238098, 0.9427713751792908, 0.9790523052215576, 0.9623180627822876, 0.8837507367134094, 0.9003804326057434, 0.8458738923072815, 0.9136894941329956, 0.9299845099449158, 0.9273074269294739, 0.7165395617485046, 0.8401936888694763, 0.9521243572235107, 0.8709948658943176, 0.8625564575195312, 0.8401936888694763, 0.8065778017044067, 0.9273074269294739, 0.8155198693275452, 0.8452855944633484, 0.898982584476471, 0.9003804326057434, 0.7853452563285828, 0.8513266444206238, 0.9096308350563049, 0.8797799944877625, 0.7711530923843384, 0.8406792283058167, 0.9719002842903137, 0.958836555480957, 0.942815363407135, 0.9845994710922241, 0.9506130814552307, 0.9717352390289307, 0.7179483771324158, 0.8428124785423279, 0.9678854942321777, 0.7480148077011108, 0.861255407333374, 0.856630802154541], "label": [1, 1, 1, 0, 0, 0, 0]}