{"text": ["XYZ Hospital", "123 tlealth Street,Wellness City", "Phone:+1-234-587-890", "Patlont Nam:Evo Ro", "Apo:55", "Doctor:Dr.Johnson", "Medicine", "Dosage", "Frequency", "Duration", "Tab Combilam", "5tablets", "20ms dey", "7 days", "Cap Dilanun", "15tablets", "3 tmes doy", "30 days", "TabCplox 500", "10tablets", "2tmes a duy", "30 duys", "Cap Pan d", "5tablets", "3 tmes aday", "4duys", "TabDolo650", "10tablets", "3 tmesaday", "4duys", "TabZole fcreum", "10tablets", "3 tmesa dey", "7 days", "Syrup", "Dosapo", "Froquoncy", "Duration", "Syrup Zodax", "Sml", "3 tims doy", "30dy", "Syrup TusQ dx", "Sml", "2timday", "14day", "Advico:", "-Tako tod rst", "Eat nsy-to-digest food like boiled rice with dnl", "-Stytydrated"], "confidence": [0.9544918537139893, 0.8418617844581604, 0.9079828262329102, 0.7662361264228821, 0.7238374352455139, 0.9573987126350403, 0.9246234893798828, 0.9033363461494446, 0.9918885827064514, 0.965709924697876, 0.904177188873291, 0.901167631149292, 0.7692691087722778, 0.8594018816947937, 0.9373078942298889, 0.8647039532661438, 0.7266961336135864, 0.8513266444206238, 0.9008331298828125, 0.9273074269294739, 0.7304639220237732, 0.9156034588813782, 0.9105875492095947, 0.9046000242233276, 0.8281913995742798, 0.9083743095397949, 0.8781948089599609, 0.9273074269294739, 0.8438262939453125, 0.9083743095397949, 0.9000297784805298, 0.9273074269294739, 0.8194018006324768, 0.8767657279968262, 0.988613486289978, 0.8228013515472412, 0.9466862082481384, 0.9799325466156006, 0.9197816848754883, 0.860496461391449, 0.7524312138557434, 0.9722570776939392, 0.952340841293335, 0.927854061126709, 0.8143227696418762, 0.7873247861862183, 0.9699703454971313, 0.7242653369903564, 0.8472650647163391, 0.9058265686035156], "label": [1, 1, 1, 0, 0, 0, 0]}