{"text": ["XYZ Hospital", "123 tlealth Street,Wellness City", "Phone:+1-234.587-890", "Patlant Nanx:Davld Whito", ":20", "Doctor: Dr.Lao", "Medicine", "Dosage", "Frequency", "Duration", "Tab Cyclopom", "5tablets", "20ms dey", "10days", "Tab Neurobin Forte", "t5tablets", "20mes dey", "5days", "Tab Sumo cold", "t5tablets", "3 tmes dey", "4 days", "Cap Dilanun", "20 tablets", "3 tmesa dey", "10days", "Tab Pand", "5tablets", "3 tmesaday", "5days", "Syrup", "Dosapo", "Froquoncy", "Duratlon", "Syrup TusQ dx", "Sml", "3timsday", "Sday", "Advico:", "-Tako tod rost", "Eat nsy-to-dlgest food like boiled dce with dal", "-Staytydrated"], "confidence": [0.9555370807647705, 0.8380128741264343, 0.8577502369880676, 0.8327532410621643, 0.8948600888252258, 0.9056085348129272, 0.930323600769043, 0.9033363461494446, 0.9560942053794861, 0.9629752039909363, 0.8657827377319336, 0.9079194068908691, 0.7692691087722778, 0.9210941195487976, 0.9412102103233337, 0.8534514904022217, 0.7744828462600708, 0.8691898584365845, 0.9051342010498047, 0.8831853270530701, 0.7872068881988525, 0.8880710601806641, 0.9103473424911499, 0.90187007188797, 0.8120609521865845, 0.924377977848053, 0.9194570183753967, 0.9079194068908691, 0.8478784561157227, 0.8882506489753723, 0.9747051000595093, 0.9054598808288574, 0.9624842405319214, 0.8988408446311951, 0.9476492404937744, 0.9197258949279785, 0.7406063079833984, 0.7356988191604614, 0.9675191640853882, 0.7947360873222351, 0.89730304479599, 0.937537431716919], "label": [1, 1, 1, 0, 0, 0, 0]}