{"text": ["XYZ Hospital", "123 tlealth Street,Wellness City", "Phone:+1-234.587-890", "Patlant Namxo:Davld Johnson", "p:38", "Doctor: Dr.Johnson", "Medicine", "Dosuge", "Frequency", "Duration", "TabCiplox 500", "15tablets", "3mesday", "7 days", "Tab Zole fcream", "5tablets", "3tmesaday", "7 days", "Tab Neurobin Forte", "5tablets", "3tmes aday", "$ days", "Cap Colmmune", "20 toblets", "2 umes adey", "5 days", "Tab Triz", "5 tablets", "3 tmesaday", "t4 days", "Syrup", "Dosapo", "Froquoncy", "Duratlon", "Syrup Grillnctus tm", "Sml", "2tm doy", "Sday", "Syrup Corox", "Sml", "3 tims doy", "4 day", "Advico:", "-Tako tod rost", "Eat nsy-to-digest food like boiled rice with dnl", "Stoy bydrated"], "confidence": [0.9485384821891785, 0.8415265083312988, 0.8589719533920288, 0.8553747534751892, 0.6243124008178711, 0.9701842069625854, 0.930323600769043, 0.9740098118782043, 0.9788968563079834, 0.964890718460083, 0.9154219031333923, 0.8927748799324036, 0.8449034690856934, 0.9877565503120422, 0.8767240047454834, 0.8912277221679688, 0.8395311832427979, 0.8720644116401672, 0.951806366443634, 0.8260079622268677, 0.8216320872306824, 0.724358081817627, 0.876160204410553, 0.8743324279785156, 0.7839462757110596, 0.8013837933540344, 0.9694429636001587, 0.8480369448661804, 0.8309677243232727, 0.9750253558158875, 0.974157989025116, 0.8614616990089417, 0.9496034979820251, 0.9960426092147827, 0.984006404876709, 0.8684621453285217, 0.7230568528175354, 0.7331788539886475, 0.8964518904685974, 0.9197258949279785, 0.7696221470832825, 0.7794343829154968, 0.9687759280204773, 0.7995878458023071, 0.8504207730293274, 0.8111663460731506], "label": [1, 1, 1, 0, 0, 0, 0]}