{"text": ["XYZ Hospital", "123 tlealth Street,Wellness City", "Phone:+1-234.587-890", "Patlont Namx:Allco Millar", "4", "Doctor: Dr. Tumor", "Medicine", "Dosuge", "Frequency", "Duration", "TabCyclopum", "20 tblets", "3mesday", "10duys", "Tab Allegra", "10tablets", "3 umes duy", "30 days", "Cap Zovirax", "20 tablets", "3 tmesaduy", "7 days", "Cap Pan d", "15tablets", "3 tmesa duy", "10days", "Tab Trz", "20 tblets", "3 tmesaday", "10 days", "Tab Zole fcreum", "20 tablets", "2 tmes a doy", "30 days", "Syrup", "Dosago", "Froquoncy", "Duratlon", "Syrup TusQ-dx", "Sml", "3tms doy", "10days", "Advico:", "-Tako to rost", "Eat nsy-to-digest food like boiled dce with dnl", "Stoybydrated"], "confidence": [0.9508797526359558, 0.8465441465377808, 0.8575018644332886, 0.8588905334472656, 0.9744680523872375, 0.9758208990097046, 0.930323600769043, 0.9427713751792908, 0.9790523052215576, 0.9629752039909363, 0.8809776306152344, 0.9003804326057434, 0.8203554749488831, 0.9152160286903381, 0.8884873986244202, 0.9273074269294739, 0.7057475447654724, 0.8518379926681519, 0.8877450823783875, 0.8709948658943176, 0.8196805119514465, 0.8401936888694763, 0.9105875492095947, 0.8647039532661438, 0.8022145628929138, 0.9213528037071228, 0.9231915473937988, 0.9003804326057434, 0.8438262939453125, 0.8715320229530334, 0.8725258708000183, 0.8797799944877625, 0.7862532138824463, 0.8513266444206238, 0.9719002842903137, 0.958836555480957, 0.9429497122764587, 0.9876395463943481, 0.9332492351531982, 0.9028758406639099, 0.7197035551071167, 0.8282742500305176, 0.9678854942321777, 0.7605816721916199, 0.8601347208023071, 0.8271915912628174], "label": [1, 1, 1, 0, 0, 0, 0]}