{"text": ["XYZ Hospital", "123 tlealth Street,Wellness City", "Phone:+1-234-587-890", "Patlant Namx:Allco Whito", "p:73", "Doctor: Dr. Millor", "Medicine", "Dosuge", "Frequency", "Duration", "Cap Pand", "10tablets", "20ms dey", "7 days", "Cap Colmmune", "15tablets", "2 tm0s  duy", "7 days", "Tab Evlon", "10 tablets", "3 tmesa doy", "30 duys", "TabAllegr", "5tablets", "2tmesa day", "10days", "Tab Cetine", "10tablets", "2 tmes a duy", "7 days", "TabFebrexplus", "5tablets", "3 tmesa dey", "7 days", "Syrup", "Dosago", "Froquoncy", "Duratlon", "Syrup Fobrox plus", "Sml", "2 timdoy", "5days", "Syrup Zodax", "10ml", "2timday", "Sday", "Advico:", "-Tako tod rost", "Eat nsy-to-digest food like boiled rice with dnl", "-Stytydrated"], "confidence": [0.9428637623786926, 0.8378421068191528, 0.8872672319412231, 0.8187143206596375, 0.8352077603340149, 0.9536940455436707, 0.9206564426422119, 0.9415733814239502, 0.9902750849723816, 0.964890718460083, 0.9235674142837524, 0.9273074269294739, 0.7692691087722778, 0.8594018816947937, 0.8975713849067688, 0.8671495914459229, 0.7051472663879395, 0.861883819103241, 0.9159322381019592, 0.8921223878860474, 0.7852831482887268, 0.9069848656654358, 0.9370623826980591, 0.9046000242233276, 0.8331917524337769, 0.8654675483703613, 0.9406825304031372, 0.9273074269294739, 0.7506501078605652, 0.861883819103241, 0.9632558226585388, 0.8909797668457031, 0.8336135745048523, 0.991462230682373, 0.983737587928772, 0.8360254764556885, 0.9466862082481384, 0.9907147288322449, 0.9949688911437988, 0.9028758406639099, 0.7354855537414551, 0.8846160173416138, 0.8478832840919495, 0.9599877595901489, 0.8147273659706116, 0.7481143474578857, 0.9238536953926086, 0.7644997239112854, 0.8472199440002441, 0.9111793637275696], "label": [1, 1, 1, 0, 0, 0, 0]}