{"text": ["XYZ Hospital", "123 tlealth Street,Wellness City", "Phone:+1-234-587-890", "Patlant Nanx:Jano Millor", "Ap:51", "Doctor: Dr.Smith", "Medicine", "Dosage", "Frequency", "Duration", "Cup Omez", "15tablets", "3mesday", "4 duys", "Tab Thiz", "10 tablets", "3tmesaday", "5days", "Cap Zovirax", "10 tablets", "2 tmes a duy", "5 days", "Tab Suno cold", "5tablets", "2 tm5 a doy", "5 days", "Syrup", "Dosopo", "Froquancy", "Durption", "Syrup Fobrox plus.", "10ml", "3mday", "5days", "Advico:", "-Tako bod rst", "Eat nsy-to-dlgest food like boiled rice with dal", "-Stytydrated"], "confidence": [0.9440207481384277, 0.8450579047203064, 0.888440728187561, 0.862189531326294, 0.7541440725326538, 0.9552756547927856, 0.9307171702384949, 0.8880900740623474, 0.9788968563079834, 0.9622949361801147, 0.8621577024459839, 0.8910351991653442, 0.8407676815986633, 0.939846932888031, 0.8038476705551147, 0.8921223878860474, 0.811162531375885, 0.8691898584365845, 0.9152831435203552, 0.8921223878860474, 0.8743255138397217, 0.802062451839447, 0.8646625280380249, 0.8909797668457031, 0.7406336069107056, 0.857534646987915, 0.9728748202323914, 0.7810644507408142, 0.9354243874549866, 0.8663840293884277, 0.9440634846687317, 0.9658069610595703, 0.8066997528076172, 0.8675468564033508, 0.9288334846496582, 0.7285957932472229, 0.8857390284538269, 0.910991907119751], "label": [1, 1, 1, 0, 0, 0, 0]}