{"text": ["XYZ Hospital", "123 tlealth Street,Wellness City", "Phone:+1-234.587-890", "PatlntNan:Jan D", "Doctor: Dr. Millor", "Medicine", "Dosuge", "Frequency", "Duration", "Tab Cyciopom", "20 tblets", "20ms doy", "30 duys", "Cap Zovirax", "20 tablets", "20mes dey", "10days", "Cap Colmmune", "10 tablets", "2 tmes aday", "30 days", "Cap Omez", "5tablets", "2 tmes adey", "30 days", "Tab Combinam", "20 tablets", "3 tmesaday", "10days", "Syrup", "Dosapo", "Froquancy", "Duratlon", "Syrup Cypon", "10ml", "3tmsdoy", "Sday", "Syrup Brozodox", "Sml", "3tims doy", "30day", "Advico:", "-Tako tod rost", "Eat nsy-to-digest food like boiled rice with dnl", "-Stytydrated"], "confidence": [0.9565640091896057, 0.8420253992080688, 0.8589719533920288, 0.8456430435180664, 0.9739234447479248, 0.9240130186080933, 0.9427713751792908, 0.9838371276855469, 0.964890718460083, 0.8650541305541992, 0.9135541915893555, 0.7471427917480469, 0.9069848656654358, 0.9153544902801514, 0.9054545164108276, 0.7687022686004639, 0.9015160202980042, 0.8969843983650208, 0.8921223878860474, 0.7674550414085388, 0.8833222985267639, 0.8544288873672485, 0.8861472606658936, 0.803495466709137, 0.8853435516357422, 0.9407492280006409, 0.8863240480422974, 0.8439608812332153, 0.9213528037071228, 0.9719002842903137, 0.7913495898246765, 0.9316151738166809, 0.957970380783081, 0.9832866787910461, 0.9483411312103271, 0.7238248586654663, 0.7331788539886475, 0.9737456440925598, 0.9197258949279785, 0.7377488613128662, 0.8754482269287109, 0.9687759280204773, 0.7887561917304993, 0.8504207730293274, 0.9352847933769226], "label": [1, 1, 1, 0, 0, 0, 0]}