{"text": ["XYZ Hospital", "123 tlealth Street,Wellness City", "Phone:+1-234.587-890", "Patlant Namx:Allco Millor", "p:03", "Doctor: Dr.Patol", "Medicine", "Dosuge", "Frequency", "Duration", "TabA1urocin 500", "15tablets", "3mesday", "30 duys", "Tab Pan d", "10tablets", "3 umes doy", "30 days", "Tab Sumo cold", "15tablets", "3 tmesa doy", "30 days", "TabClavum 025", "5tablets", "3 tmesaday", "7 days", "Cup CoImmune", "10tablets", "3 tmesaday", "5days", "Tab Cyciomelf", "20 tablets", "2 tmes a doy", "30 days", "Syrup", "Dosago", "Froquoncy", "Duratlon", "Syrup Fobrox plus", "Sml", "3tms doy", "7day", "Advico:", "-Tako tod rost", "Eat nsy-to-digest food like boiled dce with dnl", "Stoy bydrated"], "confidence": [0.9500302672386169, 0.8440488576889038, 0.8531273007392883, 0.8618181347846985, 0.7430418729782104, 0.9623554348945618, 0.9246234893798828, 0.9420654773712158, 0.9790523052215576, 0.965709924697876, 0.8357850313186646, 0.8656508922576904, 0.845176637172699, 0.9069848656654358, 0.9090089797973633, 0.9273074269294739, 0.7165395617485046, 0.8500292897224426, 0.8873668909072876, 0.8647039532661438, 0.7694242000579834, 0.8866694569587708, 0.8080083131790161, 0.9046000242233276, 0.8491914868354797, 0.8480218052864075, 0.8732640147209167, 0.9273074269294739, 0.8478784561157227, 0.8383257985115051, 0.8383133411407471, 0.8797799944877625, 0.7914690375328064, 0.8513266444206238, 0.9719002842903137, 0.9641801714897156, 0.9524527788162231, 0.9877357482910156, 0.9920955896377563, 0.927854061126709, 0.7129813432693481, 0.940690815448761, 0.9678077101707458, 0.7672153115272522, 0.8593538999557495, 0.8087722063064575], "label": [1, 0, 1, 0, 0, 0, 0]}