{"text": ["XYZ Hospital", "123 tlealth Street,Wellness City", "Phone:+1-234-587-890", "Patlont Nanx:Bob Whito", ":42", "Doctor: Dr.Lao", "Medicine", "Dosuge", "Frequency", "Duration", "Tab Evlon", "5 tablets", "2msdey", "$ days", "Cap Cypon", "5tablets", "2tmes  duy", "10days", "Cap Pan d", "5 tablets", "2 tmes a duy", "4 days", "TabFebrexplus", "10 tablets", "2 tms  doy", "t4duys", "Syrup", "Dosapo", "Froquancy", "Duratlon", "Syrup TusQ-dx", "10ml", "2tmdoy", "30day", "Advico:", "-Takoto rost", "Eat nsy-to-dlgest food like boiled rice with dal", "-Stynydrated"], "confidence": [0.9506902694702148, 0.8450579047203064, 0.8947347402572632, 0.8380079865455627, 0.8241965174674988, 0.8749284148216248, 0.9258362054824829, 0.9030749201774597, 0.9821071624755859, 0.964890718460083, 0.9272973537445068, 0.863848865032196, 0.7815684676170349, 0.837290346622467, 0.9587080478668213, 0.895728349685669, 0.7074608206748962, 0.9213528037071228, 0.891413152217865, 0.8705056309700012, 0.8666040897369385, 0.8902750611305237, 0.9752857685089111, 0.8958706855773926, 0.714148759841919, 0.8394883275032043, 0.9728748202323914, 0.7913495898246765, 0.935694694519043, 0.8653408288955688, 0.9575085043907166, 0.9658069610595703, 0.7590412497520447, 0.8759253621101379, 0.9288334846496582, 0.6695284247398376, 0.8857390284538269, 0.8977081179618835], "label": [1, 1, 1, 0, 0, 0, 0]}