{"text": ["XYZ Hospital", "123 tlealth Street,Wellness City", "Phone:+1-234.587-890", "Patlant Namxo:Davld Johnson", ":70", "Doctor: Dr.Lo", "Medicine", "Dosuge", "Frequency", "Duration", "Tab Cetine", "20 tblets", "20ms day", "$ days", "Tab Neurobin Forte", "10 tablets", "20mesaday", "4days", "Cap Colmmune", "15tablets", "2 tmes dey", "10 days", "Tab Pand", "15tablets", "3tmes adey", "5days", "Cap Pand", "10 tablets", "3tmesaday", "30 days", "Syrup", "Dosapo", "Froquancy", "Duratlon", "Syrup Corox", "Sml", "3tms doy", "30dny", "Syrup TusQ-dx", "10ml", "2tims doy", "4 days", "Advico:", "-Tako to rost", "Eat ensy-to-digest food like boiled rice with dnl", "Stoytydrated"], "confidence": [0.9533364772796631, 0.8415265083312988, 0.8589719533920288, 0.8583636283874512, 0.8450034260749817, 0.9240993857383728, 0.9286406636238098, 0.9427713751792908, 0.9838371276855469, 0.964890718460083, 0.9167537689208984, 0.9135541915893555, 0.7605679631233215, 0.837290346622467, 0.9477402567863464, 0.8921223878860474, 0.7708227634429932, 0.8935898542404175, 0.8958733081817627, 0.8927748799324036, 0.7422879934310913, 0.8690416216850281, 0.9194570183753967, 0.8866697549819946, 0.8477534055709839, 0.8756504058837891, 0.9216877222061157, 0.901634693145752, 0.8785970211029053, 0.8867191672325134, 0.9703512191772461, 0.9054598808288574, 0.9114760160446167, 0.9960426092147827, 0.9759426712989807, 0.9197258949279785, 0.7197035551071167, 0.8377351760864258, 0.9705040454864502, 0.94232577085495, 0.7249763607978821, 0.8612959980964661, 0.9662078022956848, 0.7236803770065308, 0.844878613948822, 0.7941193580627441], "label": [1, 1, 1, 0, 0, 0, 0]}