{"text": ["XYZ Hospital", "123 tlealth Street,Wellness City", "Phone:+1-234.587-890", "Patlant Nanx:Davld Dav", "p:72", "Doctor: Dr. Millor", "Medicine", "Dosuge", "Frequency", "Duration", "TabZole fcreum", "10 tablets", "3mesday", "7 days", "Tab Neurobin Forte", "20 tablets", "2 ums  duy", "10days", "Tab Combinam", "t5tablets", "3tmesaday", "10 days", "TabCiplox500", "t5tablets", "3 tmesa dey", "7days", "Syrup", "Dosago", "Froquoncy", "Duratlon", "Syrup Corx", "Sml", "3tms doy", "10days", "SyrupZodax", "10ml", "2timday", "14day", "Advico:", "-Tako bod rost", "Eat nsy-to-digest food like boiled rice with dal", "-Stayhydrated"], "confidence": [0.9573611617088318, 0.8350533843040466, 0.8577502369880676, 0.7667789459228516, 0.7980635762214661, 0.9704163670539856, 0.930323600769043, 0.9349806904792786, 0.9838371276855469, 0.955414891242981, 0.9000903367996216, 0.9107781648635864, 0.8416870832443237, 0.8594018816947937, 0.9362795352935791, 0.9054545164108276, 0.7472392916679382, 0.8626441955566406, 0.9478025436401367, 0.8833587169647217, 0.8785970211029053, 0.8472437858581543, 0.9365127682685852, 0.8862625360488892, 0.7739810347557068, 0.9454089403152466, 0.9747051000595093, 0.8496239185333252, 0.9251506328582764, 0.9548891186714172, 0.9239195585250854, 0.8684621453285217, 0.7077493667602539, 0.8513693809509277, 0.9082684516906738, 0.911413848400116, 0.7565017938613892, 0.7760825753211975, 0.967370867729187, 0.8130325675010681, 0.8990753293037415, 0.876471757888794], "label": [1, 0, 1, 0, 0, 0, 0]}