{"text": ["XYZ Hospital", "123 tlealth Street,Wellness City", "Phone:+1-234-587-890", "Patlont Nam:Llam Wlllams", ":20", "Doctor: Dr.Smith", "Medicine", "Dosuge", "Frequency", "Duration", "Tab Evion", "10tablets", "20ms doy", "5 days", "Tab Febrexplus", "5tablets", "2mes  duy", "5 duys", "Cap Colmmune", "5tablets", "2 tmes a duy", "30 duys", "Tab Pand", "10tablets", "3 tmes doy", "5days", "Syrup", "Dosago", "Froquancy", "Duration", "Syrup Fobrox plus", "Sml", "2tmdoy", "10day", "Advico:", "-Tako tod rost", "Eat nsy-to-dlgest food like boiled rice with dal", "-Stynydrated"], "confidence": [0.9535815715789795, 0.8377290964126587, 0.8868597745895386, 0.8239509463310242, 0.8948600888252258, 0.9485839009284973, 0.9246234893798828, 0.9054610133171082, 0.9788968563079834, 0.964890718460083, 0.9238476157188416, 0.9273074269294739, 0.7505202293395996, 0.7472350001335144, 0.932856023311615, 0.8909797668457031, 0.7472155094146729, 0.9158236980438232, 0.8642070889472961, 0.8238018751144409, 0.8666040897369385, 0.9196853041648865, 0.9190952777862549, 0.9247161149978638, 0.7039185166358948, 0.8882506489753723, 0.9728748202323914, 0.9191999435424805, 0.935694694519043, 0.9527572989463806, 0.9949677586555481, 0.8684621453285217, 0.7462198138237, 0.8316768407821655, 0.9268304705619812, 0.7252967953681946, 0.8857390284538269, 0.8822422027587891], "label": [1, 1, 1, 0, 0, 0, 0]}