{"text": ["XYZ Hospital", "123 tlealth Street,Wellness City", "Phone:+1-234-587-890", "Patlont Nanx:Jano Millor", ":32", "Doctor:Dr. Millor", "Medicine", "Dosage", "Frequency", "Quraton", "CapColmmune", "5tablets", "3mesaduy", "30 duys", "Tab Evlon", "10tablets", "3 tmes duy", "10days", "Tab Cetine", "15tablets", "2mes aduy", "t4duys", "Tab Trz", "15tablets", "3tmesaday", "4days", "Tab Cyciomelf", "20tblets", "3 tmesaday", "30 days", "TabAlurodin 500", "10tablets", "2 tmes a doy", "10days", "Syrup", "Dosapo", "Froquoncy", "Duration", "Syrup Fobrox plus", "Sml", "3tims doy", "10day", "Syrup Grillnctus tm.", "10ml", "3timsday", "14 doy", "Advico:", "-Tako tod rost", "Eat nsy-to-digest food like boiled rice with dnl", "-Stytydrated"], "confidence": [0.9556338787078857, 0.8450579047203064, 0.888440728187561, 0.8621458411216736, 0.8743122220039368, 0.949087381362915, 0.9328186511993408, 0.9033363461494446, 0.9852608442306519, 0.8290681838989258, 0.9255233407020569, 0.901167631149292, 0.7983358502388, 0.9137939810752869, 0.8974902033805847, 0.9273074269294739, 0.7182040214538574, 0.85993891954422, 0.9377728700637817, 0.8647039532661438, 0.7659589648246765, 0.8104643225669861, 0.9231915473937988, 0.8959775567054749, 0.877721905708313, 0.9184122085571289, 0.8427606821060181, 0.9145114421844482, 0.8438262939453125, 0.8853435516357422, 0.7906760573387146, 0.9273074269294739, 0.7862532138824463, 0.924377977848053, 0.988613486289978, 0.8228013515472412, 0.9466862082481384, 0.9798634648323059, 0.9942079186439514, 0.9028758406639099, 0.7382882833480835, 0.7873427867889404, 0.9579925537109375, 0.9599877595901489, 0.7849414348602295, 0.770780086517334, 0.9631933569908142, 0.7705491185188293, 0.8472650647163391, 0.8946594595909119], "label": [1, 1, 1, 0, 0, 0, 0]}