{"text": ["XYZ Hospital", "123 tlealth Street,Wellness City", "Phone:+1-234-587-890", "PatlntNan:John D", ":20", "Doctor:Dr.Patol", "Medicine", "Dosuge", "Frequency", "Duration", "Cap Zovirax", "10tablets", "3mesday", "7 days", "Tab Combinam", "20 tablets", "2 ums  doy", "7 days", "Cap Dilanun", "5tablets", "3 tmes dey", "5days", "Tab Allegra", "20 toblets", "3 tmesa dey", "30 days", "Tab Evion", "t5tablets", "2tmesaday", "4days", "Syrup", "Dosapo", "Froquoncy", "Duratlon", "Syrup Corox-dx", "Sml", "2timday", "7day", "Advico:", "-Tako tod rost", "Eat nsy-to-digest food like boiled dce with dal", "-Staytydrated"], "confidence": [0.9539773464202881, 0.8388950228691101, 0.8651002049446106, 0.8569449186325073, 0.852616012096405, 0.9224323630332947, 0.9307171702384949, 0.9375312328338623, 0.9838371276855469, 0.965709924697876, 0.8637662529945374, 0.9273074269294739, 0.8353540301322937, 0.8635157942771912, 0.9165491461753845, 0.9054545164108276, 0.7191870808601379, 0.8767657279968262, 0.9459823966026306, 0.8902075290679932, 0.7872068881988525, 0.8756504058837891, 0.8720228672027588, 0.8586471676826477, 0.7700328230857849, 0.8853435516357422, 0.9196940660476685, 0.8830724954605103, 0.8577829003334045, 0.9184122085571289, 0.9720994234085083, 0.8961485028266907, 0.9749724864959717, 0.8988408446311951, 0.9503946900367737, 0.9197258949279785, 0.7550383806228638, 0.8434621095657349, 0.9675191640853882, 0.8345187902450562, 0.89924156665802, 0.9372954964637756], "label": [1, 1, 1, 0, 0, 0, 0]}