{"text": ["XYZ Hospital", "123 tlealth Street,Wellness City", "Phone:+1-234-587-890", "Patlont Nanx:Bob Wlllams", "Ap:53", "Doctor: Dr. Millor", "Medicine", "Dosuge", "Frequency", "Duration", "TabClavum 025", "20tblets", "3mesday", "7 days", "Tab Trz", "5tablets", "2 tm0s  duy", "7 days", "Cap Dilanun", "20 tblets", "2 tmes a day", "7 days", "Tab Neurobin Forte", "20 tblets", "2tmesa day", "7 days", "TabAlurodn 500", "10tablets", "2 umes a duy", "7days", "TabAllegr", "15tablets", "3 tmesa dey", "30 days", "Syrup", "Dosapo", "Froquoncy", "Durotlon", "Syrup Zodax", "Sml", "3 tims doy", "30 days", "Syrup Brozodax", "10ml", "3timsday", "30 days", "Advico:", "-Tako tod rost", "Eat nsy-to-digest food like boiled rice with dal", "-Stytydrated"], "confidence": [0.9531888961791992, 0.8471758365631104, 0.8870278596878052, 0.826915442943573, 0.7789907455444336, 0.9686506986618042, 0.8984020948410034, 0.9427713751792908, 0.9905779957771301, 0.965709924697876, 0.839469313621521, 0.9343926906585693, 0.8353540301322937, 0.8559229373931885, 0.8462604284286499, 0.8909797668457031, 0.7051472663879395, 0.8401936888694763, 0.907318651676178, 0.9086169004440308, 0.7271961569786072, 0.8452855944633484, 0.9495792388916016, 0.9086169004440308, 0.8279486894607544, 0.8480218052864075, 0.7961211204528809, 0.9273074269294739, 0.7387182116508484, 0.9485983848571777, 0.9370623826980591, 0.9037178754806519, 0.8244291543960571, 0.8513266444206238, 0.9883453249931335, 0.8228013515472412, 0.9466862082481384, 0.9282572865486145, 0.9197816848754883, 0.9028758406639099, 0.7524312138557434, 0.7578871846199036, 0.9598066210746765, 0.9357630014419556, 0.7849414348602295, 0.7511711120605469, 0.9210488200187683, 0.7723420858383179, 0.9027966856956482, 0.9149386882781982], "label": [1, 1, 1, 0, 0, 0, 0]}