{"text": ["XYZ Hospital", "123 tlealth Street,Wellness City", "Phone:+1-234-587-890", "Patlont Nanx:Davld D", ":54", "Doctor: Dr. Tumor", "Medicine", "Dosuge", "Frequency", "Duration", "TabZole fcream", "15tablets", "20ms doy", "4duys", "Tab Cyciomelf", "20 tablets", "2 m5  duy", "5days", "Cap Pan d", "5tablets", "2tmsduy", "10days", "Tab Allegr", "5tablets", "3tmesaday", "30 days", "TabAluhrocin 500", "5tablets", "2 tmes a duy", "7 days", "Cap CoImmune", "5tablets", "2tmesaday", "$ days", "Syrup", "Dosago", "Froquoncy", "Duratlon", "Syrup Fobrox plus", "Sml", "3tims doy", "30days", "Syrup Brozodox", "10ml", "2timday", "5days", "Advico:", "-Tako tod rost", "Eat nsy-to-dlgest food like boiled rice with dal", "-Stytydrated"], "confidence": [0.9555370807647705, 0.8471035957336426, 0.8946743011474609, 0.7780150175094604, 0.8006799817085266, 0.9607364535331726, 0.9318302869796753, 0.9427713751792908, 0.9898338317871094, 0.9621754884719849, 0.8881305456161499, 0.8656508922576904, 0.7702575922012329, 0.9136894941329956, 0.8536345362663269, 0.8824284672737122, 0.7128188610076904, 0.8520981669425964, 0.9023153781890869, 0.9016453623771667, 0.7514421343803406, 0.8654675483703613, 0.9076994061470032, 0.9079194068908691, 0.8387234210968018, 0.8513266444206238, 0.7804476022720337, 0.9079194068908691, 0.7467853426933289, 0.8452855944633484, 0.8838767409324646, 0.8909797668457031, 0.8415895700454712, 0.9325768351554871, 0.983737587928772, 0.8384754657745361, 0.9474319815635681, 0.9902716875076294, 0.9947376251220703, 0.9028758406639099, 0.7419121861457825, 0.8151836395263672, 0.9579911231994629, 0.9357630014419556, 0.8103267550468445, 0.7154484987258911, 0.9686400294303894, 0.7831586003303528, 0.9009497165679932, 0.8946594595909119], "label": [1, 1, 1, 0, 0, 0, 0]}