{"text": ["XYZ Hospital", "123 tlealth Street,Wellness City", "Phone:+1-234.587-890", "Patlant Namx:Jano Wlllams", "Apo:55", "DoctorDr.Smith", "Medicine", "Dosuge", "Frequency", "Duration", "Tab Febrexplus", "5 tablets", "3mesdey", "30 duys", "Cap Colmmune", "10 tablets", "3 tmes doy", "30 days", "Cap Omez", "20 tablets", "2 tmes a duy", "7 days", "Cap Zovirax", "20 tablets", "2 tms a day", "t4days", "Syrup", "Dosago", "Froquoncy", "Duratlon", "Syrup Zodax", "Sml", "3 tms doy", "10day", "Syrup Fobroxplus", "Sml", "2timday", "14day", "Advico:", "-Tako tod rost", "Eat nsy-to-dlgest food like boiled dce with dal", "-Stayhydrated"], "confidence": [0.9544651508331299, 0.8409596681594849, 0.8577502369880676, 0.827791690826416, 0.7298091053962708, 0.974786639213562, 0.9254783391952515, 0.9427713751792908, 0.9860424399375916, 0.964890718460083, 0.9455555081367493, 0.8638057708740234, 0.8327884078025818, 0.9069848656654358, 0.879896879196167, 0.8921223878860474, 0.7589079141616821, 0.8663529753684998, 0.8033256530761719, 0.8709948658943176, 0.8087854385375977, 0.8767657279968262, 0.8704531192779541, 0.8983814120292664, 0.8000491857528687, 0.8406792283058167, 0.9719002842903137, 0.8496239185333252, 0.9034984111785889, 0.9502712488174438, 0.8622224926948547, 0.8684621453285217, 0.7070752382278442, 0.8304911851882935, 0.8312637805938721, 0.9197258949279785, 0.804608941078186, 0.7760825753211975, 0.9677251577377319, 0.8235440850257874, 0.9003587961196899, 0.880672037601471], "label": [1, 1, 1, 0, 0, 0, 0]}