{"text": ["XYZ Hospital", "123 tlealth Street,Wellness City", "Phone:+1-234.587-890", "PatlantNanx:Bob Wllam", ":30", "DoctorDr.Tumor", "Medicine", "Dosage", "Frequency", "Duration", "Tab Trz", "5 tablets", "3mesdey", "30 days", "Tab Zole fcream", "10 tablets", "3 tmes doy", "10days", "Tab Allegra", "5tablets", "2tmesaday", "30 duys", "TabCiplox500", "5tablets", "3 tmesa dey", "7days", "Syrup", "Dosago", "Froquoncy", "Duration", "Syrup Grillnctus bm", "10ml", "3tms doy", "10day", "SyrupCorax", "10ml", "3mday", "5day", "Advico:", "-Tako tod rost", "Eat nsy-to-dlgest food like boiled rice with dal", "-Stayhydrated"], "confidence": [0.951866626739502, 0.8471758365631104, 0.8577502369880676, 0.7592485547065735, 0.8133759498596191, 0.9674860239028931, 0.930323600769043, 0.9033363461494446, 0.9860424399375916, 0.964890718460083, 0.8875576257705688, 0.8665355443954468, 0.8327884078025818, 0.8676621317863464, 0.8712989091873169, 0.8893119096755981, 0.7507402896881104, 0.924377977848053, 0.8720228672027588, 0.9093613624572754, 0.8641469478607178, 0.9196853041648865, 0.9450526237487793, 0.8878754377365112, 0.7762048244476318, 0.9442938566207886, 0.988774299621582, 0.8239191174507141, 0.9702069163322449, 0.957841157913208, 0.9753844738006592, 0.9347427487373352, 0.7202708125114441, 0.7508189082145691, 0.9032772779464722, 0.911413848400116, 0.8171108961105347, 0.7321327924728394, 0.9683253169059753, 0.7933914065361023, 0.9031388163566589, 0.8757689595222473], "label": [1, 0, 1, 0, 0, 0, 0]}