{"text": ["XYZ Hospital", "123 tlealth Street,Wellness City", "Phone:+1-234-587-890", "Patlant Namxo:John Johnson", "p:5", "Doctor: Dr.Smith", "Medicine", "Dosage", "Frequency", "Duration", "Tab Dolonexdt", "20 tblets", "20ms doy", "$ days", "Tab Dolo650", "10 tablets", "2tmesa day", "4days", "Cap Pan d", "t5tblets", "2 tmes a duy", "5 days", "Cap Zovirax", "t5tablets", "2 tms a dey", "7 days", "Syrup", "Dosago", "Froquancy", "Duration", "Syrup Corox-dx", "10ml", "3tims doy", "14days", "Advico:", "-Tako bod rost", "Eat nsy-to-dlgest food like boiled rice with dal", "-Stynydrated"], "confidence": [0.9538750648498535, 0.8392246961593628, 0.890522837638855, 0.8675825595855713, 0.5828918814659119, 0.9486631155014038, 0.9286406636238098, 0.8897534012794495, 0.9772398471832275, 0.964890718460083, 0.9451467990875244, 0.9135541915893555, 0.7564270496368408, 0.8307803273200989, 0.8472158908843994, 0.8921223878860474, 0.7311515808105469, 0.9184122085571289, 0.8972193598747253, 0.9061143398284912, 0.8552422523498535, 0.7600082755088806, 0.8720144033432007, 0.8856318593025208, 0.7383468747138977, 0.8767657279968262, 0.9852066040039062, 0.9191999435424805, 0.9318037033081055, 0.9758866429328918, 0.9220624566078186, 0.9658069610595703, 0.7522122859954834, 0.8842740058898926, 0.9288334846496582, 0.7142534255981445, 0.8857390284538269, 0.8989677429199219], "label": [1, 1, 1, 0, 0, 0, 0]}