{"text": ["XYZ Hospital", "123 tlealth Street,Wellness City", "Phone:+1-234.587-890", "PatlntNanx:Graco Brown", ":41", "DoctorDr.Smith", "Medicine", "Dosuge", "Frequency", "Duration", "Tab Cetine", "10tablets", "20ms doy", "4duys", "Cap Pan d", "5tablets", "2tmesa dey", "30 days", "Tab Febrexplus", "10tablets", "3 tmesaday", "7 days", "Tab Pand", "t5tablets", "3 tmesa dey", "7 days", "Syrup", "Dosago", "Froquancy", "Durntlon", "Syrup TusQx", "Sml", "2 tm doy", "5days", "SyrupTusdx", "10ml", "3timsday", "10day", "Advico:", "-Tako tod rost", "Eat nsy-to-dlgest food like boiled rice with dal", "-Staytydrated"], "confidence": [0.9549286961555481, 0.8482016324996948, 0.8465229868888855, 0.8077137470245361, 0.8224173188209534, 0.974786639213562, 0.8984020948410034, 0.9422492384910583, 0.9905779957771301, 0.9623180627822876, 0.9230082631111145, 0.9273074269294739, 0.7521705627441406, 0.9136894941329956, 0.9048255085945129, 0.8909797668457031, 0.729718804359436, 0.8663529753684998, 0.943123459815979, 0.9273074269294739, 0.8478784561157227, 0.8720644116401672, 0.9190952777862549, 0.8862625360488892, 0.7414395809173584, 0.8480218052864075, 0.9728748202323914, 0.8347269892692566, 0.9293076395988464, 0.8749952912330627, 0.9390825033187866, 0.8684621453285217, 0.7493499517440796, 0.8852624893188477, 0.8991738557815552, 0.911413848400116, 0.7852563858032227, 0.7979649305343628, 0.96641606092453, 0.7916994690895081, 0.9056201577186584, 0.932716965675354], "label": [1, 1, 1, 0, 0, 0, 0]}