{"text": ["XYZ Hospital", "123 tlealth Street,Wellness City", "Phone:+1-234-587-890", "Patlont Nanx:Jano Brown", ":07", "Doctor: Dr. Tumor", "Medicine", "Dosage", "Frequency", "Duration", "TabCyciomeff", "15tablets", "20ms doy", "$ duys", "Tab Zole fcream", "20 tablets", "2tmesa dey", "4days", "Cap Dilantn", "20 tablets", "2 tmes a duy", "30 days", "TabCiplox 500", "20 tblets", "3 tmesa dey", "t4days", "Syrup", "Dosago", "Froquancy", "Ouration", "Syrup Fobrox plus", "Sml", "2 tim doy", "7days", "Advico:", "-Tako tod rst", "Eat nsy-to-dlgest food like boiled rice with dal", "-Styhydrated"], "confidence": [0.9541555047035217, 0.8385964632034302, 0.8895711898803711, 0.8396188616752625, 0.8011953830718994, 0.9514098167419434, 0.954825758934021, 0.9033363461494446, 0.9838311672210693, 0.964890718460083, 0.8771678805351257, 0.8927748799324036, 0.7596700191497803, 0.860700786113739, 0.8798139691352844, 0.9054545164108276, 0.7338863611221313, 0.8935898542404175, 0.9014495611190796, 0.8967920541763306, 0.7841776013374329, 0.8793798685073853, 0.920264482498169, 0.9086169004440308, 0.8120609521865845, 0.8406792283058167, 0.9728748202323914, 0.9191999435424805, 0.9330023527145386, 0.9101769924163818, 0.9770459532737732, 0.9028758406639099, 0.7548075318336487, 0.8926272392272949, 0.9288334846496582, 0.7138832807540894, 0.8857390284538269, 0.8823270797729492], "label": [1, 1, 1, 0, 0, 0, 0]}