{"text": ["XYZ Hospital", "123 tlealth Street,Wellness City", "Phone:+1-234.587-890", "Patlant Namx:GracoJohnson", "Doctor: Dr.Lao", "Medicine", "Dosuge", "Frequency", "Duration", "TabNeurobin Forte", "10 tablets", "20ms doy", "5 days", "Tab Dolonex dt", "15tablets", "3 tmes duy", "10days", "Tab Febrexplus", "20tblets", "2 tmes aday", "10days", "Cap Co-lmmune", "5tblets", "3 tmesa dey", "7days", "Syrup", "Dosago", "Froquancy", "Duration", "Syrup TusQx", "Sml", "3tm doy", "5days", "SyrupCorax", "Sml", "3timsday", "10day", "Advico:", "-Tako tod rost", "Eat nsy-to-dlgest food like boiled dce with dal", "-Stayhydrated"], "confidence": [0.9544928669929504, 0.8483598232269287, 0.8465229868888855, 0.8484224677085876, 0.888733983039856, 0.9240130186080933, 0.9422492384910583, 0.9838371276855469, 0.964890718460083, 0.9551669955253601, 0.901634693145752, 0.7707927227020264, 0.7472350001335144, 0.9180983304977417, 0.9037178754806519, 0.7430770993232727, 0.9015160202980042, 0.9454973340034485, 0.9412925839424133, 0.8251218199729919, 0.910726010799408, 0.8856515884399414, 0.8796586990356445, 0.7014458179473877, 0.9454089403152466, 0.9728748202323914, 0.8239191174507141, 0.9563462734222412, 0.960390031337738, 0.9413623213768005, 0.8684621453285217, 0.7214878797531128, 0.8763659596443176, 0.9244626760482788, 0.9197258949279785, 0.7330020666122437, 0.7979649305343628, 0.9683253169059753, 0.7933914065361023, 0.9067167639732361, 0.8757689595222473], "label": [1, 1, 1, 0, 0, 0, 0]}