{"text": ["XYZ Hospital", "123 tlealth Street,Wellness City", "Phone:+1-234-587-890", "Patlont Namx:Allco Smith", ":54", "Doctor:Dr.Johnson", "Medicine", "Dosage", "Frequency", "Duration", "Tab Combinlam", "t5tablets", "3mesday", "4 duys", "Tab Evion", "t5tablets", "3umesaday", "10days", "Cap Cypon", "t5tblets", "3 tmesaday", "7days", "TabAllegra", "10tablets", "3 tmesa dey", "4days", "Syrup", "Dosago", "Froquancy", "Ouration", "Syrup Cypon", "Sml", "3tims doy", "14days", "Advico:", "-Tako bod rost", "Eat nsy-to-dlgest food like boiled rice with dal", "-Stynydrated"], "confidence": [0.9428637623786926, 0.8440488576889038, 0.8872672319412231, 0.8305807113647461, 0.8006799817085266, 0.9701540470123291, 0.9246234893798828, 0.9033363461494446, 0.9788968563079834, 0.9623180627822876, 0.9267631769180298, 0.8831853270530701, 0.8407676815986633, 0.9153589606285095, 0.9252458214759827, 0.8836497068405151, 0.759131908416748, 0.85993891954422, 0.943974494934082, 0.9061143398284912, 0.8425580859184265, 0.9236086010932922, 0.9696915745735168, 0.9273074269294739, 0.7706842422485352, 0.9184122085571289, 0.9728748202323914, 0.9117240309715271, 0.935694694519043, 0.9101769924163818, 0.9527111649513245, 0.8684621453285217, 0.7523825764656067, 0.875527560710907, 0.9268304705619812, 0.7415408492088318, 0.8857390284538269, 0.8975383639335632], "label": [1, 1, 1, 0, 0, 0, 0]}