{"text": ["XYZ Hospital", "123 tlealth Street,Wellness City", "Phone:+1-234-587-890", "Patlont Nanx:Davld Davls", "p:23", "Doctor: Dr. Tumor", "Medicine", "Dosage", "Frequency", "Duration", "TabCyclopam", "15tablets", "20ms doy", "$ duys", "Cap Omez", "10 tablets", "2tmesa day", "4days", "TabAllegra", "5tablets", "2 tmes a duy", "5 days", "TabClavum 025", "20 tablets", "3 tmesadey", "10days", "Syrup", "Dosago", "Froquancy", "Ouration", "Syrup Cypon", "Sml", "3mday", "14days", "Advico:", "-Tako bod rost", "Eat nsy-to-dlgest food like boiled rice with dal", "-Stynydrated"], "confidence": [0.9541015028953552, 0.8356626629829407, 0.8928332328796387, 0.7832272052764893, 0.7894628047943115, 0.9339483976364136, 0.9286406636238098, 0.8880900740623474, 0.9838371276855469, 0.964890718460083, 0.9006810784339905, 0.8927748799324036, 0.7564270496368408, 0.860700786113739, 0.9077191352844238, 0.8921223878860474, 0.7311515808105469, 0.8935898542404175, 0.938199520111084, 0.9093613624572754, 0.8743255138397217, 0.7393367886543274, 0.822622537612915, 0.8983814120292664, 0.7185487747192383, 0.9213528037071228, 0.9728748202323914, 0.9117240309715271, 0.9584259390830994, 0.9101769924163818, 0.9919570684432983, 0.8684621453285217, 0.8066997528076172, 0.875527560710907, 0.9288334846496582, 0.7415408492088318, 0.8857390284538269, 0.8982799053192139], "label": [1, 1, 1, 0, 0, 0, 0]}