{"text": ["XYZ Hospital", "123 tlealth Street,Wellness City", "Phone:+1-234.587-890", "Patlont Namx:Charlo Millar", "Ap:35", "Doctor: Dr.Tumor", "Medicine", "Dosuge", "Frequency", "Duration", "Tab Cetine", "15tablets", "20ms dey", "30 days", "Tab Sumo cold", "5tablets", "2tmesa dey", "10days", "TabZole fcream", "20 tblets", "3 tmesaday", "10days", "Cap Dilantn", "10tablets", "2 tm5 a day", "5days", "Syrup", "Dosago", "Froquancy", "Duration", "Syrup TusQx", "Sml", "2tmday", "30 day", "SyrupZodax", "10ml", "2timday", "30dy", "Advico:", "-Tako bod rost", "Eat nsy-to-digest food like boiled rice with dal", "-Stayhydrated"], "confidence": [0.9544928669929504, 0.8384838700294495, 0.8577502369880676, 0.8377991318702698, 0.7742155194282532, 0.952983021736145, 0.9286406636238098, 0.9420654773712158, 0.9905779957771301, 0.964890718460083, 0.9164716005325317, 0.8927748799324036, 0.7692691087722778, 0.8676621317863464, 0.9154900312423706, 0.8909797668457031, 0.7410504817962646, 0.924377977848053, 0.8823711276054382, 0.9086169004440308, 0.8439608812332153, 0.8809830546379089, 0.859126627445221, 0.9247161149978638, 0.7431930899620056, 0.886221706867218, 0.9747051000595093, 0.8347269892692566, 0.9293076395988464, 0.9412360191345215, 0.9641700387001038, 0.8684621453285217, 0.7468281388282776, 0.7933688163757324, 0.8965408205986023, 0.911413848400116, 0.7986935377120972, 0.9695253372192383, 0.967370867729187, 0.8230072855949402, 0.8990753293037415, 0.8757689595222473], "label": [1, 1, 1, 0, 0, 0, 0]}