{"text": ["XYZ Hospital", "123 tlealth Street,Wellness City", "Phone:+1-234-587-890", "Patlnt Nan:Grco Ro", "p:71", "Doctor: Dr.Pato1", "Medidine", "Dosuge", "Frequency", "Duration", "Tab Pan d", "20tblets", "3mesa day", "30 duys", "Tab Dolonex dt", "15tablets", "2 umes  duy", "10days", "Tab Cyciomelf", "15tablets", "3 tmesa duy", "7 days", "TabClavum025", "10tablets", "3tmes aday", "5days", "TabCiplox500", "5tablets", "3 tmesaday", "10days", "TabZole fcream", "15tblets", "3 tmesa dey", "7 days", "Syrup", "Dosapo", "Froquoncy", "Duratlon", "Syrup Grillnctus tm", "Sml", "2 timdoy", "14 doy", "Syrup Corox-dx", "10ml", "2timday", "10day", "Advico:", "-Tako tod rost", "Eat nsy-to-dlgest food like boiled rice with dal", "-Stytydrated"], "confidence": [0.9530686736106873, 0.843846321105957, 0.8858270645141602, 0.7502289414405823, 0.7839610576629639, 0.9176145792007446, 0.9187687635421753, 0.9427713751792908, 0.9898338317871094, 0.964890718460083, 0.8761835098266602, 0.9145114421844482, 0.7508084774017334, 0.9137939810752869, 0.9255488514900208, 0.9037178754806519, 0.7240058779716492, 0.8628065586090088, 0.8388753533363342, 0.8647039532661438, 0.8036391735076904, 0.8580665588378906, 0.8798737525939941, 0.9247161149978638, 0.8576598167419434, 0.8366293907165527, 0.949934720993042, 0.9079194068908691, 0.849814236164093, 0.8626441955566406, 0.8599701523780823, 0.9046850204467773, 0.7877573370933533, 0.8767657279968262, 0.983737587928772, 0.8240053653717041, 0.9474319815635681, 0.9913142919540405, 0.9899283051490784, 0.9028758406639099, 0.7660655975341797, 0.770780086517334, 0.9840628504753113, 0.9357630014419556, 0.7662373781204224, 0.8244808912277222, 0.9625285863876343, 0.7708154320716858, 0.9009497165679932, 0.9140819907188416], "label": [1, 0, 1, 0, 0, 0, 0]}