{"text": ["XYZ Hospital", "123 tlealth Street,Wellness City", "Phone:+1-234-587-890", "Patlont Nanx:Bob Millor", "p:28", "Doctor:Dr.Smith", "Medicine", "Dosage", "Frequency", "Duration", "TabCiplox500", "5tablets", "3mes doy", "4duys", "TabClavum025", "20 tablets", "3 tmes doy", "5days", "Tab Suno cold", "10tablets", "3 tmesa doy", "10duys", "Cup Cypon", "5tablets", "2 tmesa day", "5days", "Tab Zole fcreum", "5tablets", "2 umes a duy", "30 days", "TabFebrexplus", "15tablets", "3 tmesa dey", "7 days", "Syrup", "Dosago", "Froquoncy", "Duratlon", "Syrup Corox", "Sml", "2 tim doy", "30days", "Syrup Corox-dx", "Sml", "2timday", "5doys", "Advico:", "-Tako tod rost", "Eat nsy-to-digest food like boiled rice with dal", "-Stytydrated"], "confidence": [0.9531888961791992, 0.8400601148605347, 0.8954404592514038, 0.8336049914360046, 0.626974880695343, 0.9429873824119568, 0.925883412361145, 0.9033363461494446, 0.9848875403404236, 0.9621754884719849, 0.9316951632499695, 0.901167631149292, 0.7750561833381653, 0.9136894941329956, 0.8890760540962219, 0.8709948658943176, 0.7266961336135864, 0.8520981669425964, 0.8848203420639038, 0.9273074269294739, 0.7852831482887268, 0.9137234091758728, 0.9051094055175781, 0.9046000242233276, 0.8068044185638428, 0.8520981669425964, 0.8461650013923645, 0.9079194068908691, 0.7527843117713928, 0.8513266444206238, 0.9633811712265015, 0.8990643620491028, 0.8336135745048523, 0.8767657279968262, 0.988613486289978, 0.8285646438598633, 0.9474319815635681, 0.9902716875076294, 0.8837899565696716, 0.860496461391449, 0.7873589992523193, 0.8151836395263672, 0.9840628504753113, 0.927854061126709, 0.7676267623901367, 0.7227104306221008, 0.9699703454971313, 0.7723420858383179, 0.9021574854850769, 0.8946594595909119], "label": [1, 0, 1, 0, 0, 0, 0]}