{"text": ["XYZ Hospital", "123 tlealth Street,Wellness City", "Phone:+1-234-587-890", "Patlant Namx:John Johnson", "Apo:77", "Doctor: Dr. Tumor", "Medicine", "Dosuge", "Frequency", "Duration", "Tab Trtz", "5 tablets", "3mes day", "5 days", "Cap Pan d", "5tablets", "20mesaday", "5days", "Tab Cetine", "5tablets", "3 tmesa duy", "7 days", "TabAllegra", "15tablets", "2tmesa day", "5days", "Tab Febrexplus", "20 tblets", "3 tmesaday", "30 days", "TabCiplox500", "20 tablets", "2 tms a doy", "t4days", "Syrup", "Dosago", "Froquoncy", "Duratlon", "Syrup Corox", "Sml", "3tms doy", "7day", "Advico:", "-Tako to rost", "Eat nsy-to-digest food like boiled dce with dnl", "Stoybydrated"], "confidence": [0.9545212388038635, 0.8416517972946167, 0.8715014457702637, 0.8876966834068298, 0.7262139916419983, 0.956225574016571, 0.9251660108566284, 0.9740098118782043, 0.98100346326828, 0.964890718460083, 0.804344654083252, 0.887381374835968, 0.7658721804618835, 0.7547540068626404, 0.903003454208374, 0.8909797668457031, 0.7755182385444641, 0.8520981669425964, 0.9223198890686035, 0.8432409763336182, 0.8044043183326721, 0.8580665588378906, 0.9189688563346863, 0.8671495914459229, 0.817900538444519, 0.8520981669425964, 0.9411283731460571, 0.9003804326057434, 0.8289969563484192, 0.8513266444206238, 0.936651885509491, 0.8797799944877625, 0.7748550772666931, 0.8406792283058167, 0.9719002842903137, 0.9144992828369141, 0.8976813554763794, 0.9843534231185913, 0.8845829367637634, 0.927854061126709, 0.7197035551071167, 0.940690815448761, 0.9678854942321777, 0.7605816721916199, 0.859613835811615, 0.8221619129180908], "label": [1, 1, 1, 0, 0, 0, 0]}