{"text": ["XYZ Hospital", "123 tlealth Street,Wellness City", "Phone:+1-234-587-890", "Patlont Nanx:Davld Smith", "Ap:33", "Doctor: Dr.Johnson", "Medicine", "Dosuge", "Frequency", "Duration", "TabClavum 025", "5 tablets", "3tmes day", "30 days", "Tab Dolo650", "5tablets", "2tmes  duy", "10days", "TabCiplox 500", "10tablets", "3 tmes a duy", "30 duys", "TabFebrexplus", "10tablets", "3 tmesa dey", "10days", "Syrup", "Dosago", "Froquancy", "Duratlon", "Syrup Brozodax", "Sml", "3 tims doy", "5days", "Advico:", "-Tako tod rost", "Eat nsy-to-dlgest food like boiled rice with dal", "-Stynydrated"], "confidence": [0.9542763829231262, 0.8418617844581604, 0.8930080533027649, 0.8371820449829102, 0.7616316080093384, 0.9490880966186523, 0.954825758934021, 0.9740098118782043, 0.9823631644248962, 0.964890718460083, 0.8409925699234009, 0.887381374835968, 0.7927619814872742, 0.8676621317863464, 0.8135526776313782, 0.9079194068908691, 0.7253835201263428, 0.924377977848053, 0.9109957218170166, 0.9273074269294739, 0.859153687953949, 0.9196853041648865, 0.9723436832427979, 0.9273074269294739, 0.7414395809173584, 0.9213528037071228, 0.970925509929657, 0.9117240309715271, 0.9373424053192139, 0.9347891807556152, 0.985555112361908, 0.8684621453285217, 0.7696221470832825, 0.8821619153022766, 0.9288334846496582, 0.7340252995491028, 0.8857390284538269, 0.8704662919044495], "label": [1, 0, 1, 0, 0, 0, 0]}