{"text": ["XYZ Hospital", "123 tlealth Street,Wellness City", "Phone:+1-234-587-890", "Patlnt NamJan D", ":40", "Doctor: Dr. Millor", "Medidine", "Dosuge", "Frequency", "Duration", "Cap Pand", "15tablets", "3mesdey", "10duys", "Tab Dolonex dt", "10tablets", "2 um05  duy", "10days", "TabClavum 025", "20 tablets", "2mes aday", "5days", "Cup Cypon", "5tablets", "2 tmesa day", "5days", "TabNeurobin Forte", "5tablets", "2 tmes a duy", "4duys", "Tab Evion", "15tablets", "2 tmesa dey", "10days", "Syrup", "Dosago", "Froquoncy", "Durotlon", "Syrup Fobrox plus", "10ml", "3 tims doy", "14day", "Syrup Grillnctus tm", "10ml", "3timday", "7day", "Advico:", "-Tako tod rost", "Eat nsy-to-digest food like boiled rice with dal", "-Stytydrated"], "confidence": [0.9546694755554199, 0.838995099067688, 0.9002521634101868, 0.8583638668060303, 0.8776516914367676, 0.9579718708992004, 0.8831000924110413, 0.9420654773712158, 0.9902750849723816, 0.9623180627822876, 0.9235674142837524, 0.8656508922576904, 0.8327884078025818, 0.9152160286903381, 0.9265251159667969, 0.9273074269294739, 0.7148935794830322, 0.8628065586090088, 0.8256784081459045, 0.8709948658943176, 0.7745811939239502, 0.8641525506973267, 0.9076964259147644, 0.9046000242233276, 0.805739164352417, 0.8520981669425964, 0.9565919041633606, 0.9079194068908691, 0.7724898457527161, 0.9083743095397949, 0.9499837160110474, 0.8931859135627747, 0.8406233191490173, 0.9213528037071228, 0.988613486289978, 0.8285646438598633, 0.9466862082481384, 0.9339734315872192, 0.9938902258872986, 0.9702969789505005, 0.7524312138557434, 0.8130840063095093, 0.9716651439666748, 0.9599877595901489, 0.7816687822341919, 0.8532044887542725, 0.9631933569908142, 0.7699165344238281, 0.9021574854850769, 0.9120380282402039], "label": [1, 1, 1, 0, 0, 0, 0]}