{"text": ["XYZ Hospital", "123 tlealth Street,Wellness City", "Phone:+1-234.587-890", "Patlant Namx:Mla D", ":70", "Doctor: Dr. Tumor", "Medicine", "Dosuge", "Frequency", "Duration", "TabClavum 025", "5 tablets", "3mes doy", "7 days", "Tab Cyciomelf", "10tablets", "20mes dey", "7 days", "Tab Cyciopam", "5tablets", "2 tmes a day", "10 duys", "Cap Cypon", "15tablets", "2tmesa dey", "30 days", "Tab Neurobin Forte", "20 tblets", "3 tmesaday", "10duys", "Tab Dolonex dt", "10tablets", "3 tmesa dey", "7 days", "Syrup", "Dosago", "Froquoncy", "Duratlon", "Syrup Brozodax", "10ml", "2tmdoy", "14dy", "Advico:", "-Tako tod rost", "Eat nsy-to-digest food like boiled dce with dnl", "Stoytydrated"], "confidence": [0.9457597732543945, 0.8392246961593628, 0.8581722378730774, 0.7756987810134888, 0.7153405547142029, 0.9536231756210327, 0.9246234893798828, 0.9740098118782043, 0.98100346326828, 0.964890718460083, 0.8215466141700745, 0.887381374835968, 0.7750561833381653, 0.8594018816947937, 0.8581933975219727, 0.9273074269294739, 0.7428823113441467, 0.861883819103241, 0.889002799987793, 0.916618824005127, 0.7271961569786072, 0.8750689625740051, 0.9164699912071228, 0.8647039532661438, 0.8084509968757629, 0.8513266444206238, 0.9524451494216919, 0.9003804326057434, 0.8352519273757935, 0.9137234091758728, 0.9099909663200378, 0.9273074269294739, 0.783811628818512, 0.8767657279968262, 0.9719002842903137, 0.9641801714897156, 0.9638596773147583, 0.9924637079238892, 0.9615684151649475, 0.9717352390289307, 0.7179483771324158, 0.932861328125, 0.9667397141456604, 0.7555519938468933, 0.8598954081535339, 0.871784508228302], "label": [1, 1, 1, 0, 0, 0, 0]}