{"text": ["XYZ Hospital", "123 tlealth Street,Wellness City", "Phone:+1-234.587-890", "Patlont Nanxo:Davld Davis", "p:39", "Doctor: Dr. Smith", "Medicine", "Dosuge", "Frequency", "Duration", "Cap Cypon", "10tablets", "3mesday", "7 days", "Tab Cyclomef", "10 tablets", "3 umes dey", "7 days", "TabCiplox500", "10 tablets", "2tmes aday", "5 days", "Tab Pan d", "5tablets", "2tmes adey", "10days", "Tab Cetine", "10 tablets", "2tmesaday", "5days", "Syrup", "Dosapo", "Froquancy", "Duratlon", "SyrupTusx", "10ml", "2tm doy", "4dy", "Syrup Fobrox plus", "Sml", "3tims doy", "5 days", "Advico:", "-Tako tod rost", "Eat ensy-to-digest food like boiled rice with dnl", "Stoytydrated"], "confidence": [0.9553433060646057, 0.8387026190757751, 0.8589719533920288, 0.7988625168800354, 0.7092078924179077, 0.9437006711959839, 0.9307171702384949, 0.9054610133171082, 0.9788968563079834, 0.964890718460083, 0.9226609468460083, 0.9273074269294739, 0.8467262983322144, 0.9877565503120422, 0.891776978969574, 0.9107781648635864, 0.7338784337043762, 0.8767657279968262, 0.9242367744445801, 0.8921223878860474, 0.7756690979003906, 0.7600082755088806, 0.9017828702926636, 0.8912277221679688, 0.8291624188423157, 0.9213528037071228, 0.9314635992050171, 0.901634693145752, 0.8577829003334045, 0.8882506489753723, 0.9703512191772461, 0.9121663570404053, 0.934880256652832, 0.9950222373008728, 0.8774757981300354, 0.9347427487373352, 0.7230568528175354, 0.962104082107544, 0.9943814873695374, 0.9197258949279785, 0.7417122721672058, 0.8086541295051575, 0.96775883436203, 0.7338215708732605, 0.844878613948822, 0.8286395072937012], "label": [1, 1, 1, 0, 0, 0, 0]}