{"text": ["XYZ Hospital", "123 tlealth Street,Wellness City", "Phone:+1-234.587-890", "Patlont Namxo:John Wlllams", "Ap:25", "Doctor: Dr. Tumor", "Medicine", "Dosuge", "Frequency", "Duration", "Cap Zovirax", "20 tblets", "3mesday", "4duys", "Tab Zole fcream", "15tablets", "20mesaday", "7 days", "Cap Coimmune", "5tablets", "2mes aduy", "30 duys", "Cap Dilanun", "10tablets", "3tmes aday", "7 days", "Cap Pan d", "5tablets", "3 tmesaday", "5days", "Tab Pand", "5tablets", "2 tmes a doy", "t4days", "Syrup", "Dosago", "Froquoncy", "Duratlon", "Syrup Cypon", "Sml", "3tms doy", "10dy", "Advico:", "-Tako to rost", "Eat nsy-to-digest food like boiled dce with dnl", "Stoybydrated"], "confidence": [0.9527716040611267, 0.8411437273025513, 0.8589719533920288, 0.8500684499740601, 0.761734664440155, 0.9546536803245544, 0.9328186511993408, 0.9427713751792908, 0.9790523052215576, 0.9623180627822876, 0.8706382513046265, 0.9003804326057434, 0.8203554749488831, 0.9136894941329956, 0.8894785642623901, 0.9037178754806519, 0.7667410373687744, 0.861883819103241, 0.8717074990272522, 0.916618824005127, 0.7772800922393799, 0.9156034588813782, 0.8760631680488586, 0.9247161149978638, 0.852321445941925, 0.8580665588378906, 0.9094559550285339, 0.9079194068908691, 0.8438262939453125, 0.8366293907165527, 0.928550660610199, 0.8909797668457031, 0.8279175162315369, 0.8406792283058167, 0.9720994234085083, 0.9144992828369141, 0.8976813554763794, 0.9844989776611328, 0.9899075031280518, 0.927854061126709, 0.7197035551071167, 0.9338974952697754, 0.9678854942321777, 0.7632261514663696, 0.859613835811615, 0.8222071528434753], "label": [1, 1, 1, 0, 0, 0, 0]}