{"text": ["XYZ Hospital", "123 tlealth Street,Wellness City", "Phone:+1-234.587-890", "PatlantNamx:Allco Wlson", "p:5", "Doctor:Dr.Smith", "Medicine", "Dosuge", "Frequency", "Duration", "Tab Cetine", "20 tblets", "20ms day", "7 days", "Tab Neurobin Forte", "10 tablets", "3 0ms dey", "7 days", "Cap Dilantn", "5tablets", "3 tmesa day", "10 days", "Tab Combinam", "10 tablets", "2 tmsa dey", "5 days", "Tab Sumo cold", "10 tablets", "3 tmesaday", "30 days", "Syrup", "Dosago", "Froquoncy", "Duratlon", "Syrup Brozodax", "Sml", "3timsday", "7day", "Advico:", "-Tako tod rost", "Eat nsy-to-dlgest food like boiled dce with dal", "-Stayhydrated"], "confidence": [0.951866626739502, 0.8402663469314575, 0.8577502369880676, 0.8293611407279968, 0.5828918814659119, 0.9714871644973755, 0.930323600769043, 0.9427713751792908, 0.9838371276855469, 0.965709924697876, 0.9167537689208984, 0.9135541915893555, 0.7605679631233215, 0.8831198811531067, 0.9412744045257568, 0.8921223878860474, 0.7231447696685791, 0.8767657279968262, 0.9018157720565796, 0.9073119759559631, 0.7573702335357666, 0.8680278062820435, 0.899097740650177, 0.901634693145752, 0.8031952977180481, 0.8392146229743958, 0.902246356010437, 0.901634693145752, 0.8438262939453125, 0.8853435516357422, 0.9747051000595093, 0.9191999435424805, 0.9624842405319214, 0.9097633361816406, 0.9824841618537903, 0.9197258949279785, 0.7220712900161743, 0.8434621095657349, 0.9671358466148376, 0.8293460011482239, 0.9010121822357178, 0.8834782838821411], "label": [1, 1, 1, 0, 0, 0, 0]}