{"text": ["XYZ Hospital", "123 tlealth Street,Wellness City", "Phone:+1-234.587-890", "Patlant Namx:Llam Millor", "Ap:65", "Doctor: Dr. Smith", "Medicine", "Dosuge", "Frequency", "Duration", "TabCyciomelf", "20 tblets", "3mesday", "5 days", "Cap Omez", "5tablets", "3umesaday", "5days", "Tab Dolonex dt", "5tablets", "3tmes aday", "4 days", "Tab Cetine", "t5tablets", "2 tmesa dey", "10days", "Cap Pand", "t5tablets", "3 tmesaday", "5days", "Syrup", "Dosapo", "Froquoncy", "Duratlon", "Syrup Corox", "10ml", "2tmdoy", "5day", "Syrup Fobrox plus", "Sml", "3tims doy", "7days", "Advico:", "-Tako tod rost", "Eat nsy-to-digest food like boiled rice with dnl", "Stoytydrated"], "confidence": [0.9549444317817688, 0.8474778532981873, 0.8575018644332886, 0.8490962982177734, 0.6137485504150391, 0.9401914477348328, 0.9499181509017944, 0.9740098118782043, 0.9788968563079834, 0.965709924697876, 0.8481352925300598, 0.9135541915893555, 0.8458738923072815, 0.7393367886543274, 0.787831723690033, 0.895728349685669, 0.8479437828063965, 0.8344883918762207, 0.9190394282341003, 0.8238018751144409, 0.8267742395401001, 0.8902750611305237, 0.9266425967216492, 0.8830724954605103, 0.7551397681236267, 0.924377977848053, 0.9235751628875732, 0.8830724954605103, 0.8439608812332153, 0.8746163249015808, 0.9703512191772461, 0.7913495898246765, 0.9255363941192627, 0.9908849000930786, 0.9762304425239563, 0.9483411312103271, 0.7179483771324158, 0.7321327924728394, 0.9939941167831421, 0.9197258949279785, 0.7529909014701843, 0.9060519337654114, 0.9687759280204773, 0.7849678993225098, 0.8524071574211121, 0.871784508228302], "label": [1, 1, 1, 0, 0, 0, 0]}