{"text": ["XYZ Hospital", "123 tlealth Street,Wellness City", "Phone:+1-234.587-890", "Patlant Namxo:Davld Johnson", ":20", "Doctor: Dr.Lao", "Medicine", "Dosuge", "Frequency", "Duration", "TabAlurodin 500", "5 tablets", "3tmesaday", "7 duys", "Tab Dolonex dt", "15tablets", "20mes dey", "5days", "TabCyciomelf", "10tablets", "2tmes day", "7 days", "Cap Zovirax", "15tablets", "3tmesaday", "7 days", "Cap Oilanun", "5tablets", "3 tmesaday", "5days", "Syrup", "Dosapo", "Froquancy", "Duratlon", "Syrup TusQ-dx", "10ml", "2tdoy", "7day", "Syrup TusQ dx", "10ml", "3tims doy", "4 day", "Advico:", "-Tako tod rost", "Eat ensy-to-digest food like boiled rice with dnl", "Stoytydrated"], "confidence": [0.953700840473175, 0.8415265083312988, 0.8575018644332886, 0.8539250493049622, 0.852616012096405, 0.8749284148216248, 0.951400876045227, 0.979745090007782, 0.9829168319702148, 0.955414891242981, 0.8053543567657471, 0.8705056309700012, 0.7472083568572998, 0.9828178286552429, 0.914667546749115, 0.8623680472373962, 0.7744828462600708, 0.8366293907165527, 0.8719779849052429, 0.9273074269294739, 0.7455813884735107, 0.8720644116401672, 0.9172304272651672, 0.8865138292312622, 0.8846117854118347, 0.8452855944633484, 0.7918439507484436, 0.9057856798171997, 0.8439608812332153, 0.8882506489753723, 0.9703512191772461, 0.90386563539505, 0.9315544962882996, 0.9682292938232422, 0.9553414583206177, 0.9347427487373352, 0.698294997215271, 0.8639349937438965, 0.9829253554344177, 0.9604064226150513, 0.7417122721672058, 0.7794343829154968, 0.9662078022956848, 0.7388820648193359, 0.844878613948822, 0.8284637331962585], "label": [1, 1, 1, 0, 0, 0, 0]}