{"text": ["XYZ Hospital", "123 tlealth Street,Wellness City", "Phone:+1-234-587-890", "Patlant Namx:John Millor", "Ap:58", "Doctor: Dr.Lao", "Medicine", "Dosuge", "Frequency", "Duration", "Tab Neurobin Forte", "15tblets", "3mesday", "5 days", "Cap Omez", "10tablets", "20mesaday", "7 days", "Tab Cyciopom", "10tablets", "3 tmesa duy", "4 duys", "Cap Pan d", "10tablets", "3tmes aday", "7 days", "Tab Febrexplus", "5tablets", "3 tmesaday", "7 days", "TabCyciomelf", "10tablets", "2 tmes a doy", "30 days", "Syrup", "Dosago", "Froquoncy", "Duratlon", "Syrup TusQx", "10ml", "3 tms doy", "5 day", "Advico:", "-Takoto rst", "Eat nsy-to-digest food like boiled dce with dnl", "Stoybydrated"], "confidence": [0.9478399157524109, 0.84555983543396, 0.8653600811958313, 0.8703837990760803, 0.5542054772377014, 0.8745076060295105, 0.9259157180786133, 0.9420654773712158, 0.9790523052215576, 0.964890718460083, 0.9228698015213013, 0.900070071220398, 0.8467262983322144, 0.7547540068626404, 0.8892306089401245, 0.9273074269294739, 0.7605206966400146, 0.8401936888694763, 0.865839421749115, 0.9273074269294739, 0.798012912273407, 0.9352613091468811, 0.9105875492095947, 0.9273074269294739, 0.8575385212898254, 0.8452855944633484, 0.9420856833457947, 0.9079194068908691, 0.8478784561157227, 0.8452855944633484, 0.8666190505027771, 0.9273074269294739, 0.7914690375328064, 0.8867191672325134, 0.9719002842903137, 0.9523525834083557, 0.9524527788162231, 0.9843534231185913, 0.9340599179267883, 0.9751888513565063, 0.7108118534088135, 0.8135870099067688, 0.9678854942321777, 0.7539481520652771, 0.8616782426834106, 0.8415243625640869], "label": [1, 1, 1, 0, 0, 0, 0]}