{"text": ["XYZ Hospital", "123 tlealth Street,Wellness City", "Phone:+1-234.587-890", "Patlant Namx:GracoJohnson", "p:38", "Doctor: Dr.Lao", "Medicine", "Dosuge", "Frequency", "Duration", "Tab Pan d", "10 tablets", "3mesday", "7 days", "Tab Cyclopam", "10 tablets", "3 umes dey", "7 days", "TabZole fcream", "20 tablets", "2 tmes aday", "4 days", "Cap Pan d", "5tablets", "2 tmes a day", "t4days", "Cap Omez", "5tablets", "3 tmesaday", "30 days", "Syrup", "Dosapo", "Froquoncy", "Duratlon", "Syrup TusQ-dx", "Sml", "2timday", "Sday", "Advico:", "-Tako tod rost", "Eat nsy-to-dlgest food like boiled dce with dal", "-Staytydrated"], "confidence": [0.9539773464202881, 0.8483598232269287, 0.8465229868888855, 0.8484224677085876, 0.5942648649215698, 0.9052868485450745, 0.9286406636238098, 0.9375312328338623, 0.9838371276855469, 0.965709924697876, 0.9297789335250854, 0.8921223878860474, 0.8353540301322937, 0.8635157942771912, 0.8877692222595215, 0.8921223878860474, 0.7338784337043762, 0.8720644116401672, 0.8871710896492004, 0.8709948658943176, 0.7499434947967529, 0.8902750611305237, 0.9041917324066162, 0.8861472606658936, 0.7614920139312744, 0.8406792283058167, 0.904191255569458, 0.9057856798171997, 0.8439608812332153, 0.8853435516357422, 0.9747051000595093, 0.9107210040092468, 0.9728686809539795, 0.8988408446311951, 0.9553414583206177, 0.9197258949279785, 0.7550383806228638, 0.7356988191604614, 0.96775883436203, 0.7947360873222351, 0.9010121822357178, 0.937537431716919], "label": [1, 1, 1, 0, 0, 0, 0]}