{"text": ["XYZ Hospital", "123 tlealth Street,Wellness City", "Phone:+1-234.587-890", "Patlont Namx:Chadlo Brown", "Doctor:Dr.Smith", "Medicine", "Dosage", "Frequency", "Duration", "TabDolo650", "5tablets", "3mesa day", "7 duys", "Cap Zovirax", "t5tablets", "3 tmes duy", "10days", "TabCiplox500", "5tablets", "2 tmes a duy", "5days", "Cap Omez", "20 tablets", "2 tme5 a doy", "5 days", "Syrup", "Dosago", "Froquancy", "Duratlon", "Syrup Fobrox plus", "Sml", "2 tmdoy", "10days", "SyrupTusdx", "Sml", "2timday", "10day", "Advico:", "-Tako tod rost", "Eat nsy-to-dlgest food like boiled dce with dal", "-Staytydrated"], "confidence": [0.9539773464202881, 0.8386499881744385, 0.8577502369880676, 0.8386420607566833, 0.9709912538528442, 0.930323600769043, 0.8897534012794495, 0.9859857559204102, 0.955414891242981, 0.8880208730697632, 0.9079194068908691, 0.7508084774017334, 0.9828178286552429, 0.8877450823783875, 0.8790434002876282, 0.748680055141449, 0.8626441955566406, 0.9503915309906006, 0.9093613624572754, 0.8035736680030823, 0.8691898584365845, 0.8507652282714844, 0.8983814120292664, 0.7411662936210632, 0.8235217928886414, 0.9720994234085083, 0.8239191174507141, 0.9293076395988464, 0.873630166053772, 0.9927963018417358, 0.8684621453285217, 0.7173526883125305, 0.820411205291748, 0.8986228704452515, 0.9197258949279785, 0.7565017938613892, 0.7979649305343628, 0.9671358466148376, 0.8118053078651428, 0.9072743058204651, 0.932716965675354], "label": [1, 1, 1, 0, 0, 0, 0]}