{"text": ["XYZ Hospital", "123 tlealth Street,Wellness City", "Phone:+1-234.587-890", "Patlont Nam:Allco D", ":42", "Doctor: Dr.Lo", "Medicine", "Dosuge", "Frequency", "Duration", "Tab Combinam", "10tablets", "20ms day", "$ days", "Cap Zovirax", "20 tblets", "3umesadey", "5days", "Tab Sumo cold", "10 tablets", "2 tmes dey", "7 days", "Cap Omez", "10 tablets", "2 tmes adey", "10days", "Cap Dilantn", "20 tablets", "3tmesaday", "30 days", "Syrup", "Dosapo", "Froquancy", "Duratlon", "Syrup TusQ dx", "Sml", "3tms doy", "14dy", "Syrup Cypon", "Sml", "3tims doy", "30days", "Advico:", "-Tako tod rost", "Eat nsy-to-digest food like boiled rice with dnl", "Stoybydrated"], "confidence": [0.9531888961791992, 0.8504884243011475, 0.8589719533920288, 0.7806114554405212, 0.812186062335968, 0.9473685622215271, 0.930323600769043, 0.9054610133171082, 0.9788968563079834, 0.965709924697876, 0.9453385472297668, 0.9273074269294739, 0.7605679631233215, 0.724358081817627, 0.9152831435203552, 0.9248446226119995, 0.8198149800300598, 0.8756504058837891, 0.8934302926063538, 0.8921223878860474, 0.7422879934310913, 0.991462230682373, 0.8576292991638184, 0.901634693145752, 0.8098935484886169, 0.9213528037071228, 0.8575798273086548, 0.8974159359931946, 0.8785970211029053, 0.8853435516357422, 0.974157989025116, 0.8843854069709778, 0.9510630369186401, 0.9594031572341919, 0.9433781504631042, 0.8684621453285217, 0.7197035551071167, 0.8365260362625122, 0.9888902306556702, 0.9197258949279785, 0.7592406868934631, 0.9039595127105713, 0.9687759280204773, 0.7970249056816101, 0.8504207730293274, 0.8385815024375916], "label": [1, 1, 1, 0, 0, 0, 0]}