{"text": ["XYZ Hospital", "123 tlealth Street,Wellness City", "Phone:+1-234.587-890", "Patlont Nanx:Davld Davs", ":30", "Doctor: Dr.Pato1", "Medicine", "Dosuge", "Frequency", "Duration", "Cap Cypon", "15tablets", "20ms dey", "5 days", "Cap Zovirax", "5tablets", "2tmesa dey", "$ days", "Tab Combinam", "5tablets", "2 tmes a duy", "7 days", "Tab Triz", "t5tablets", "2 tms  doy", "30 days", "Syrup", "Dosago", "Froquoncy", "Duratlon", "Syrup Grillnctus tm", "10ml", "3 ts doy", "5days", "SyrupTusdx", "10ml", "2mday", "30dy", "Advico:", "-Tako tod rost", "Eat nsy-to-dlgest food like boiled rice with dal", "-Staytydrated"], "confidence": [0.953935444355011, 0.8350533843040466, 0.8577502369880676, 0.8018372654914856, 0.8133759498596191, 0.917064905166626, 0.9307171702384949, 0.975483238697052, 0.9838371276855469, 0.964890718460083, 0.9237752556800842, 0.8927748799324036, 0.7692691087722778, 0.7393367886543274, 0.8815139532089233, 0.895728349685669, 0.7338863611221313, 0.9286584258079529, 0.9441452026367188, 0.8909797668457031, 0.7841776013374329, 0.8480218052864075, 0.9565025568008423, 0.8862625360488892, 0.7158662676811218, 0.8500292897224426, 0.9747051000595093, 0.8239191174507141, 0.9308472871780396, 0.8827411532402039, 0.9882698059082031, 0.9347427487373352, 0.6967481374740601, 0.8852624893188477, 0.9029600024223328, 0.911413848400116, 0.7647653818130493, 0.9695253372192383, 0.96641606092453, 0.7968388199806213, 0.9056201577186584, 0.932716965675354], "label": [1, 1, 1, 0, 0, 0, 0]}