{"text": ["XYZ Hospital", "123 tlealth Street,Wellness City", "Phone:+1-234.587-890", "Patlant Namx:Jano Davs", "54", "Doctor: Dr. Smith", "Medidine", "Dosuge", "Frequency", "Duration", "Tab Pan d", "5 tablets", "2 0ms doy", "30 duys", "Tab Allegra", "15tablets", "20mes dey", "7 days", "Cup Omez", "15tablets", "3 tmesa doy", "7 days", "Tab Sumo cold", "20 tablets", "3 tmesa doy", "5days", "Tab Cetine", "10tablets", "2 tmes a duy", "7 days", "TabA1urodin 500", "20 tablets", "2 tmes a day", "7 days", "Syrup", "Dosago", "Froquoncy", "Duratlon", "Syrup TusQ-dx", "10ml", "2tm doy", "14days", "Advico:", "-Tako to rost", "Eat nsy-to-digest food like boiled dce with dnl", "Stoybydrated"], "confidence": [0.953843355178833, 0.8472570776939392, 0.8531273007392883, 0.8266273736953735, 0.9625065326690674, 0.9724993705749512, 0.9188768863677979, 0.979745090007782, 0.9822903871536255, 0.965709924697876, 0.9158036112785339, 0.887381374835968, 0.7218826413154602, 0.9069848656654358, 0.9261998534202576, 0.8647039532661438, 0.7428823113441467, 0.8401936888694763, 0.8356970548629761, 0.8647039532661438, 0.7694242000579834, 0.8720644116401672, 0.9176228642463684, 0.8967920541763306, 0.8013067245483398, 0.8756504058837891, 0.9355701208114624, 0.9273074269294739, 0.7704176902770996, 0.8434519171714783, 0.8281944394111633, 0.8797799944877625, 0.7614920139312744, 0.8404199481010437, 0.9719002842903137, 0.958836555480957, 0.8976813554763794, 0.9877357482910156, 0.9449087977409363, 0.9717352390289307, 0.7230568528175354, 0.8428124785423279, 0.9678854942321777, 0.7632261514663696, 0.8616782426834106, 0.8272665143013], "label": [1, 0, 1, 0, 0, 0, 0]}