{"text": ["XYZ Hospital", "123 tlealth Street,Wellness City", "Phone:+1-234.587-890", "Patlont Namx:Allco Millor", "p:72", "Doctor: Dr. Tumor", "Medicine", "Dosauge", "Frequency", "Duration", "Cap Zovirax", "10 tablets", "3 umes aday", "10duys", "Tab Dolo 650", "10 tablets", "2 um5  dey", "$ days", "Cup Omez", "20 tablets", "3tmesaday", "30 days", "Tab Triz", "5tablets", "3tmes aday", "7 days", "Tab Sumo cold", "5tablets", "2tmesaday", "10days", "Syrup", "Dosapo", "Froquoncy", "Duratlon", "Syrup TusQ dx", "Sml", "3timsday", "30days", "Advico:", "-Tako tod rost", "Eat nsy-to-dlgest food like boiled dce with dal", "-Staytydrated"], "confidence": [0.9531888961791992, 0.8435166478157043, 0.8541738390922546, 0.8761575222015381, 0.7978620529174805, 0.9332931637763977, 0.9286406636238098, 0.8137890696525574, 0.9838371276855469, 0.9629752039909363, 0.8390929698944092, 0.8921223878860474, 0.8416086435317993, 0.9106659889221191, 0.8163549900054932, 0.8921223878860474, 0.6873760223388672, 0.9286584258079529, 0.7608859539031982, 0.8709948658943176, 0.8817512392997742, 0.8866694569587708, 0.7602806687355042, 0.8861472606658936, 0.8475948572158813, 0.9913495182991028, 0.9054428935050964, 0.9057856798171997, 0.8522284030914307, 0.9213528037071228, 0.9747051000595093, 0.9107210040092468, 0.9749724864959717, 0.9868371486663818, 0.9526617527008057, 0.9197258949279785, 0.7406063079833984, 0.8138046264648438, 0.9675191640853882, 0.7947360873222351, 0.89730304479599, 0.937537431716919], "label": [1, 1, 1, 0, 0, 0, 0]}