{"text": ["XYZ Hospital", "123 tlealth Street,Wellness City", "Phone:+1-234-587-890", "Patlont Nam:Charlo D", "p:34", "Doctor: Dr. Millor", "Medicine", "Dosuge", "Frequency", "Quraton", "Tab Zole fcream", "20tblets", "3mesdey", "30 duys", "Tab Cyciomelf", "20 tablets", "3 tmes duy", "30 days", "Tab Neurobin Forte", "15tablets", "3 tmesa duy", "30 days", "Tab Cyclopam", "20 tblets", "3tmes aday", "5days", "TabAluhrocin 500", "5tablets", "2 tmes a duy", "10days", "Tab Pand", "5tablets", "3 tmesa dey", "7 days", "Syrup", "Dosago", "Froquoncy", "Duratlon", "Syrup Brozodax", "10ml", "2 tim doy", "14 doy", "Syrup Corox", "Sml", "3timsday", "14 doy", "Advico:", "-Tako tod rost", "Eat nsy-to-digest food like boiled rice with dal", "-Stytydrated"], "confidence": [0.9539773464202881, 0.8356792330741882, 0.8937011957168579, 0.8055331110954285, 0.7649431824684143, 0.9701685309410095, 0.9318302869796753, 0.9427713751792908, 0.9900026321411133, 0.8240195512771606, 0.8873342275619507, 0.9145114421844482, 0.8327884078025818, 0.9069848656654358, 0.8542560338973999, 0.8967920541763306, 0.7469850778579712, 0.8867191672325134, 0.9336313605308533, 0.8647039532661438, 0.814317524433136, 0.8866694569587708, 0.8685961365699768, 0.9086169004440308, 0.8547051548957825, 0.8756504058837891, 0.7800543308258057, 0.9079194068908691, 0.7506501078605652, 0.8655838966369629, 0.928550660610199, 0.8909797668457031, 0.8068142533302307, 0.8434519171714783, 0.988613486289978, 0.8496239185333252, 0.9459841251373291, 0.9896453619003296, 0.9731191992759705, 0.9702969789505005, 0.7383143901824951, 0.770780086517334, 0.8890056014060974, 0.927854061126709, 0.7849414348602295, 0.770780086517334, 0.9210488200187683, 0.7723420858383179, 0.9027966856956482, 0.9149386882781982], "label": [1, 0, 1, 0, 0, 0, 0]}