{"text": ["XYZ Hospital", "123 tlealth Street,Wellness City", "Phone:+1-234.587-890", "PatlantNamx:Llam Davs", "1", "Doctor: Dr.Lao", "Medicine", "Dosage", "Frequency", "Duration", "Tab Dolonex dt", "20tblets", "3mesday", "10 days", "Tab Allegra", "5tablets", "3tmesaday", "5days", "TabClavun 25", "5 tablets", "3 tmesa doy", "7 duys", "Tab Neurobin Forte", "20 tblets", "3 tmesa doy", "t4duys", "Cap Dilanun", "5tablets", "2 tmes a duy", "30 days", "Cap Pan d", "20 tablets", "3 tmesa dey", "30 days", "Syrup", "Dosago", "Froquoncy", "Duratlon", "Syrup Fobrox plusd", "10ml", "2tmdoy", "5 day", "Advico:", "-Tako tod rost", "Eat nsy-to-digest food like boiled dce with dnl", "-Stytydrated"], "confidence": [0.9478399157524109, 0.849846601486206, 0.8582290410995483, 0.8319063782691956, 0.9231669902801514, 0.9027113318443298, 0.930323600769043, 0.8897534012794495, 0.9790523052215576, 0.9629752039909363, 0.9212896227836609, 0.9145114421844482, 0.8455252051353455, 0.9548414945602417, 0.8880031704902649, 0.8909797668457031, 0.8483985662460327, 0.8366293907165527, 0.8004345893859863, 0.8705056309700012, 0.7852831482887268, 0.9787936806678772, 0.9270222187042236, 0.9086169004440308, 0.8015906810760498, 0.8394883275032043, 0.9131421446800232, 0.9079194068908691, 0.7522758841514587, 0.8500292897224426, 0.9247024059295654, 0.8914176821708679, 0.7852687239646912, 0.8513266444206238, 0.9720994234085083, 0.958836555480957, 0.9638596773147583, 0.9877357482910156, 0.9481344223022461, 0.9717352390289307, 0.7215816378593445, 0.8135870099067688, 0.9678077101707458, 0.7586460113525391, 0.8581724166870117, 0.9215343594551086], "label": [1, 1, 1, 0, 0, 0, 0]}