{"text": ["XYZ Hospital", "123 tlealth Street,Wellness City", "Phone:+1-234-587-890", "Patlnt NanLlam R", "1", "Doctor: Dr.Johnson", "Medicine", "Dosage", "Frequency", "Duration", "TabZole fcreum", "5 tablets", "3tmes day", "$ days", "Cap Colmmune", "5tablets", "3tmesaday", "30 days", "Tab Evion", "10tblets", "2 tmes a duy", "4 days", "TabCiplox 500", "t5tablets", "3 tmesa dey", "5days", "Syrup", "Dosago", "Froquancy", "Ouration", "Syrup TusQx", "Sml", "3tims doy", "7 days", "Advico:", "-Tako tod rost", "Eat nsy-to-dlgest food like boiled rice with dal", "-Stynydrated"], "confidence": [0.947542667388916, 0.8397927284240723, 0.9014118313789368, 0.7770161032676697, 0.9231669902801514, 0.94908207654953, 0.9307171702384949, 0.8897534012794495, 0.9823787212371826, 0.964890718460083, 0.8988207578659058, 0.887381374835968, 0.7927619814872742, 0.8307803273200989, 0.8622868061065674, 0.9079194068908691, 0.8201786875724792, 0.8663529753684998, 0.9258222579956055, 0.9008221626281738, 0.8993287086486816, 0.8902750611305237, 0.9176000952720642, 0.8856318593025208, 0.7115355134010315, 0.8950570225715637, 0.9728748202323914, 0.9117240309715271, 0.9354243874549866, 0.9278722405433655, 0.9471550583839417, 0.8684621453285217, 0.7557207942008972, 0.9799483418464661, 0.9288334846496582, 0.7340252995491028, 0.8857390284538269, 0.8704662919044495], "label": [1, 1, 1, 0, 0, 0, 0]}