{"text": ["XYZ Hospital", "123 tlealth Street,Wellness City", "Phone:+1-234-587-890", "Patlnt NanJan D", "Apo:77", "Doctor: Dr.Lao", "Medicine", "Dosuge", "Frequency", "Duration", "Tab Febrexplus", "10tablets", "3mesday", "30 days", "Tab Clavum025", "5tablets", "2tmes  duy", "5days", "TabAluhrodin S00", "t5tblets", "3 tmes a duy", "30 days", "Tab Dolonex dt", "5tablets", "3 tmes dey", "7 days", "Syrup", "Dosapo", "Froquancy", "Duratlon", "Syrup Corx", "10ml", "2 tm doy", "14doy", "Advico:", "-Tako tod rost", "Eat nsy-to-dlgest food like boiled rice with dal", "-Stynydrated"], "confidence": [0.9484565258026123, 0.8395678997039795, 0.9002521634101868, 0.862498939037323, 0.7262139916419983, 0.9037772417068481, 0.9254783391952515, 0.9054610133171082, 0.9789015650749207, 0.964890718460083, 0.9409408569335938, 0.9273074269294739, 0.8291556239128113, 0.8676621317863464, 0.8615311980247498, 0.8909797668457031, 0.7295010089874268, 0.8691898584365845, 0.7319245338439941, 0.9061143398284912, 0.8536353707313538, 0.8866694569587708, 0.9175744652748108, 0.8909797668457031, 0.7675620317459106, 0.8767657279968262, 0.9852066040039062, 0.7913495898246765, 0.9371910095214844, 0.9500347375869751, 0.9235011339187622, 0.9658069610595703, 0.7162923812866211, 0.827126145362854, 0.9288334846496582, 0.7380245327949524, 0.8857390284538269, 0.8807796835899353], "label": [1, 0, 1, 0, 0, 0, 0]}