{"text": ["XYZ Hospital", "123 tlealth Street,Wellness City", "Phone:+1-234-587-890", "Patlont Nan:Bob Johnson", "p:28", "Doctor: Dr. Millor", "Medicine", "Dosage", "Frequency", "Duration", "TabNeurobin Forte", "10tablets", "20ms doy", "10 days", "Tab Cetine", "5tablets", "2tmes  duy", "10days", "Tab Sumo cold", "20 tablets", "2 tmes a duy", "30 duys", "Tab Evion", "t5tablets", "3 tmesadey", "4days", "Syrup", "Dosago", "Froquancy", "Ouration", "Syrup Corx", "Sml", "2 tm doy", "5days", "Advico:", "-Tako bod rost", "Eat nsy-to-dlgest food like boiled rice with dal", "-Stytydrated"], "confidence": [0.9476563334465027, 0.8392246961593628, 0.8879653215408325, 0.8356374502182007, 0.7335016131401062, 0.948723554611206, 0.9314273595809937, 0.9027800559997559, 0.9838371276855469, 0.9623180627822876, 0.9552714228630066, 0.9273074269294739, 0.7529489994049072, 0.948471188545227, 0.9373575448989868, 0.8909797668457031, 0.7184790968894958, 0.9015160202980042, 0.8864971995353699, 0.8709948658943176, 0.9000213742256165, 0.9196853041648865, 0.951782763004303, 0.8856318593025208, 0.7185487747192383, 0.9184122085571289, 0.970925509929657, 0.9191999435424805, 0.9354243874549866, 0.9178258180618286, 0.9239195585250854, 0.8684621453285217, 0.7225327491760254, 0.8875328302383423, 0.9288334846496582, 0.7142534255981445, 0.8857390284538269, 0.9112634658813477], "label": [1, 0, 1, 0, 0, 0, 0]}