{"text": ["XYZ Hospital", "123 tlealth Street,Wellness City", "Phone:+1-234.587-890", "Patlant Nanx:Davld D", "p:71", "Doctor: Dr. Millor", "Medicine", "Dosage", "Frequency", "Duration", "Tab Combinam", "5tablets", "3mesday", "7 days", "Cap Zovirax", "5tablets", "3 tmes duy", "$ days", "Tab Cetine", "5tablets", "2 tmes a duy", "5days", "Tab Cyciomeff", "10 tablets", "2 tms  doy", "30 days", "Syrup", "Dosago", "Froquoncy", "Duratlon", "Syrup Grillnctus bm", "10ml", "2mdoy", "5days", "SyrupCorax", "10ml", "3mday", "30dy", "Advico:", "-Tako tod rost", "Eat nsy-to-dlgest food like boiled rice with dal", "-Staytydrated"], "confidence": [0.9546694755554199, 0.8471035957336426, 0.8541738390922546, 0.7833880186080933, 0.740033745765686, 0.9535451531410217, 0.9302595853805542, 0.9033363461494446, 0.9860424399375916, 0.9623180627822876, 0.9420154690742493, 0.9079194068908691, 0.8203554749488831, 0.8594018816947937, 0.8821117877960205, 0.8909797668457031, 0.7485857605934143, 0.9359393119812012, 0.9225175976753235, 0.8909797668457031, 0.7784492373466492, 0.8882506489753723, 0.832457423210144, 0.8958706855773926, 0.7009269595146179, 0.8500292897224426, 0.9869922399520874, 0.8239191174507141, 0.9308472871780396, 0.8827411532402039, 0.9710237383842468, 0.9347427487373352, 0.7492217421531677, 0.8852624893188477, 0.907331109046936, 0.911413848400116, 0.8172062039375305, 0.9695253372192383, 0.9683253169059753, 0.7983694672584534, 0.9031388163566589, 0.9250409007072449], "label": [1, 1, 1, 0, 0, 0, 0]}