{"text": ["XYZ Hospital", "123 tlealth Street,Wellness City", "Phone:+1-234-587-890", "Patlont Nanx:Allco Wilson", ":54", "Doctor:Dr.Patol", "Medicine", "Dosage", "Frequency", "Duration", "Tab Cyclopum", "5tablets", "20ms dey", "5days", "Cap Co-lmmune", "5tablets", "3 tmes doy", "4duys", "Cap Pan d", "15tablets", "3 tmesa doy", "10days", "Cap Dilanun", "10tablets", "2 tmesa day", "4duys", "TabDolo650", "10tablets", "3 tmesaday", "7 days", "Tab Combinam", "20 tablets", "2 tmes a doy", "7 days", "Syrup", "Dosapo", "Froquoncy", "Durotlon", "Syrup Corox", "Sml", "2 tim doy", "7days", "Syrup Brozodax", "Sml", "3timday", "Sday", "Advico:", "-Tako tod rst", "Eat nsy-to-digest food like boiled rice with dnl", "-Stytydrated"], "confidence": [0.9504494071006775, 0.8408339023590088, 0.8927069902420044, 0.8459466695785522, 0.8006799817085266, 0.9474195241928101, 0.930323600769043, 0.9033363461494446, 0.9918885827064514, 0.964890718460083, 0.8609547019004822, 0.9079194068908691, 0.7692691087722778, 0.8641525506973267, 0.8368092179298401, 0.8909797668457031, 0.7266961336135864, 0.9136894941329956, 0.9109414219856262, 0.867788553237915, 0.7852831482887268, 0.8654675483703613, 0.9008195400238037, 0.9273074269294739, 0.8068044185638428, 0.9083743095397949, 0.8781948089599609, 0.9273074269294739, 0.8438262939453125, 0.861883819103241, 0.9140496253967285, 0.8797799944877625, 0.7914705872535706, 0.991462230682373, 0.988613486289978, 0.8228013515472412, 0.9466862082481384, 0.934342622756958, 0.8926152586936951, 0.860496461391449, 0.7873589992523193, 0.8774265050888062, 0.9887569546699524, 0.927854061126709, 0.7877011895179749, 0.7481143474578857, 0.9210488200187683, 0.7242653369903564, 0.8472199440002441, 0.9149673581123352], "label": [1, 1, 1, 0, 0, 0, 0]}