{"text": ["XYZ Hospital", "123 tlealth Street,Wellness City", "Phone:+1-234.587-890", "PatlantNanx:Evo Davs", ":40", "DoctorDr.Johnson", "Medicine", "Dosuge", "Frequency", "Duration", "Tab Febrexplus", "15tablets", "3mesday", "7 duys", "Cap CoImmune", "20 tablets", "3 tmes duy", "10days", "Tab Cyclopam", "10tablets", "2tmesa dey", "5days", "Tab Neurobin Forte", "5tblets", "2 tm5 a day", "7days", "Syrup", "Dosapo", "Froquancy", "Duratlon", "Syrup Fobrox plus", "Sml", "3tsdoy", "30 days", "SyrupTusdx", "Sml", "3timsday", "5doy", "Advico:", "-Tako tod rost", "Eat nsy-to-dlgest food like boiled dce with dal", "-Stayhydrated"], "confidence": [0.9556474685668945, 0.8383982181549072, 0.8541738390922546, 0.79881751537323, 0.7698519229888916, 0.9595485329627991, 0.930323600769043, 0.9427713751792908, 0.9838311672210693, 0.955414891242981, 0.9455555081367493, 0.8910235166549683, 0.8433790802955627, 0.9828178286552429, 0.8865689635276794, 0.9054545164108276, 0.7479701042175293, 0.8626441955566406, 0.8885377049446106, 0.925683319568634, 0.8125902414321899, 0.8691898584365845, 0.9282165169715881, 0.8796586990356445, 0.7431930899620056, 0.9342161417007446, 0.9886301159858704, 0.8093938827514648, 0.9578977227210999, 0.873630166053772, 0.9935570955276489, 0.8684621453285217, 0.6993016600608826, 0.9648943543434143, 0.8984262347221375, 0.9197258949279785, 0.7897381782531738, 0.7402545213699341, 0.9671358466148376, 0.8017479181289673, 0.9072743058204651, 0.8822523355484009], "label": [1, 1, 1, 0, 0, 0, 0]}