{"text": ["XYZ Hospital", "123 tlealth Street,Wellness City", "Phone:+1-234-587-890", "Patlont Nam:Evo Ro", "Apo:55", "Doctor: Dr. Tumor", "Medicine", "Dosuge", "Frequency", "Duration", "Tab Febrexplus", "5 tablets", "3mesaday", "7 duys", "TabAlurocin 500", "10 tablets", "3tmesaday", "10days", "Cap Omez", "10 tablets", "2 tmes a duy", "30 days", "Cap Zovirax", "15tablets", "3 tmesa dey", "7days", "Syrup", "Dosago", "Froquancy", "Duration", "Syrup TusQ-dx", "Sml", "3tims doy", "10day", "Advico:", "-Tako bod rost", "Eat nsy-to-dlgest food like boiled rice with dal", "-Stytydrated"], "confidence": [0.9541840553283691, 0.8418617844581604, 0.9089126586914062, 0.7706338167190552, 0.7298091053962708, 0.9638131260871887, 0.9254783391952515, 0.9030749201774597, 0.9860424399375916, 0.9623180627822876, 0.9361162185668945, 0.8757308125495911, 0.7886044979095459, 0.8640217781066895, 0.7955469489097595, 0.8921223878860474, 0.7806190252304077, 0.9015160202980042, 0.8995419144630432, 0.8921223878860474, 0.8021218776702881, 0.8866694569587708, 0.8706382513046265, 0.8990643620491028, 0.7706842422485352, 0.9444330930709839, 0.9825723767280579, 0.9117240309715271, 0.935694694519043, 0.9527572989463806, 0.9570626020431519, 0.8684621453285217, 0.7523825764656067, 0.8316768407821655, 0.9288334846496582, 0.7142534255981445, 0.8857390284538269, 0.9112634658813477], "label": [1, 1, 1, 0, 0, 0, 0]}