{"text": ["XYZ Hospital", "123 tlealth Street,Wellness City", "Phone:+1-234.587-890", "Patlant Namxo:MlaJohnson", "Ap:51", "Doctor: Dr.Johnson", "Medidine", "Dosuge", "Frequency", "Duration", "Cap Pand", "15tablets", "20ms dey", "30 days", "TabAlurocin 500", "15tablets", "3umesaday", "7 days", "Tab Febrexplus", "10 tablets", "3tmes day", "10 days", "Tab Neurobin Forte", "15tablets", "3 tmesa dey", "30 days", "TabCiplox500", "20 tablets", "2tmesaday", "30 days", "Syrup", "Dosapo", "Froquancy", "Duratlon", "SyrupTus dx", "Sml", "3 tms doy", "10dny", "Syrup Fobrox plus", "Sml", "3tims doy", "10dny", "Advico:", "-Tako tod rst", "Eat nsy-to-digest food like boiled rice with dnl", "Stoy bydrated"], "confidence": [0.9442035555839539, 0.8416517972946167, 0.8589719533920288, 0.8605846762657166, 0.7661563158035278, 0.972112238407135, 0.918267011642456, 0.9427713751792908, 0.9838371276855469, 0.964890718460083, 0.924538254737854, 0.8913987278938293, 0.7692691087722778, 0.8676621317863464, 0.8059461116790771, 0.8913987278938293, 0.8508873581886292, 0.8831198811531067, 0.9465458989143372, 0.8921223878860474, 0.795462429523468, 0.8622841835021973, 0.947763204574585, 0.8865651488304138, 0.8120609521865845, 0.8853435516357422, 0.9496176838874817, 0.8974159359931946, 0.8577829003334045, 0.8853435516357422, 0.9703512191772461, 0.8843854069709778, 0.9532040357589722, 0.9960426092147827, 0.8887435793876648, 0.8684621453285217, 0.7108118534088135, 0.6375325322151184, 0.9900272488594055, 0.9197258949279785, 0.7523825764656067, 0.7591055631637573, 0.96775883436203, 0.728129506111145, 0.8504207730293274, 0.806763768196106], "label": [1, 1, 1, 0, 0, 0, 0]}