{"text": ["XYZ Hospital", "123 tlealth Street,Wellness City", "Phone:+1-234.587-890", "PatlontNamx:Allco Smith", "Ap:58", "Doctor: Dr.Pato1", "Medicine", "Dosage", "Frequency", "Duration", "Tab Cetine", "5 tablets", "20ms dey", "5 days", "Tab Pan d", "20 tblets", "3tmesaday", "10days", "TabAluhrodinS00", "5 tablets", "3 tmes dey", "t4days", "Tab Cyclopam", "20 toblets", "3 tmesa dey", "5 days", "Cap Omez", "20tablets", "2tmesaday", "5days", "Syrup", "Dosapo", "Froquoncy", "Duration", "Syrup TusQ-dx", "Sml", "3timsday", "30dy", "Advico:", "-Tako tod rost", "Eat nsy-to-dlgest food like boiled dce with dal", "-Staytydrated"], "confidence": [0.9513452053070068, 0.8435166478157043, 0.8541738390922546, 0.8720337152481079, 0.5542054772377014, 0.9187980890274048, 0.9286406636238098, 0.8897534012794495, 0.9560942053794861, 0.964890718460083, 0.9128592610359192, 0.8691415786743164, 0.7692691087722778, 0.7393367886543274, 0.9202485680580139, 0.9086169004440308, 0.8155402541160583, 0.9213528037071228, 0.7146969437599182, 0.8540082573890686, 0.7872068881988525, 0.8406792283058167, 0.8909351229667664, 0.8743324279785156, 0.8120609521865845, 0.8051655292510986, 0.9029366970062256, 0.8978633880615234, 0.8579052090644836, 0.8882506489753723, 0.9747051000595093, 0.9107210040092468, 0.9624842405319214, 0.9667842388153076, 0.9553414583206177, 0.9197258949279785, 0.7377283573150635, 0.9668070673942566, 0.96775883436203, 0.795816957950592, 0.9010121822357178, 0.937537431716919], "label": [1, 1, 1, 0, 0, 0, 0]}