{"text": ["XYZ Hospital", "123 tlealth Street,Wellness City", "Phone:+1-234.587-890", "Patlant Namx:Charlo Davs", "Apo:77", "Doctor: Dr.Lao", "Medicine", "Dosuge", "Frequency", "Duration", "Tab Allegra", "15tablets", "3mesday", "7 duys", "Tab Cyciopam", "20 tablets", "20mesaday", "5days", "Tab Dolonex dt", "10tablets", "2mes aday", "4 duys", "TabDolo650", "15tablets", "3tmes aday", "7 days", "Tab Zole fcreum", "20 tblets", "3 tmesaday", "5 days", "Cap CoImmune", "15tablets", "2 tmes a day", "7 days", "Syrup", "Dosago", "Froquoncy", "Duratlon", "Syrup Corox", "Sml", "2tm doy", "30 dny", "Advico:", "-Tako to rost", "Eat nsy-to-digest food like boiled dce with dnl", "Stoybydrated"], "confidence": [0.9572948813438416, 0.8395678997039795, 0.8581722378730774, 0.8195688128471375, 0.7262139916419983, 0.8749284148216248, 0.9200336337089539, 0.9427713751792908, 0.9790523052215576, 0.9564203023910522, 0.9225680828094482, 0.8647039532661438, 0.8467262983322144, 0.9828178286552429, 0.8784738183021545, 0.8967920541763306, 0.7605206966400146, 0.8520981669425964, 0.9129065275192261, 0.9273074269294739, 0.7745811939239502, 0.9403669238090515, 0.861158549785614, 0.8671495914459229, 0.8555611371994019, 0.8452855944633484, 0.85431969165802, 0.9003804326057434, 0.8478784561157227, 0.7472350001335144, 0.875171422958374, 0.8990643620491028, 0.7614920139312744, 0.8404199481010437, 0.9719002842903137, 0.9144992828369141, 0.9524527788162231, 0.9885905981063843, 0.8861015439033508, 0.927854061126709, 0.7230568528175354, 0.7926518321037292, 0.9678854942321777, 0.7640179991722107, 0.861255407333374, 0.8211062550544739], "label": [1, 1, 1, 0, 0, 0, 0]}