{"text": ["XYZ Hospital", "123 tlealth Street,Wellness City", "Phone:+1-234.587-890", "Patlont Nanx:Chadlo Wlllams", "p:5", "Doctor:Dr.Smith", "Medicine", "Dosuge", "Frequency", "Duration", "TabCiplox500", "15tablets", "20ms doy", "7 days", "Tab Allegra", "t5tablets", "3 tmes duy", "7 days", "Tab Dolonex dt", "20tblets", "3 tmesaday", "10 days", "Cap Cypon", "5tablets", "3 tmesa dey", "7days", "Syrup", "Dosago", "Froquancy", "Duratlon", "Syrup Grillnctus bm", "Sml", "3tm doy", "5days", "Syrup Brozodax", "10ml", "3timsday", "30dy", "Advico:", "-Tako tod rost", "Eat nsy-to-dlgest food like boiled rice with dal", "-Staytydrated"], "confidence": [0.9544302821159363, 0.8386499881744385, 0.8577502369880676, 0.784024715423584, 0.5828918814659119, 0.9714006185531616, 0.9286406636238098, 0.9427713751792908, 0.9838371276855469, 0.964890718460083, 0.9461488127708435, 0.8927748799324036, 0.7707927227020264, 0.8635157942771912, 0.8720228672027588, 0.8853757381439209, 0.7430770993232727, 0.8720644116401672, 0.9164556860923767, 0.9412925839424133, 0.8563558459281921, 0.8680278062820435, 0.9557991027832031, 0.8878754377365112, 0.7014458179473877, 0.9454089403152466, 0.9869922399520874, 0.8239191174507141, 0.9169834852218628, 0.8870259523391724, 0.9730429649353027, 0.8684621453285217, 0.7234882116317749, 0.8763659596443176, 0.8912094235420227, 0.911413848400116, 0.7330020666122437, 0.9695253372192383, 0.9688101410865784, 0.8305357098579407, 0.9003981947898865, 0.9319948554039001], "label": [1, 1, 1, 0, 0, 0, 0]}