{"text": ["XYZ Hospital", "123 tlealth Street,Wellness City", "Phone:+1-234.587-890", "Patlont Namx:Jano Whito", "p:20", "Doctor: Dr.Lo", "Medicine", "Dosuge", "Frequency", "Duration", "TabDolo 650", "20tblets", "3umesa day", "10duys", "Tab Cyciomeff", "5tablets", "3 tmes dey", "5days", "Tab Neurobin Forte", "20 toblets", "2tmes aday", "4 days", "Tab Clavum025", "5tablets", "2 tms a duy", "30 days", "Tab Evion", "20 tablets", "2 tmes a duy", "30 days", "Syrup", "Dosago", "Froquoncy", "Duratlon", "Syrup Zodox", "10ml", "3timsday", "7day", "Advico:", "-Tako tod rost", "Eat nsy-to-dlgest food like boiled dce with dal", "-Staytydrated"], "confidence": [0.9527682662010193, 0.8445388078689575, 0.8541738390922546, 0.8506897687911987, 0.7696038484573364, 0.9485839009284973, 0.930323600769043, 0.9427713751792908, 0.9838371276855469, 0.9623180627822876, 0.8751540780067444, 0.9343926906585693, 0.8384504318237305, 0.9106659889221191, 0.85698401927948, 0.895728349685669, 0.736356258392334, 0.8343985676765442, 0.9441500902175903, 0.8743324279785156, 0.7747554779052734, 0.8880710601806641, 0.8533686995506287, 0.8612961769104004, 0.7953894138336182, 0.8853435516357422, 0.9549042582511902, 0.864126980304718, 0.7454357147216797, 0.8853435516357422, 0.9747051000595093, 0.9586679339408875, 0.9767853617668152, 0.910537838935852, 0.9014583826065063, 0.9483411312103271, 0.7220712900161743, 0.8434621095657349, 0.96775883436203, 0.7908543944358826, 0.9010859727859497, 0.937537431716919], "label": [1, 0, 1, 0, 0, 0, 0]}