{"text": ["XYZ Hospital", "123 tlealth Street,Wellness City", "Phone:+1-234.587-890", "PatlantNamx:Mla Wlson", "p:22", "Doctor:Dr.Smith", "Medicine", "Dosuge", "Frequency", "Duration", "Cap Pan d", "20 tblets", "20ms doy", "10days", "Tab Zole f creum", "20 tablets", "3 umes dey", "4days", "Tab Evion", "20 tblets", "3 tmesa day", "4days", "Tab Pan d", "20 toblets", "2 tms a day", "4days", "Tab Triz", "10 tablets", "2tmesaday", "5days", "Syrup", "Dosapo", "Froquoncy", "Duratlon", "Syrup Corox", "Sml", "3timsday", "7day", "Advico:", "-Tako tod rost", "Eat nsy-to-digest food like boiled dce with dal", "-Stayhydrated"], "confidence": [0.951866626739502, 0.8380128741264343, 0.8577502369880676, 0.8406937122344971, 0.7944168448448181, 0.9724681377410889, 0.9246234893798828, 0.9427713751792908, 0.9838311672210693, 0.9623180627822876, 0.8762314319610596, 0.9135541915893555, 0.7477378845214844, 0.8628065586090088, 0.8610037565231323, 0.9054545164108276, 0.7338784337043762, 0.8935898542404175, 0.9196940660476685, 0.9248446226119995, 0.7527545690536499, 0.9184122085571289, 0.9027017951011658, 0.8743324279785156, 0.8000491857528687, 0.9184122085571289, 0.9694429636001587, 0.901634693145752, 0.8579052090644836, 0.8691898584365845, 0.9720994234085083, 0.8742751479148865, 0.9546997547149658, 0.910537838935852, 0.9707159399986267, 0.9197258949279785, 0.7407669425010681, 0.8434621095657349, 0.9675191640853882, 0.8316531181335449, 0.89924156665802, 0.88934326171875], "label": [1, 1, 1, 0, 0, 0, 0]}