{"text": ["XYZ Hospital", "123 tlealth Street,Wellness City", "Phone:+1-234.587-890", "Patlant Namx:GracoJohnson", ":54", "DoctorDr.Tumor", "Medicine", "Dosuge", "Frequency", "Duration", "Tab Allegra", "20 tblets", "3mesday", "5days", "Cap Pan d", "10 tablets", "3tmesaday", "30 days", "Tab Febrexplus", "5tablets", "2tmesaday", "10 duys", "Tab Pand", "t5tablets", "2 tm5 a doy", "30 days", "Syrup", "Dosago", "Froquancy", "Duratlon", "Syrup Corox", "Sml", "3tm doy", "30 days", "SyrupTus dx", "10ml", "2timday", "10day", "Advico:", "-Tako tod rost", "Eat nsy-to-dlgest food like boiled rice with dal", "-Staytydrated"], "confidence": [0.9549286961555481, 0.8483598232269287, 0.8465229868888855, 0.8573212623596191, 0.8006799817085266, 0.9669028520584106, 0.8984020948410034, 0.9427713751792908, 0.9838371276855469, 0.965709924697876, 0.875527560710907, 0.9135541915893555, 0.836832582950592, 0.8691898584365845, 0.9074792861938477, 0.8921223878860474, 0.8251487016677856, 0.8867191672325134, 0.943123459815979, 0.8878754377365112, 0.8561273813247681, 0.8914344906806946, 0.9204728007316589, 0.8862625360488892, 0.7343096137046814, 0.8853435516357422, 0.9728748202323914, 0.8347269892692566, 0.9085054397583008, 0.9899919033050537, 0.975298285484314, 0.8684621453285217, 0.7288550138473511, 0.9609696269035339, 0.8718270659446716, 0.911413848400116, 0.8057705163955688, 0.7979649305343628, 0.96641606092453, 0.7916994690895081, 0.9056201577186584, 0.932716965675354], "label": [1, 1, 1, 0, 0, 0, 0]}