{"text": ["XYZ Hospital", "123 tlealth Street,Wellness City", "Phone:+1-234.587-890", "PatlntNam:GrcoRo", "p:03", "Doctor: Dr.Johnson", "Medicine", "Dosuge", "Frequency", "Duration", "Tab Evlon", "15tablets", "3mesday", "4days", "Cap Cypon", "10 tablets", "3 0ms dey", "10days", "Cap Dilanun", "15tablets", "3tmes day", "30 days", "TabDolo650", "20 tablets", "2 tmsa dey", "t4days", "Tab Triz", "10 tablets", "3tmesaday", "7days", "Syrup", "Dosapo", "Froquancy", "Duratlon", "Syrup Fobrox plus", "10ml", "2tmdoy", "30 dny", "Syrup Cypon", "10ml", "3tims doy", "30 day", "Advico:", "-Tako tod rost", "Eat nsy-to-digest food like boiled rice with dnl", "Stoytydrated"], "confidence": [0.9476857781410217, 0.8473905324935913, 0.8499292135238647, 0.796708881855011, 0.7430418729782104, 0.9679127931594849, 0.930323600769043, 0.975483238697052, 0.9788968563079834, 0.9629752039909363, 0.9264383316040039, 0.8647039532661438, 0.8203554749488831, 0.9657290577888489, 0.9175405502319336, 0.8921223878860474, 0.7231447696685791, 0.9213528037071228, 0.8845730423927307, 0.8913987278938293, 0.797487735748291, 0.8833222985267639, 0.8579963445663452, 0.9061443209648132, 0.8031952977180481, 0.8406792283058167, 0.9694429636001587, 0.901634693145752, 0.8785970211029053, 0.9444330930709839, 0.9788066744804382, 0.90386563539505, 0.9510630369186401, 0.9950846433639526, 0.9930965304374695, 0.9347427487373352, 0.7008616924285889, 0.7861705422401428, 0.9885944724082947, 0.9150266051292419, 0.7592406868934631, 0.7859539985656738, 0.9687759280204773, 0.7555519938468933, 0.8504207730293274, 0.8412471413612366], "label": [1, 1, 1, 0, 0, 0, 0]}