{"text": ["XYZ Hospital", "123 tlealth Street,Wellness City", "Phone:+1-234.587-890", "Patlont Nanx:Davld D", "p:22", "Doctor: Dr.Pato1", "Medicine", "Dosage", "Frequency", "Duration", "Cap Zovirax", "5tablets", "3 mesdey", "10duys", "Cap Pan d", "5tablets", "20mesaday", "7 days", "Tab Neurobin Forte", "10tablets", "3 tmes dey", "7 days", "Tab Cyciopam", "10 tablets", "2 tms a day", "10days", "TabAllegra", "15tablets", "3 tmesaday", "30 days", "Syrup", "Dosago", "Froquoncy", "Duratlon", "Syrup Cypon", "Sml", "3timsday", "7day", "Advico:", "-Tako tod rost", "Eat nsy-to-dlgest food like boiled dce with dal", "-Staytydrated"], "confidence": [0.953935444355011, 0.8471035957336426, 0.8541738390922546, 0.7990773916244507, 0.7944168448448181, 0.9181328415870667, 0.9307171702384949, 0.8897534012794495, 0.9860424399375916, 0.9629752039909363, 0.8637662529945374, 0.901167631149292, 0.8015594482421875, 0.9106659889221191, 0.9048255085945129, 0.8861472606658936, 0.7612952589988708, 0.8720644116401672, 0.9351704716682434, 0.9247161149978638, 0.7872068881988525, 0.8767657279968262, 0.8964900970458984, 0.901634693145752, 0.8000491857528687, 0.9213528037071228, 0.9467397928237915, 0.8865651488304138, 0.8439608812332153, 0.8853435516357422, 0.9720994234085083, 0.9064610600471497, 0.9749724864959717, 0.8988408446311951, 0.9505860805511475, 0.9197258949279785, 0.7377283573150635, 0.8434621095657349, 0.9691476225852966, 0.795816957950592, 0.9010121822357178, 0.937537431716919], "label": [1, 1, 1, 0, 0, 0, 0]}