{"text": ["XYZ Hospital", "123 tlealth Street,Wellness City", "Phone:+1-234.587-890", "Patlant Nam:Chadlo Millr", "Ap:57", "Doctor: Dr. Millor", "Medicine", "Dosuge", "Frequency", "Duration", "Cap Omez", "15tablets", "20ms dey", "5 days", "Tab Cetine", "15tablets", "20mesa duy", "t4duys", "Tab Cyciopam", "15tablets", "3tmesaduy", "30 days", "Tab Neurobin Forte", "15tablets", "2 tmes a duy", "30 days", "Cap Dilanun", "20 tblets", "2 tmes a duy", "10days", "TabClvum 025", "10tablets", "3 tmesa dey", "10days", "Syrup", "Dosago", "Froquoncy", "Duratlon", "Syrup Fobrox plusd", "10ml", "2tmdoy", "14days", "Advico:", "-Tako tod rost", "Eat nsy-to-digest food like boiled dce with dnl", "Stoytydrated"], "confidence": [0.9478399157524109, 0.8390575647354126, 0.8581722378730774, 0.8169463276863098, 0.7623685598373413, 0.963890790939331, 0.9307171702384949, 0.9427713751792908, 0.9790523052215576, 0.965709924697876, 0.7851511836051941, 0.8647039532661438, 0.7692691087722778, 0.7523592114448547, 0.9310011863708496, 0.9037178754806519, 0.7259731888771057, 0.8104643225669861, 0.8712975978851318, 0.8647039532661438, 0.8625564575195312, 0.8833222985267639, 0.9258502125740051, 0.8671495914459229, 0.8155198693275452, 0.8867191672325134, 0.9081286787986755, 0.9003804326057434, 0.7853452563285828, 0.8655838966369629, 0.8353983759880066, 0.9273074269294739, 0.7711530923843384, 0.8654675483703613, 0.9788066744804382, 0.958836555480957, 0.9524527788162231, 0.9877357482910156, 0.9481344223022461, 0.9717352390289307, 0.7179483771324158, 0.8428124785423279, 0.9678077101707458, 0.7586460113525391, 0.8593538999557495, 0.871784508228302], "label": [1, 1, 1, 0, 0, 0, 0]}