{"text": ["XYZ Hospital", "123 tlealth Street,Wellness City", "Phone:+1-234.587-890", "PatlantNamx:Llam Brown", "p:50", "Doctor: Dr.Johnson", "Medicine", "Dosuge", "Frequency", "Duration", "Tab Zole fcreum", "15tablets", "3mesday", "30 duys", "Cap Omez", "20 tablets", "3 umes duy", "30 days", "Cap Colmmune", "15tablets", "2 tmes aduy", "4duys", "Tab Cetine", "20 tablets", "3 tmesa duy", "5days", "Tab Pan d", "20 tblets", "2 tmes a duy", "10days", "Tab Dolonex dt", "10tablets", "3 tmesa dey", "10days", "Syrup", "Dosago", "Froquoncy", "Duratlon", "Syrup TusQ-dx", "10ml", "2tmdoy", "30 days", "Advico:", "-Tako to rost", "Eat nsy-to-digest food like boiled dce with dnl", "-Stytydrated"], "confidence": [0.9539994597434998, 0.8410260081291199, 0.8575018644332886, 0.8551010489463806, 0.7119712829589844, 0.9613249897956848, 0.9246234893798828, 0.9427713751792908, 0.9790523052215576, 0.965709924697876, 0.8732461333274841, 0.8647039532661438, 0.8455252051353455, 0.9137939810752869, 0.8132323026657104, 0.8967920541763306, 0.6960850954055786, 0.8518379926681519, 0.8723900318145752, 0.8647039532661438, 0.7138233184814453, 0.9083743095397949, 0.9418867826461792, 0.8967920541763306, 0.7982293963432312, 0.8520981669425964, 0.8833444118499756, 0.9003804326057434, 0.7857459187507629, 0.9213528037071228, 0.9226661920547485, 0.9273074269294739, 0.7724913954734802, 0.8654675483703613, 0.9719002842903137, 0.958836555480957, 0.9442562460899353, 0.9885905981063843, 0.9382736682891846, 0.9717352390289307, 0.7215816378593445, 0.7893643975257874, 0.9678854942321777, 0.7472838163375854, 0.8601347208023071, 0.9117138981819153], "label": [1, 1, 1, 0, 0, 0, 0]}