{"text": ["XYZ Hospital", "123 tlealth Street,Wellness City", "Phone:+1-234-587-890", "Patlant Namo:Jano Millor", "p:70", "Doctor: Dr. Millor", "Medidine", "Dosage", "Frequency", "Duration", "Cap Pan d", "5 tablets", "3mesday", "$ duys", "Cap Zovirax", "5tablets", "2tmes  duy", "10days", "TabAllegra", "10tablets", "2 tmes a duy", "4 days", "Tab Neurobin Forte", "5tablets", "2 tms  doy", "7 days", "Syrup", "Dosago", "Froquancy", "Ouration", "Syrup Brozodax", "Sml", "3mday", "14days", "Advico:", "-Tako bod rost", "Eat nsy-to-dlgest food like boiled rice with dal", "-Stynydrated"], "confidence": [0.9440207481384277, 0.8450579047203064, 0.888440728187561, 0.8423841595649719, 0.782950758934021, 0.9545135498046875, 0.9153572916984558, 0.8897534012794495, 0.9827504754066467, 0.964890718460083, 0.9601354598999023, 0.8705056309700012, 0.843670666217804, 0.8634000420570374, 0.9152831435203552, 0.9079194068908691, 0.7110925912857056, 0.9015160202980042, 0.9442430734634399, 0.9247161149978638, 0.8666040897369385, 0.8659627437591553, 0.9311707615852356, 0.8909797668457031, 0.7103807330131531, 0.8720644116401672, 0.9728748202323914, 0.9191999435424805, 0.935694694519043, 0.9101769924163818, 0.9842071533203125, 0.8684621453285217, 0.8106390237808228, 0.875527560710907, 0.9288334846496582, 0.7142534255981445, 0.8857390284538269, 0.8976953029632568], "label": [1, 1, 1, 0, 0, 0, 0]}