{"text": ["XYZ Hospital", "123 tlealth Street,Wellness City", "Phone:+1-234.587-890", "Patlont Namx:John Wilson", "p:27", "Doctor: Dr.Pato1", "Medicine", "Dosage", "Frequency", "Duration", "Tab Cetine", "5tablets", "20ms doy", "5 days", "Tab Neurobin Forte", "20 tablets", "20mesaday", "30 days", "Cap Omez", "20 tblets", "3 tmes dey", "5days", "Tab Evion", "10 tablets", "3 tmesa dey", "30 days", "Cap Zovirax", "20tablets", "2tmesaday", "30 days", "Syrup", "Dosapo", "Froquoncy", "Duration", "Syrup Corox-dx", "Sml", "2timdy", "30dy", "Advico:", "-Tako tod rost", "Eat nsy-to-digest food like boiled dce with dal", "-Staytydrated"], "confidence": [0.9530686736106873, 0.8386499881744385, 0.8577502369880676, 0.8697989583015442, 0.7458348274230957, 0.9169014096260071, 0.9286406636238098, 0.9033363461494446, 0.9560942053794861, 0.964890718460083, 0.9164716005325317, 0.9079194068908691, 0.7482061982154846, 0.7393367886543274, 0.9412102103233337, 0.8709948658943176, 0.7612952589988708, 0.8663529753684998, 0.8812086582183838, 0.9248446226119995, 0.7872068881988525, 0.8344883918762207, 0.9239171147346497, 0.901634693145752, 0.8120609521865845, 0.8513266444206238, 0.862989068031311, 0.8978633880615234, 0.8579052090644836, 0.8500292897224426, 0.9747051000595093, 0.8742751479148865, 0.9624842405319214, 0.9667842388153076, 0.9769250750541687, 0.9197258949279785, 0.8268892168998718, 0.9668070673942566, 0.9675191640853882, 0.8357309103012085, 0.89924156665802, 0.9372954964637756], "label": [1, 1, 1, 0, 0, 0, 0]}