{"text": ["XYZ Hospital", "123 tlealth Street,Wellness City", "Phone:+1-234.587-890", "PatlontNamx:Mla Brown", ":42", "Doctor: Dr.Lao", "Medicine", "Dosuge", "Frequency", "Duration", "Tab Cyciomeff", "15tablets", "3mesday", "10duys", "Tab Sumo cold", "15tablets", "3 umes doy", "4duys", "Tab Trtz", "10tablets", "2mes aday", "7 days", "TabCiplox500", "15tablets", "3tmes aday", "10days", "Tab Febrexplus", "10tablets", "3 tmesaday", "4duys", "Tab Neurobin Forte", "15tablets", "2 tmes a day", "10days", "Syrup", "Dosago", "Froquoncy", "Duratlon", "Syrup Brozodax", "Sml", "3 tms doy", "10dy", "Advico:", "-Tako tod rost", "Eat nsy-to-digest food like boiled dce with dnl", "Stoytydrated"], "confidence": [0.9478399157524109, 0.8450579047203064, 0.8531273007392883, 0.8606815338134766, 0.812186062335968, 0.8949700593948364, 0.9286406636238098, 0.9427713751792908, 0.9790523052215576, 0.9623180627822876, 0.8402639031410217, 0.8647039532661438, 0.8458738923072815, 0.9152160286903381, 0.908638596534729, 0.8647039532661438, 0.7165395617485046, 0.9136894941329956, 0.785164475440979, 0.9273074269294739, 0.7745811939239502, 0.8594018816947937, 0.8882958292961121, 0.8671495914459229, 0.8595724105834961, 0.8628065586090088, 0.9483657479286194, 0.9273074269294739, 0.8478784561157227, 0.9083743095397949, 0.9221484065055847, 0.8647039532661438, 0.7614920139312744, 0.8654675483703613, 0.9720994234085083, 0.958836555480957, 0.942815363407135, 0.9921525120735168, 0.9615684151649475, 0.9028758406639099, 0.7108118534088135, 0.9338974952697754, 0.9667397141456604, 0.7586460113525391, 0.8616782426834106, 0.871784508228302], "label": [1, 0, 1, 0, 0, 0, 0]}