{"text": ["XYZ Hospital", "123 tlealth Street,Wellness City", "Phone:+1-234.587-890", "Patlont Namx:Chardlo Wlllams", "Ap:53", "Doctor: Dr.Lao", "Medicine", "Dosuge", "Frequency", "Duration", "Tab Neurobin Forte", "10tablets", "20ms doy", "10duys", "Tab Sumo cold", "20 tablets", "3tmesaday", "30 days", "Cap Colmmune", "20 tablets", "2 tmsa duy", "5 days", "Tab Dolonex dt", "20tblets", "2tmesa day", "7 days", "Tab Zole fcreum", "20 tblets", "2 tmes a duy", "30 days", "TabAllegra", "5tablets", "2 tms a doy", "10days", "Syrup", "Dosago", "Froquoncy", "Duratlon", "Syrup TusQ dx", "Sml", "3 tms doy", "10days", "Advico:", "-Tako tod rost", "Eat nsy-to-digest food like boiled dce with dnl", "Stoy bydrated"], "confidence": [0.947608470916748, 0.8416517972946167, 0.8589719533920288, 0.8220677375793457, 0.7789907455444336, 0.902958333492279, 0.9556780457496643, 0.9422492384910583, 0.9788968563079834, 0.9629752039909363, 0.9210477471351624, 0.9273074269294739, 0.7532740831375122, 0.9152160286903381, 0.8799178600311279, 0.8967920541763306, 0.8483985662460327, 0.8518379926681519, 0.871363639831543, 0.8709948658943176, 0.7483718395233154, 0.7393367886543274, 0.9170273542404175, 0.9412925839424133, 0.813346266746521, 0.8767657279968262, 0.8268731236457825, 0.9003804326057434, 0.7522758841514587, 0.8500292897224426, 0.9467397928237915, 0.8909797668457031, 0.8156778216362, 0.8654675483703613, 0.9719002842903137, 0.9144992828369141, 0.8976813554763794, 0.9876395463943481, 0.943820595741272, 0.927854061126709, 0.7108118534088135, 0.8282742500305176, 0.9678854942321777, 0.7481598854064941, 0.8601347208023071, 0.795315682888031], "label": [1, 1, 1, 0, 0, 0, 0]}