{"text": ["XYZ Hospital", "123 tlealth Street,Wellness City", "Phone:+1-234.587-890", "PatlantNamx:Llam Ro", ":40", "Doctor: Dr.Lao", "Medicine", "Dosage", "Frequency", "Duration", "Tab Allegra", "20 tblets", "3mesday", "7 duys", "Cap Cypon", "10 tablets", "20mesaday", "t4duys", "TabAlurodin 500", "5tablets", "3 tmes dey", "30 duys", "Cap Pan d", "20 tablets", "3 tmesa dey", "30 days", "Tab Sumo cold", "20 tablets", "2tmesaday", "4days", "Syrup", "Dosapo", "Froquancy", "Duratlon", "Syrup Grillnctus tm", "10ml", "2tdoy", "10dny", "Syrup Corox", "Sml", "3tims doy", "5 days", "Advico:", "-Tako tod rost", "Eat nsy-to-digest food like boiled rice with dnl", "Stoybydrated"], "confidence": [0.9534473419189453, 0.8422218561172485, 0.8575018644332886, 0.7815858125686646, 0.7442576289176941, 0.8749284148216248, 0.8984020948410034, 0.8897534012794495, 0.9788968563079834, 0.9564203023910522, 0.9037486910820007, 0.9135541915893555, 0.8467262983322144, 0.8653728365898132, 0.9206597805023193, 0.8921223878860474, 0.765507698059082, 0.8104643225669861, 0.8053543567657471, 0.913161039352417, 0.7872068881988525, 0.9069848656654358, 0.9071983695030212, 0.8863240480422974, 0.7643855810165405, 0.8853435516357422, 0.9000113606452942, 0.8863240480422974, 0.8577829003334045, 0.9184122085571289, 0.974157989025116, 0.7913495898246765, 0.8954519629478455, 0.957970380783081, 0.9848004579544067, 0.9483411312103271, 0.698294997215271, 0.6375325322151184, 0.8967664837837219, 0.9197258949279785, 0.7417122721672058, 0.8086541295051575, 0.9687759280204773, 0.7691457867622375, 0.8504207730293274, 0.8409426212310791], "label": [1, 1, 1, 0, 0, 0, 0]}