{"text": ["XYZ Hospital", "123 tlealth Street,Wellness City", "Phone:+1-234-587-890", "Patlont Nan:Graco Whito", ":41", "Doctor: Dr.Lao", "Medicine", "Dosuge", "Frequency", "Duration", "Tab Dolonexdt", "10 tablets", "3mesday", "10duys", "Tab Evion", "15tablets", "3mesaday", "4days", "TabCiplox500", "20 tablets", "3 tmes a duy", "5 days", "CapColmmune", "t5tablets", "3 tmesa dey", "7 days", "Syrup", "Dosago", "Froquancy", "Duration", "Syrup TusQx", "Sml", "3tims doy", "14days", "Advico:", "-Tako bod rost", "Eat nsy-to-dlgest food like boiled rice with dal", "-Stytydrated"], "confidence": [0.9534463286399841, 0.8484009504318237, 0.8794944882392883, 0.8077503442764282, 0.8224173188209534, 0.9032083749771118, 0.930323600769043, 0.9054610133171082, 0.9788968563079834, 0.9623180627822876, 0.9414696097373962, 0.901634693145752, 0.8407676815986633, 0.9152160286903381, 0.9279268980026245, 0.8927748799324036, 0.8108937740325928, 0.8935898542404175, 0.9303048253059387, 0.9054545164108276, 0.8733134865760803, 0.7472350001335144, 0.9162887334823608, 0.8856318593025208, 0.7706842422485352, 0.8767657279968262, 0.9852066040039062, 0.9191999435424805, 0.935694694519043, 0.9758866429328918, 0.9471550583839417, 0.8684621453285217, 0.7523825764656067, 0.8842740058898926, 0.9288334846496582, 0.7142534255981445, 0.8857390284538269, 0.9112634658813477], "label": [1, 1, 1, 0, 0, 0, 0]}