{"text": ["XYZ Hospital", "123 tlealth Street,Wellness City", "Phone:+1-234.587-890", "Patlant Namx:Charlo Whito", "54", "Doctor:Dr.Johnson", "Medicine", "Dosage", "Frequency", "Duration", "TabCiplox500", "5 tablets", "20ms doy", "10days", "TabCyciopam", "10 tablets", "2tmesa duy", "10days", "Tab Cyciomelf", "t5tblets", "3 tmesaday", "5days", "Tab Triz", "10tablets", "2 tms a doy", "5 days", "Syrup", "Dosago", "Froquoncy", "Duratlon", "Syrup Corox-dx", "10ml", "3tms doy", "5days", "SyrupTusdx", "10ml", "2timday", "5doy", "Advico:", "-Tako tod rost", "Eat nsy-to-dlgest food like boiled rice with dal", "-Staytydrated"], "confidence": [0.9539773464202881, 0.8386499881744385, 0.8577502369880676, 0.8405855298042297, 0.9625065326690674, 0.9592406153678894, 0.930323600769043, 0.9033363461494446, 0.9560942053794861, 0.9623180627822876, 0.8911057114601135, 0.8638057708740234, 0.767784595489502, 0.8628065586090088, 0.9131406545639038, 0.8921223878860474, 0.7795726656913757, 0.9015160202980042, 0.8437232971191406, 0.9061143398284912, 0.8477917909622192, 0.8882506489753723, 0.9649955034255981, 0.9247161149978638, 0.8025541305541992, 0.8235217928886414, 0.9720994234085083, 0.8496239185333252, 0.9308472871780396, 0.9498113989830017, 0.9647474884986877, 0.9347427487373352, 0.7036243677139282, 0.8669117093086243, 0.8986228704452515, 0.9165780544281006, 0.7565017938613892, 0.7402545213699341, 0.96641606092453, 0.7950741052627563, 0.9056201577186584, 0.932716965675354], "label": [1, 0, 1, 0, 0, 0, 0]}