{"text": ["XYZ Hospital", "123 tlealth Street,Wellness City", "Phone:+1-234.587-890", "PatlontNamx:Llam Smith", "p:37", "Doctor: Dr. Millor", "Medicine", "Dosuge", "Frequency", "Duration", "Tab Cetine", "10 tablets", "3mesday", "5 days", "Tab Neurobin Forte", "20 tablets", "2 tmes  duy", "5 days", "Tab Zole fcream", "20 tablets", "3 tmesaday", "5days", "Tab Combinam", "10tablets", "2 tms a doy", "5 days", "Syrup", "Dosago", "Froquoncy", "Duratlon", "Syrup Corox", "10ml", "3tms doy", "14 doy", "Syrup Fobroxplus", "10ml", "2timday", "30dy", "Advico:", "-Tako tod rost", "Eat nsy-to-dlgest food like boiled rice with dal", "-Staytydrated"], "confidence": [0.9566960334777832, 0.8432550430297852, 0.8541738390922546, 0.8623456954956055, 0.7839953899383545, 0.9726905822753906, 0.9286406636238098, 0.9349806904792786, 0.9838371276855469, 0.964890718460083, 0.9167537689208984, 0.9107781648635864, 0.8416870832443237, 0.7393367886543274, 0.9412102103233337, 0.9054545164108276, 0.681406557559967, 0.8013837933540344, 0.8778966665267944, 0.9054545164108276, 0.8464710116386414, 0.8756504058837891, 0.9456415176391602, 0.9247161149978638, 0.8025541305541992, 0.8235217928886414, 0.9701129198074341, 0.8496239185333252, 0.9308472871780396, 0.8947022557258606, 0.8950319886207581, 0.9347427487373352, 0.7036243677139282, 0.770780086517334, 0.8273863792419434, 0.911413848400116, 0.7565017938613892, 0.9695253372192383, 0.9677251577377319, 0.822932243347168, 0.9003981947898865, 0.8817411661148071], "label": [1, 0, 1, 0, 0, 0, 0]}