{"text": ["XYZ Hospital", "123 tlealth Street,Wellness City", "Phone:+1-234.587-890", "Patlant Namx:ChadloJohnson", "p:43", "Doctor: Dr.Patol", "Medidine", "Dosuge", "Frequency", "Duration", "Tab Pan d", "15tablets", "20ms dey", "$ duys", "Tab Neurobin Forte", "20 tablets", "3tmesaday", "10days", "Cup Omez", "5tablets", "3 tmesa duy", "t4duys", "Tab Cyciomeff", "5tablets", "3tmes aday", "30 days", "TabAllegr", "10tablets", "2 tmes a duy", "30 days", "TabA1urocin 500", "20 tablets", "2 tms a doy", "5 days", "Syrup", "Dosago", "Froquoncy", "Duratlon", "Syrup Grillnctus tm", "10ml", "3tms doy", "7day", "Advico:", "-Tako to rost", "Eat nsy-to-digest food like boiled dce with dnl", "Stoytydrated"], "confidence": [0.9526641368865967, 0.8386703133583069, 0.8589719533920288, 0.8224329352378845, 0.7557733058929443, 0.949710488319397, 0.9058064222335815, 0.9427713751792908, 0.9840658903121948, 0.965709924697876, 0.8776441812515259, 0.8647039532661438, 0.7692691087722778, 0.8634000420570374, 0.9508106708526611, 0.8967920541763306, 0.8485071659088135, 0.8626441955566406, 0.8356970548629761, 0.916618824005127, 0.8074479699134827, 0.8104643225669861, 0.8538984656333923, 0.9046000242233276, 0.8616535067558289, 0.8853435516357422, 0.935485303401947, 0.9273074269294739, 0.7522758841514587, 0.8853435516357422, 0.8180132508277893, 0.8797799944877625, 0.8156778216362, 0.8983266949653625, 0.983737587928772, 0.958836555480957, 0.9524527788162231, 0.9877357482910156, 0.9851831197738647, 0.9717352390289307, 0.7066380381584167, 0.940690815448761, 0.9678854942321777, 0.7472838163375854, 0.8601347208023071, 0.856630802154541], "label": [1, 0, 1, 0, 0, 0, 0]}