{"text": ["XYZ Hospital", "123 tlealth Street,Wellness City", "Phone:+1-234-587-890", "Patlant Nanx:Jano Brown", ":54", "Doctor: Dr. Millor", "Medicine", "Dosuge", "Frequency", "Duration", "TubCiplox500", "5 tablets", "20ms doy", "4 duys", "Tab Cetine", "t5tablets", "3tmesaday", "7 days", "Tab Triz", "20 tablets", "2 tmes a duy", "4 days", "TabClavum 025", "10tablets", "2 tmes a doy", "5 days", "Syrup", "Dosago", "Froquancy", "Duration", "Syrup Cypon", "Sml", "3tims doy", "10days", "Advico:", "-Tako bod rost", "Eat nsy-to-dlgest food like boiled rice with dal", "-Stytydrated"], "confidence": [0.9541555047035217, 0.8385964632034302, 0.8895711898803711, 0.8369473814964294, 0.8006799817085266, 0.9500764012336731, 0.9286406636238098, 0.9030749201774597, 0.9821071624755859, 0.9623180627822876, 0.8423364162445068, 0.8757308125495911, 0.7529489994049072, 0.939846932888031, 0.9327921867370605, 0.8833587169647217, 0.811162531375885, 0.8401936888694763, 0.8074597120285034, 0.8967920541763306, 0.8021218776702881, 0.8673728108406067, 0.820857048034668, 0.9273074269294739, 0.7674559950828552, 0.8334064483642578, 0.970925509929657, 0.9117240309715271, 0.9325470328330994, 0.958915650844574, 0.9516541957855225, 0.8684621453285217, 0.7522122859954834, 0.8736727833747864, 0.9288334846496582, 0.7415408492088318, 0.8857390284538269, 0.910991907119751], "label": [1, 0, 1, 0, 0, 0, 0]}