{"text": ["XYZ Hospital", "123 tlealth Street,Wellness City", "Phone:+1-234.587-890", "Patlant Nanx:Davld Whito", "p:9", "Doctor: Dr. Millor", "Medicine", "Dosuge", "Frequency", "Duration", "TabAluhrodin 500", "15tablets", "3mesday", "4duys", "Tab Febrex plus", "20 tablets", "2 tms  doy", "4days", "TabCyciomeff", "5tablets", "2tmes aday", "4days", "Tab Dolonex dt", "20 toblets", "3 tmesa duy", "7 days", "TabAllegra", "5 tablets", "2tmesaday", "5days", "Syrup", "Dosapo", "Froquoncy", "Duratlon", "Syrup Corox", "Sml", "3timsday", "7day", "Advico:", "-Tako tod rost", "Eat nsy-to-digest food like boiled dce with dal", "-Stayhydrated"], "confidence": [0.95541912317276, 0.8380128741264343, 0.8541738390922546, 0.8278055787086487, 0.5035769939422607, 0.9531019926071167, 0.930323600769043, 0.9427713751792908, 0.9838371276855469, 0.9623180627822876, 0.7592729926109314, 0.8913987278938293, 0.8203554749488831, 0.9136894941329956, 0.9136998057365417, 0.9054545164108276, 0.7088992595672607, 0.8935898542404175, 0.8756587505340576, 0.9093613624572754, 0.7747554779052734, 0.9184122085571289, 0.920667827129364, 0.8743324279785156, 0.7417087554931641, 0.8720644116401672, 0.9676898717880249, 0.8480369448661804, 0.823248028755188, 0.8882506489753723, 0.9720994234085083, 0.918595016002655, 0.9767853617668152, 0.910537838935852, 0.972055196762085, 0.9197258949279785, 0.7220712900161743, 0.8434621095657349, 0.9675191640853882, 0.8316531181335449, 0.89924156665802, 0.88934326171875], "label": [1, 0, 1, 0, 0, 0, 0]}