{"text": ["XYZ Hospital", "123 tlealth Street,Wellness City", "Phone:+1-234.587-890", "Patlant Namx:Chorlo Wlllams", "Ap:59", "Doctor: Dr. Millor", "Medidine", "Dosuge", "Frequency", "Duration", "Tab Allegra", "15tablets", "20ms dey", "t4days", "Tab Neurobin Forte", "t5tablets", "3umesaday", "5days", "Cap Cypon", "10 tablets", "2 tms day", "5 days", "Tab Zole fcream", "20 toblets", "2 tmes adey", "10days", "TabDolo650", "5tablets", "3 tmesaday", "5days", "Syrup", "Dosapo", "Froquancy", "Duratlon", "SyrupCorox-dx", "10ml", "3 tms doy", "30dny", "Syrup Brozodox", "Sml", "3tims doy", "10dny", "Advico:", "-Tako tod rost", "Eat nsy-to-digest food like boiled rice with dnl", "-Stytydrated"], "confidence": [0.9526641368865967, 0.8416517972946167, 0.8589719533920288, 0.8417248129844666, 0.660327136516571, 0.9621197581291199, 0.9150784015655518, 0.9740098118782043, 0.9838371276855469, 0.9629472494125366, 0.9037486910820007, 0.8913987278938293, 0.7692691087722778, 0.8578319549560547, 0.9480300545692444, 0.8831853270530701, 0.8493825197219849, 0.8691898584365845, 0.9412288665771484, 0.8921223878860474, 0.7628087401390076, 0.802062451839447, 0.8837534189224243, 0.8586471676826477, 0.8097238540649414, 0.9213528037071228, 0.8997390866279602, 0.9079194068908691, 0.8439608812332153, 0.8746163249015808, 0.974157989025116, 0.7913495898246765, 0.9235289692878723, 0.9921525120735168, 0.8757743835449219, 0.9483411312103271, 0.7108118534088135, 0.8377351760864258, 0.9709654450416565, 0.9197258949279785, 0.7578047513961792, 0.7591055631637573, 0.9678077101707458, 0.7557078003883362, 0.8524071574211121, 0.9215343594551086], "label": [1, 1, 1, 0, 0, 0, 0]}