{"text": ["XYZ Hospital", "123 tlealth Street,Wellness City", "Phone:+1-234.587-890", "Patlnt Nam:Allco D", ":74", "Doctor: Dr. Millor", "Medicine", "Dosuge", "Frequency", "Duration", "TabCyciopam", "5 tablets", "3mes doy", "7 duys", "Tab Dolonexdt", "20 tablets", "3tmesaday", "4duys", "Tab Pand", "10tablets", "2 tmes a day", "10 duys", "Cap Cypon", "20tblets", "3tmes aday", "10days", "Tab Combinam", "5tablets", "2 tmes a duy", "4days", "TabDolo650", "20 tblets", "3 tmesa dey", "30 days", "Syrup", "Dosago", "Froquoncy", "Duratlon", "Syrup Zodax", "10ml", "2tmdoy", "7day", "Advico:", "-Tako tod rost", "Eat nsy-to-digest food like boiled dce with dnl", "Stoytydrated"], "confidence": [0.9527682662010193, 0.8482159376144409, 0.8581722378730774, 0.7922251224517822, 0.8511033058166504, 0.9497487545013428, 0.930323600769043, 0.979745090007782, 0.98100346326828, 0.955414891242981, 0.882566511631012, 0.887381374835968, 0.7750561833381653, 0.9828178286552429, 0.9467951059341431, 0.8709948658943176, 0.8278234004974365, 0.9136894941329956, 0.9109763503074646, 0.9273074269294739, 0.7271961569786072, 0.8829830288887024, 0.908026397228241, 0.9412925839424133, 0.8616535067558289, 0.8654675483703613, 0.9516432881355286, 0.9079194068908691, 0.7853452563285828, 0.9184122085571289, 0.8889492154121399, 0.8838595747947693, 0.8179402947425842, 0.8867191672325134, 0.9719002842903137, 0.958836555480957, 0.9638596773147583, 0.9878179430961609, 0.9083108901977539, 0.9717352390289307, 0.7179483771324158, 0.940690815448761, 0.9678854942321777, 0.7587279677391052, 0.8616782426834106, 0.8621355891227722], "label": [1, 1, 1, 0, 0, 0, 0]}