{"text": ["XYZ Hospital", "123 tlealth Street,Wellness City", "Phone:+1-234-587-890", "Patlant Namx:Allco Johnson", ":39", "Doctor: Dr. Tumor", "Medicine", "Dosuge", "Frequency", "Qurabon", "TabAluhrodn 500", "10 tablets", "20ms doy", "7 days", "Tab Dolonex dt", "5tablets", "2 tm0s  duy", "5days", "Cap Pan d", "10tablets", "2 tmes a day", "5days", "Tab Cetine", "20 tblets", "2 tmesa day", "5days", "Tab Evlon", "10tablets", "2 tmes a duy", "10days", "TabFebrexplus", "5tablets", "2 tmes a doy", "10days", "Syrup", "Dosago", "Froquoncy", "Durotlon", "Syrup Cypon", "10ml", "3tims doy", "7days", "Syrup Corox", "Sml", "3timsday", "14day", "Advico:", "-Tako tod rost", "Eat nsy-to-digest food like boiled rice with dal", "-Stytydrated"], "confidence": [0.9531888961791992, 0.8402663469314575, 0.886119544506073, 0.8398135900497437, 0.8398079872131348, 0.9469949007034302, 0.8953059315681458, 0.9422492384910583, 0.9902750849723816, 0.8740919232368469, 0.7971456050872803, 0.8778047561645508, 0.751822292804718, 0.861883819103241, 0.9260741472244263, 0.9046000242233276, 0.7051472663879395, 0.8520981669425964, 0.9094559550285339, 0.9247161149978638, 0.7271961569786072, 0.8520981669425964, 0.9225705862045288, 0.9086169004440308, 0.8068044185638428, 0.8366293907165527, 0.9146842956542969, 0.9273074269294739, 0.7506501078605652, 0.8626441955566406, 0.9539944529533386, 0.8909797668457031, 0.8046655058860779, 0.9213528037071228, 0.988613486289978, 0.8496239185333252, 0.9466862082481384, 0.9339734315872192, 0.9880268573760986, 0.9702969789505005, 0.737549364566803, 0.8807341456413269, 0.9745674133300781, 0.927854061126709, 0.7849414348602295, 0.7463439702987671, 0.9631933569908142, 0.7688633799552917, 0.9021574854850769, 0.8946594595909119], "label": [1, 1, 1, 0, 0, 0, 0]}