{"text": ["XYZ Hospital", "123 tlealth Street,Wellness City", "Phone:+1-234.587-890", "PatlantNamx:LlamJohnson", ":40", "Doctor: Dr. Tumor", "Medicine", "Dosage", "Frequency", "Duration", "TabCiplox500", "15tablets", "3mesday", "$ duys", "Tab Allegra", "5tablets", "3tmesaday", "t4duys", "Tab Trtz", "15tablets", "2 tmsa duy", "7 days", "Tab Cyclopum", "15tablets", "2tmesa dey", "4days", "Tab Neurobin Forte", "5tablets", "2 tmes a duy", "7days", "Tab Dolonex dt", "20 tblets", "2 tmes a doy", "7days", "Syrup", "Dosago", "Froquoncy", "Duratlon", "Syrup Brozodax", "10ml", "3tms doy", "7day", "Advico:", "-Tako tod rost", "Eat nsy-to-digest food like boiled dce with dnl", "Stoytydrated"], "confidence": [0.9488534331321716, 0.8392246961593628, 0.8581722378730774, 0.8933004140853882, 0.7442576289176941, 0.9706988334655762, 0.930323600769043, 0.8880900740623474, 0.9790523052215576, 0.965709924697876, 0.9066964983940125, 0.8656508922576904, 0.8458738923072815, 0.8634000420570374, 0.8999996185302734, 0.9046000242233276, 0.8485071659088135, 0.8104643225669861, 0.8327649235725403, 0.8671495914459229, 0.7483718395233154, 0.8401936888694763, 0.837216854095459, 0.8671495914459229, 0.8084509968757629, 0.9184122085571289, 0.9522820711135864, 0.9079194068908691, 0.7853452563285828, 0.9444330930709839, 0.919963538646698, 0.9003804326057434, 0.7914690375328064, 0.9485983848571777, 0.9720994234085083, 0.958836555480957, 0.9524527788162231, 0.9877357482910156, 0.9615684151649475, 0.9717352390289307, 0.7066380381584167, 0.940690815448761, 0.9667397141456604, 0.7555519938468933, 0.8598954081535339, 0.871784508228302], "label": [1, 0, 1, 0, 0, 0, 0]}