{"text": ["XYZ Hospital", "123 tlealth Street,Wellness City", "Phone:+1-234.587-890", "PatlantNamx:Bob Wlson", "Ap:32", "Doctor: Dr.Patol", "Medicine", "Dosuge", "Frequency", "Duration", "TabA1urodin 500", "5 tablets", "20ms dey", "14duys", "Tab Zole fcream", "20tblets", "20mes dey", "4days", "Tab Dolonex dt", "5 tablets", "3 tmesadey", "4 days", "Cap Omez", "5tablets", "3tmes aday", "t4days", "TabDolo650", "10 tablets", "2tmesaday", "5days", "Syrup", "Dosapo", "Froquoncy", "Duratlon", "Syrup Grillnctus tm", "10ml", "3tms doy", "10dny", "Syrup TusQ-dx", "10ml", "3tims doy", "10dny", "Advico:", "-Tako bod rost", "Eat ensy-to-digest food like boiled rice with dnl", "Stoy bydrated"], "confidence": [0.9501902461051941, 0.8410260081291199, 0.8575018644332886, 0.863002598285675, 0.7326472997665405, 0.961713433265686, 0.9556780457496643, 0.979745090007782, 0.9560942053794861, 0.9623180627822876, 0.8133109211921692, 0.8705056309700012, 0.7692691087722778, 0.8650357723236084, 0.8875366449356079, 0.9516710042953491, 0.7687022686004639, 0.8935898542404175, 0.9133705496788025, 0.8630087375640869, 0.8391181230545044, 0.8880710601806641, 0.8212853670120239, 0.8909797668457031, 0.8498398065567017, 0.8510770797729492, 0.8932056427001953, 0.901634693145752, 0.8239051103591919, 0.8746163249015808, 0.974157989025116, 0.9123769402503967, 0.9255363941192627, 0.9960426092147827, 0.9825094938278198, 0.9483411312103271, 0.7060664892196655, 0.6375325322151184, 0.9664191603660583, 0.9150266051292419, 0.7523825764656067, 0.7591055631637573, 0.9662078022956848, 0.7551235556602478, 0.844878613948822, 0.7943028211593628], "label": [1, 1, 1, 0, 0, 0, 0]}