{"text": ["XYZ Hospital", "123 tlealth Street,Wellness City", "Phone:+1-234-587-890", "Patlnt Nanx:Grco D", "Ap:58", "Doctor:Dr.Johnson", "Medicine", "Dosuge", "Frequency", "Duration", "CapColmmune", "15tablets", "3mesdey", "7 duys", "Cap Omez", "15tablets", "2 um05  duy", "30 days", "Tab Zole fcream", "10tablets", "2 tmes a day", "10days", "TabDolo650", "15tablets", "2 tmesa day", "4days", "TabNeurobin Forte", "20 tblets", "2 tmes a duy", "30 days", "Cap Zovirax", "10tablets", "2 tmes a doy", "$ duys", "Syrup", "Dosapo", "Froquoncy", "Duratlon", "Syrup Grillnctus tm", "10ml", "3 tims doy", "10days", "Syrup TusQ-dx", "Sml", "3timsday", "30 days", "Advico:", "-Tako tod rost", "Eat nsy-to-digest food like boiled rice with dal", "-Stytydrated"], "confidence": [0.9538248181343079, 0.843846321105957, 0.8858270645141602, 0.7855526208877563, 0.5542054772377014, 0.9722445011138916, 0.9307171702384949, 0.9427713751792908, 0.9902750849723816, 0.965709924697876, 0.9265132546424866, 0.8647039532661438, 0.8327884078025818, 0.9828178286552429, 0.8870105743408203, 0.9037178754806519, 0.7148935794830322, 0.8518379926681519, 0.8673413395881653, 0.9273074269294739, 0.7271961569786072, 0.8654675483703613, 0.8823438882827759, 0.9037178754806519, 0.8068044185638428, 0.9184122085571289, 0.9566579461097717, 0.9003804326057434, 0.7704176902770996, 0.8833222985267639, 0.8706382513046265, 0.9273074269294739, 0.7914705872535706, 0.9236800670623779, 0.983737587928772, 0.8228013515472412, 0.9466862082481384, 0.9799938797950745, 0.970618486404419, 0.9702969789505005, 0.7524312138557434, 0.7868053317070007, 0.9556137919425964, 0.927854061126709, 0.777565598487854, 0.7511711120605469, 0.9625285863876343, 0.7699165344238281, 0.9020175933837891, 0.9120380282402039], "label": [1, 1, 1, 0, 0, 0, 0]}