{"text": ["XYZ Hospital", "123 tlealth Street,Wellness City", "Phone:+1-234.587-890", "Patlont Nanx:Chadlo Wlllams", ":00", "Doctor: Dr.Patol", "Medicine", "Dosuge", "Frequency", "Duration", "Tab Zole fcream", "5 tablets", "3mesaduy", "14duys", "Tab Allegra", "10tablets", "3tmesaday", "10days", "TabA1urodn 500", "15tablets", "2mes aduy", "30 duys", "Tab Taz", "20 tablets", "3tmesaday", "5days", "Cap Pan d", "10tablets", "3 tmesaday", "7 days", "Tab Evion", "15tablets", "2 tms a day", "$ days", "Syrup", "Dosago", "Froquoncy", "Duratlon", "Syrup Cypon", "Sml", "3tms doy", "5 days", "Advico:", "-Tako to rost", "Eat nsy-to-digest food like boiled dce with dnl", "Stoybydrated"], "confidence": [0.9530181884765625, 0.8392246961593628, 0.8581722378730774, 0.8035587668418884, 0.5413311123847961, 0.9651296138763428, 0.9486017823219299, 0.979745090007782, 0.98100346326828, 0.9623180627822876, 0.8662297129631042, 0.887381374835968, 0.7983358502388, 0.8650357723236084, 0.900334358215332, 0.9273074269294739, 0.8029834628105164, 0.8654675483703613, 0.8460953831672668, 0.8647039532661438, 0.7659589648246765, 0.9156034588813782, 0.8006169199943542, 0.8967920541763306, 0.877721905708313, 0.8520981669425964, 0.9105875492095947, 0.9273074269294739, 0.8438262939453125, 0.8452855944633484, 0.9399774074554443, 0.9037178754806519, 0.7687986493110657, 0.9325768351554871, 0.9719002842903137, 0.958836555480957, 0.9429497122764587, 0.9843534231185913, 0.9899075031280518, 0.927854061126709, 0.7197035551071167, 0.7886900901794434, 0.9678854942321777, 0.7632261514663696, 0.861255407333374, 0.8222071528434753], "label": [1, 1, 1, 0, 0, 0, 0]}