{"text": ["XYZ Hospital", "123 tlealth Street,Wellness City", "Phone:+1-234.587-890", "PatlontNamx:Bob Smith", ":21", "Doctor: Dr.Lao", "Medicine", "Dosuge", "Frequency", "Duration", "TabAluhrodin500", "15tablets", "3mesday", "30 days", "Tab Cyciopam", "5tablets", "3 tmes duy", "7 days", "Tab Febrexplus", "5tablets", "2tmesaday", "7 days", "CupOmez", "5tblets", "3 tmesa dey", "t4duys", "Syrup", "Dosago", "Froquoncy", "Duratlon", "Syrup Corox-dx", "Sml", "3tmsdoy", "5 days", "SyrupGrillnctus tm", "10ml", "3mday", "14dy", "Advico:", "-Tako tod rost", "Eat nsy-to-dlgest food like boiled rice with dal", "-Stayhydrated"], "confidence": [0.9544928669929504, 0.8350533843040466, 0.8465229868888855, 0.8730923533439636, 0.738356351852417, 0.9077340960502625, 0.930323600769043, 0.975483238697052, 0.9838371276855469, 0.964890718460083, 0.791504979133606, 0.8927748799324036, 0.8416870832443237, 0.8676621317863464, 0.8792740702629089, 0.895728349685669, 0.7430770993232727, 0.8720644116401672, 0.9394566416740417, 0.9093613624572754, 0.8482097387313843, 0.8767657279968262, 0.7852264642715454, 0.8720654249191284, 0.7325305938720703, 0.8394883275032043, 0.9701129198074341, 0.8239191174507141, 0.9646628499031067, 0.9490550756454468, 0.9750828146934509, 0.9028758406639099, 0.702323317527771, 0.8086541295051575, 0.9094856977462769, 0.911413848400116, 0.8256782293319702, 0.8365260362625122, 0.967370867729187, 0.7933914065361023, 0.9067288041114807, 0.8757689595222473], "label": [1, 0, 1, 0, 0, 0, 0]}