{"text": ["XYZ Hospital", "123 tlealth Street,Wellness City", "Phone:+1-234-587-890", "Patlont Namx:Chorlo Millor", "Ap:52", "Doctor: Dr.Lao", "Medicine", "Dosuge", "Frequency", "Qurabon", "Tab Cyciomelf", "15tblets", "20ms day", "7 days", "Tab Combinlam", "10tablets", "2 tms  duy", "4duys", "Tab Cyciopam", "5tablets", "2 tmes a duy", "30 days", "Tab Allegra", "10tablets", "3 tmes aday", "10days", "Tab Cetine", "15tablets", "2 tmes a duy", "30 days", "Tab Dolonex dt", "5tablets", "2 tmes a doy", "30 days", "Syrup", "Dosago", "Froquoncy", "Duratlon", "Syrup TusQ dx", "Sml", "2 tim doy", "30 days", "Syrup Brozodax", "10ml", "2timday", "10days", "Advico:", "-Takoto rost", "Eat nsy-to-digest food like boiled rice with dnl", "-Styhydrated"], "confidence": [0.9462621212005615, 0.8390575647354126, 0.8858551979064941, 0.7903881669044495, 0.7315886616706848, 0.9061760902404785, 0.930323600769043, 0.9420654773712158, 0.9902750849723816, 0.8740919232368469, 0.8357921242713928, 0.900070071220398, 0.7605679631233215, 0.8594018816947937, 0.9150680899620056, 0.9273074269294739, 0.7418817281723022, 0.9083743095397949, 0.8544151186943054, 0.916618824005127, 0.7671077251434326, 0.8725485801696777, 0.8969573974609375, 0.9273074269294739, 0.8218534588813782, 0.924377977848053, 0.9355701208114624, 0.8647039532661438, 0.7724898457527161, 0.8500292897224426, 0.9149875640869141, 0.8909797668457031, 0.8279175162315369, 0.863133430480957, 0.988613486289978, 0.8496239185333252, 0.9466862082481384, 0.9799938797950745, 0.9438673853874207, 0.9028758406639099, 0.7471926212310791, 0.7578871846199036, 0.9621354341506958, 0.9357630014419556, 0.8153585195541382, 0.7768905758857727, 0.9210488200187683, 0.7173085808753967, 0.8472199440002441, 0.9027326703071594], "label": [1, 0, 1, 0, 0, 0, 0]}