{"text": ["XYZ Hospital", "123 tlealth Street,Wellness City", "Phone:+1-234.587-890", "PatlntNamx:Evo Millor", ":07", "Doctor: Dr. Smith", "Medicine", "Dosuge", "Frequency", "Duration", "TabA1urodin 500", "15tablets", "3mesday", "7 days", "Tab Combinam", "10 tablets", "20mes dey", "7 days", "Cap Cypon", "10 tablets", "2tmes day", "10 days", "Tab Cyclomeff", "20 tablets", "3tmesaday", "10days", "Tab Evion", "20 tablets", "2tmesaday", "30 days", "Syrup", "Dosapo", "Froquancy", "Duratlon", "Syrup TusQ-dx", "Sml", "3tmsdoy", "4dy", "Syrup TusQ dx", "Sml", "2tims doy", "5 days", "Advico:", "-Tako tod rost", "Eat ensy-to-digest food like boiled rice with dnl", "Stoytydrated"], "confidence": [0.9501902461051941, 0.8430553674697876, 0.8575018644332886, 0.8042972087860107, 0.8373406529426575, 0.9536572694778442, 0.9556780457496643, 0.975483238697052, 0.9788968563079834, 0.964890718460083, 0.8355599045753479, 0.8647039532661438, 0.8467262983322144, 0.8635157942771912, 0.9272205233573914, 0.8921223878860474, 0.7687022686004639, 0.8831198811531067, 0.9419836401939392, 0.8921223878860474, 0.7455813884735107, 0.8690416216850281, 0.8617551326751709, 0.8863240480422974, 0.8846117854118347, 0.924377977848053, 0.9574010372161865, 0.8974159359931946, 0.8577829003334045, 0.8867191672325134, 0.9701129198074341, 0.8843854069709778, 0.9532040357589722, 0.9957352876663208, 0.9550187587738037, 0.8684621453285217, 0.7260910272598267, 0.962104082107544, 0.9829253554344177, 0.9197258949279785, 0.6940467357635498, 0.8086541295051575, 0.9662078022956848, 0.7388820648193359, 0.844878613948822, 0.8284637331962585], "label": [1, 1, 1, 0, 0, 0, 0]}