{"text": ["XYZ Hospital", "123 tlealth Street,Wellness City", "Phone:+1-234-587-890", "Patlont Nanx:Charlo Whito", "p:9", "Doctor: Dr. Tumor", "Medicine", "Dosuge", "Frequency", "Duration", "TabCiplox500", "5 tablets", "20ms doy", "7 days", "Cap Zovirax", "5 tablets", "2tmes  duy", "7 days", "Tab Sumo cold", "5 tablets", "3 tmes a duy", "10 days", "Cap Pand", "5tablets", "3 tmesa dey", "7 days", "Syrup", "Dosago", "Froquancy", "Duratlon", "Syrup Corx", "Sml", "3mday", "30dnys", "Advico:", "-Tako bod rost", "Eat nsy-to-dlgest food like boiled rice with dal", "-Stynydrated"], "confidence": [0.9470725655555725, 0.8392246961593628, 0.8857169151306152, 0.8468782305717468, 0.5082249641418457, 0.958789587020874, 0.954825758934021, 0.9030749201774597, 0.9821071624755859, 0.964890718460083, 0.9083595275878906, 0.863848865032196, 0.7529489994049072, 0.9877565503120422, 0.8821117877960205, 0.8665355443954468, 0.7110925912857056, 0.8720644116401672, 0.8999882340431213, 0.8705056309700012, 0.8568880558013916, 0.8690416216850281, 0.9115408658981323, 0.8909797668457031, 0.7313879132270813, 0.8767657279968262, 0.9852066040039062, 0.9144992828369141, 0.935694694519043, 0.9347891807556152, 0.9269081354141235, 0.9028758406639099, 0.8106390237808228, 0.9188646674156189, 0.9288334846496582, 0.7142534255981445, 0.8857390284538269, 0.8980219960212708], "label": [1, 1, 1, 0, 0, 0, 0]}