{"text": ["XYZ Hospital", "123 tlealth Street,Wellness City", "Phone:+1-234.587-890", "Patlant Namx:John Whito", "Ap:65", "Doctor:Dr.Johnson", "Medicine", "Dosage", "Frequency", "Duration", "TabNeurobin Forte", "5tablets", "20ms day", "10days", "Tab Dolonex dt", "15tablets", "20mesaday", "30 days", "Tab Combinam", "10tablets", "2tmes aday", "5days", "Cap Omez", "5tablets", "2 tms a day", "30 days", "TabCyciopam", "5 tablets", "2 umes a day", "10days", "Syrup", "Dosapo", "Froquoncy", "Duratlon", "Syrup TusQ dx", "Sml", "2timday", "Sday", "Advico:", "-Tako tod rost", "Eat nsy-to-dlgest food like boiled dce with dal", "-Stayhydrated"], "confidence": [0.9544928669929504, 0.8445388078689575, 0.8541738390922546, 0.8637180924415588, 0.6137485504150391, 0.9623838067054749, 0.9278041124343872, 0.9033363461494446, 0.9856641292572021, 0.9623180627822876, 0.9532003998756409, 0.9079194068908691, 0.7605679631233215, 0.8628065586090088, 0.9180983304977417, 0.8927748799324036, 0.7752335667610168, 0.8663529753684998, 0.9446554183959961, 0.9273074269294739, 0.7747554779052734, 0.8344883918762207, 0.8449598550796509, 0.8716651201248169, 0.7428649663925171, 0.8853435516357422, 0.9131137728691101, 0.8494940996170044, 0.7184155583381653, 0.9213528037071228, 0.9747051000595093, 0.8806292414665222, 0.9767853617668152, 0.910537838935852, 0.9495112895965576, 0.9197258949279785, 0.7432094216346741, 0.7356988191604614, 0.9675191640853882, 0.7905479669570923, 0.89730304479599, 0.8896684050559998], "label": [1, 1, 1, 0, 0, 0, 0]}