{"text": ["XYZ Hospital", "123 tlealth Street,Wellness City", "Phone:+1-234.587-890", "PatlontNam:Evo D", "p:9", "Doctor: Dr.Patol", "Medicine", "Dosuge", "Frequency", "Duration", "Tab Cetine", "20 tblets", "20ms dey", "4duys", "Cap CoImmune", "20 tblets", "3tmesaday", "5days", "TabCyclopum", "5tablets", "2 tmes a day", "5 days", "TabA1urocin 500", "5tablets", "3 tmesaday", "10days", "Tab Zole fcream", "20tblets", "3 tmesaday", "7 days", "TabFebrexplus", "20 tablets", "3 tmesa doy", "t4days", "Syrup", "Dosago", "Froquoncy", "Duratlon", "Syrup Grillnctus tm", "10ml", "3 tms doy", "7day", "Advico:", "-Tako tod rost", "Eat nsy-to-digest food like boiled dce with dnl", "Stoybydrated"], "confidence": [0.9556338787078857, 0.8444339036941528, 0.8589719533920288, 0.8187358975410461, 0.5035769939422607, 0.963261067867279, 0.930323600769043, 0.9427713751792908, 0.9790523052215576, 0.9618746042251587, 0.9168859720230103, 0.9003804326057434, 0.7692691087722778, 0.9136894941329956, 0.8975412845611572, 0.9086169004440308, 0.8403462767601013, 0.8520981669425964, 0.8953166604042053, 0.916618824005127, 0.7271961569786072, 0.7547540068626404, 0.8175100088119507, 0.9159331321716309, 0.8478784561157227, 0.8626441955566406, 0.8480880260467529, 0.9145114421844482, 0.8352519273757935, 0.8401936888694763, 0.9761202335357666, 0.8797799944877625, 0.7849832773208618, 0.8406792283058167, 0.9788066744804382, 0.958836555480957, 0.8976813554763794, 0.9843534231185913, 0.9857677817344666, 0.9717352390289307, 0.7108118534088135, 0.940690815448761, 0.9678854942321777, 0.7686876654624939, 0.8601347208023071, 0.8193420767784119], "label": [1, 1, 1, 0, 0, 0, 0]}