{"text": ["XYZ Hospital", "123 tlealth Street,Wellness City", "Phone:+1-234-587-890", "Patlont Nanx:Charlo Davis", "Ap:59", "Doctor: Dr. Tumor", "Medicine", "Dosuge", "Frequency", "Duration", "Tab Dolonex dt", "10tablets", "20ms doy", "4 duys", "TabCiplox500", "10 tablets", "2mes  duy", "7 days", "Tab Pan d", "15tablets", "3 tmes a duy", "7 days", "Cap Zovirax", "20 tblets", "2 tmes a doy", "5 days", "Syrup", "Dosago", "Froquancy", "Ouration", "Syrup Fobrox plus", "10ml", "2 tim doy", "5 days", "Advico:", "-Tako tod rst", "Eat nsy-to-dlgest food like boiled rice with dal", "-Styhydrated"], "confidence": [0.9470725655555725, 0.8395678997039795, 0.8857169151306152, 0.8044008016586304, 0.660327136516571, 0.9589075446128845, 0.9286406636238098, 0.9054610133171082, 0.9788968563079834, 0.9623180627822876, 0.9129908680915833, 0.9273074269294739, 0.7596700191497803, 0.9403669238090515, 0.9331315159797668, 0.8921223878860474, 0.7472155094146729, 0.8720644116401672, 0.8987160921096802, 0.8927748799324036, 0.8568880558013916, 0.8480218052864075, 0.8629161715507507, 0.9086169004440308, 0.7789776921272278, 0.8334064483642578, 0.9852066040039062, 0.9117240309715271, 0.9325470328330994, 0.9041805267333984, 0.9920083284378052, 0.9658069610595703, 0.7548075318336487, 0.7771541476249695, 0.9268304705619812, 0.7138832807540894, 0.8857390284538269, 0.8823270797729492], "label": [1, 1, 1, 0, 0, 0, 0]}