{"text": ["XYZ Hospital", "123 tlealth Street,Wellness City", "Phone:+1-234.587-890", "PatlantNamx:Bob Brown", "p:34", "Doctor: Dr.Johnson", "Medicine", "Dosage", "Frequency", "Duration", "TabCyciomelf", "20 tblets", "3mesday", "30 days", "Tab Allegr", "10 tablets", "20mesaday", "5days", "TabDolo 650", "20 tblets", "3tmes day", "10 days", "Tab Triz", "20 tablets", "3 tmesa dey", "7 days", "Cap Colmmune", "10 tablets", "3 tmesaday", "7 days", "Syrup", "Dosapo", "Froquancy", "Duratlon", "SyrupZodox", "Sml", "2tmdoy", "4dy", "Syrup Fobrox plus", "10ml", "2tims doy", "10dny", "Advico:", "-Tako to rst", "Eat nsy-to-digest food like boiled rice with dnl", "Stoytydrated"], "confidence": [0.9476857781410217, 0.8410260081291199, 0.8575018644332886, 0.8615086674690247, 0.7649431824684143, 0.9670527577400208, 0.9246234893798828, 0.9033363461494446, 0.9788968563079834, 0.964890718460083, 0.8744862079620361, 0.9135541915893555, 0.8458738923072815, 0.8676621317863464, 0.9206778407096863, 0.8921223878860474, 0.7241058349609375, 0.8344883918762207, 0.8497647643089294, 0.9248446226119995, 0.795462429523468, 0.8690416216850281, 0.9879308342933655, 0.8863240480422974, 0.8120609521865845, 0.8767657279968262, 0.8840928673744202, 0.901634693145752, 0.8439608812332153, 0.8720644116401672, 0.9703512191772461, 0.90386563539505, 0.9532040357589722, 0.9960426092147827, 0.8820570707321167, 0.9197258949279785, 0.7434632182121277, 0.962104082107544, 0.993816614151001, 0.94232577085495, 0.7041686773300171, 0.7591055631637573, 0.9687759280204773, 0.7348210215568542, 0.8504207730293274, 0.871784508228302], "label": [1, 1, 1, 0, 0, 0, 0]}