{"text": ["XYZ Hospital", "123 tlealth Street,Wellness City", "Phone:+1-234.587-890", "PatlntNan:Allco Brown", "40", "Doctor: Dr. Millor", "Medicine", "Dosuge", "Frequency", "Duration", "Cap Dilanun", "15tablets", "20ms doy", "30 days", "Tab Cyciomelf", "20 tablets", "3 ums doy", "7 days", "Cap Cypon", "5tablets", "3 tmes dey", "4 days", "Tab Cetine", "15tablets", "3 tmesa dey", "10days", "Tab Pand", "10 tablets", "3 tmesaday", "30 days", "Syrup", "Dosago", "Froquoncy", "Duratlon", "Syrup Corox-dx", "10ml", "2timday", "14day", "Advico:", "-Tako tod rost", "Eat nsy-to-digest food like boiled dce with dal", "-Staytydrated"], "confidence": [0.9531888961791992, 0.8380128741264343, 0.8541738390922546, 0.8362678289413452, 0.7601802945137024, 0.9577448964118958, 0.930323600769043, 0.9427713751792908, 0.9838371276855469, 0.965709924697876, 0.8853470087051392, 0.8913987278938293, 0.751822292804718, 0.8676621317863464, 0.8457946181297302, 0.9054545164108276, 0.7139949798583984, 0.8720644116401672, 0.9413890838623047, 0.8846966028213501, 0.7872068881988525, 0.8902750611305237, 0.921965479850769, 0.8865651488304138, 0.8120609521865845, 0.924377977848053, 0.9165558815002441, 0.901634693145752, 0.8478784561157227, 0.8867191672325134, 0.9747051000595093, 0.8300634026527405, 0.9624842405319214, 0.962416410446167, 0.967651903629303, 0.9347427487373352, 0.7550383806228638, 0.7760825753211975, 0.9675191640853882, 0.8345187902450562, 0.8992130160331726, 0.9372954964637756], "label": [1, 1, 1, 0, 0, 0, 0]}