{"text": ["XYZ Hospital", "123 tlealth Street,Wellness City", "Phone:+1-234.587-890", "Patlant Nanx:Davd Davs", "Ap:52", "Doctor: Dr. Smith", "Medicine", "Dosage", "Frequency", "Duration", "Cap Zovirax", "20 tblets", "20ms doy", "4duys", "Tab Clavum025", "5tablets", "2tmesa dey", "5days", "Tab Dolonex dt", "10tablets", "2 tmes a day", "5 days", "Cap Pan d", "5tablets", "3 tmesaday", "5days", "Tab Combinam", "15tablets", "3 tmesaday", "5days", "TabDolo650", "10tablets", "3 tmesa dey", "10days", "Syrup", "Dosago", "Froquoncy", "Duratlon", "Syrup Brozodax", "Sml", "2tmdoy", "30 dny", "Advico:", "-Tako tod rost", "Eat nsy-to-digest food like boiled dce with dnl", "-Stytydrated"], "confidence": [0.9558982253074646, 0.8387026190757751, 0.8589719533920288, 0.8011068105697632, 0.7315886616706848, 0.943494439125061, 0.9308179020881653, 0.9033363461494446, 0.9790523052215576, 0.9618746042251587, 0.8637662529945374, 0.9003804326057434, 0.7532740831375122, 0.9136894941329956, 0.8510382175445557, 0.8909797668457031, 0.7338863611221313, 0.8520981669425964, 0.9134105443954468, 0.9273074269294739, 0.7271961569786072, 0.7517222762107849, 0.9029088616371155, 0.9046000242233276, 0.8478784561157227, 0.8520981669425964, 0.9378246665000916, 0.8647039532661438, 0.8352519273757935, 0.8520981669425964, 0.8875261545181274, 0.9273074269294739, 0.7852687239646912, 0.924377977848053, 0.9720994234085083, 0.9144992828369141, 0.9638596773147583, 0.9835640788078308, 0.9612661004066467, 0.927854061126709, 0.7215816378593445, 0.7926518321037292, 0.9667397141456604, 0.7849678993225098, 0.8601347208023071, 0.9215343594551086], "label": [1, 1, 1, 0, 0, 0, 0]}