{"text": ["XYZ Hospital", "123 tlealth Street,Wellness City", "Phone:+1-234-587-890", "Patlont Nanx:AllcoJohnson", "1", "Doctor: Dr.Smith", "Medicine", "Dosage", "Frequency", "Duration", "Cup Cypon", "t5tablets", "3mesday", "14duys", "Tab Dolo650", "t5tablets", "3umesaday", "4days", "Tab Cyciopom", "10tablets", "3 tmesaday", "5 days", "Tab Pand", "10tablets", "3 tmesa dey", "10days", "Syrup", "Dosago", "Froquancy", "Ouration", "Syrup TusQx", "10ml", "3tims doy", "5days", "Advico:", "-Takorst", "Eat nsy-to-dlgest food like boiled rice with dal", "-Stynydrated"], "confidence": [0.9504446983337402, 0.8408339023590088, 0.8868597745895386, 0.8194973468780518, 0.9054326415061951, 0.9504508972167969, 0.9307171702384949, 0.8897534012794495, 0.9788968563079834, 0.9623180627822876, 0.9437694549560547, 0.8831853270530701, 0.8427475690841675, 0.8650357723236084, 0.8414526581764221, 0.8836497068405151, 0.8503156304359436, 0.8935898542404175, 0.8608005046844482, 0.9273074269294739, 0.8477917909622192, 0.7393367886543274, 0.9165558815002441, 0.9273074269294739, 0.7643855810165405, 0.924377977848053, 0.9825723767280579, 0.9191999435424805, 0.935694694519043, 0.9054068922996521, 0.9471550583839417, 0.9658069610595703, 0.7417122721672058, 0.8918359875679016, 0.9288334846496582, 0.7500714063644409, 0.8857390284538269, 0.8987074494361877], "label": [1, 0, 1, 0, 0, 0, 0]}