{"text": ["XYZ Hospital", "123 tlealth Street,Wellness City", "Phone:+1-234.587-890", "PatlantNamx:Llam Smith", ":24", "DoctorDr.Johnson", "Medicine", "Dosuge", "Frequency", "Duration", "Tab Febrex plus", "t5tablets", "20ms doy", "30 days", "Tab Triz", "t5tablets", "2tmesa dey", "10days", "Cap Omez", "t5tblets", "3 tmesaday", "10 duys", "TabAluhrodin500", "20 tablets", "3 tmesa dey", "30 days", "Syrup", "Dosago", "Froquoncy", "Duratlon", "Syrup Corox", "10ml", "2 tm doy", "5 days", "SyrupZodax", "Sml", "3timsday", "30dy", "Advico:", "-Tako bod rost", "Eat nsy-to-digest food like boiled dce with dal", "-Stayhydrated"], "confidence": [0.9573611617088318, 0.8432550430297852, 0.8541738390922546, 0.8397879004478455, 0.882969081401825, 0.9615128040313721, 0.9246234893798828, 0.9427713751792908, 0.9905779957771301, 0.964890718460083, 0.934822678565979, 0.8831853270530701, 0.7532511353492737, 0.8676621317863464, 0.9879308342933655, 0.8836497068405151, 0.7338863611221313, 0.924377977848053, 0.9077191352844238, 0.9061143398284912, 0.8439608812332153, 0.8914344906806946, 0.791504979133606, 0.8983814120292664, 0.8120609521865845, 0.8853435516357422, 0.9886301159858704, 0.8496239185333252, 0.8694943189620972, 0.9347891807556152, 0.8996854424476624, 0.9410436153411865, 0.7740520238876343, 0.8086541295051575, 0.898558497428894, 0.9197258949279785, 0.7860556840896606, 0.9695253372192383, 0.967370867729187, 0.8130325675010681, 0.9078223705291748, 0.876471757888794], "label": [1, 1, 1, 0, 0, 0, 0]}