{"text": ["XYZ Hospital", "123 tlealth Street,Wellness City", "Phone:+1-234.587-890", "PatlantNamx:Bob Wlson", ":41", "Doctor: Dr.Lao", "Medicine", "Dosauge", "Frequency", "Duration", "TabCiplox500", "10 tablets", "3mesday", "30 days", "TabClavum025", "15tablets", "3 ums doy", "7 days", "Cap Cotmmune", "5tablets", "2tmsa day", "10 days", "Tab Neurobin Forte", "5tablets", "2tmesa dey", "10days", "Tab Dolonex dt", "t5tablets", "3 tmesaday", "t4days", "Syrup", "Dosapo", "Froquoncy", "Duratlon", "Syrup Corox", "Sml", "2mdoy", "4dy", "Syrup TusQx", "Sml", "2 tims doy", "5 days", "Advico:", "-Tako bod rost", "Eat ensy-to-digest food like boiled rice with dnl", "Stoy bydrated"], "confidence": [0.9498863220214844, 0.8410260081291199, 0.8575018644332886, 0.86341792345047, 0.8224173188209534, 0.9042146801948547, 0.8984020948410034, 0.8137890696525574, 0.9838371276855469, 0.964890718460083, 0.9318483471870422, 0.8921223878860474, 0.843670666217804, 0.8676621317863464, 0.8899583220481873, 0.8927748799324036, 0.7073218822479248, 0.8720644116401672, 0.8872929215431213, 0.9106838703155518, 0.7672569751739502, 0.8690416216850281, 0.9500436782836914, 0.8909797668457031, 0.839201807975769, 0.924377977848053, 0.9226661920547485, 0.8830724954605103, 0.8309677243232727, 0.8406792283058167, 0.9703512191772461, 0.8614616990089417, 0.9255363941192627, 0.9957352876663208, 0.9759426712989807, 0.8684621453285217, 0.7321361303329468, 0.962104082107544, 0.9367538690567017, 0.9197258949279785, 0.731744647026062, 0.8086541295051575, 0.9671232104301453, 0.7410234808921814, 0.844878613948822, 0.7955535054206848], "label": [1, 1, 1, 0, 0, 0, 0]}