{"text": ["XYZ Hospital", "123 tlealth Street,Wellness City", "Phone:+1-234.587-890", "PatlantNamx:EvoSmith", ":54", "Doctor: Dr. Tumor", "Medicine", "Dosuge", "Frequency", "Duration", "Tab Dolonex dt", "5 tablets", "3 mes doy", "10days", "Tab Febrex plus", "20 tblets", "3tmesaday", "7 days", "Tab Cyclopam", "15tablets", "3 tmesa doy", "5 days", "TabA1urocin 500", "15tablets", "3tmesaday", "4days", "Cap Zovirax", "10tablets", "3 tmesaday", "7 days", "Cap Pan d", "15tablets", "2 tmes a doy", "t4days", "Syrup", "Dosago", "Froquoncy", "Duratlon", "Syrup Fobrox plus", "10ml", "2tmdoy", "5 day", "Advico:", "-Tako bod rst", "Eat nsy-to-digest food like boiled dce with dnl", "Stoy bydrated"], "confidence": [0.9508797526359558, 0.8450579047203064, 0.8531273007392883, 0.8542011976242065, 0.8006799817085266, 0.956225574016571, 0.930323600769043, 0.9740098118782043, 0.98100346326828, 0.9623180627822876, 0.915414035320282, 0.887381374835968, 0.7591496109962463, 0.8628065586090088, 0.9113266468048096, 0.8976051807403564, 0.8277404308319092, 0.8401936888694763, 0.8257765769958496, 0.8647039532661438, 0.7694242000579834, 0.7493965029716492, 0.8364753127098083, 0.8647039532661438, 0.8903350830078125, 0.9184122085571289, 0.8862808346748352, 0.9273074269294739, 0.8478784561157227, 0.8720644116401672, 0.9373091459274292, 0.8990643620491028, 0.7914705872535706, 0.8406792283058167, 0.9719002842903137, 0.958836555480957, 0.942815363407135, 0.9845994710922241, 0.9922525882720947, 0.9717352390289307, 0.7155683040618896, 0.8135870099067688, 0.9678077101707458, 0.7890586853027344, 0.8593538999557495, 0.806763768196106], "label": [1, 1, 1, 0, 0, 0, 0]}