{"text": ["XYZ Hospital", "123 tlealth Street,Wellness City", "Phone:+1-234.587-890", "PatlntNam:Graco Ro", ":07", "Doctor: Dr. Smith", "Medicine", "Dosuge", "Frequency", "Duration", "Tab Allegra", "5 tablets", "3mesaday", "10 days", "Tab Cetine", "20 tablets", "3tmesadey", "5days", "Tab Evion", "10tablets", "2 tmes dey", "30 days", "Tab Zole fcream", "5tablets", "3tmesaday", "7 days", "TabCyclopam", "15tablets", "2tmesaday", "7days", "Syrup", "Dosapo", "Froquancy", "Duratlon", "Syrup TusQ dx", "10ml", "3tms doy", "7day", "Syrup Corox", "Sml", "3tims doy", "10dny", "Advico:", "-Tako tod rost", "Eat ensy-to-digest food like boiled rice with dnl", "Stoytydrated"], "confidence": [0.9549444317817688, 0.8473905324935913, 0.8499292135238647, 0.7680383920669556, 0.8373406529426575, 0.9411486387252808, 0.930323600769043, 0.979745090007782, 0.9829168319702148, 0.9629752039909363, 0.8971193432807922, 0.887381374835968, 0.8035884499549866, 0.9469391703605652, 0.9137005805969238, 0.8709948658943176, 0.7950026392936707, 0.8691898584365845, 0.9267144799232483, 0.9273074269294739, 0.7422879934310913, 0.8866694569587708, 0.873212993144989, 0.8861472606658936, 0.8757919669151306, 0.8720644116401672, 0.8909898400306702, 0.8865651488304138, 0.8482097387313843, 0.9444330930709839, 0.974157989025116, 0.8934853076934814, 0.9235289692878723, 0.9843534231185913, 0.9482188820838928, 0.9347427487373352, 0.7197035551071167, 0.8230154514312744, 0.8967664837837219, 0.9197258949279785, 0.7592406868934631, 0.7591055631637573, 0.9662078022956848, 0.730461597442627, 0.844878613948822, 0.8286395072937012], "label": [1, 0, 1, 0, 0, 0, 0]}