{"text": ["XYZ Hospital", "123 tlealth Street,Wellness City", "Phone:+1-234.587-890", "Patlont Nanx:Davld D", "Ap:57", "Doctor: Dr.Patol", "Medicine", "Dosage", "Frequency", "Duration", "Tab Sumo cold", "5tablets", "20ms day", "30 days", "Cap Dilanun", "10tablets", "20mesaday", "7 days", "Cup Cypon", "10 tablets", "3 tmesa day", "10 days", "Tab Neurobin Forte", "20 toblets", "3 tmesa dey", "10days", "TabAlurodin 500", "20 tablets", "3 tmesaday", "7 days", "Syrup", "Dosago", "Froquoncy", "Duratlon", "Syrup Fobrxplus", "Sml", "2timday", "10day", "Advico:", "-Tako tod rost", "Eat nsy-to-dlgest food like boiled dce with dal", "-Staytydrated"], "confidence": [0.9545212388038635, 0.8471035957336426, 0.8541738390922546, 0.7990773916244507, 0.770072877407074, 0.9651052951812744, 0.9286406636238098, 0.9033363461494446, 0.9560942053794861, 0.964890718460083, 0.8789555430412292, 0.9079194068908691, 0.7605679631233215, 0.8676621317863464, 0.8871667981147766, 0.9273074269294739, 0.7784956693649292, 0.8720644116401672, 0.895137369632721, 0.8921223878860474, 0.7573702335357666, 0.8690416216850281, 0.9362795352935791, 0.8586471676826477, 0.7729131579399109, 0.924377977848053, 0.8053543567657471, 0.8863240480422974, 0.8457149267196655, 0.8720644116401672, 0.9720994234085083, 0.9064610600471497, 0.9624842405319214, 0.9654592275619507, 0.8471513390541077, 0.9197258949279785, 0.7432094216346741, 0.8202261924743652, 0.9687759280204773, 0.787233293056488, 0.9014807939529419, 0.876071035861969], "label": [1, 1, 1, 0, 0, 0, 0]}