{"text": ["XYZ Hospital", "123 tlealth Street,Wellness City", "Phone:+1-234.587-890", "PatlantNam:Bob D", ":48", "Doctor: Dr.Johnson", "Medicine", "Dosuge", "Frequency", "Duration", "TabDolo650", "15tablets", "20ms dey", "$ duys", "Tab Cyciomelf", "15tablets", "20mesa duy", "30 days", "Cup Cypon", "15tablets", "3 tmesa duy", "5 days", "TabCiplox500", "15tablets", "3 tmesa doy", "5days", "TabAluhrocin 500", "20 tblets", "3 tmesaday", "7 days", "Tab Dolonex dt", "5tablets", "2 tmes a doy", "30 days", "Syrup", "Dosago", "Froquoncy", "Duratlon", "Syrup Corox-dx", "Sml", "2tmdoy", "5 day", "Advico:", "-Tako to rost", "Eat nsy-to-digest food like boiled dce with dnl", "Stoytydrated"], "confidence": [0.9489903450012207, 0.8418617844581604, 0.8531273007392883, 0.8296124339103699, 0.761138379573822, 0.9703678488731384, 0.9246234893798828, 0.9427713751792908, 0.9790523052215576, 0.965709924697876, 0.9013328552246094, 0.8647039532661438, 0.7692691087722778, 0.8634000420570374, 0.8501284122467041, 0.9037178754806519, 0.7259731888771057, 0.8513266444206238, 0.9095882773399353, 0.8647039532661438, 0.8074479699134827, 0.7493965029716492, 0.8856897950172424, 0.8647039532661438, 0.8015906810760498, 0.8520981669425964, 0.7672563791275024, 0.9003804326057434, 0.8478784561157227, 0.8720644116401672, 0.9198975563049316, 0.8909797668457031, 0.7914690375328064, 0.8867191672325134, 0.9719002842903137, 0.9641801714897156, 0.9633573889732361, 0.9843534231185913, 0.9731125235557556, 0.927854061126709, 0.7179483771324158, 0.8135870099067688, 0.9678854942321777, 0.7507117390632629, 0.8616782426834106, 0.8621355891227722], "label": [1, 0, 1, 0, 0, 0, 0]}