{"text": ["XYZ Hospital", "123 tlealth Street,Wellness City", "Phone:+1-234.587-890", "PatlontNam:GracoRo", ":48", "Doctor:Dr.Smith", "Medicine", "Dosuge", "Frequency", "Duration", "Cap Omez", "5tablets", "3mesa day", "10duys", "Tab Cyciomeff", "10tablets", "2tmesa duy", "7 days", "Tab Neurobin Forte", "5tablets", "3 tmesaday", "7 days", "Tab Cyctopam", "20 tablets", "3 tmesa dey", "5 days", "Syrup", "Dosapo", "Froquancy", "Duratlon", "Syrup TusQ dx", "Sml", "3tm doy", "14day", "SyrupCorox-dx", "Sml", "3timsday", "30dy", "Advico:", "-Tako tod rost", "Eat nsy-to-dlgest food like boiled dce with dal", "-Stayhydrated"], "confidence": [0.9544928669929504, 0.843846321105957, 0.8465229868888855, 0.7518119215965271, 0.8221071362495422, 0.9709912538528442, 0.9314273595809937, 0.9427713751792908, 0.9859857559204102, 0.9623180627822876, 0.7887846827507019, 0.901167631149292, 0.7508084774017334, 0.9106659889221191, 0.8315359950065613, 0.9247161149978638, 0.7649374008178711, 0.8720644116401672, 0.9351704716682434, 0.9093613624572754, 0.8438262939453125, 0.8720644116401672, 0.8760952353477478, 0.8983814120292664, 0.7118796706199646, 0.8369717597961426, 0.9728748202323914, 0.8093938827514648, 0.9293076395988464, 0.9518309235572815, 0.9476712346076965, 0.8684621453285217, 0.7214878797531128, 0.8164736032485962, 0.8763359785079956, 0.9197258949279785, 0.7330020666122437, 0.9695253372192383, 0.9688101410865784, 0.8293460011482239, 0.9003587961196899, 0.8834782838821411], "label": [1, 1, 1, 0, 0, 0, 0]}