{"text": ["XYZ Hospital", "123 tlealth Street,Wellness City", "Phone:+1-234.587-890", "Patlont Namx:Mla D", "p:28", "Doctor: Dr. Millor", "Medicine", "Dosuge", "Frequency", "Duration", "Tab Cetine", "5tablets", "20ms doy", "7 days", "Tab Cyciomelf", "10 tablets", "3tmesaday", "7days", "Cap Coimmune", "5tablets", "3 tmesaday", "30 days", "TabNeurobin Forte", "20 tablets", "2 tme5 a doy", "7days", "Syrup", "Dosago", "Froquancy", "Duratlon", "Syrup TusQ dx", "Sml", "2 tmdoy", "14day", "Syrup Brozodax", "10ml", "3timsday", "7day", "Advico:", "-Tako tod rost", "Eat nsy-to-dlgest food like boiled rice with dal", "-Stayhydrated"], "confidence": [0.9532526135444641, 0.8386499881744385, 0.8577502369880676, 0.7964622378349304, 0.7335016131401062, 0.9649208784103394, 0.9286406636238098, 0.9427713751792908, 0.9823358058929443, 0.964890718460083, 0.9167305827140808, 0.901167631149292, 0.767784595489502, 0.8831198811531067, 0.8421794176101685, 0.8893119096755981, 0.8474195599555969, 0.9236086010932922, 0.8954591155052185, 0.9093613624572754, 0.8438262939453125, 0.8827430605888367, 0.9541451930999756, 0.8983814120292664, 0.7411662936210632, 0.9454089403152466, 0.9728748202323914, 0.8347269892692566, 0.9293076395988464, 0.9518309235572815, 0.9476712346076965, 0.8684621453285217, 0.7173526883125305, 0.8005935549736023, 0.8720639944076538, 0.911413848400116, 0.7330020666122437, 0.8190528750419617, 0.9688101410865784, 0.8293460011482239, 0.9003981947898865, 0.8854078650474548], "label": [1, 1, 1, 0, 0, 0, 0]}