{"text": ["XYZ Hospital", "123 tlealth Street,Wellness City", "Phone:+1-234.587-890", "PatlantNamx:Bob Wllams", "Apo:77", "DoctorDr.Smith", "Medicine", "Dosuge", "Frequency", "Duration", "TabAllegra", "20 tblets", "3mesday", "30 days", "Tab Clavum025", "20 tablets", "2 tmes  duy", "10days", "Tab Neurobin Forte", "t5tblets", "2tmesaduy", "5days", "Tab Zole fcream", "5tablets", "3 tmesa dey", "4days", "Syrup", "Dosago", "Froquancy", "Duration", "Syrup TusQ dx", "10ml", "3tmsdoy", "30 day", "SyrupCorox-dx", "Sml", "3timsday", "30dy", "Advico:", "-Tako tod rost", "Eat nsy-to-dlgest food like boiled dce with dal", "-Staytydrated"], "confidence": [0.9539100527763367, 0.8471758365631104, 0.8577502369880676, 0.812840461730957, 0.7262139916419983, 0.974514365196228, 0.8966343998908997, 0.9427713751792908, 0.9838371276855469, 0.964890718460083, 0.9442430734634399, 0.9135541915893555, 0.8416870832443237, 0.8676621317863464, 0.8680616617202759, 0.9054545164108276, 0.681406557559967, 0.924377977848053, 0.9453683495521545, 0.9061143398284912, 0.8510462641716003, 0.8701895475387573, 0.8834527134895325, 0.8878754377365112, 0.7014458179473877, 0.9184122085571289, 0.9728748202323914, 0.8239191174507141, 0.9169834852218628, 0.9560114145278931, 0.9433781504631042, 0.9410436153411865, 0.702323317527771, 0.7933688163757324, 0.8767991662025452, 0.9197258949279785, 0.7330020666122437, 0.9695253372192383, 0.9688101410865784, 0.822932243347168, 0.9003587961196899, 0.8817411661148071], "label": [1, 0, 1, 0, 0, 0, 0]}