{"text": ["XYZ Hospital", "123 tlealth Street,Wellness City", "Phone:+1-234-587-890", "Patlont Nam:Bob Millor", ":44", "Doctor: Dr. Millor", "Medicine", "Dosage", "Frequency", "Duration", "Cap Omez", "5tablets", "2 0ms doy", "7 days", "Tab Cetine", "15tablets", "2 m0s  duy", "7 days", "TabCiplox 500", "10tablets", "3 tmesa doy", "4days", "Tab Pan d", "15tablets", "3 tmes aday", "30 days", "Tab Zole fcream", "15tablets", "2 tmes a duy", "4days", "Tab Sumo cold", "10tablets", "2 tmes a doy", "30 days", "Syrup", "Dosapo", "Froquoncy", "Duratlon", "Syrup Corox-dx", "Sml", "2 timdoy", "10days", "Syrup Zodox", "Sml", "2timday", "10days", "Advico:", "-Takoto rost", "Eat nsy-to-digest food like boiled rice with dal", "-Stytydrated"], "confidence": [0.9509110450744629, 0.8400601148605347, 0.8954404592514038, 0.8482384085655212, 0.8580889701843262, 0.9344635009765625, 0.9246234893798828, 0.9033363461494446, 0.9921038150787354, 0.965709924697876, 0.7851511836051941, 0.901167631149292, 0.7218826413154602, 0.8594018816947937, 0.9199461936950684, 0.8647039532661438, 0.7353242039680481, 0.8401936888694763, 0.9066715240478516, 0.9273074269294739, 0.7694242000579834, 0.9184122085571289, 0.8963916301727295, 0.8671495914459229, 0.8287243247032166, 0.8853435516357422, 0.85286945104599, 0.8647039532661438, 0.7853452563285828, 0.9184122085571289, 0.9169792532920837, 0.9273074269294739, 0.7914705872535706, 0.863133430480957, 0.988613486289978, 0.8228013515472412, 0.9466862082481384, 0.9799938797950745, 0.9717411994934082, 0.860496461391449, 0.7469385862350464, 0.8172560334205627, 0.9223028421401978, 0.927854061126709, 0.8162146806716919, 0.8326132893562317, 0.9238536953926086, 0.7325755953788757, 0.9027966856956482, 0.9147185683250427], "label": [1, 1, 1, 0, 0, 0, 0]}