{"text": ["XYZ Hospital", "123 tlealth Street,Wellness City", "Phone:+1-234.587-890", "Patlont Namx:Jano Wilson", "Ap:5", "Doctor: Dr. Smith", "Medicine", "Dosuge", "Frequency", "Duration", "Tab Cetine", "15tablets", "3mesday", "30 duys", "Tab Febrex plus", "10tablets", "3 umes doy", "30 days", "TabDolo 650", "5tablets", "3 tmesa doy", "5 days", "TabA1urocin 500", "15tablets", "3 tmes aday", "5days", "Tab Clavum 025", "15tablets", "2 tmes a duy", "5days", "Tab Dolonex dt", "10tablets", "3 tmesa dey", "30 days", "Syrup", "Dosago", "Froquoncy", "Duratlon", "Syrup Fobrox plus", "Sml", "2tm doy", "14days", "Advico:", "-Tako tod rost", "Eat nsy-to-digest food like boiled dce with dnl", "Stoy bydrated"], "confidence": [0.9533091187477112, 0.8420339822769165, 0.8581722378730774, 0.8448915481567383, 0.5248637199401855, 0.9707267880439758, 0.930323600769043, 0.9420654773712158, 0.9790523052215576, 0.965709924697876, 0.9240542650222778, 0.8656508922576904, 0.8392101526260376, 0.9093779921531677, 0.912338137626648, 0.9273074269294739, 0.7165395617485046, 0.8867191672325134, 0.8464289307594299, 0.916618824005127, 0.7694242000579834, 0.7600082755088806, 0.8253230452537537, 0.8647039532661438, 0.8270738124847412, 0.8756504058837891, 0.7972069382667542, 0.8647039532661438, 0.7853452563285828, 0.8383257985115051, 0.9148182272911072, 0.9273074269294739, 0.8536535501480103, 0.8513266444206238, 0.9719002842903137, 0.9641801714897156, 0.8976813554763794, 0.9877357482910156, 0.9953961968421936, 0.927854061126709, 0.7230568528175354, 0.8428124785423279, 0.9678077101707458, 0.8018133044242859, 0.8593538999557495, 0.8112341165542603], "label": [1, 0, 1, 0, 0, 0, 0]}