{"text": ["XYZ Hospital", "123 tlealth Street,Wellness City", "Phone:+1-234.587-890", "PatlantNamxo:Davld Wlllans", ":20", "Doctor: Dr.Patol", "Medicine", "Dosauge", "Frequency", "Duration", "Tab Trtz", "10 tablets", "3mesday", "30 days", "Cap Pan d", "5tablets", "20mesaday", "5days", "Tab Pan d", "15tablets", "3tmes aday", "10 days", "Tab Cyclomeff", "5tablets", "3 tmesa dey", "10days", "Tab Neurobin Forte", "20 tablets", "2tmesaday", "10days", "Syrup", "Dosapo", "Froquoncy", "Duratlon", "Syrup Fobroxplus", "10ml", "3tmsdoy", "10dny", "Syrup Corox-dx", "Sml", "2tims doy", "5 days", "Advico:", "-Tako to rost", "Eat ensy-to-digest food like boiled rice with dnl", "Stoytydrated"], "confidence": [0.9483501315116882, 0.8410260081291199, 0.8575018644332886, 0.8073407411575317, 0.8733994960784912, 0.953412652015686, 0.9286406636238098, 0.8137890696525574, 0.9788968563079834, 0.964890718460083, 0.788279116153717, 0.8921223878860474, 0.8467262983322144, 0.8676621317863464, 0.9058853983879089, 0.8912277221679688, 0.765507698059082, 0.8344883918762207, 0.9036781787872314, 0.8623680472373962, 0.8216320872306824, 0.8690416216850281, 0.8644343614578247, 0.8861472606658936, 0.7643855810165405, 0.924377977848053, 0.9226187467575073, 0.8863240480422974, 0.8239051103591919, 0.924377977848053, 0.974157989025116, 0.7913495898246765, 0.9255363941192627, 0.9960426092147827, 0.8567671775817871, 0.9483411312103271, 0.7260910272598267, 0.6276463270187378, 0.9816890954971313, 0.9197258949279785, 0.6940467357635498, 0.8086541295051575, 0.96775883436203, 0.7243521809577942, 0.844878613948822, 0.8325924277305603], "label": [1, 1, 1, 0, 0, 0, 0]}