{"text": ["XYZ Hospital", "123 tlealth Street,Wellness City", "Phone:+1-234.587-890", "Patlant Namx:Mla D", "Apo:77", "Doctor: Dr. Smith", "Medicine", "Dosage", "Frequency", "Duration", "TabCyciomelf", "20 tblets", "20ms doy", "$ duys", "Tab Triz", "5tablets", "3umesaday", "30 days", "Tab Pan d", "20 tblets", "3tmesaduy", "7 days", "TabAllegra", "20 tblets", "3 tmesa duy", "5days", "Tab Sumo cold", "20 tblets", "3 tmesaday", "30 days", "TabCiplox500", "10tablets", "2 tms a dey", "7 days", "Syrup", "Dosago", "Froquoncy", "Duratlon", "Syrup Cypon", "10ml", "3tms doy", "10dy", "Advico:", "-Tako tod rost", "Eat nsy-to-digest food like boiled dce with dnl", "Stoytydrated"], "confidence": [0.9535693526268005, 0.8392246961593628, 0.8581722378730774, 0.7810868620872498, 0.7262139916419983, 0.9409016966819763, 0.930323600769043, 0.9033363461494446, 0.9790523052215576, 0.965709924697876, 0.8681108951568604, 0.9003804326057434, 0.7523245811462402, 0.8634000420570374, 0.9158270955085754, 0.8909797668457031, 0.8547909259796143, 0.8513266444206238, 0.897170901298523, 0.9086169004440308, 0.8625564575195312, 0.8580665588378906, 0.9594113230705261, 0.9086169004440308, 0.7955330014228821, 0.8520981669425964, 0.9188517332077026, 0.9003804326057434, 0.849814236164093, 0.8833222985267639, 0.8895235657691956, 0.9273074269294739, 0.7383468747138977, 0.8767657279968262, 0.9719002842903137, 0.958836555480957, 0.9529516696929932, 0.9836410284042358, 0.9878482818603516, 0.9717352390289307, 0.7066380381584167, 0.9338974952697754, 0.9678854942321777, 0.7538960576057434, 0.861255407333374, 0.856630802154541], "label": [1, 0, 1, 0, 0, 0, 0]}