{"text": ["XYZ Hospital", "123 tlealth Street,Wellness City", "Phone:+1-234-587-890", "Patlnt Nan:John D", "Ap:52", "Doctor: Dr. Smith", "Medicine", "Dosage", "Frequency", "Duration", "Tab Trtz", "20tblets", "3mesday", "7 duys", "Tab Zole fcream", "5tablets", "3tmesaday", "10days", "TabAluhrodin S00", "10tablets", "3 tmes a duy", "5 days", "TabNeurobin Forte", "20 tblets", "2 tm5 dey", "7 days", "Syrup", "Dosago", "Froquancy", "Duratlon", "Syrup Grillnctus tm", "Sml", "2 tim doy", "5days", "Advico:", "-Tako tod rost", "Eat nsy-to-dlgest food like boiled rice with dal", "-Stynydrated"], "confidence": [0.9538248181343079, 0.8394729495048523, 0.9064761400222778, 0.8550330400466919, 0.7315886616706848, 0.9327279329299927, 0.9715887308120728, 0.8897534012794495, 0.9772398471832275, 0.9623180627822876, 0.788279116153717, 0.9619482755661011, 0.8342786431312561, 0.8653728365898132, 0.8775673508644104, 0.8909797668457031, 0.8181862235069275, 0.8626441955566406, 0.7319245338439941, 0.9273074269294739, 0.8683268427848816, 0.7393367886543274, 0.9584326148033142, 0.9086169004440308, 0.7426508665084839, 0.8767657279968262, 0.9728748202323914, 0.9117240309715271, 0.936258852481842, 0.9304819703102112, 0.9704811573028564, 0.8684621453285217, 0.7494567632675171, 0.8675468564033508, 0.9288334846496582, 0.7317091226577759, 0.8857390284538269, 0.8883786201477051], "label": [1, 0, 1, 0, 0, 0, 0]}