{"text": ["XYZ Hospital", "123 tlealth Street,Wellness City", "Phone:+1-234.587-890", "PatlantNam:Evo Wlson", "Ap:65", "Doctor: Dr. Smith", "Medicine", "Dosuge", "Frequency", "Duration", "Tab Trtz", "15tablets", "20ms doy", "30 duys", "Tab Sumo cold", "20 tablets", "3 umes duy", "10days", "Tab Zole fcream", "20 tablets", "2 tmes a duy", "4duys", "Cap Dilanun", "5tablets", "3 tmesaday", "5days", "Tab Pan d", "15tablets", "2 tmes a duy", "4duys", "Tab Allegro", "10tablets", "3 tmesa dey", "4days", "Syrup", "Dosago", "Froquoncy", "Duratlon", "Syrup Brozodox", "10ml", "2tmsdoy", "30 dny", "Advico:", "-Tako tod rost", "Eat nsy-to-digest food like boiled dce with dnl", "-Stytydrated"], "confidence": [0.9581725597381592, 0.8410260081291199, 0.8575018644332886, 0.8471695184707642, 0.6137485504150391, 0.9672216773033142, 0.9246234893798828, 0.9427713751792908, 0.9790523052215576, 0.964890718460083, 0.804344654083252, 0.8647039532661438, 0.7702575922012329, 0.9206424355506897, 0.914616048336029, 0.8967920541763306, 0.7060258984565735, 0.8628065586090088, 0.8808057904243469, 0.8709948658943176, 0.734730064868927, 0.9136894941329956, 0.8931956887245178, 0.9046000242233276, 0.8438262939453125, 0.8641525506973267, 0.8963916301727295, 0.8647039532661438, 0.7704176902770996, 0.9083743095397949, 0.8547839522361755, 0.9273074269294739, 0.8255676627159119, 0.9184122085571289, 0.9720994234085083, 0.9641801714897156, 0.9633573889732361, 0.9843534231185913, 0.9569897055625916, 0.9717352390289307, 0.6649249196052551, 0.7926518321037292, 0.9667397141456604, 0.774960994720459, 0.859491229057312, 0.9341309666633606], "label": [1, 1, 1, 0, 0, 0, 0]}