{"text": ["XYZ Hospital", "123 tlealth Street,Wellness City", "Phone:+1-234.587-890", "Patlant Namx:Llam Millor", "Ap:51", "Doctor: Dr.Lao", "Medicine", "Dosuge", "Frequency", "Duration", "TabDolo650", "20 tblets", "20ms doy", "7 duys", "Tab Sumno cold", "15tablets", "3 umes duy", "4duys", "Cap Pan d", "15tablets", "2 tmes aduy", "5 days", "Tab Cetine", "15tablets", "3tmes aday", "10days", "Cup Coimmune", "10tablets", "2 tmes a duy", "4duys", "TabCiplox500", "10tablets", "2 tms a dey", "$ days", "Syrup", "Dosago", "Froquoncy", "Duratlon", "Syrup TusQ dx", "10ml", "2tdoy", "10dy", "Advico:", "-Tako tod rost", "Eat nsy-to-digest food like boiled dce with dnl", "Stoybydrated"], "confidence": [0.9544302821159363, 0.8450579047203064, 0.8531273007392883, 0.847479522228241, 0.7661563158035278, 0.8747309446334839, 0.9286406636238098, 0.9427713751792908, 0.9790523052215576, 0.9564203023910522, 0.8913100957870483, 0.9003804326057434, 0.7485461831092834, 0.9796134829521179, 0.8641232252120972, 0.9037178754806519, 0.6857804656028748, 0.9136894941329956, 0.8883863091468811, 0.8647039532661438, 0.7138233184814453, 0.7517222762107849, 0.9441855549812317, 0.8671495914459229, 0.8555611371994019, 0.8654675483703613, 0.8510713577270508, 0.9273074269294739, 0.7857459187507629, 0.9083743095397949, 0.9594058394432068, 0.9273074269294739, 0.7383468747138977, 0.9325768351554871, 0.9719002842903137, 0.9582054018974304, 0.9529516696929932, 0.9928507804870605, 0.9441629648208618, 0.9751888513565063, 0.698294997215271, 0.9338974952697754, 0.9678854942321777, 0.7726987600326538, 0.8616782426834106, 0.8237857818603516], "label": [1, 1, 1, 0, 0, 0, 0]}