{"text": ["XYZ Hospital", "123 tlealth Street,Wellness City", "Phone:+1-234.587-890", "Patlant Namx:AllcoJohnson", ":34", "Doctor: Dr. Tumor", "Medicine", "Dosuge", "Frequency", "Duration", "Cap CoImmune", "20tblets", "3mesday", "7 days", "Cap Zovirax", "5tablets", "3 tmes duy", "7 days", "Tab Allegra", "10tablets", "2 tmes a duy", "7 days", "TabCiplox500", "20 tablets", "2 tm5 a doy", "t4duys", "Syrup", "Dosapo", "Froquancy", "Duration", "Syrup Zodax", "Sml", "3tm doy", "5 days", "SyrupTus dx", "Sml", "2timday", "7day", "Advico:", "-Tako tod rost", "Eat nsy-to-dlgest food like boiled dce with dal", "-Staytydrated"], "confidence": [0.9527682662010193, 0.8402663469314575, 0.8577502369880676, 0.8607292175292969, 0.815741240978241, 0.9494557976722717, 0.9307171702384949, 0.9427713751792908, 0.9838371276855469, 0.964890718460083, 0.8926236033439636, 0.9343926906585693, 0.8170825242996216, 0.8635157942771912, 0.8799404501914978, 0.8909797668457031, 0.7485857605934143, 0.8720644116401672, 0.8720228672027588, 0.9247161149978638, 0.8033063411712646, 0.8767657279968262, 0.938843309879303, 0.8983814120292664, 0.7343096137046814, 0.8394883275032043, 0.9747051000595093, 0.8093938827514648, 0.9293076395988464, 0.9527572989463806, 0.9834193587303162, 0.8684621453285217, 0.7288550138473511, 0.8339796662330627, 0.8718270659446716, 0.9197258949279785, 0.8057705163955688, 0.8483083248138428, 0.96641606092453, 0.7916994690895081, 0.9047735333442688, 0.932716965675354], "label": [1, 1, 1, 0, 0, 0, 0]}