{"text": ["XYZ Hospital", "123 tlealth Street,Wellness City", "Phone:+1-234-587-890", "Patlont Namx:Llam Wilson", "40", "Doctor:Dr.Smith", "Medicine", "Dosuge", "Frequency", "Duration", "Tab Cetine", "10tablets", "20ms dey", "10days", "Tab Triz", "10tablets", "3 tmes doy", "t4duys", "Tab Combinam", "20 tblets", "3 tmesa doy", "t4duys", "TabCiplox500", "15tablets", "2 tmesa day", "5days", "Tab Febrex plus", "15tablets", "2 umes a duy", "7 days", "TabNeurobin Forte", "5tablets", "2 tmesa dey", "7days", "Syrup", "Dosago", "Froquoncy", "Durotlon", "Syrup TusQx", "Sml", "2 tim doy", "14day", "Syrup Brozodax", "10ml", "2timday", "7day", "Advico:", "-Tako tod rost", "Eat nsy-to-digest food like boiled rice with dal", "-Stytydrated"], "confidence": [0.9542174935340881, 0.8376824259757996, 0.8926750421524048, 0.8166182637214661, 0.7601802945137024, 0.9364784955978394, 0.930323600769043, 0.9415733814239502, 0.9905779957771301, 0.9623180627822876, 0.9121912121772766, 0.9273074269294739, 0.7692691087722778, 0.8628065586090088, 0.9181328415870667, 0.9273074269294739, 0.7507402896881104, 0.8104643225669861, 0.9479026794433594, 0.9248446226119995, 0.7852831482887268, 0.8104643225669861, 0.8939449787139893, 0.8671495914459229, 0.8068044185638428, 0.8520981669425964, 0.9173294901847839, 0.8647039532661438, 0.7387182116508484, 0.8720644116401672, 0.9590460658073425, 0.8909797668457031, 0.8076270818710327, 0.9421157836914062, 0.9882689714431763, 0.8360254764556885, 0.9466862082481384, 0.9314339756965637, 0.9381473064422607, 0.860496461391449, 0.7873589992523193, 0.8130840063095093, 0.9631537795066833, 0.9357630014419556, 0.8172538876533508, 0.8532044887542725, 0.9699703454971313, 0.7677550911903381, 0.9021574854850769, 0.902330219745636], "label": [1, 0, 1, 0, 0, 0, 0]}