{"text": ["XYZ Hospital", "123 tlealth Street,Wellness City", "Phone:+1-234-587-890", "Patlant Nanx:Jano Brown", "Doctor:Dr.Smith", "Medicine", "Dosuge", "Frequency", "Quraton", "TabTrz", "20 tblets", "20ms day", "5days", "TabDolo650", "10tablets", "3 umes duy", "7 days", "Tab Febrex plus", "10tablets", "2mes aduy", "30 duys", "Tab Dolonex dt", "20 tblets", "2tmesa day", "t4duys", "Cup CoImmune", "15tablets", "3 tmesaday", "7 days", "Tab Cetine", "15tablets", "3tmes aday", "30 days", "Syrup", "Dosapo", "Froquoncy", "Durotlon", "Syrup Grillnctus tm", "10ml", "3tims doy", "7days", "Syrup Zodox", "10ml", "3timsday", "7day", "Advico:", "-Tako tod rost", "Eat nsy-to-digest food like boiled rice with dal", "-Stytydrated"], "confidence": [0.9551815986633301, 0.8380128741264343, 0.8895711898803711, 0.8369473814964294, 0.937408983707428, 0.8984020948410034, 0.9427713751792908, 0.9902750849723816, 0.8290681838989258, 0.8394489288330078, 0.9003804326057434, 0.7605679631233215, 0.8641525506973267, 0.8756961822509766, 0.9273074269294739, 0.7057475447654724, 0.861883819103241, 0.906166136264801, 0.9273074269294739, 0.7659589648246765, 0.9069848656654358, 0.9236847162246704, 0.9086169004440308, 0.8326839208602905, 0.8104643225669861, 0.8697443008422852, 0.8647039532661438, 0.8438262939453125, 0.8401936888694763, 0.9301382303237915, 0.9037178754806519, 0.8526746034622192, 0.9300812482833862, 0.988613486289978, 0.8228013515472412, 0.9466862082481384, 0.9339734315872192, 0.9902696013450623, 0.9702969789505005, 0.7382882833480835, 0.8803855776786804, 0.9223028421401978, 0.9599877595901489, 0.7318611145019531, 0.8532044887542725, 0.9231379628181458, 0.7681704163551331, 0.9027966856956482, 0.9018712639808655], "label": [1, 0, 1, 0, 0, 0, 0]}