{"text": ["XYZ Hospital", "123 tlealth Street,Wellness City", "Phone:+1-234.587-890", "Patlont Namx:Mla Whito", "Ap:57", "Doctor: Dr.Lo", "Medicine", "Dosuge", "Frequency", "Duration", "Tab Combinam", "20 tblets", "20ms dey", "5 days", "TabCiplox500", "10 tablets", "3umesaday", "30 days", "Tab Cyciopom", "5tablets", "3tmes aday", "30 days", "Tab Dolo650", "5tablets", "2tmesa dey", "t4days", "TabAllegra", "20tablets", "3 tmesaday", "4days", "Syrup", "Dosapo", "Froquoncy", "Duratlon", "SyrupZodox", "10ml", "3tmsdoy", "14dy", "Syrup Fobrox plus", "Sml", "2tims doy", "30days", "Advico:", "-Tako tod rost", "Eat nsy-to-digest food like boiled rice with dnl", "Stoybydrated"], "confidence": [0.9531888961791992, 0.8430553674697876, 0.8575018644332886, 0.8429678082466125, 0.752202570438385, 0.9228541851043701, 0.930323600769043, 0.9427713751792908, 0.9788968563079834, 0.964890718460083, 0.9473810195922852, 0.9135541915893555, 0.7692691087722778, 0.7393367886543274, 0.9315291047096252, 0.8921223878860474, 0.8435301780700684, 0.8663529753684998, 0.8705720901489258, 0.9093613624572754, 0.8267742395401001, 0.8833222985267639, 0.8484645485877991, 0.8861472606658936, 0.839201807975769, 0.8510770797729492, 0.9364824295043945, 0.8978633880615234, 0.8439608812332153, 0.9184122085571289, 0.9703512191772461, 0.7913495898246765, 0.9345409870147705, 0.9461095333099365, 0.8820570707321167, 0.9483411312103271, 0.7260910272598267, 0.8365260362625122, 0.9945076107978821, 0.9197258949279785, 0.6940467357635498, 0.9039595127105713, 0.9687759280204773, 0.743647038936615, 0.8504207730293274, 0.8385815024375916], "label": [1, 0, 1, 0, 0, 0, 0]}