{"text": ["XYZ Hospital", "123 tlealth Street,Wellness City", "Phone:+1-234.587-890", "PatlantNamx:Allco Brown", "Doctor: Dr.Patol", "Medicine", "Dosage", "Frequency", "Duration", "Tab Allegra", "20 tblets", "3mesday", "4days", "Tab Evion", "10 tablets", "3 0ms dey", "30 days", "Tab Zole fcream", "20 tblets", "2 tmes dey", "30 days", "Tab Cyciomelf", "20 toblets", "3tmes adey", "30 days", "Cap Cypon", "5tablets", "3tmesaday", "30 days", "Syrup", "Dosapo", "Froquancy", "Duratlon", "Syrup Cypon", "10ml", "3tms doy", "7day", "Syrup Corox", "10ml", "3tims doy", "5 days", "Advico:", "-Tako tod rost", "Eat ensy-to-digest food like boiled rice with dnl", "Stoybydrated"], "confidence": [0.9552750587463379, 0.8410260081291199, 0.8575018644332886, 0.8262272477149963, 0.9665245413780212, 0.9286406636238098, 0.8897534012794495, 0.9838371276855469, 0.9629752039909363, 0.8999242782592773, 0.9135541915893555, 0.8203554749488831, 0.9657290577888489, 0.9248191118240356, 0.8921223878860474, 0.7231447696685791, 0.8853435516357422, 0.8768633604049683, 0.9248446226119995, 0.7422879934310913, 0.8833222985267639, 0.8442173600196838, 0.8586471676826477, 0.8477534055709839, 0.8853435516357422, 0.9235844016075134, 0.9079194068908691, 0.8785970211029053, 0.8867191672325134, 0.9719002842903137, 0.9139150977134705, 0.9235289692878723, 0.9908849000930786, 0.9516541957855225, 0.9483411312103271, 0.7197035551071167, 0.8230154514312744, 0.8967664837837219, 0.9604064226150513, 0.7592406868934631, 0.8278443217277527, 0.96775883436203, 0.7193099856376648, 0.844878613948822, 0.824800968170166], "label": [1, 1, 1, 0, 0, 0, 0]}