{"text": ["XYz Hospital", "123 tlealth Street,Wellness City", "Phone:+1-234.587-890", "PatlantNamxo:Davld Wlllans", "p:43", "Doctor: Dr. Smith", "Medicine", "Dosauge", "Frequency", "Duration", "Tab Zole fcream", "10tablets", "3mesday", "4days", "Tab Neurobin Forte", "5tablets", "3umesaday", "4days", "Cap Zovirax", "15tablets", "2 tmes aday", "30 days", "Tab Clavum025", "15tablets", "2 tmes adey", "7 days", "TabCiplox 500", "15tablets", "2tmesaday", "10days", "Syrup", "Dosapo", "Froquancy", "Duratlon", "Syrup Zodox", "Sml", "2tm doy", "4dy", "Syrup Brozodox", "Sml", "3 tims doy", "5 days", "Advico:", "-Tako bod rost", "Eat nsy-to-digest food like boiled rice with dnl", "Stoy bydrated"], "confidence": [0.9337379932403564, 0.8410260081291199, 0.8575018644332886, 0.8073407411575317, 0.7557733058929443, 0.9628434777259827, 0.9556780457496643, 0.8137890696525574, 0.9838371276855469, 0.9629752039909363, 0.8797111511230469, 0.9273074269294739, 0.843670666217804, 0.9249300956726074, 0.9480300545692444, 0.8716651201248169, 0.8508873581886292, 0.9184122085571289, 0.9153544902801514, 0.8913987278938293, 0.7674550414085388, 0.8866694569587708, 0.8399574756622314, 0.8865138292312622, 0.8091831207275391, 0.8720644116401672, 0.9237136840820312, 0.8865651488304138, 0.8577829003334045, 0.9213528037071228, 0.9734670519828796, 0.8614616990089417, 0.8954519629478455, 0.9907678961753845, 0.8994930386543274, 0.8684621453285217, 0.7230568528175354, 0.962104082107544, 0.9701951742172241, 0.9197258949279785, 0.7696221470832825, 0.8086541295051575, 0.9671358466148376, 0.7325636148452759, 0.8504207730293274, 0.806763768196106], "label": [1, 1, 1, 0, 0, 0, 0]}