{"text": ["XYZ Hospital", "123 tlealth Street,Wellness City", "Phone:+1-234.587-890", "Patlant Namxo:Davld Johnson", "Apo:55", "Doctor: Dr. Smith", "Medicine", "Dosuge", "Frequency", "Duration", "Tab Combinam", "5 tablets", "20ms doy", "$ days", "Cap Dilanun", "10 tablets", "20mes dey", "30 days", "TabAllegra", "t5tablets", "2 tmes aday", "4 days", "Tab Sumo cold", "20 toblets", "2 tmes adey", "t4days", "Tab Zole fcream", "5tablets", "3 tmesaday", "5days", "Syrup", "Dosapo", "Froquancy", "Duratlon", "Syrup Fobroxplus", "10ml", "3tms doy", "7day", "Syrup Corox-dx", "10ml", "3tims doy", "5 days", "Advico:", "-Tako bod rost", "Eat ensy-to-digest food like boiled rice with dnl", "Stoy bydrated"], "confidence": [0.9545199275016785, 0.8415265083312988, 0.8575018644332886, 0.8583636283874512, 0.7298091053962708, 0.9686621427536011, 0.9175625443458557, 0.979745090007782, 0.9560942053794861, 0.965709924697876, 0.944230854511261, 0.8705056309700012, 0.7529489994049072, 0.837290346622467, 0.9059600234031677, 0.8921223878860474, 0.7744828462600708, 0.8853435516357422, 0.9469073414802551, 0.8831853270530701, 0.7674550414085388, 0.8902750611305237, 0.885509192943573, 0.8586471676826477, 0.8091831207275391, 0.8406792283058167, 0.8736690282821655, 0.9079194068908691, 0.8439608812332153, 0.8746163249015808, 0.974157989025116, 0.9139150977134705, 0.9368769526481628, 0.9908849000930786, 0.8657676577568054, 0.9483411312103271, 0.7060664892196655, 0.8305917978286743, 0.9816890954971313, 0.9150266051292419, 0.7523825764656067, 0.8278443217277527, 0.96775883436203, 0.7410234808921814, 0.844878613948822, 0.7955535054206848], "label": [1, 1, 1, 0, 0, 0, 0]}