{"text": ["XYZ Hospital", "123 tlealth Street,Wellness City", "Phone:+1-234.587-890", "Patlant Namx:Mla D", "p:78", "Doctor: Dr. Millor", "Medicine", "Dosuge", "Frequency", "Duration", "Tab Combinam", "5 tablets", "3mesdey", "4duys", "Tab Pan d", "20 tablets", "2tmesaday", "4days", "Cap Dilanun", "10tablets", "2tmesa dey", "5days", "Tab Cetine", "10tablets", "3 tmesa dey", "10days", "Syrup", "Dosago", "Froquoncy", "Duration", "Syrup TusQx", "10ml", "3tms doy", "5 days", "SyrupGrillnctus tm", "10ml", "3timsday", "10day", "Advico:", "-Tako tod rost", "Eat nsy-to-dlgest food like boiled rice with dal", "-Stayhydrated"], "confidence": [0.9532526135444641, 0.8386499881744385, 0.860508918762207, 0.7749744057655334, 0.7697516679763794, 0.9567816853523254, 0.9318302869796753, 0.9427713751792908, 0.9860424399375916, 0.9623180627822876, 0.9289951324462891, 0.8419929146766663, 0.8327884078025818, 0.9136894941329956, 0.9182332158088684, 0.9054545164108276, 0.7916982173919678, 0.8935898542404175, 0.921704113483429, 0.9273074269294739, 0.8326894044876099, 0.8343985676765442, 0.9382678270339966, 0.9247161149978638, 0.7414395809173584, 0.924377977848053, 0.9728748202323914, 0.8496239185333252, 0.9308472871780396, 0.960390031337738, 0.958443820476532, 0.9347427487373352, 0.7202708125114441, 0.8145861029624939, 0.906718373298645, 0.911413848400116, 0.7808237075805664, 0.7979649305343628, 0.967370867729187, 0.7933914065361023, 0.9067288041114807, 0.8757689595222473], "label": [1, 1, 1, 0, 0, 0, 0]}