{"text": ["XYZ Hospital", "123 tlealth Street,Wellness City", "Phone:+1-234.587-890", "PatlontNamx:Llam Brown", "p:22", "Doctor: Dr. Smith", "Medicine", "Dosage", "Frequency", "Duration", "TabDolo650", "20 tblets", "20ms dey", "$ duys", "Cap Zovirax", "5tablets", "2tmesa day", "30 days", "Tab Cyciopam", "20 tablets", "3 tmesa doy", "5 days", "TabCiplox500", "20 tblets", "3 tmesa duy", "10days", "Tab Zole fcream", "15tablets", "2 tmes a duy", "4duys", "Tab Combilam", "20 tablets", "2 tms a doy", "4days", "Syrup", "Dosago", "Froquoncy", "Duratlon", "Syrup TusQx", "10ml", "3tms doy", "10dy", "Advico:", "-Tako to rst", "Eat nsy-to-digest food like boiled dce with dnl", "Stoytydrated"], "confidence": [0.9572948813438416, 0.8410260081291199, 0.8575018644332886, 0.8719316124916077, 0.7944168448448181, 0.9689468145370483, 0.930323600769043, 0.9033363461494446, 0.9790523052215576, 0.964890718460083, 0.8790748715400696, 0.9003804326057434, 0.7692691087722778, 0.8634000420570374, 0.9207450747489929, 0.8909797668457031, 0.7703806161880493, 0.8479889631271362, 0.8468467593193054, 0.8709948658943176, 0.7852831482887268, 0.7547540068626404, 0.8985685706138611, 0.9086169004440308, 0.7931598424911499, 0.8628065586090088, 0.8499457240104675, 0.8647039532661438, 0.7522758841514587, 0.9083743095397949, 0.9099934101104736, 0.8797799944877625, 0.8156778216362, 0.9184122085571289, 0.9720994234085083, 0.958836555480957, 0.8976813554763794, 0.9928507804870605, 0.9340599179267883, 0.9717352390289307, 0.7066380381584167, 0.9338974952697754, 0.9678854942321777, 0.7431734204292297, 0.8601347208023071, 0.871784508228302], "label": [1, 1, 1, 0, 0, 0, 0]}