{"text": ["XYZ Hospital", "123 tlealth Street,Wellness City", "Phone:+1-234-587-890", "Patlnt NanLlam D", ":70", "Doctor:Dr.Johnson", "Medicine", "Dosuge", "Frequency", "Ouradon", "Tab Sumo cold", "10 tablets", "3mesday", "10days", "Cap Colmmune", "5tablets", "2 um5  duy", "10days", "Tab Febrex plus", "5tablets", "3 tmesaduy", "30 days", "Tab Zolefcream", "15tablets", "2tmesa day", "7 days", "Cap Omez", "5tablets", "3 tmesaday", "10days", "TabCyciomeff", "20 tblets", "3 tmesa dey", "30 days", "Syrup", "Dosago", "Froquoncy", "Duratlon", "Syrup Grillnctus tm", "10ml", "3tims doy", "5 days", "Syrup Corox", "10ml", "2timday", "S days", "Advico:", "-Tako tod rost", "Eat nsy-to-digest food like boiled rice with dal", "-Stytydrated"], "confidence": [0.9538248181343079, 0.8392036557197571, 0.8991310000419617, 0.776657223701477, 0.8660268783569336, 0.9619083404541016, 0.8984020948410034, 0.9422492384910583, 0.9898338317871094, 0.818979799747467, 0.8837218880653381, 0.8778047561645508, 0.8203554749488831, 0.8628065586090088, 0.886448323726654, 0.8873331546783447, 0.7169803380966187, 0.8626441955566406, 0.91950523853302, 0.9093613624572754, 0.8196805119514465, 0.8518379926681519, 0.8547328114509583, 0.867788553237915, 0.8326839208602905, 0.8452855944633484, 0.8881022334098816, 0.9079194068908691, 0.8460615277290344, 0.9213528037071228, 0.8913241028785706, 0.8838595747947693, 0.841655969619751, 0.8867191672325134, 0.988613486289978, 0.8285646438598633, 0.9474319815635681, 0.9910321235656738, 0.9735767841339111, 0.9702969789505005, 0.7382882833480835, 0.8219525814056396, 0.8926152586936951, 0.9599877595901489, 0.7600088119506836, 0.7549194693565369, 0.9238536953926086, 0.771702229976654, 0.9027966856956482, 0.9218589663505554], "label": [1, 1, 1, 0, 0, 0, 0]}