{"text": ["XYZ Hospital", "123 tlealth Street,Wellness City", "Phone:+1-234.587-890", "Patlont Namx:Jano Smith", ":07", "Doctor: Dr. Smith", "Medicine", "Dosuge", "Frequency", "Duration", "Cap Zovirax", "10tablets", "20ms dey", "7 duys", "Cap Pan d", "10 tablets", "20mes dey", "t4duys", "Tab Sumo cold", "20 tblets", "3tmes day", "30 days", "Tab Cetine", "10 tablets", "3 tmesa dey", "7 days", "Tab Dolonex dt", "15tablets", "2tmesaday", "30 days", "Syrup", "Dosapo", "Froquancy", "Duratlon", "Syrup Cypon", "Sml", "2 tm doy", "Sday", "Syrup TusQ dx", "10ml", "2 tims doy", "30day", "Advico:", "-Tako tod rost", "Eat nsy-to-digest food like boiled rice with dnl", "Stoybydrated"], "confidence": [0.95210862159729, 0.8472376465797424, 0.8575018644332886, 0.8621429800987244, 0.7965459227561951, 0.9437006711959839, 0.9307171702384949, 0.9054610133171082, 0.9788968563079834, 0.955414891242981, 0.8629161715507507, 0.9273074269294739, 0.7692691087722778, 0.8653728365898132, 0.911133348941803, 0.9107781648635864, 0.7687022686004639, 0.8104643225669861, 0.9031349420547485, 0.9248446226119995, 0.795462429523468, 0.8833222985267639, 0.92555171251297, 0.901634693145752, 0.8120609521865845, 0.8480218052864075, 0.9187597632408142, 0.8865651488304138, 0.8482097387313843, 0.8867191672325134, 0.9719002842903137, 0.90386563539505, 0.9510630369186401, 0.9960426092147827, 0.9903943538665771, 0.9197258949279785, 0.7346670627593994, 0.7331788539886475, 0.9842331409454346, 0.9380403757095337, 0.731744647026062, 0.8754482269287109, 0.9687759280204773, 0.7849678993225098, 0.8524071574211121, 0.8402068614959717], "label": [1, 1, 1, 0, 0, 0, 0]}