{"text": ["XYZ Hospital", "123 tlealth Street,Wellness City", "Phone:+1-234.587-890", "Patlont Namx:Allco Davs", ":47", "Doctor: Dr.Lo", "Medicine", "Dosuge", "Frequency", "Duration", "TabCiplox 500", "15tablets", "3mesday", "7 duys", "Cap Omez", "10tablets", "20mesaday", "4days", "Tab Triz", "5tablets", "3 tmesa day", "4 days", "Tab Dolonex dt", "20 tablets", "3tmes adey", "t4days", "Cap Oilanun", "10 tablets", "3tmesaday", "10days", "Syrup", "Dosapo", "Froquancy", "Duratlon", "Syrup TusQ-dx", "Sml", "3tms doy", "7day", "Syrup TusQx", "Sml", "2tims doy", "30days", "Advico:", "-Tako tod rost", "Eat ensy-to-digest food like boiled rice with dnl", "Stoybydrated"], "confidence": [0.9531888961791992, 0.8494900465011597, 0.8575018644332886, 0.8205165266990662, 0.8488302230834961, 0.9473685622215271, 0.8984020948410034, 0.975483238697052, 0.9788968563079834, 0.9564203023910522, 0.9011750817298889, 0.8647039532661438, 0.8203554749488831, 0.8653728365898132, 0.8455135226249695, 0.9273074269294739, 0.7708227634429932, 0.9184122085571289, 0.8540539145469666, 0.9073119759559631, 0.7573702335357666, 0.8880710601806641, 0.9165202379226685, 0.8709948658943176, 0.8477534055709839, 0.8510770797729492, 0.7892839312553406, 0.901634693145752, 0.8785970211029053, 0.9213528037071228, 0.9703512191772461, 0.90386563539505, 0.934296727180481, 0.9960426092147827, 0.9556137919425964, 0.8684621453285217, 0.7197035551071167, 0.830951988697052, 0.9560192227363586, 0.9197258949279785, 0.7249763607978821, 0.9183411002159119, 0.96775883436203, 0.747780978679657, 0.844878613948822, 0.8253764510154724], "label": [1, 1, 1, 0, 0, 0, 0]}