{"text": ["XYZ Hospital", "123 tlealth Street,Wellness City", "Phone:+1-234.587-890", "Patlont Namx:Mla Whito", ":20", "Doctor:Dr.Tumor", "Medicine", "Dosuge", "Frequency", "Duration", "TabDolo 650", "5tablets", "3mesday", "7 days", "Cap Zovirax", "5tablets", "3tmesaday", "$ days", "Cap Colmmune", "t5tablets", "3 tmesaday", "7days", "Tab Combinam", "20 tablets", "2 tme5 a doy", "10days", "Syrup", "Dosago", "Froquancy", "Duratlon", "Syrup Brozodox", "10ml", "2 tmdoy", "7days", "SyrupGrillnctus tm", "Sml", "2timday", "10day", "Advico:", "-Tako tod rost", "Eat nsy-to-dlgest food like boiled dce with dal", "-Stayhydrated"], "confidence": [0.951866626739502, 0.8400601148605347, 0.8541738390922546, 0.8420824408531189, 0.852616012096405, 0.9355429410934448, 0.9286406636238098, 0.9427713751792908, 0.9859857559204102, 0.9623180627822876, 0.8762516379356384, 0.901167631149292, 0.8442182540893555, 0.8594018816947937, 0.8877450823783875, 0.8909797668457031, 0.8474195599555969, 0.9359393119812012, 0.8959184288978577, 0.8511607646942139, 0.8438262939453125, 0.9236086010932922, 0.9446554183959961, 0.8983814120292664, 0.7411662936210632, 0.924377977848053, 0.9701129198074341, 0.8239191174507141, 0.9061452150344849, 0.9485149383544922, 0.9519544243812561, 0.9410436153411865, 0.7173526883125305, 0.9112256765365601, 0.9073397517204285, 0.9197258949279785, 0.7986935377120972, 0.7979649305343628, 0.967370867729187, 0.7933914065361023, 0.9067167639732361, 0.8757689595222473], "label": [1, 1, 1, 0, 0, 0, 0]}