{"text": ["XYZ Hospital", "123 tlealth Street,Wellness City", "Phone:+1-234-587-890", "Patlont Nanx:Charlo Davis", "Ap:59", "Doctor:Dr.Lao", "Medicine", "Dosage", "Frequency", "Duration", "Cap Zovirax", "15tablets", "3mesday", "7 duys", "Tab Pan d", "5tablets", "3tmesaday", "10days", "Tab Cetine", "t5tblets", "3 tmes a duy", "7 days", "TabAllegra", "10tablets", "2 tm5 a doy", "7 days", "Syrup", "Dosago", "Froquancy", "Duration", "Syrup TusQ-dx", "10ml", "2 tim doy", "5days", "Advico:", "-Takoorst", "Eat nsy-to-dlgest food like boiled rice with dal", "-Stynydrated"], "confidence": [0.9470725655555725, 0.8395678997039795, 0.8857169151306152, 0.8283901810646057, 0.660327136516571, 0.8866550922393799, 0.9307171702384949, 0.8880900740623474, 0.9788968563079834, 0.9623180627822876, 0.8499212861061096, 0.8927748799324036, 0.8170825242996216, 0.8653728365898132, 0.9305731654167175, 0.8909797668457031, 0.8201440572738647, 0.9015160202980042, 0.9301382303237915, 0.8782268762588501, 0.8768436908721924, 0.8720644116401672, 0.9696915745735168, 0.9273074269294739, 0.7343096137046814, 0.8434519171714783, 0.9728748202323914, 0.9117240309715271, 0.9354243874549866, 0.9048805236816406, 0.9590922594070435, 0.9658069610595703, 0.7814109325408936, 0.8614164590835571, 0.9288334846496582, 0.7230888605117798, 0.8857390284538269, 0.8980219960212708], "label": [1, 1, 1, 0, 0, 0, 0]}