{"text": ["XYZ Hospital", "123 tlealth Street,Wellness City", "Phone:+1-234.587-890", "Patlant Namx:Graco Millar", "Doctor: Dr.Lo", "Medicine", "Dosuge", "Frequency", "Duration", "Tab Cetine", "5 tablets", "20ms doy", "30 days", "TabCiplox 500", "20 tblets", "20mes dey", "4days", "Cap Pan d", "10 tablets", "3 tmesaday", "5days", "TabAllegra", "20 tablets", "3 tmesa dey", "7days", "Syrup", "Dosago", "Froquoncy", "Duratlon", "Syrup Zodax", "10ml", "3 tms doy", "5days", "SyrupTusx", "10ml", "2timday", "30dy", "Advico:", "-Tako tod rost", "Eat nsy-to-digest food like boiled rice with dal", "-Staytydrated"], "confidence": [0.9494788646697998, 0.8478810787200928, 0.8465229868888855, 0.812222421169281, 0.9300315380096436, 0.930323600769043, 0.9427713751792908, 0.9560942053794861, 0.964890718460083, 0.9139901995658875, 0.8638057708740234, 0.7563122510910034, 0.8676621317863464, 0.9068474173545837, 0.9248446226119995, 0.7428823113441467, 0.9184122085571289, 0.9048080444335938, 0.8921223878860474, 0.8493043780326843, 0.8950570225715637, 0.9605924487113953, 0.8983814120292664, 0.8120609521865845, 0.9454089403152466, 0.9747051000595093, 0.8496239185333252, 0.9251506328582764, 0.8870259523391724, 0.8843551278114319, 0.9347427487373352, 0.6879984736442566, 0.8852624893188477, 0.8690581321716309, 0.911413848400116, 0.8091887831687927, 0.9695253372192383, 0.9678854942321777, 0.7312944531440735, 0.9073290824890137, 0.9258518218994141], "label": [1, 1, 1, 0, 0, 0, 0]}