{"text": ["XYZ Hospital", "123 tlealth Street,Wellness City", "Phone:+1-234.587-890", "Patlant Namx:Jano Millor", ":44", "Doctor: Dr.Lao", "Medicine", "Dosuge", "Frequency", "Duration", "Tab Ttz", "5 tablets", "20ms dey", "30 duys", "Tab Cyciomelf", "15tablets", "3tmesaday", "5days", "Cap CoImmune", "20 tblets", "2 tmsa duy", "4 duys", "Cap Pan d", "5tablets", "2tmesa day", "4duys", "Tab Febrexplus", "10tablets", "2 tmes a duy", "10days", "TabCyciopam", "20 tablets", "2 tms a doy", "4duys", "Syrup", "Dosago", "Froquoncy", "Duratlon", "Syrup Grillnctus tm", "Sml", "2tmdoy", "10dy", "Advico:", "-Tako tod rost", "Eat nsy-to-digest food like boiled dce with dnl", "Stoytydrated"], "confidence": [0.9538760781288147, 0.8474778532981873, 0.8575018644332886, 0.8346753120422363, 0.8580889701843262, 0.8984217047691345, 0.8966343998908997, 0.979745090007782, 0.9801251292228699, 0.964890718460083, 0.8316596150398254, 0.887381374835968, 0.7692691087722778, 0.9137939810752869, 0.8538366556167603, 0.8927748799324036, 0.8278234004974365, 0.8520981669425964, 0.8855685591697693, 0.9248446226119995, 0.7483718395233154, 0.939846932888031, 0.9107117056846619, 0.9046000242233276, 0.8158695101737976, 0.9136894941329956, 0.9431013464927673, 0.9273074269294739, 0.7522758841514587, 0.8654675483703613, 0.9143933653831482, 0.8797799944877625, 0.8156778216362, 0.9083743095397949, 0.9788066744804382, 0.9641801714897156, 0.9638596773147583, 0.9921525120735168, 0.983100175857544, 0.927854061126709, 0.7179483771324158, 0.9338974952697754, 0.9678854942321777, 0.7587279677391052, 0.8601347208023071, 0.856630802154541], "label": [1, 1, 1, 0, 0, 0, 0]}