{"text": ["XYZ Hospital", "123 tlealth Street,Wellness City", "Phone:+1-234.587-890", "Patlont Nanx:Davld Whito", "p:37", "Doctor: Dr.L", "Medicine", "Dosuge", "Frequency", "Duration", "TabCiplox500", "15tablets", "20ms doy", "30 days", "Tab Dolonex dt", "5tablets", "2tmesa dey", "30 days", "Cap Co-lmmune", "20 tblets", "3 tmesaday", "7 days", "TabAluhrodin500", "5tblets", "3 tmes dey", "10days", "Syrup", "Dosago", "Froquoncy", "Duratlon", "Syrup Brozodox", "10ml", "2tdoy", "14 day", "SyrupGrillnctus tm", "Sml", "2mday", "5day", "Advico:", "-Tako tod rost", "Eat nsy-to-dlgest food like boiled dce with dal", "-Stayhydrated"], "confidence": [0.95541912317276, 0.8380128741264343, 0.8577502369880676, 0.8443286418914795, 0.7839953899383545, 0.9347650408744812, 0.930323600769043, 0.975483238697052, 0.9838311672210693, 0.964890718460083, 0.9382257461547852, 0.8910235166549683, 0.7471427917480469, 0.8676621317863464, 0.9180983304977417, 0.895728349685669, 0.7410504817962646, 0.8663529753684998, 0.8720911741256714, 0.9064294099807739, 0.8439608812332153, 0.8673166632652283, 0.7821550369262695, 0.8796586990356445, 0.7035539150238037, 0.948091983795166, 0.9886301159858704, 0.9191999435424805, 0.9644286036491394, 0.9502712488174438, 0.9694674611091614, 0.9410436153411865, 0.7487398386001587, 0.7775042057037354, 0.9094856977462769, 0.9197258949279785, 0.7782343029975891, 0.7321327924728394, 0.967370867729187, 0.7933914065361023, 0.9067167639732361, 0.8757689595222473], "label": [1, 1, 1, 0, 0, 0, 0]}