{"text": ["XYZ Hospital", "123 tlealth Street,Wellness City", "Phone:+1-234.587-890", "Patlant Namx:Charlo Ro", "40", "Doctor:Dr.Tumor", "Medicine", "Dosuge", "Frequency", "Duration", "Tab Allegra", "10 tablets", "20ms doy", "30 duys", "Tab Febrex plus", "10tablets", "20mesa duy", "4duys", "Tab Sumo cold", "15tablets", "2 tmes aduy", "30 duys", "Tab Zole fcreum", "10tablets", "3tmes aday", "5days", "Tab Trz", "10tablets", "3 tmesaday", "30 days", "Tab Pan d", "10tablets", "2 tms a dey", "5 duys", "Syrup", "Dosapo", "Froquoncy", "Duratlon", "Syrup Corox-dx", "Sml", "3tms doy", "14days", "Advico:", "-Tako tod rost", "Eat nsy-to-digest food like boiled dce with dnl", "Stoytydrated"], "confidence": [0.9530542492866516, 0.8386703133583069, 0.8589719533920288, 0.785668134689331, 0.7601802945137024, 0.9481293559074402, 0.9035042524337769, 0.9349806904792786, 0.977314293384552, 0.965709924697876, 0.8830421566963196, 0.8824431300163269, 0.7523245811462402, 0.9051676392555237, 0.9100348949432373, 0.9273074269294739, 0.7259731888771057, 0.9083743095397949, 0.9183427095413208, 0.8671495914459229, 0.7138233184814453, 0.9156034588813782, 0.8705002069473267, 0.9273074269294739, 0.8595724105834961, 0.8383257985115051, 0.9231915473937988, 0.9273074269294739, 0.849814236164093, 0.8500292897224426, 0.9848018288612366, 0.9273074269294739, 0.7383468747138977, 0.9175510406494141, 0.9719002842903137, 0.8306710124015808, 0.9529516696929932, 0.9877357482910156, 0.9619593024253845, 0.927854061126709, 0.7066380381584167, 0.8428124785423279, 0.9678854942321777, 0.7561789751052856, 0.8601347208023071, 0.8621355891227722], "label": [1, 0, 1, 0, 0, 0, 0]}