{"text": ["XYZ Hospital", "123 tlealth Street,Wellness City", "Phone:+1-234.587-890", "PatlantNamx:GracoWlson", "p:77", "Doctor: Dr.Lo", "Medicine", "Dosuge", "Frequency", "Duration", "TabCiplox500", "15tablets", "20ms doy", "7 duys", "Cap CoImmune", "20 tablets", "2tmesaday", "4duys", "Cap Zovirax", "15tablets", "2 tmes aduy", "5 days", "TabA1urodin 500", "10tablets", "3tmesaday", "7 days", "Tab Cetine", "5tablets", "2 umes a duy", "7 days", "TabDolo650", "10tablets", "2 tms a dey", "t4days", "Syrup", "Dosago", "Froquoncy", "Duratlon", "Syrup TusQx", "Sml", "3tmsdoy", "14days", "Advico:", "-Tako to rst", "Eat nsy-to-digest food like boiled dce with dnl", "Stoybydrated"], "confidence": [0.9530181884765625, 0.8522793054580688, 0.846886157989502, 0.8512956500053406, 0.809607982635498, 0.9231882691383362, 0.9259157180786133, 0.9427713751792908, 0.9788968563079834, 0.955414891242981, 0.8907999992370605, 0.8927748799324036, 0.7485461831092834, 0.9796134829521179, 0.8975412845611572, 0.9054545164108276, 0.8067965507507324, 0.9083743095397949, 0.8921021819114685, 0.8647039532661438, 0.7543216347694397, 0.7517222762107849, 0.8281944394111633, 0.9273074269294739, 0.8938015699386597, 0.8452855944633484, 0.9418471455574036, 0.9079194068908691, 0.7527843117713928, 0.8720644116401672, 0.8885329365730286, 0.9273074269294739, 0.7880218029022217, 0.8406792283058167, 0.9719002842903137, 0.9641801714897156, 0.8976813554763794, 0.9877357482910156, 0.9355440735816956, 0.9028758406639099, 0.7260910272598267, 0.8428124785423279, 0.9678854942321777, 0.7433000206947327, 0.8616782426834106, 0.8411200642585754], "label": [1, 1, 1, 0, 0, 0, 0]}