{"text": ["XYZ Hospital", "123 tlealth Street,Wellness City", "Phone:+1-234.587-890", "Patlont Namx:Mla Smith", ":41", "Doctor: Dr.Johnson", "Medicine", "Dosauge", "Frequency", "Duration", "Cup Colmmune", "10 tablets", "20ms doy", "7 days", "Tab Sumo cold", "5 tablets", "3umesaday", "7 days", "Tab Thiz", "10tablets", "2tmsa day", "30 days", "Tab Evion", "5tablets", "2tmesa dey", "30 days", "Tab Neurobin Forte", "15tablets", "3 tmesaday", "30 days", "Syrup", "Dosapo", "Froquoncy", "Duratlon", "Syrup Fobrox plusd", "Sml", "2mdoy", "30dny", "Syrup Zodox", "Sml", "2tims doy", "7days", "Advico:", "-Tako bod rst", "Eat nsy-to-digest food like boiled rice with dnl", "Stoy bydrated"], "confidence": [0.9441022872924805, 0.8465441465377808, 0.8575018644332886, 0.8370746374130249, 0.8224173188209534, 0.9664130806922913, 0.9246234893798828, 0.8137890696525574, 0.9789015650749207, 0.964890718460083, 0.8509387373924255, 0.8921223878860474, 0.7529489994049072, 0.8635157942771912, 0.9117611646652222, 0.8358298540115356, 0.8508873581886292, 0.8720644116401672, 0.8297414183616638, 0.9273074269294739, 0.7672569751739502, 0.8833222985267639, 0.9232249855995178, 0.8909797668457031, 0.839201807975769, 0.8853435516357422, 0.9221484065055847, 0.8871575593948364, 0.8309677243232727, 0.8853435516357422, 0.9706571698188782, 0.8614616990089417, 0.9255363941192627, 0.9960426092147827, 0.9479720592498779, 0.8684621453285217, 0.7321361303329468, 0.8377351760864258, 0.9617475867271423, 0.9197258949279785, 0.7010757923126221, 0.9038707613945007, 0.9687759280204773, 0.7464123964309692, 0.8504207730293274, 0.806763768196106], "label": [1, 0, 1, 0, 0, 0, 0]}