{"text": ["XYZ Hospital", "123 tlealth Street,Wellness City", "Phone:+1-234-587-890", "Patlont Nanx:Allco Wlllams", ":40", "Doctor:Dr.Johnson", "Medicine", "Dosuge", "Frequency", "Qurabon", "Tab Pan d", "15tablets", "3mesaday", "7 days", "Tab Cetine", "20 tablets", "2 tms  duy", "4duys", "TabClavum 025", "15tablets", "2 tmes aduy", "5days", "Cup Omez", "20 tblets", "3 tmes aday", "7 days", "Tab Dolonex dt", "20tblets", "3 tmesaday", "30 days", "Tab Triz", "5tablets", "2 tms a dey", "t4days", "Syrup", "Dosago", "Froquoncy", "Duratlon", "Syrup Corox", "Sml", "3tims doy", "5days", "Syrup TusQ-dx", "10ml", "3timday", "30 days", "Advico:", "-Tako tod rst", "Eat nsy-to-dlgest food like boiled rice with dal", "-Stytydrated"], "confidence": [0.95036381483078, 0.8397116661071777, 0.886119544506073, 0.8233460783958435, 0.7698519229888916, 0.9596797823905945, 0.8897854089736938, 0.9427713751792908, 0.9905779957771301, 0.8740919232368469, 0.9158036112785339, 0.8927748799324036, 0.790343165397644, 0.861883819103241, 0.9263273477554321, 0.9054545164108276, 0.7146862745285034, 0.9136894941329956, 0.8329501748085022, 0.8647039532661438, 0.7543216347694397, 0.8520981669425964, 0.8356970548629761, 0.9086169004440308, 0.8303280472755432, 0.861883819103241, 0.9149737358093262, 0.9145114421844482, 0.8335834741592407, 0.8513266444206238, 0.9716027975082397, 0.8909797668457031, 0.7880218029022217, 0.8406792283058167, 0.988613486289978, 0.8496239185333252, 0.9466862082481384, 0.9559439420700073, 0.8926152586936951, 0.860496461391449, 0.732460081577301, 0.8750370144844055, 0.954573929309845, 0.9357630014419556, 0.7877011895179749, 0.7511711120605469, 0.9698401689529419, 0.7309774160385132, 0.9009497165679932, 0.9058265686035156], "label": [1, 0, 1, 0, 0, 0, 0]}