{"text": ["XYZ Hospital", "123 tlealth Street,Wellness City", "Phone:+1-234-587-890", "Patlont Nam:Mla Brown", "p:34", "Doctor:Dr.Johnson", "Medicine", "Dosuge", "Frequency", "Duration", "Tab Combinlam", "10tablets", "3mesday", "10duys", "Tab Evion", "10tablets", "3tmesaday", "5days", "TabZole fcream", "5tablets", "2 tmes a duy", "10 days", "Cap Pand", "10tablets", "3 tmesadey", "5days", "Syrup", "Dosago", "Froquancy", "Duratlon", "Syrup Corx", "10ml", "3tims doy", "10dny", "Advico:", "-Tako bod rost", "Eat nsy-to-dlgest food like boiled rice with dal", "-Stytydrated"], "confidence": [0.9535403847694397, 0.8450579047203064, 0.8941647410392761, 0.8275562524795532, 0.7649431824684143, 0.9708011746406555, 0.9246234893798828, 0.9422492384910583, 0.9788968563079834, 0.9623180627822876, 0.9283021688461304, 0.9273074269294739, 0.8407676815986633, 0.9106659889221191, 0.9279268980026245, 0.9273074269294739, 0.811162531375885, 0.8343985676765442, 0.8902822136878967, 0.9093613624572754, 0.9155074954032898, 0.8709873557090759, 0.9082816243171692, 0.9247161149978638, 0.7185487747192383, 0.8950570225715637, 0.9825723767280579, 0.9117240309715271, 0.9354243874549866, 0.8653408288955688, 0.9269081354141235, 0.9658069610595703, 0.7523825764656067, 0.8452469110488892, 0.9288334846496582, 0.7142534255981445, 0.8857390284538269, 0.9112634658813477], "label": [1, 1, 1, 0, 0, 0, 0]}