{"text": ["XYZ Hospital", "123 tlealth Street,Wellness City", "Phone:+1-234-587-890", "Patlant Namxo:John Johnson", "Ap:57", "DoctorDr.Johnson", "Medicine", "Dosuge", "Frequency", "Duration", "Tab Combinam", "10tablets", "20ms dey", "7 days", "Tab Allegra", "5tablets", "2tmesa dey", "$ days", "Tab Sumo cold", "5tablets", "3 tmesaday", "30 days", "Tab Cetine", "t5tablets", "2 tms  doy", "5 days", "Syrup", "Dosago", "Froquoncy", "Duratlon", "Syrup Brozodax", "10ml", "3tms doy", "5days", "SyrupZodax", "10ml", "3mday", "14dy", "Advico:", "-Tako bod rost", "Eat nsy-to-digest food like boiled rice with dal", "-Staytydrated"], "confidence": [0.9555370807647705, 0.8386499881744385, 0.8651002049446106, 0.8776291608810425, 0.7623685598373413, 0.9636654257774353, 0.9246234893798828, 0.9349806904792786, 0.9838371276855469, 0.9623180627822876, 0.93415766954422, 0.9273074269294739, 0.7692691087722778, 0.8594018816947937, 0.8737680315971375, 0.8909797668457031, 0.7410504817962646, 0.9359393119812012, 0.8899131417274475, 0.8909797668457031, 0.8439608812332153, 0.8833222985267639, 0.9358774423599243, 0.8862625360488892, 0.7158662676811218, 0.8369717597961426, 0.9747051000595093, 0.8239191174507141, 0.9308472871780396, 0.8827411532402039, 0.9767667651176453, 0.9483411312103271, 0.7202708125114441, 0.8852624893188477, 0.8965408205986023, 0.911413848400116, 0.8235791325569153, 0.8365260362625122, 0.967370867729187, 0.8304697871208191, 0.8990753293037415, 0.9250409007072449], "label": [1, 0, 1, 0, 0, 0, 0]}