{"text": ["XYZ Hospital", "123 tlealth Street,Wellness City", "Phone:+1-234.587-890", "PatlantNam:Llam R", "Ap:37", "DoctorDr.Johnson", "Medicine", "Dosuge", "Frequency", "Duration", "Tab Triz", "10 tablets", "3mesdey", "7 days", "TabDolo650", "20 tablets", "2 tm0s  duy", "t4duys", "TabZole fcream", "20 tablets", "2tmesa dey", "30 days", "TabClavum 025", "t5tablets", "3 tmesa dey", "7days", "Syrup", "Dosago", "Froquoncy", "Duratlon", "Syrup Corox-dx", "10ml", "3tms doy", "5days", "SyrupZodax", "10ml", "3timsday", "10day", "Advico:", "-Tako bod rost", "Eat nsy-to-digest food like boiled rice with dal", "-Stayhydrated"], "confidence": [0.9565796852111816, 0.8392036557197571, 0.8571933507919312, 0.796282172203064, 0.7727944254875183, 0.9631726741790771, 0.930323600769043, 0.9349806904792786, 0.9832303524017334, 0.955414891242981, 0.9344013929367065, 0.9060764312744141, 0.8336987495422363, 0.8594018816947937, 0.8864437341690063, 0.90015709400177, 0.7051472663879395, 0.8104643225669861, 0.8823711276054382, 0.90015709400177, 0.8125902414321899, 0.8676621317863464, 0.8110301494598389, 0.8862625360488892, 0.8120609521865845, 0.9454089403152466, 0.9701129198074341, 0.8384754657745361, 0.9615113735198975, 0.9490550756454468, 0.9759541749954224, 0.9347427487373352, 0.7202708125114441, 0.8852624893188477, 0.8789871335029602, 0.911413848400116, 0.7860556840896606, 0.7979649305343628, 0.967370867729187, 0.8130325675010681, 0.8990753293037415, 0.876471757888794], "label": [1, 0, 1, 0, 0, 0, 0]}