{"text": ["XYZ Hospital", "123 tlealth Street,Wellness City", "Phone:+1-234-587-890", "Patlant Namo:John Do", ":21", "Doctor: Dr. Millor", "Medicine", "Dosuge", "Frequency", "Duration", "Cap Pand", "15tablets", "20ms dey", "4duys", "Tab Evlon", "5tablets", "2 tm0s  duy", "10days", "Tab Cyclopam", "15tablets", "2 tmes a day", "4duys", "Cap Cypon", "20 tblets", "2tmesa day", "30 days", "Tab Allegra", "10tablets", "3 tmesaday", "7 days", "Tab Combinlam", "15tablets", "3 tmesa dey", "7 days", "Syrup", "Dosapo", "Froquoncy", "Duratlon", "Syrup Grillnctus tm", "10ml", "3tims doy", "7days", "Syrup Corox-dx", "10ml", "3timday", "30dys", "Advico:", "-Tako tod rst", "Eat nsy-to-dlgest food like boiled rice with dnl", "-Stytydrated"], "confidence": [0.9475247859954834, 0.8394729495048523, 0.9064761400222778, 0.8072863817214966, 0.738356351852417, 0.9671612977981567, 0.9012064933776855, 0.9420654773712158, 0.9902750849723816, 0.9623180627822876, 0.9235674142837524, 0.8647039532661438, 0.7692691087722778, 0.9136894941329956, 0.8971068263053894, 0.8909797668457031, 0.7051472663879395, 0.8654675483703613, 0.8760772347450256, 0.8927748799324036, 0.7271961569786072, 0.9083743095397949, 0.8604546785354614, 0.9086169004440308, 0.8345104455947876, 0.8513266444206238, 0.8574976325035095, 0.9273074269294739, 0.8309677243232727, 0.8452855944633484, 0.8879736661911011, 0.8990643620491028, 0.8336135745048523, 0.991462230682373, 0.983737587928772, 0.8228013515472412, 0.9466862082481384, 0.9693984985351562, 0.9905996918678284, 0.9702969789505005, 0.732460081577301, 0.8676953315734863, 0.9718355536460876, 0.9599877595901489, 0.7877011895179749, 0.9068120121955872, 0.9168723821640015, 0.7309774160385132, 0.8441435694694519, 0.9058265686035156], "label": [1, 1, 1, 0, 0, 0, 0]}