{"text": ["XYZ Hospital", "123 tlealth Street,Wellness City", "Phone:+1-234-587-890", "Patlant Nanx:Bob Wilson", ":80", "Doctor: Dr.Smith", "Medicine", "Dosuge", "Frequency", "Duration", "Tab Suno cold", "5tablets", "3mes doy", "10days", "Cap Omez", "20tblets", "2 m0s  duy", "5days", "Cap Pan d", "5tablets", "2 tmes a day", "30 days", "Tab Dolo650", "10tablets", "3 tmes aday", "t4duys", "Tab Pan d", "20tblets", "2 tmes a duy", "30 days", "TabNeurobin Forte", "15tablets", "3tmesaday", "30 days", "Syrup", "Dosapo", "Froquoncy", "Duratlon", "Syrup Zodox", "10ml", "2 tim doy", "14dy", "Syrup Corox-dx", "10ml", "3timsday", "Sday", "Advico:", "-Tako tod rst", "Eat nsy-to-digest food like boiled rice with dal", "-Stytydrated"], "confidence": [0.9436275362968445, 0.8380128741264343, 0.887463390827179, 0.8194724321365356, 0.812458336353302, 0.9476916790008545, 0.9307171702384949, 0.9740098118782043, 0.9852608442306519, 0.9629752039909363, 0.8650100231170654, 0.901167631149292, 0.7750561833381653, 0.8628065586090088, 0.8244376182556152, 0.9412925839424133, 0.7353242039680481, 0.8366293907165527, 0.903003454208374, 0.901509165763855, 0.7271961569786072, 0.8866694569587708, 0.835945188999176, 0.9247161149978638, 0.8303280472755432, 0.8394883275032043, 0.8963916301727295, 0.9145114421844482, 0.7506501078605652, 0.8500292897224426, 0.958307147026062, 0.9037178754806519, 0.8672081828117371, 0.863133430480957, 0.988613486289978, 0.8228013515472412, 0.9466862082481384, 0.9799938797950745, 0.9223028421401978, 0.9702969789505005, 0.7873589992523193, 0.9280709028244019, 0.9713419675827026, 0.9357630014419556, 0.7865440845489502, 0.7643508911132812, 0.9684262275695801, 0.7242653369903564, 0.9027966856956482, 0.9149673581123352], "label": [1, 1, 1, 0, 0, 0, 0]}