{"text": ["XYZ Hospital", "123 tlealth Street,Wellness City", "Phone:+1-234-587-890", "Patlant Namxo:John Davs", "Ap:57", "Doctor: Dr. Millor", "Medicine", "Dosage", "Frequency", "Duration", "TabNeurobin Forte", "5tablets", "20ms doy", "30 days", "TabCiplox500", "20 tblets", "3tmesaday", "5days", "Cap Omez", "5tablets", "3 tmesaday", "7 days", "TabAluhrodin500", "10tablets", "3 tmesa dey", "5 days", "Syrup", "Dosapo", "Froquancy", "Duration", "Syrup Corox-dx", "10ml", "2 tmdoy", "5days", "SyrupTus dx", "Sml", "2timday", "14dy", "Advico:", "-Tako tod rost", "Eat nsy-to-dlgest food like boiled dce with dal", "-Stayhydrated"], "confidence": [0.9565796852111816, 0.8467555046081543, 0.8651002049446106, 0.829464316368103, 0.770072877407074, 0.9698774814605713, 0.9286406636238098, 0.9033363461494446, 0.9823358058929443, 0.964890718460083, 0.9378272891044617, 0.901167631149292, 0.767784595489502, 0.8676621317863464, 0.9267589449882507, 0.9185055494308472, 0.8474195599555969, 0.8756504058837891, 0.8431096076965332, 0.8878754377365112, 0.8438262939453125, 0.8480218052864075, 0.7821550369262695, 0.9247161149978638, 0.7118796706199646, 0.8292598724365234, 0.9886301159858704, 0.8093938827514648, 0.9293076395988464, 0.9527572989463806, 0.9842513799667358, 0.9410436153411865, 0.722653865814209, 0.8852624893188477, 0.8755853772163391, 0.9197258949279785, 0.7565017938613892, 0.8365260362625122, 0.96641606092453, 0.7826339602470398, 0.9047735333442688, 0.8822523355484009], "label": [1, 1, 1, 0, 0, 0, 0]}