{"text": ["XYZ Hospital", "123 tlealth Street,Wellness City", "Phone:+1-234-587-890", "Patlant Namx:John Brown", ":74", "DoctorDr.Johnson", "Medicine", "Dosuge", "Frequency", "Duration", "TabCyclopom", "15tablets", "3mesdey", "7 days", "Tab Combinam", "t5tablets", "2 tm0s  duy", "$ days", "Cap Zovirax", "t5tblets", "3 tmesaday", "7 days", "Cap Co-lmmune", "20 tablets", "3 tmesa dey", "30 days", "Syrup", "Dosago", "Froquoncy", "Duratlon", "Syrup TusQx", "Sml", "2 tm doy", "10 day", "Syrup Corax", "10ml", "3timsday", "14day", "Advico:", "-Tako tod rost", "Eat nsy-to-dlgest food like boiled rice with dal", "-Stayhydrated"], "confidence": [0.9544928669929504, 0.8383288979530334, 0.8649359941482544, 0.8670793771743774, 0.8511033058166504, 0.9636654257774353, 0.9259157180786133, 0.9427713751792908, 0.9905779957771301, 0.955414891242981, 0.8824150562286377, 0.8927748799324036, 0.8336987495422363, 0.8594018816947937, 0.9124307632446289, 0.8833587169647217, 0.7051472663879395, 0.9359393119812012, 0.8862808346748352, 0.9061143398284912, 0.8439608812332153, 0.8720644116401672, 0.858585000038147, 0.8983814120292664, 0.8120609521865845, 0.8500292897224426, 0.9720994234085083, 0.8496239185333252, 0.8970111012458801, 0.8653408288955688, 0.9368862509727478, 0.8684621453285217, 0.7740520238876343, 0.7860756516456604, 0.8721597194671631, 0.911413848400116, 0.7808237075805664, 0.7760825753211975, 0.9683253169059753, 0.7933914065361023, 0.9031388163566589, 0.8757689595222473], "label": [1, 1, 1, 0, 0, 0, 0]}