{"text": ["XYZ Hospital", "123 tlealth Street,Wellness City", "Phone:+1-234-587-890", "Patlnt NanJan D", "Ap:75", "Doctor:Dr.Smith", "Medidine", "Dosuge", "Frequency", "Qurabon", "Tab Pan d", "10 tablets", "20ms dey", "7 days", "Tab Sumo cold", "15tablets", "3 umes doy", "$ duys", "Tab Cetine", "5tablets", "3tmesaday", "30 days", "Tab Combinam", "10tablets", "2 tmesa day", "7 days", "TabAllegra", "15tablets", "3 tmesaday", "10days", "TabDolo650", "10tablets", "3 tmesa dey", "30 days", "Syrup", "Dosapo", "Froquoncy", "Duratlon", "Syrup Corox", "Sml", "2 timdoy", "7days", "Syrup TusQx", "Sml", "2timday", "30dys", "Advico:", "-Tako tod rst", "Eat nsy-to-digest food like boiled rice with dnl", "-Stytydrated"], "confidence": [0.9484565258026123, 0.8395678997039795, 0.8962975740432739, 0.8611630797386169, 0.7691259980201721, 0.9484691619873047, 0.9188768863677979, 0.9415733814239502, 0.9902750849723816, 0.8740919232368469, 0.9158036112785339, 0.8778047561645508, 0.7692691087722778, 0.8633471131324768, 0.8692671656608582, 0.8959775567054749, 0.7165395617485046, 0.9324522018432617, 0.9235197305679321, 0.916618824005127, 0.859169065952301, 0.8451920747756958, 0.9234042167663574, 0.9273074269294739, 0.805739164352417, 0.8480218052864075, 0.9189688563346863, 0.8647039532661438, 0.8478784561157227, 0.8655838966369629, 0.8888969421386719, 0.9273074269294739, 0.7851676344871521, 0.8513266444206238, 0.9882689714431763, 0.8228013515472412, 0.9466862082481384, 0.9799938797950745, 0.8926152586936951, 0.860496461391449, 0.7554259300231934, 0.9169468879699707, 0.9398233294487, 0.927854061126709, 0.7733154892921448, 0.9068120121955872, 0.9686400294303894, 0.6960872411727905, 0.8460922241210938, 0.9058265686035156], "label": [1, 0, 1, 0, 0, 0, 0]}