{"text": ["XYZ Hospital", "123 tlealth Street,Wellness City", "Phone:+1-234-587-890", "Patlont Nanx:Graco Millor", "Ap:65", "Doctor:Dr.Smith", "Medicine", "Dosuge", "Frequency", "Duration", "Tab Allegra", "5 tablets", "20ms doy", "7 duys", "Tab Cyclopam", "5 tablets", "3tmesaday", "4duys", "Tab Triz", "5 tablets", "2 tmes a duy", "4 duys", "Tab Combinam", "5tablets", "2 tms  doy", "5days", "Syrup", "Dosopo", "Froquancy", "Duratlon", "Syrup Brozodax", "10ml", "2 tmdoy", "10days", "Advico:", "-Tako bod rost", "Eat nsy-to-dlgest food like boiled rice with dal", "-Stynydrated"], "confidence": [0.9533526301383972, 0.8484009504318237, 0.8798349499702454, 0.8123951554298401, 0.6137485504150391, 0.9774691462516785, 0.9286406636238098, 0.979745090007782, 0.9815905094146729, 0.955414891242981, 0.8999242782592773, 0.863848865032196, 0.7529489994049072, 0.8653728365898132, 0.8950569033622742, 0.8665355443954468, 0.8034953474998474, 0.9083743095397949, 0.8540539145469666, 0.8705056309700012, 0.9000213742256165, 0.9403669238090515, 0.9478294253349304, 0.8909797668457031, 0.7103807330131531, 0.8882506489753723, 0.9648305773735046, 0.7810644507408142, 0.935694694519043, 0.9634062051773071, 0.9844931364059448, 0.9658069610595703, 0.7310596704483032, 0.869358479976654, 0.9288334846496582, 0.7142534255981445, 0.8857390284538269, 0.8983654975891113], "label": [1, 0, 1, 0, 0, 0, 0]}