{"text": ["XYZ Hospital", "123 tlealth Street,Wellness City", "Phone:+1-234.587-890", "Patlant Namx:Llam Whito", "p:38", "Doctor: Dr.Johnson", "Medicine", "Dosuge", "Frequency", "Duration", "Tab Cyciomeff", "5 tablets", "3mesday", "$ duys", "Tab Combinam", "5tablets", "3tmesaday", "30 days", "Tab Evion", "15tablets", "3 tmesa duy", "5 days", "Tab Cetine", "10tablets", "2tmesa day", "7 days", "TabAluhrocin S00", "15tablets", "3 tmesaday", "4duys", "TabClavum 025", "20 tablets", "2 tmes a doy", "30 days", "Syrup", "Dosago", "Froquoncy", "Duratlon", "SyrupZodax", "Sml", "2tm doy", "14dy", "Advico:", "-Tako to rost", "Eat nsy-to-digest food like boiled dce with dnl", "Stoytydrated"], "confidence": [0.9549853205680847, 0.8440488576889038, 0.8531273007392883, 0.8260200619697571, 0.6243124008178711, 0.9613249897956848, 0.9323613047599792, 0.9740098118782043, 0.98100346326828, 0.965709924697876, 0.8398892879486084, 0.887381374835968, 0.824687123298645, 0.8555317521095276, 0.9162878394126892, 0.8909797668457031, 0.8278234004974365, 0.8513266444206238, 0.9262643456459045, 0.867788553237915, 0.8074479699134827, 0.7493965029716492, 0.9406825304031372, 0.9273074269294739, 0.8158695101737976, 0.861883819103241, 0.7637125253677368, 0.8647039532661438, 0.8478784561157227, 0.9083743095397949, 0.7941843867301941, 0.8797799944877625, 0.7914690375328064, 0.8867191672325134, 0.9719002842903137, 0.9641801714897156, 0.9638596773147583, 0.9843534231185913, 0.8580468893051147, 0.927854061126709, 0.7230568528175354, 0.932861328125, 0.9678854942321777, 0.7472838163375854, 0.8616782426834106, 0.8621355891227722], "label": [1, 0, 1, 0, 0, 0, 0]}