{"text": ["XYZ Hospital", "123 tlealth Street,Wellnes City", "Phone:+1-234-587-890", "Patlont Nanx:Mla Davs", "Apo:55", "Doctor: Dr.Johnson", "Medicine", "Dosage", "Frequency", "Duration", "Cap Omez", "15tablets", "20ms doy", "t4 days", "Tab Triz", "5tablets", "3tmesaday", "30 days", "Tab Cetine", "t5tblets", "2tmesaday", "4 days", "TabAluhrocin S00", "t5tablets", "3 tmesadey", "10days", "Syrup", "Dosago", "Froquancy", "Duratlon", "Syrup TusQ-dx", "Sml", "3tims doy", "14 day", "Advico:", "-Tako bod rost", "Eat nsy-to-dlgest food like boiled rice with dal", "-Stynydrated"], "confidence": [0.9484283924102783, 0.8448141813278198, 0.8976541757583618, 0.8329941034317017, 0.7298091053962708, 0.9527370929718018, 0.9307171702384949, 0.8880900740623474, 0.9838371276855469, 0.9623180627822876, 0.8444668054580688, 0.8927748799324036, 0.7564270496368408, 0.9380125999450684, 0.9879308342933655, 0.8909797668457031, 0.8034953474998474, 0.8663529753684998, 0.9146391153335571, 0.8782268762588501, 0.8434746265411377, 0.8880710601806641, 0.7606448531150818, 0.8856318593025208, 0.7185487747192383, 0.924377977848053, 0.9728748202323914, 0.9117240309715271, 0.9584259390830994, 0.9347891807556152, 0.9570626020431519, 0.8684621453285217, 0.7523825764656067, 0.7830430865287781, 0.9288334846496582, 0.7142534255981445, 0.8857390284538269, 0.897238552570343], "label": [1, 1, 1, 0, 0, 0, 0]}