{"text": ["XYZ Hospital", "123 tlealth Street,Wellness City", "Phone:+1-234-587-890", "Patlont Nanx:Llam Brown", ":63", "Doctor: Dr.Lao", "Medicine", "Dosage", "Frequency", "Duration", "TabZole fcreum", "5tablets", "20ms dey", "7 days", "TabAlurocin 500", "15tablets", "3 tmes doy", "4duys", "Tab Cyciopam", "5tablets", "3 tmesa doy", "7 days", "Tab Trz", "20 tblets", "2 tmesa day", "7 days", "Cap Zovirax", "15tablets", "3 tmesaday", "5days", "Cap Co-Immune", "10tablets", "2 tmes a doy", "10days", "Syrup", "Dosapo", "Froquoncy", "Duratlon", "Syrup TusQ dx", "10ml", "3tims doy", "5days", "Syrup TusQ-dx", "Sml", "3timday", "Sday", "Advico:", "-Tako tod rst", "Eat nsy-to-digest food like boiled rice with dal", "-Stytydrated"], "confidence": [0.9534003138542175, 0.8380128741264343, 0.8895711898803711, 0.8236976861953735, 0.6668195724487305, 0.8997843861579895, 0.930323600769043, 0.9033363461494446, 0.985968291759491, 0.955414891242981, 0.9036733508110046, 0.901167631149292, 0.7692691087722778, 0.861883819103241, 0.8026662468910217, 0.8647039532661438, 0.7266961336135864, 0.9136894941329956, 0.8579940795898438, 0.916618824005127, 0.7852831482887268, 0.861883819103241, 0.9231915473937988, 0.9086169004440308, 0.8068044185638428, 0.8452855944633484, 0.8877450823783875, 0.8647039532661438, 0.8438262939453125, 0.8520981669425964, 0.8800039887428284, 0.9273074269294739, 0.7914705872535706, 0.924377977848053, 0.983737587928772, 0.8228013515472412, 0.9466862082481384, 0.9907147288322449, 0.940744936466217, 0.9702969789505005, 0.732460081577301, 0.8846160173416138, 0.9553414583206177, 0.927854061126709, 0.7877011895179749, 0.7481143474578857, 0.9699703454971313, 0.7242653369903564, 0.9020175933837891, 0.9058265686035156], "label": [1, 1, 1, 0, 0, 0, 0]}