{"text": ["XYZ Hospital", "123 tlealth Street,Wellness City", "Phone:+1-234.587-890", "PatlntNam:Llam R", "p:23", "Doctor: Dr.Lao", "Medicine", "Dosuge", "Frequency", "Duration", "TabAluhrodin500", "20 tblets", "3mesday", "4duys", "Tab Pan d", "t5tablets", "3 umes duy", "5 days", "TabDolo 650", "t5tblets", "2 tmes a duy", "7 days", "Tab Triz", "20 tablets", "3 tmesa dey", "10days", "Syrup", "Dosago", "Froquoncy", "Duratlon", "Syrup Fobrox plus", "Sml", "3tms doy", "10day", "Syrup Cypon", "Sml", "2timday", "5doy", "Advico:", "-Tako bod rost", "Eat nsy-to-digest food like boiled dce with dal", "-Staytydrated"], "confidence": [0.9539773464202881, 0.8392036557197571, 0.8577502369880676, 0.7961746454238892, 0.7894628047943115, 0.9044675827026367, 0.9286406636238098, 0.9427713751792908, 0.9838371276855469, 0.9622949361801147, 0.791504979133606, 0.9135541915893555, 0.8170825242996216, 0.9136894941329956, 0.9056241512298584, 0.8836497068405151, 0.7057475447654724, 0.7889420986175537, 0.8557758927345276, 0.9061143398284912, 0.7834978699684143, 0.8720644116401672, 0.9694429636001587, 0.8983814120292664, 0.7729131579399109, 0.948091983795166, 0.9728748202323914, 0.8496239185333252, 0.9251506328582764, 0.9659328460693359, 0.992190957069397, 0.8684621453285217, 0.7114845514297485, 0.7873427867889404, 0.9235284328460693, 0.9197258949279785, 0.8054354786872864, 0.7402545213699341, 0.967370867729187, 0.8304697871208191, 0.9078223705291748, 0.9250409007072449], "label": [1, 0, 1, 0, 0, 0, 0]}