{"text": ["XYZ Hospital", "123 tlealth Street,Wellness City", "Phone:+1-234-587-890", "Patlant Namx:John Ro", ":20", "Doctor: Dr.Lao", "Medicine", "Dosage", "Frequency", "Duration", "TabNeurobin Forte", "5tablets", "3mesaday", "30 days", "Tab Cyciomeff", "20 tblets", "20mesaday", "10days", "TabCyclopam", "15tablets", "2 tmes aday", "t4days", "Cap Colmmune", "15tablets", "2 tms a doy", "5 days", "Tab Triz", "5tablets", "2tmesaday", "30 days", "Syrup", "Dosapo", "Froquoncy", "Duratlon", "Syrup Corox", "Sml", "3timsday", "10day", "Advico:", "-Tako tod rost", "Eat nsy-to-digest food like boiled dce with dal", "-Staytydrated"], "confidence": [0.9544302821159363, 0.8388950228691101, 0.8651002049446106, 0.818336009979248, 0.8861050605773926, 0.8841814994812012, 0.9278041124343872, 0.9033363461494446, 0.986274003982544, 0.964890718460083, 0.9551669955253601, 0.9079194068908691, 0.8035884499549866, 0.8676621317863464, 0.8463979959487915, 0.9248446226119995, 0.7784956693649292, 0.9213528037071228, 0.8910019397735596, 0.8913987278938293, 0.762387216091156, 0.8406792283058167, 0.9012457728385925, 0.8781495094299316, 0.7903292179107666, 0.8051655292510986, 0.9775725603103638, 0.9057856798171997, 0.8561273813247681, 0.8867191672325134, 0.9747051000595093, 0.9054598808288574, 0.9749724864959717, 0.9654592275619507, 0.9781517386436462, 0.9197258949279785, 0.7220712900161743, 0.8202261924743652, 0.9675191640853882, 0.8328365683555603, 0.89924156665802, 0.9372954964637756], "label": [1, 1, 1, 0, 0, 0, 0]}