{"text": ["XYZ Hospital", "123 tlealth Street,Wellness City", "Phone:+1-234.587-890", "Patlant Namx:Jano Davs", "p:5", "Doctor: Dr. Smith", "Medicine", "Dosuge", "Frequency", "Duration", "Tab Zole fcrem", "15tablets", "20ms doy", "4duys", "TabCiplox500", "5tablets", "3umesaday", "7 days", "TabAllegra", "5tablets", "2mes aday", "5 days", "Cap CoImmune", "10tablets", "2tmesa dey", "10days", "Tab Febrexplus", "15tablets", "3 tmesaday", "10 duys", "Cap Zovirax", "5tablets", "3 tmesa dey", "7 days", "Syrup", "Dosago", "Froquoncy", "Duratlon", "Syrup Cypon", "Sml", "2tmdoy", "10days", "Advico:", "-Tako to rost", "Eat nsy-to-digest food like boiled dce with dnl", "Stoy bydrated"], "confidence": [0.9566960334777832, 0.8472570776939392, 0.8531273007392883, 0.8220329880714417, 0.5828918814659119, 0.9743456840515137, 0.954825758934021, 0.9412831664085388, 0.9790523052215576, 0.9623180627822876, 0.8912264108657837, 0.8656508922576904, 0.7529489994049072, 0.9136894941329956, 0.9435054659843445, 0.9020013213157654, 0.8562780022621155, 0.861883819103241, 0.9526650309562683, 0.9159331321716309, 0.7745811939239502, 0.7547540068626404, 0.8830583691596985, 0.9247161149978638, 0.8095513582229614, 0.8626441955566406, 0.9453102946281433, 0.8647039532661438, 0.8478784561157227, 0.8750689625740051, 0.840195894241333, 0.8909797668457031, 0.8175655603408813, 0.8767657279968262, 0.9719002842903137, 0.9144992828369141, 0.8976813554763794, 0.9845994710922241, 0.9840652942657471, 0.9028758406639099, 0.7155683040618896, 0.8282742500305176, 0.9678854942321777, 0.7702858448028564, 0.861255407333374, 0.7900274991989136], "label": [1, 1, 1, 0, 0, 0, 0]}