{"text": ["XYZ Hospital", "123 tlealth Street,Wellness City", "Phone:+1-234.587-890", "Patlant Nanx:Davld D", "4", "Doctor: Dr. Millor", "Medicine", "Dosuge", "Frequency", "Duration", "Tab Allegra", "20tblets", "3mesday", "5 days", "TabCyciomeff", "5tablets", "3 0ms dey", "7 days", "TabAluhrocin500", "20 tblets", "3 tmesa day", "14days", "Cap Colmmune", "10 tablets", "2 tmsa dey", "5 days", "Tab Sumo cold", "10 tablets", "2tmesaday", "30 days", "Syrup", "Dosapo", "Froquoncy", "Qurptlon", "Syrup Cypon", "Sml", "2timday", "10day", "Advico:", "-Tako tod rost", "Eat nsy-to-dlgest food like boiled dce with dal", "-Stayhydrated"], "confidence": [0.95541912317276, 0.8471035957336426, 0.8541738390922546, 0.7887244820594788, 0.9781603217124939, 0.9603952765464783, 0.930323600769043, 0.9427713751792908, 0.9838371276855469, 0.965709924697876, 0.8999242782592773, 0.9343926906585693, 0.8203554749488831, 0.7393367886543274, 0.8750760555267334, 0.895728349685669, 0.7231447696685791, 0.8767657279968262, 0.7338657379150391, 0.9185055494308472, 0.7573702335357666, 0.8488211035728455, 0.9026245474815369, 0.901634693145752, 0.8031952977180481, 0.8013837933540344, 0.8999277353286743, 0.901634693145752, 0.8561273813247681, 0.8853435516357422, 0.9747051000595093, 0.9054598808288574, 0.9749724864959717, 0.857977032661438, 0.9516541957855225, 0.9197258949279785, 0.7432094216346741, 0.8202261924743652, 0.9691476225852966, 0.7905479669570923, 0.9010121822357178, 0.8896684050559998], "label": [1, 1, 1, 0, 0, 0, 0]}