{"text": ["XYZ Hospital", "123 tlealth Street,Wellness City", "Phone:+1-234-587-890", "Patlant Namxo:John Johnson", "p:43", "Doctor:Dr.Johnson", "Medicine", "Dosage", "Frequency", "Duration", "TabCyciopam", "5tablets", "20ms day", "5 days", "Cup Omez", "20 tblets", "3tmesadey", "10days", "Cap Dilantn", "5tablets", "2 tmes day", "t4days", "Tab Combinam", "15tablets", "2 tms a doy", "10days", "TabCiplox 500", "15tablets", "3tmesaday", "7 days", "Syrup", "Dosapo", "Froquoncy", "Duratlon", "Syrup Brozodax", "10ml", "2timday", "7day", "Advico:", "-Tako tod rost", "Eat nsy-to-dlgest food like boiled dce with dal", "-Staytydrated"], "confidence": [0.9555370807647705, 0.8386499881744385, 0.8651002049446106, 0.876421332359314, 0.7557733058929443, 0.9608502388000488, 0.8984020948410034, 0.9033363461494446, 0.9560942053794861, 0.964890718460083, 0.8900932669639587, 0.901167631149292, 0.7605679631233215, 0.7393367886543274, 0.8358619213104248, 0.9086169004440308, 0.7950026392936707, 0.9015160202980042, 0.8924924731254578, 0.8846966028213501, 0.7324858903884888, 0.8406792283058167, 0.914067804813385, 0.8730565309524536, 0.7903292179107666, 0.924377977848053, 0.9231156706809998, 0.8865651488304138, 0.8785970211029053, 0.8720644116401672, 0.9747051000595093, 0.8934853076934814, 0.9749724864959717, 0.910537838935852, 0.9832631349563599, 0.9347427487373352, 0.7432094216346741, 0.8434621095657349, 0.9671358466148376, 0.8324451446533203, 0.9010859727859497, 0.9319948554039001], "label": [1, 1, 1, 0, 0, 0, 0]}