{"text": ["XYZ Hospital", "123 tlealth Street,Wellness City", "Phone:+1-234.587-890", "PatlntNam:Evo D", "p:78", "Doctor: Dr.Lao", "Medicine", "Dosuge", "Frequency", "Duration", "Tab Evlon", "10tablets", "20ms doy", "5days", "Tab Dolonexdt", "15tablets", "20mes dey", "30 days", "TabAllegra", "20 tblets", "3 tmes dey", "5days", "Cap Dilanun", "15tablets", "3tmes aday", "10days", "Cap Pan d", "15tablets", "2tmesaday", "7 days", "Syrup", "Dosago", "Froquoncy", "Duratlon", "Syrup Corox", "10ml", "2timday", "10day", "Advico:", "-Tako tod rost", "Eat nsy-to-digest food like boiled dce with dal", "-Staytydrated"], "confidence": [0.9469106793403625, 0.8413002490997314, 0.8571933507919312, 0.8287850618362427, 0.7854874134063721, 0.9070560336112976, 0.9180112481117249, 0.9375312328338623, 0.9838371276855469, 0.965709924697876, 0.9166435599327087, 0.9273074269294739, 0.7558252215385437, 0.8691898584365845, 0.9386523365974426, 0.9092390537261963, 0.7687022686004639, 0.8867191672325134, 0.965808093547821, 0.9248446226119995, 0.7872068881988525, 0.8950570225715637, 0.9455422759056091, 0.8865138292312622, 0.8494118452072144, 0.9213528037071228, 0.8858659863471985, 0.8865651488304138, 0.8579052090644836, 0.8720644116401672, 0.9720994234085083, 0.8300634026527405, 0.9546997547149658, 0.8988408446311951, 0.9576653838157654, 0.9347427487373352, 0.7614628672599792, 0.8202261924743652, 0.9675191640853882, 0.8305254578590393, 0.8992130160331726, 0.9372954964637756], "label": [1, 1, 1, 0, 0, 0, 0]}