{"text": ["XYZ Hospital", "123 tlealth Street,Wellness City", "Phone:+1-234.587-890", "PatlantNamx:Evo Brown", "p:31", "Doctor: Dr.Lao", "Medicine", "Dosuge", "Frequency", "Duration", "TabCyciomelf", "10 tablets", "20ms doy", "10days", "Tab Evion", "5tablets", "2tmesaday", "7 days", "Tab Thiz", "S tablets", "2 tmes aday", "10 days", "Tab Allegra", "10 tablets", "2 tms a dey", "5 days", "Tab Pand", "5 tablets", "3 tmesaday", "5days", "Syrup", "Dosago", "Froquoncy", "Duratlon", "Syrup Cypon", "Sml", "2timday", "14day", "Advico:", "-Tako tod rst", "Eat nsy-to-dlgest food like boiled dce with dal", "-Staytydrated"], "confidence": [0.9494788646697998, 0.8380128741264343, 0.8571933507919312, 0.8327029347419739, 0.739750325679779, 0.8997843861579895, 0.930323600769043, 0.908909797668457, 0.9832684397697449, 0.9623180627822876, 0.8675255179405212, 0.9107781648635864, 0.7563122510910034, 0.9210941195487976, 0.9439893364906311, 0.8912277221679688, 0.8168069124221802, 0.8720644116401672, 0.8237869143486023, 0.8123505711555481, 0.7311189770698547, 0.8690416216850281, 0.8760772943496704, 0.8958706855773926, 0.6934864521026611, 0.8013837933540344, 0.9239778518676758, 0.8480369448661804, 0.8335834741592407, 0.8882506489753723, 0.9720994234085083, 0.8360254764556885, 0.9772065281867981, 0.8995916843414307, 0.9534070491790771, 0.9197258949279785, 0.759349524974823, 0.7760825753211975, 0.9691476225852966, 0.7383317947387695, 0.9010121822357178, 0.937537431716919], "label": [1, 0, 1, 0, 0, 0, 0]}