{"text": ["XYZ Hospital", "123 tlealth Street,Wellness City", "Phone:+1-234.587-890", "Patlant Namx:Allco Davs", ":39", "Doctor: Dr. Millor", "Medicine", "Dosuge", "Frequency", "Duration", "Tab Sumo cold", "10tablets", "3mesday", "5 days", "Cap Dilanun", "10 tablets", "3 umes doy", "7 days", "Tab Cetine", "20 tblets", "3 tmesaday", "14days", "Tab Combilam", "t5tablets", "3 tmesa dey", "t4days", "Syrup", "Dosogo", "Froquoncy", "Duration", "Syrup TusQ-dx", "Sml", "3 tms doy", "5 days", "SyrupZodax", "Sml", "2timday", "10day", "Advico:", "-Tako bod rost", "Eat nsy-to-digest food like boiled dce with dal", "-Staytydrated"], "confidence": [0.9531888961791992, 0.8467555046081543, 0.8571933507919312, 0.7992494106292725, 0.8398079872131348, 0.9503445029258728, 0.930323600769043, 0.9349806904792786, 0.9838371276855469, 0.964890718460083, 0.9178419709205627, 0.9273074269294739, 0.8329204320907593, 0.7472350001335144, 0.9363678097724915, 0.9107781648635864, 0.7165395617485046, 0.8720644116401672, 0.9388286471366882, 0.9248446226119995, 0.8493043780326843, 0.8488211035728455, 0.91499263048172, 0.8862625360488892, 0.8120609521865845, 0.8406792283058167, 0.9747051000595093, 0.7991173267364502, 0.9251506328582764, 0.960390031337738, 0.9708334803581238, 0.8684621453285217, 0.6879984736442566, 0.8145861029624939, 0.8965408205986023, 0.9197258949279785, 0.8054354786872864, 0.7979649305343628, 0.967370867729187, 0.8304697871208191, 0.9078223705291748, 0.9250409007072449], "label": [1, 1, 1, 0, 0, 0, 0]}