{"text": ["XYZ Hospital", "123 tlealth Street,Wellness City", "Phone:+1-234.587-890", "PatlontNamx:Graco Wlllams", "p:02", "Doctor: Dr.Patol", "Medicine", "Dosuge", "Frequency", "Duration", "Cap Dilanun", "t5tablets", "3mesday", "30 days", "Cap Colmmune", "t5tablets", "3 umes doy", "7 days", "Cap Pan d", "t5tblets", "3 tmesaday", "5days", "Cap Zovirax", "10tablets", "2 tms a day", "5days", "Syrup", "Dosago", "Froquoncy", "Duration", "Syrup Cypon", "10ml", "3tms doy", "7days", "SyrupBrozodax", "10ml", "3timsday", "14dy", "Advico:", "-Tako tod rost", "Eat nsy-to-dlgest food like boiled rice with dal", "-Staytydrated"], "confidence": [0.9544302821159363, 0.8514718413352966, 0.8465229868888855, 0.8557218313217163, 0.5924407243728638, 0.9438773989677429, 0.9323613047599792, 0.9427713751792908, 0.9838371276855469, 0.964890718460083, 0.8892542123794556, 0.8831853270530701, 0.8359999656677246, 0.8676621317863464, 0.8869917392730713, 0.8836497068405151, 0.7165395617485046, 0.8480218052864075, 0.8972174525260925, 0.9061143398284912, 0.8439608812332153, 0.8701895475387573, 0.8704531192779541, 0.9247161149978638, 0.8000491857528687, 0.886221706867218, 0.9720994234085083, 0.8496239185333252, 0.9251506328582764, 0.9527572989463806, 0.9486499428749084, 0.9347427487373352, 0.7099467515945435, 0.928950309753418, 0.8927822113037109, 0.9165780544281006, 0.7829917669296265, 0.8365260362625122, 0.9677251577377319, 0.833768904209137, 0.9003981947898865, 0.9332470297813416], "label": [1, 1, 1, 0, 0, 0, 0]}