{"text": ["XYZ Hospital", "123 tlealth Street,Wellness City", "Phone:+1-234.587-890", "Patlant Namx:Charl D", "p:20", "DoctorDr.Tumor", "Medicine", "Dosuge", "Frequency", "Duration", "Tab Clavum 025", "5 tablets", "3mesaduy", "4duys", "Tab Neurobin Forte", "20 tblets", "3tmesaday", "7 days", "Tab Zole fcream", "15tablets", "3tmesaduy", "7 days", "Cap Pan d", "15tablets", "3tmesaday", "10days", "Tab Pan d", "10tablets", "3 tmesaday", "5days", "Cup Zovirax", "10tablets", "2 tmes a dey", "7 days", "Syrup", "Dosago", "Froquoncy", "Duratlon", "Syrup TusQ-dx", "10ml", "3tms doy", "30 dny", "Advico:", "-Tako to rost", "Eat nsy-to-digest food like boiled dce with dnl", "Stoytydrated"], "confidence": [0.9539994597434998, 0.836279034614563, 0.8581722378730774, 0.7921392321586609, 0.7556954622268677, 0.9747156500816345, 0.930323600769043, 0.9740098118782043, 0.98100346326828, 0.9629752039909363, 0.7999858856201172, 0.887381374835968, 0.8196605443954468, 0.9136894941329956, 0.9520790576934814, 0.8976051807403564, 0.8278234004974365, 0.8401936888694763, 0.8543280363082886, 0.8647039532661438, 0.8625564575195312, 0.8401936888694763, 0.9091485142707825, 0.9037178754806519, 0.8910602927207947, 0.924377977848053, 0.9074446558952332, 0.9273074269294739, 0.849814236164093, 0.8756504058837891, 0.8929455280303955, 0.9273074269294739, 0.728033721446991, 0.8404199481010437, 0.9719002842903137, 0.9395401477813721, 0.9442562460899353, 0.9885905981063843, 0.9382736682891846, 0.9717352390289307, 0.7066380381584167, 0.7926518321037292, 0.9678854942321777, 0.7472838163375854, 0.8616782426834106, 0.8621355891227722], "label": [1, 1, 1, 0, 0, 0, 0]}