{"text": ["XYZ Hospital", "123 tlealth Street,Wellness City", "Phone:+1-234-587-890", "Patlont Nanx:Jano Brown", "p:38", "Doctor: Dr. Millor", "Medicine", "Dosage", "Frequency", "Duration", "Tab Allegra", "20 tblets", "20ms doy", "10duys", "Tab Pan d", "10tablets", "2mes  duy", "4days", "TabClavum 25", "5tablets", "3 tmes a duy", "30 days", "TabAluhrocin 500", "5tablets", "2 tms  doy", "7 days", "Syrup", "Dosapo", "Froquancy", "Duratlon", "Syrup Corox-dx", "10ml", "2 tmdoy", "10day", "Advico:", "-Tako bod rost", "Eat nsy-to-dlgest food like boiled rice with dal", "-Stytydrated"], "confidence": [0.9541555047035217, 0.8385964632034302, 0.8895711898803711, 0.8404780626296997, 0.7383583188056946, 0.9521694183349609, 0.930323600769043, 0.8897534012794495, 0.9788968563079834, 0.9623180627822876, 0.8746972680091858, 0.9135541915893555, 0.7564270496368408, 0.9152160286903381, 0.9056241512298584, 0.9273074269294739, 0.7472155094146729, 0.8935898542404175, 0.8534749150276184, 0.9093613624572754, 0.8568880558013916, 0.8833222985267639, 0.7800543308258057, 0.8909797668457031, 0.7103807330131531, 0.8767657279968262, 0.9728748202323914, 0.7913495898246765, 0.935694694519043, 0.9200783967971802, 0.9220624566078186, 0.9658069610595703, 0.7245049476623535, 0.841717541217804, 0.9288334846496582, 0.7142534255981445, 0.8857390284538269, 0.9112634658813477], "label": [1, 0, 1, 0, 0, 0, 0]}