{"text": ["XYZ Hospital", "123 tlealth Street,Wellness City", "Phone:+1-234.587-890", "Patlant Namx:GracoJohnson", "p:52", "Doctor: Dr.Patol", "Medicine", "Dosage", "Frequency", "Duration", "Tab Evlon", "15tablets", "20ms doy", "30 duys", "TabDolo650", "20 tablets", "2tmesa day", "30 days", "Tab Suno cold", "5 tablets", "3 tmesa doy", "30 duys", "Cap Omez", "10tablets", "2tmesa day", "7 days", "Tab Cyciomelf", "5tablets", "2 tmes a duy", "7 days", "Tab Febrexplus", "15tablets", "2 tmes a doy", "$ days", "Syrup", "Dosago", "Froquoncy", "Duratlon", "SyrupZodax", "Sml", "3tms doy", "5 day", "Advico:", "-Tako tod rost", "Eat nsy-to-digest food like boiled dce with dnl", "Stoytydrated"], "confidence": [0.9547573924064636, 0.8488829135894775, 0.846886157989502, 0.8489900231361389, 0.7937837839126587, 0.9450865983963013, 0.892894983291626, 0.9033363461494446, 0.9790523052215576, 0.965709924697876, 0.9258427023887634, 0.8647039532661438, 0.7523245811462402, 0.9206424355506897, 0.870199978351593, 0.8967920541763306, 0.7703806161880493, 0.8513266444206238, 0.8852306008338928, 0.8569201231002808, 0.7852831482887268, 0.9069848656654358, 0.8324724435806274, 0.9247161149978638, 0.8158695101737976, 0.861883819103241, 0.8241682052612305, 0.9079194068908691, 0.7853452563285828, 0.8720644116401672, 0.9318828582763672, 0.9037178754806519, 0.7914690375328064, 0.9325768351554871, 0.9719002842903137, 0.9144992828369141, 0.9524527788162231, 0.9843534231185913, 0.8611130714416504, 0.927854061126709, 0.7066380381584167, 0.8135870099067688, 0.9678854942321777, 0.7726987600326538, 0.8616782426834106, 0.8621355891227722], "label": [1, 1, 1, 0, 0, 0, 0]}