{"text": ["XYZ Hospital", "123 tlealth Street,Wellness City", "Phone:+1-234.587-890", "Patlant Nanx:Davld Whito", "p:38", "Doctor: Dr.Johnson", "Medicine", "Dosuge", "Frequency", "Duration", "Tab Cyciopam", "10 tablets", "20ms doy", "14duys", "Tab Febrexplus", "5tablets", "3umesaday", "4duys", "Cap Dilanun", "5 tablets", "2tmesa duy", "30 duys", "Tab Trz", "5tablets", "3 tmesaday", "5days", "Cap Colmmune", "20tblets", "3 tmesaday", "14duys", "Tab Dolonex dt", "5tablets", "2 tmes a dey", "$ days", "Syrup", "Dosago", "Froquoncy", "Duratlon", "Syrup TusQ dx", "10ml", "3tms doy", "30 dny", "Advico:", "-Tako to rost", "Eat nsy-to-digest food like boiled dce with dnl", "-Stytydrated"], "confidence": [0.9489903450012207, 0.8410260081291199, 0.8575018644332886, 0.8336816430091858, 0.6243124008178711, 0.9664130806922913, 0.907014787197113, 0.9422492384910583, 0.9840719699859619, 0.9623180627822876, 0.896859884262085, 0.8778047561645508, 0.7532740831375122, 0.8650357723236084, 0.933662474155426, 0.8873331546783447, 0.8553208112716675, 0.9083743095397949, 0.9093580842018127, 0.8758335113525391, 0.782483696937561, 0.9156034588813782, 0.9565912485122681, 0.8909797668457031, 0.8511828184127808, 0.8366293907165527, 0.868248462677002, 0.9145114421844482, 0.849814236164093, 0.8798058032989502, 0.9170273542404175, 0.8909797668457031, 0.7939390540122986, 0.9325768351554871, 0.9719002842903137, 0.9582054018974304, 0.9529516696929932, 0.9814329147338867, 0.9441629648208618, 0.9717352390289307, 0.711635172367096, 0.7926518321037292, 0.9678854942321777, 0.7507117390632629, 0.8601347208023071, 0.9117138981819153], "label": [1, 1, 1, 0, 0, 0, 0]}