{"text": ["XYZ Hospital", "123 tlealth Street,Wellness City", "Phone:+1-234-587-890", "Patlont Nanx:Charlo D", "p:37", "Doctor: Dr.Lao", "Medicine", "Dosuge", "Frequency", "Duration", "TabCyciopom", "10tablets", "3mesday", "30 days", "Tab Cyciomeff", "10 tablets", "2mes  duy", "4days", "TabNeurobin Forte", "15tablets", "3 tmes a duy", "10 days", "Cap Zovirax", "t5tablets", "2 tmes a doy", "30 days", "Syrup", "Dosago", "Froquancy", "Duratlon", "Syrup Corx", "10ml", "3tims doy", "14 day", "Advico:", "-Takoto rost", "Eat nsy-to-dlgest food like boiled rice with dal", "-Stynydrated"], "confidence": [0.9534003138542175, 0.836279034614563, 0.8937011957168579, 0.7631757855415344, 0.7839953899383545, 0.8878427147865295, 0.930323600769043, 0.9054610133171082, 0.9838371276855469, 0.964890718460083, 0.8973501324653625, 0.9273074269294739, 0.8423354029655457, 0.8676621317863464, 0.8524599671363831, 0.9107781648635864, 0.7472155094146729, 0.9184122085571289, 0.958725094795227, 0.8927748799324036, 0.8568880558013916, 0.8690416216850281, 0.9113492965698242, 0.8856318593025208, 0.7713986039161682, 0.8500292897224426, 0.9852066040039062, 0.9191999435424805, 0.935694694519043, 0.9347891807556152, 0.9239195585250854, 0.9658069610595703, 0.7524159550666809, 0.7830430865287781, 0.9288334846496582, 0.6629655361175537, 0.8857390284538269, 0.8982930779457092], "label": [1, 1, 1, 0, 0, 0, 0]}