{"text": ["XYZ Hospital", "123 tlealth Street,Wellness City", "Phone:+1-234.587-890", "Patlont Namx:Charlo Smith", "p:32", "Doctor: Dr. Tumor", "Medicine", "Dosuge", "Frequency", "Duration", "Tab Cyciopum", "15tblets", "20ms dey", "30 duys", "Tab Pan d", "5tablets", "3tmesaday", "10days", "Tab Neurobin Forte", "5tablets", "2 tmes a day", "10 duys", "Tab Dolonexdt", "15tablets", "3 tmes aday", "7 days", "Tab Zole fcreum", "15tablets", "2 tmes a duy", "4duys", "Tab Sumo cold", "10tablets", "2 tms a doy", "4duys", "Syrup", "Dosago", "Froquoncy", "Duratlon", "Syrup Grillnctus tm", "Sml", "2tm doy", "7day", "Advico:", "-Tako tod rost", "Eat nsy-to-digest food like boiled dce with dnl", "Stoy bydrated"], "confidence": [0.9478399157524109, 0.8395678997039795, 0.8581722378730774, 0.8523650169372559, 0.7810633778572083, 0.9682013392448425, 0.930323600769043, 0.9740098118782043, 0.9790523052215576, 0.964890718460083, 0.8579152226448059, 0.9046850204467773, 0.7692691087722778, 0.9206424355506897, 0.9090089797973633, 0.8909797668457031, 0.8476455807685852, 0.8628065586090088, 0.9547458291053772, 0.9159331321716309, 0.7271961569786072, 0.8829830288887024, 0.9440218210220337, 0.8647039532661438, 0.8303280472755432, 0.8594018816947937, 0.8239755630493164, 0.8647039532661438, 0.7522758841514587, 0.9083743095397949, 0.887962281703949, 0.9273074269294739, 0.8156778216362, 0.9083743095397949, 0.9719002842903137, 0.9144992828369141, 0.9638596773147583, 0.9924637079238892, 0.983982503414154, 0.927854061126709, 0.7230568528175354, 0.940690815448761, 0.9678854942321777, 0.7463893890380859, 0.8616782426834106, 0.7917029857635498], "label": [1, 0, 1, 0, 0, 0, 0]}