{"text": ["XYZ Hospital", "123 tlealth Street,Wellness City", "Phone:+1-234.587-890", "PatlantNamx:Bob D", ":24", "DoctorDr.Smith", "Medicine", "Dosuge", "Frequency", "Duration", "TabNeurobin Forte", "15tablets", "3mesday", "30 days", "Cap CoImmune", "20 tablets", "3umesaday", "10days", "Tab Cetine", "15tablets", "2 tmes day", "7 days", "Tab Evion", "15tablets", "3tmes adey", "t4days", "Cap Zovirax", "10 tablets", "2tmesaday", "30 days", "Syrup", "Dosogo", "Froquoncy", "Duratlon", "Syrup TusQx", "10ml", "3timsday", "30dy", "Advico:", "-Tako tod rost", "Eat nsy-to-dlgest food like boiled dc with dnt", "-Stayhydrated"], "confidence": [0.95541912317276, 0.8437917232513428, 0.8555625081062317, 0.7931832671165466, 0.882969081401825, 0.9616527557373047, 0.930323600769043, 0.9427713751792908, 0.9838371276855469, 0.965709924697876, 0.9575040340423584, 0.8913987278938293, 0.8410215377807617, 0.8676621317863464, 0.8843796849250793, 0.9054545164108276, 0.8533411622047424, 0.9213528037071228, 0.9348623156547546, 0.8927748799324036, 0.7324858903884888, 0.8720644116401672, 0.9248191118240356, 0.8866697549819946, 0.8477534055709839, 0.8406792283058167, 0.857098400592804, 0.901634693145752, 0.8574197292327881, 0.8853435516357422, 0.9720994234085083, 0.8471839427947998, 0.9624842405319214, 0.9871726036071777, 0.9398233294487, 0.9347427487373352, 0.7220712900161743, 0.9668070673942566, 0.9694406390190125, 0.771105945110321, 0.8745375871658325, 0.8786836266517639], "label": [1, 1, 1, 0, 0, 0, 0]}