{"text": ["XYZ Hospital", "123 tlealth Street,Wellness City", "Phone:+1-234-587-890", "Patlont Nanx:Evo Millor", ":42", "Doctor: Dr.Smith", "Medicine", "Dosuge", "Frequency", "Duration", "Tab Allegra", "10tablets", "20ms doy", "30 days", "Cap Cypon", "10 tablets", "2mes  duy", "5days", "Tab Dolo 650", "10 tablets", "3 tmes a duy", "10 duys", "TabCyciopom", "20 tblets", "2 tmes a doy", "7 days", "Syrup", "Dosago", "Froquancy", "Duratlon", "Syrup TusQ-dx", "Sml", "3tims doy", "30day", "Advico:", "-Takoto rost", "Eat nsy-to-dlgest food like boiled rice with dal", "-Stynydrated"], "confidence": [0.950718343257904, 0.8406103849411011, 0.8966376185417175, 0.8448225855827332, 0.812186062335968, 0.9571533203125, 0.8984020948410034, 0.9054610133171082, 0.9838371276855469, 0.964890718460083, 0.8971193432807922, 0.9273074269294739, 0.7558689117431641, 0.8676621317863464, 0.9456389546394348, 0.8921223878860474, 0.7472155094146729, 0.8691898584365845, 0.8566291928291321, 0.8921223878860474, 0.8568880558013916, 0.8914344906806946, 0.8998404145240784, 0.9086169004440308, 0.7713986039161682, 0.8480218052864075, 0.9728748202323914, 0.9117240309715271, 0.935694694519043, 0.8653408288955688, 0.956437349319458, 0.8684621453285217, 0.7524159550666809, 0.888917088508606, 0.9288334846496582, 0.6708698868751526, 0.8857390284538269, 0.8975765705108643], "label": [1, 1, 1, 0, 0, 0, 0]}