{"text": ["XYZ Hospital", "123 tlealth Street,Wellness City", "Phone:+1-234-587-890", "Patlant Namx:John Brown", "Doctor: Dr. Millor", "Medicine", "Dosuge", "Frequency", "Duration", "Cap Dilanun", "10tablets", "3mesday", "5days", "Tab Cyciomeff", "10 tablets", "20mes day", "30 days", "TabClavum25", "10 tablets", "2 tmes aday", "30 days", "TabCiplox 500", "5tablets", "2tmesaday", "7 days", "Cap Cypon", "10 tablets", "2tmesaday", "7days", "Syrup", "Dosago", "Froquoncy", "Duratlon", "Syrup Corox-dx", "Sml", "3timsday", "30days", "Advico:", "-Tako tod rost", "Eat nsy-to-digest food like boiled dce with dal", "-Stayhydrated"], "confidence": [0.9544928669929504, 0.8383288979530334, 0.8649359941482544, 0.8658277988433838, 0.9484198689460754, 0.9240130186080933, 0.9349806904792786, 0.9838371276855469, 0.965709924697876, 0.8939189910888672, 0.9273074269294739, 0.8410215377807617, 0.8691898584365845, 0.8447007536888123, 0.9107781648635864, 0.7785812020301819, 0.8867191672325134, 0.8712878823280334, 0.8921223878860474, 0.762387216091156, 0.8866694569587708, 0.9074018001556396, 0.8902075290679932, 0.8693881630897522, 0.9913495182991028, 0.9610030651092529, 0.901634693145752, 0.8482097387313843, 0.9444330930709839, 0.9747051000595093, 0.9117240309715271, 0.9749724864959717, 0.9881021976470947, 0.9708073735237122, 0.9197258949279785, 0.7220712900161743, 0.8138046264648438, 0.9675191640853882, 0.8316531181335449, 0.89924156665802, 0.88934326171875], "label": [1, 1, 1, 0, 0, 0, 0]}