{"text": ["XYZ Hospital", "123 tlealth Street,Wellness City", "Phone:+1-234.587-890", "PatlantNamx:Mla Brown", ":30", "Doctor: Dr.Johnson", "Medicine", "Dosuge", "Frequency", "Duration", "Tab Sumo cold", "20 tblets", "3mesday", "7 duys", "Tab Neurobin Forte", "15tablets", "20mesaday", "10days", "TabA1urocin 500", "20 tblets", "2 tmes dey", "30 days", "Cap Zovirax", "10 tablets", "2 tms a dey", "7 days", "TabDolo650", "10 tablets", "3 tmesaday", "30 days", "Syrup", "Dosapo", "Froquancy", "Duratlon", "Syrup Corox", "10ml", "3tms doy", "5 days", "Syrup TusQ-dx", "Sml", "2tims doy", "10dny", "Advico:", "-Tako to rost", "Eat ensy-to-digest food like boiled rice with dnl", "Stoytydrated"], "confidence": [0.9478399157524109, 0.8474778532981873, 0.8575018644332886, 0.8498170971870422, 0.8873375058174133, 0.9701166152954102, 0.9286406636238098, 0.9427713751792908, 0.9788968563079834, 0.955414891242981, 0.9104427695274353, 0.9135541915893555, 0.8458738923072815, 0.8653728365898132, 0.946845293045044, 0.9090301990509033, 0.7241058349609375, 0.8626441955566406, 0.8137915730476379, 0.9248446226119995, 0.7354048490524292, 0.8833222985267639, 0.9169635772705078, 0.901634693145752, 0.7360888123512268, 0.8767657279968262, 0.9007070660591125, 0.901634693145752, 0.8460615277290344, 0.8867191672325134, 0.9703512191772461, 0.90386563539505, 0.9520361423492432, 0.9960426092147827, 0.9759426712989807, 0.9347427487373352, 0.7066380381584167, 0.9072994589805603, 0.9680420160293579, 0.9197258949279785, 0.7041686773300171, 0.7591055631637573, 0.9662078022956848, 0.7243521809577942, 0.844878613948822, 0.8652937412261963], "label": [1, 1, 1, 0, 0, 0, 0]}