{"text": ["XYZ Hospital", "123 tlealth Street,Wellness City", "Phone:+1-234-587-890", "Patlont Nanx:Graco Willlams", ":48", "Doctor: Dr.Lao", "Medicine", "Dosuge", "Frequency", "Qurabon", "Tab Allegra", "15tblets", "20ms dey", "7 days", "Cap Co-lmnune", "5tablets", "3 umes doy", "10days", "Tab Combinam", "15tablets", "2mes aday", "10 days", "Tab Evion", "10tablets", "3 tmes aday", "30 days", "Cap Dilanun", "15tablets", "3 tmesaday", "30 days", "Cap Omez", "10tablets", "3 tmesa dey", "t4days", "Syrup", "Dosapo", "Froquoncy", "Duratlon", "Syrup TusQ-dx", "Sml", "3tims doy", "5 days", "Syrup TusQ dx", "Sml", "3timsday", "S days", "Advico:", "-Takoto rst", "Eat nsy-to-digest food like boiled rice with dnl", "-Stynydrated"], "confidence": [0.9470403790473938, 0.851996898651123, 0.8675873875617981, 0.8204134702682495, 0.8382516503334045, 0.9027113318443298, 0.9052356481552124, 0.9420654773712158, 0.9902750849723816, 0.8740919232368469, 0.8861753940582275, 0.900070071220398, 0.7692691087722778, 0.8594018816947937, 0.8051742315292358, 0.8873331546783447, 0.7165395617485046, 0.8654675483703613, 0.9486439228057861, 0.867788553237915, 0.7745811939239502, 0.8341747522354126, 0.9262643456459045, 0.9273074269294739, 0.8291813135147095, 0.8853435516357422, 0.8621967434883118, 0.8647039532661438, 0.8478784561157227, 0.8853435516357422, 0.9003946781158447, 0.9273074269294739, 0.7826222777366638, 0.8406792283058167, 0.988613486289978, 0.8228013515472412, 0.9466862082481384, 0.9899555444717407, 0.9452909827232361, 0.860496461391449, 0.7311160564422607, 0.8219525814056396, 0.952340841293335, 0.927854061126709, 0.7874224185943604, 0.7549194693565369, 0.9699703454971313, 0.7354695796966553, 0.8460922241210938, 0.8896828293800354], "label": [1, 1, 1, 0, 0, 0, 0]}