{"text": ["XYZ Hospital", "123 tlealth Street,Wellness City", "Phone:+1-234.587-890", "Patlant Namx:Mla Ro", "p:45", "Doctor:Dr.Tumor", "Medicine", "Dosuge", "Frequency", "Duration", "Cap CoImmune", "15tablets", "3mesday", "4duys", "Tab Allegra", "5tablets", "3 tmes duy", "30 days", "Tab Cyciomelf", "10tablets", "2tmesaday", "7 days", "Tab Zole fcream", "5tblets", "3 tmesa dey", "5 days", "Syrup", "Dosago", "Froquoncy", "Duratlon", "Syrup Zodax", "Sml", "3tmsdoy", "30 days", "SyrupGrillnctus tm", "Sml", "3mday", "7day", "Advico:", "-Tako tod rost", "Eat nsy-to-dlgest food like boiled dce with dal", "-Stayhydrated"], "confidence": [0.9539100527763367, 0.8386499881744385, 0.8577502369880676, 0.7640092968940735, 0.7807413339614868, 0.9399983286857605, 0.9314273595809937, 0.9431764483451843, 0.9838371276855469, 0.9623180627822876, 0.8642305731773376, 0.8927748799324036, 0.8416870832443237, 0.9136894941329956, 0.8720228672027588, 0.895728349685669, 0.7430770993232727, 0.8663529753684998, 0.8458914160728455, 0.9247161149978638, 0.8578804135322571, 0.8720644116401672, 0.8785538077354431, 0.8720654249191284, 0.7325305938720703, 0.8369717597961426, 0.9720994234085083, 0.8347269892692566, 0.9697930216789246, 0.8947022557258606, 0.9834193587303162, 0.8684621453285217, 0.702323317527771, 0.9152647852897644, 0.906718373298645, 0.9197258949279785, 0.8256782293319702, 0.8190528750419617, 0.967370867729187, 0.7805749773979187, 0.9067167639732361, 0.8757371306419373], "label": [1, 1, 1, 0, 0, 0, 0]}