{"text": ["XYZ Hospital", "123 tlealth Street,Wellness City", "Phone:+1-234.587-890", "PatlantNam:Llam D", ":48", "DoctorDr.Johnson", "Medicine", "Dosuge", "Frequency", "Duration", "TabCiplox500", "15tablets", "20ms doy", "30 days", "TabAlurodin500", "t5tablets", "3 tmes doy", "5days", "Tab Clavum 025", "20 tablets", "2 tmes a duy", "5days", "Tab Cyciomelf", "10tablets", "3 tmesa dey", "30 days", "Syrup", "Dosago", "Froquoncy", "Duratlon", "Syrup Fobrox plus", "Sml", "2 tm doy", "4 day", "SyrupCorox-dx", "Sml", "3timsday", "14day", "Advico:", "-Tako tod rost", "Eat nsy-to-dlgest food like boiled dce with dal", "-Stayhydrated"], "confidence": [0.9565796852111816, 0.8392036557197571, 0.8577502369880676, 0.8034370541572571, 0.761138379573822, 0.9535832405090332, 0.9246234893798828, 0.9427713751792908, 0.9903016686439514, 0.964890718460083, 0.9385950565338135, 0.8910235166549683, 0.7564270496368408, 0.8676621317863464, 0.794031023979187, 0.8853757381439209, 0.7507402896881104, 0.8691898584365845, 0.8314865827560425, 0.8649319410324097, 0.78944331407547, 0.8950570225715637, 0.8436310291290283, 0.9247161149978638, 0.7706842422485352, 0.9300812482833862, 0.9728748202323914, 0.8496239185333252, 0.8694943189620972, 0.8676162958145142, 0.9885964393615723, 0.8684621453285217, 0.6975651979446411, 0.781293511390686, 0.8669589757919312, 0.9197258949279785, 0.7896937131881714, 0.7760825753211975, 0.9688101410865784, 0.8235440850257874, 0.9003587961196899, 0.880672037601471], "label": [1, 0, 1, 0, 0, 0, 0]}