{"text": ["XYZ Hospital", "123 tlealth Street,Wellness City", "Phone:+1-234.587-890", "Patlant Namx:Jano Wilson", "Ap:51", "Doctor: Dr.Patol", "Medicine", "Dosage", "Frequency", "Duration", "Tab Trtz", "20 tblets", "20ms doy", "10 days", "Tab Sumo cold", "5tablets", "20mesaday", "5days", "Cap Pan d", "20 tblets", "3tmes aday", "5 days", "Tab Allegra", "10 tablets", "2 tmsa dey", "10days", "Tab Neurobin Forte", "20 tablets", "2tmesaday", "t4days", "Syrup", "Dosapo", "Froquancy", "Duratlon", "Syrup Corx", "Sml", "3tms doy", "10dny", "Syrup Grillnctus bmd", "10ml", "3tims doy", "10dny", "Advico:", "-Tako tod rost", "Eat nsy-to-digest food like boiled rice with dnl", "Stoytydrated"], "confidence": [0.9441022872924805, 0.8445711135864258, 0.8589719533920288, 0.8390905857086182, 0.7661563158035278, 0.9543881416320801, 0.9254783391952515, 0.8897534012794495, 0.9788968563079834, 0.9629752039909363, 0.788279116153717, 0.9135541915893555, 0.7523245811462402, 0.9802390336990356, 0.9101145267486572, 0.895728349685669, 0.7719011902809143, 0.8691898584365845, 0.9008833765983582, 0.9248446226119995, 0.8267742395401001, 0.7472350001335144, 0.9295462965965271, 0.901634693145752, 0.7916349172592163, 0.924377977848053, 0.9221484065055847, 0.8863240480422974, 0.8577829003334045, 0.8406792283058167, 0.9703512191772461, 0.7913495898246765, 0.9316151738166809, 0.9907678961753845, 0.8882611989974976, 0.9197258949279785, 0.7066380381584167, 0.6375325322151184, 0.935499370098114, 0.9401394128799438, 0.7529909014701843, 0.7591055631637573, 0.9687759280204773, 0.7586460113525391, 0.8504207730293274, 0.871784508228302], "label": [1, 1, 1, 0, 0, 0, 0]}