{"text": ["XYZ Hospital", "123 tlealth Street,Wellness City", "Phone:+1-234.587-890", "Patlont Namx:John Whito", ":07", "Doctor:Dr.Smith", "Medicine", "Dosage", "Frequency", "Duration", "Cap Omez", "5tablets", "3mesday", "5 days", "Tab Clavum 025", "5 tablets", "3tmesaday", "30 days", "Tab Dolonex dt", "t5tablets", "2 tmesa day", "7 days", "Tab Allegra", "20 toblets", "2 tms a doy", "10days", "Cap Colmmune", "10 tablets", "2tmesaday", "5days", "Syrup", "Dosapo", "Froquoncy", "Duratlon", "Syrup TusQ-dx", "10ml", "2timday", "7day", "Advico:", "-Tako tod rost", "Eat nsy-to-dlgest food like boiled dce with dal", "-Staytydrated"], "confidence": [0.9549286961555481, 0.8445388078689575, 0.8541738390922546, 0.8736180067062378, 0.7965459227561951, 0.9701091051101685, 0.9307171702384949, 0.9033363461494446, 0.9860424399375916, 0.965709924697876, 0.8322113752365112, 0.9079194068908691, 0.8334470987319946, 0.7472350001335144, 0.8332270979881287, 0.8665355443954468, 0.8203855156898499, 0.8867191672325134, 0.9189910292625427, 0.8774683475494385, 0.7550585269927979, 0.8767657279968262, 0.9164132475852966, 0.8743324279785156, 0.7903292179107666, 0.9213528037071228, 0.8872087597846985, 0.901634693145752, 0.8561273813247681, 0.8882506489753723, 0.9720994234085083, 0.8906665444374084, 0.9749724864959717, 0.9097633361816406, 0.9558829665184021, 0.9483411312103271, 0.7432094216346741, 0.8434621095657349, 0.96775883436203, 0.7908543944358826, 0.9010859727859497, 0.937537431716919], "label": [1, 1, 1, 0, 0, 0, 0]}