{"text": ["XYZ Hospital", "123 tlealth Street,Wellness City", "Phone:+1-234.587-890", "Patlont Namx:Chadlo Johnson", "p:33", "Doctor: Dr. Smith", "Medicine", "Dosage", "Frequency", "Duration", "TabCiplox500", "20 tblets", "3mesday", "7 duys", "Tab Dolonex dt", "15tablets", "20mes dey", "10days", "Tab Cetine", "10tablets", "3tmes aday", "10 days", "Cap Zovirax", "5tablets", "3tmesaday", "30 days", "TabA1urocin 500", "5tablets", "3 tmesaday", "7 days", "Syrup", "Dosapo", "Froquoncy", "Duratlon", "Syrup Fobroxplus", "Sml", "3tms doy", "14dy", "Syrup TusQ dx", "10ml", "3tims doy", "10dny", "Advico:", "-Tako bod rst", "Eat nsy-to-digest food like boiled rice with dnl", "Stoy bydrated"], "confidence": [0.9539191722869873, 0.8386703133583069, 0.8589719533920288, 0.8635477423667908, 0.8159250020980835, 0.9686621427536011, 0.954825758934021, 0.8897534012794495, 0.9788968563079834, 0.955414891242981, 0.9396529793739319, 0.9135541915893555, 0.843670666217804, 0.8653728365898132, 0.9161346554756165, 0.8927748799324036, 0.7687022686004639, 0.9015160202980042, 0.9073459506034851, 0.9273074269294739, 0.827694296836853, 0.8622841835021973, 0.9172304272651672, 0.9079194068908691, 0.8797613978385925, 0.8867191672325134, 0.8223873376846313, 0.9079194068908691, 0.8439608812332153, 0.8767657279968262, 0.974157989025116, 0.7913495898246765, 0.9345409870147705, 0.9957352876663208, 0.8657676577568054, 0.927854061126709, 0.7060664892196655, 0.8365260362625122, 0.9829253554344177, 0.9616332650184631, 0.7523825764656067, 0.7591055631637573, 0.96775883436203, 0.7464123964309692, 0.8504207730293274, 0.806763768196106], "label": [1, 1, 1, 0, 0, 0, 0]}