{"text": ["XYZ Hospital", "123 tlealth Street,Wellness City", "Phone:+1-234.587-890", "Patlant Namx:Evo Millor", "p:34", "Doctor: Dr.Patol", "Medicine", "Dosuge", "Frequency", "Duration", "Tab Pan d", "15tablets", "20ms doy", "30 duys", "Tab Febrex plus", "5tablets", "20mes dey", "10days", "Cap Omez", "10 tablets", "2 tmes a day", "30 days", "Tab Allegr", "t5tablets", "2tmesa dey", "4days", "TabClavum 025", "20tablets", "2tmesaday", "30 days", "Syrup", "Dosapo", "Froquoncy", "Quratlon", "Syrup TusQ dx", "Sml", "2timdy", "10day", "Advico:", "-Tako tod rost", "Eat nsy-to-dlgest food like boiled dce with dal", "-Staytydrated"], "confidence": [0.9524534344673157, 0.8400601148605347, 0.8541738390922546, 0.8476916551589966, 0.7649431824684143, 0.9450865983963013, 0.9271574020385742, 0.9420654773712158, 0.9838371276855469, 0.964890718460083, 0.8942930698394775, 0.8927748799324036, 0.7509677410125732, 0.9051676392555237, 0.9143819808959961, 0.895728349685669, 0.7744828462600708, 0.9015160202980042, 0.8963239192962646, 0.8921223878860474, 0.7696760296821594, 0.8853435516357422, 0.9206778407096863, 0.8830724954605103, 0.848609447479248, 0.9184122085571289, 0.7955819368362427, 0.8978633880615234, 0.8577829003334045, 0.8853435516357422, 0.9747051000595093, 0.9054598808288574, 0.9749724864959717, 0.9072468280792236, 0.9476492404937744, 0.9197258949279785, 0.8333203196525574, 0.8202261924743652, 0.9675191640853882, 0.7913121581077576, 0.89730304479599, 0.937537431716919], "label": [1, 1, 1, 0, 0, 0, 0]}