{"text": ["XYZ Hospital", "123 tlealth Street,Wellness City", "Phone:+1-234-587-890", "Patlont Nanx:Evo Davls", "Ap:52", "Doctor: Dr. Tumor", "Medicine", "Dosage", "Frequency", "Duration", "Tab Tiz", "20 tblets", "20ms doy", "7 duys", "Tab Cetine", "10 tablets", "3umesaday", "5days", "Tab Pan d", "10tablets", "3 tmes a duy", "7 days", "TabCiplox 500", "15tablets", "2 tmes a doy", "10days", "Syrup", "Dosago", "Froquancy", "Duratlon", "Syrup Cypon", "Sml", "3tims doy", "7days", "Advico:", "-Tako bod rost", "Eat nsy-to-dlgest food like boiled rice with dal", "-Stynydrated"], "confidence": [0.9519359469413757, 0.8389764428138733, 0.8954404592514038, 0.7861976623535156, 0.7315886616706848, 0.9459905028343201, 0.930323600769043, 0.8897534012794495, 0.9788968563079834, 0.9623180627822876, 0.8156980872154236, 0.9135541915893555, 0.7564270496368408, 0.9828178286552429, 0.9251531362533569, 0.8921223878860474, 0.759131908416748, 0.8343985676765442, 0.9393258690834045, 0.9273074269294739, 0.8568880558013916, 0.9891558289527893, 0.895376443862915, 0.8990643620491028, 0.7674559950828552, 0.924377977848053, 0.9728748202323914, 0.9117240309715271, 0.935694694519043, 0.9345743060112, 0.9539554715156555, 0.8684621453285217, 0.7523825764656067, 0.8673211336135864, 0.9288334846496582, 0.7415408492088318, 0.8857390284538269, 0.897686243057251], "label": [1, 0, 1, 0, 0, 0, 0]}