{"text": ["XYZ Hospital", "123 tlealth Street,Wellness City", "Phone:+1-234-587-890", "Patlant Namx:Allco Whito", "p:73", "Doctor:Dr.Patol", "Medicine", "Dosage", "Frequency", "Duration", "Cup Omez", "15tablets", "3mesday", "10duys", "Cap Zovirax", "10 tablets", "2tmesa day", "4days", "TabAluhrocin 500", "10 tablets", "2 tmes a duy", "30 days", "Tab Trz", "10tablets", "2 tmes a doy", "5 days", "Syrup", "Dosago", "Froquancy", "Duratlon", "Syrup Corox-dx", "10ml", "2 tim doy", "7 days", "Advico:", "-Tako bod rost", "Eat nsy-to-dlgest food like boiled rice with dal", "-Stynydrated"], "confidence": [0.9428637623786926, 0.8378421068191528, 0.8872672319412231, 0.8223152160644531, 0.8230582475662231, 0.9471864104270935, 0.9307171702384949, 0.8880900740623474, 0.9838371276855469, 0.9623180627822876, 0.82268226146698, 0.8910351991653442, 0.8407676815986633, 0.9152160286903381, 0.9156240820884705, 0.8921223878860474, 0.7311515808105469, 0.8935898542404175, 0.7735408544540405, 0.8921223878860474, 0.8666040897369385, 0.8833222985267639, 0.8342235684394836, 0.9273074269294739, 0.769815981388092, 0.8378275036811829, 0.9852066040039062, 0.9191999435424805, 0.9354243874549866, 0.9490550756454468, 0.9186784625053406, 0.9658069610595703, 0.7463570237159729, 0.9799483418464661, 0.9288334846496582, 0.7142534255981445, 0.8857390284538269, 0.8977835178375244], "label": [1, 1, 1, 0, 0, 0, 0]}