{"text": ["XYZ Hospital", "123 tlealth Street,Wellness City", "Phone:+1-234.587-890", "PatlantNamx:Bob Wlson", "Ap:65", "Doctor: Dr.Lao", "Medicine", "Dosuge", "Frequency", "Duration", "Cap Dilanun", "15tablets", "20ms dey", "5 days", "Cap Cypon", "5tablets", "3umesaday", "5days", "Cap Zovirax", "15tablets", "3 tmesadey", "10days", "Cap Co-lmmune", "10 tablets", "2 tmes a day", "t4days", "Tab Cyclomeff", "5tablets", "3 tmesaday", "7 days", "Syrup", "Dosapo", "Froquoncy", "Duratlon", "Syrup Zodox", "Sml", "2timday", "14day", "Advico:", "-Tako tod rost", "Eat nsy-to-dlgest food like boiled dce with dal", "-Staytydrated"], "confidence": [0.9531888961791992, 0.8380128741264343, 0.8541738390922546, 0.859953761100769, 0.6137485504150391, 0.9044675827026367, 0.9340448379516602, 0.9420654773712158, 0.9838371276855469, 0.965709924697876, 0.9132341742515564, 0.8927748799324036, 0.7692691087722778, 0.7393367886543274, 0.9450976252555847, 0.895728349685669, 0.8489219546318054, 0.8344883918762207, 0.9153544902801514, 0.8851224184036255, 0.8341437578201294, 0.924377977848053, 0.9047755002975464, 0.8958706855773926, 0.7614920139312744, 0.8406792283058167, 0.8330977559089661, 0.9079194068908691, 0.8439608812332153, 0.8720644116401672, 0.9720994234085083, 0.9054598808288574, 0.9749724864959717, 0.962416410446167, 0.9014583826065063, 0.9197258949279785, 0.7550383806228638, 0.7760825753211975, 0.96775883436203, 0.7947360873222351, 0.9010121822357178, 0.937537431716919], "label": [1, 1, 1, 0, 0, 0, 0]}