{"text": ["XYZ Hospital", "123 tlealth Street,Wellness City", "Phone:+1-234-587-890", "Patlont Nanx:Davld Millor", "p:02", "Doctor: Dr.Smith", "Medicine", "Dosage", "Frequency", "Duration", "TabCyclopam", "5 tablets", "3mesday", "4 duys", "Tab Evion", "5tablets", "3tmesaday", "4days", "TabDolo650", "10tablets", "2 tmes a duy", "5 days", "TabFebrexplus", "20 tblets", "2 tm5 a doy", "30 days", "Syrup", "Dosago", "Froquancy", "Duration", "Syrup TusQ dx", "Sml", "2 tm doy", "30day", "Advico:", "-Tako bod rost", "Eat nsy-to-dlgest food like boiled rice with dal", "-Stynydrated"], "confidence": [0.9542763829231262, 0.8385964632034302, 0.8889164924621582, 0.8539099097251892, 0.6046748161315918, 0.9492835998535156, 0.954825758934021, 0.8897534012794495, 0.9823787212371826, 0.9623180627822876, 0.9234198927879333, 0.887381374835968, 0.843670666217804, 0.9150466918945312, 0.9279268980026245, 0.9079194068908691, 0.8201786875724792, 0.9184122085571289, 0.8932056427001953, 0.9273074269294739, 0.9181955456733704, 0.7990822196006775, 0.9750276207923889, 0.9086169004440308, 0.7780935168266296, 0.8853435516357422, 0.9825723767280579, 0.9117240309715271, 0.9354243874549866, 0.9527572989463806, 0.9417867660522461, 0.8684621453285217, 0.7225327491760254, 0.8759253621101379, 0.9288334846496582, 0.7142534255981445, 0.8857390284538269, 0.8985902667045593], "label": [1, 0, 1, 0, 0, 0, 0]}