{"text": ["XYZ Hospital", "123 tlealth Street,Wellness City", "Phone:+1-234.587-890", "Patlont Namx:Charlo Brown", "p:50", "Doctor:Dr.Johnson", "Medicine", "Dosage", "Frequency", "Duration", "Cap Cypon", "5 tablets", "20ms dey", "10duys", "Tab Sumo cold", "20 tablets", "3 tmes doy", "30 days", "Cup Omez", "t5tblets", "2tmesa dey", "7 days", "Tab Dolonex dt", "t5tablets", "2 tmes a day", "10days", "Syrup", "Dosapo", "Froquancy", "Duration", "Syrup Cypon", "10ml", "2 tm doy", "30 day", "Syrup Brozodax", "10ml", "2timday", "30dy", "Advico:", "-Tako tod rost", "Eat nsy-to-dlgest food like boiled rice with dal", "-Staytydrated"], "confidence": [0.9544302821159363, 0.8386499881744385, 0.8577502369880676, 0.8421458601951599, 0.7119712829589844, 0.9602234959602356, 0.9307171702384949, 0.9033363461494446, 0.9823358058929443, 0.9623180627822876, 0.922643780708313, 0.8539843559265137, 0.7692691087722778, 0.9183242917060852, 0.8957780599594116, 0.9054545164108276, 0.7507402896881104, 0.8853435516357422, 0.8411909341812134, 0.8947408199310303, 0.8306969404220581, 0.8480218052864075, 0.9164556860923767, 0.8862625360488892, 0.7614920139312744, 0.9470896124839783, 0.9728748202323914, 0.8074707984924316, 0.9061452150344849, 0.9392375946044922, 0.9486499428749084, 0.9347427487373352, 0.7824395895004272, 0.7933688163757324, 0.8912094235420227, 0.911413848400116, 0.8025859594345093, 0.9695253372192383, 0.9677251577377319, 0.833768904209137, 0.9003981947898865, 0.9332470297813416], "label": [1, 1, 1, 0, 0, 0, 0]}