{"text": ["XYZ Hospital", "123 tlealth Street,Wellness City", "Phone:+1-234.587-890", "Patlant Nanxo:Davld Davis", "Apo:55", "Doctor: Dr. Millor", "Medicine", "Dosuge", "Frequency", "Duration", "Cap Zovirax", "5 tablets", "3tmesday", "14duys", "Cap Dilanun", "5tablets", "3tmesaday", "4duys", "Tab Evion", "10tablets", "3 tmesa doy", "4 duys", "Cap Cypon", "20tblets", "3 tmesa duy", "4duys", "Tab Febrex plus", "20 tblets", "2 tmes a duy", "5 days", "Tab Dolonex dt", "10tablets", "3 tmesa dey", "$ days", "Syrup", "Dosago", "Froquoncy", "Duratlon", "Syrup Fobrox plus", "10ml", "3tms doy", "30 dny", "Advico:", "-Tako tod rost", "Eat nsy-to-digest food like boiled dce with dnl", "Stoytydrated"], "confidence": [0.9565640091896057, 0.8387026190757751, 0.8589719533920288, 0.7941313982009888, 0.7298091053962708, 0.9748319983482361, 0.9308179020881653, 0.9740098118782043, 0.98100346326828, 0.9623180627822876, 0.8711458444595337, 0.887381374835968, 0.7537168860435486, 0.8650357723236084, 0.9054367542266846, 0.8873331546783447, 0.8278234004974365, 0.9136894941329956, 0.9276864528656006, 0.9273074269294739, 0.7694242000579834, 0.939846932888031, 0.922652542591095, 0.9412925839424133, 0.771672785282135, 0.9083743095397949, 0.913820207118988, 0.9003804326057434, 0.7853452563285828, 0.7517222762107849, 0.9140347242355347, 0.9273074269294739, 0.7711530923843384, 0.9325768351554871, 0.9720994234085083, 0.9523525834083557, 0.9524527788162231, 0.9814329147338867, 0.9925203919410706, 0.9751888513565063, 0.7066380381584167, 0.7926518321037292, 0.9678077101707458, 0.7887561917304993, 0.8581724166870117, 0.871784508228302], "label": [1, 1, 1, 0, 0, 0, 0]}