{"text": ["XYZ Hospital", "123 tlealth Street,Wellness City", "Phone:+1-234-587-890", "Patlant Nanx:Davld Wilson", "4", "Doctor: Dr. Tumor", "Medicine", "Dosage", "Frequency", "Duration", "Tab Cetine", "10tablets", "20msdoy", "10 days", "Tab Cyclopam", "10tablets", "3tmesaday", "10days", "Tab Evion", "5tablets", "2tmesaday", "4 duys", "TabDolo650", "20 tablets", "3 tmesadey", "30 days", "Syrup", "Dosapo", "Froquancy", "Duratlon", "Syrup Corox-dx", "10ml", "3tims doy", "30day", "Advico:", "-Takoorst", "Eat nsy-to-dlgest food like boiled rice with dal", "-Stynydrated"], "confidence": [0.9476040005683899, 0.847599446773529, 0.8825467824935913, 0.8469721078872681, 0.9781603217124939, 0.9583630561828613, 0.9501501321792603, 0.9027800559997559, 0.9788968563079834, 0.9623180627822876, 0.9271114468574524, 0.9273074269294739, 0.791024386882782, 0.948471188545227, 0.8836531639099121, 0.9273074269294739, 0.8034953474998474, 0.9213528037071228, 0.9258222579956055, 0.9093613624572754, 0.8593667149543762, 0.944999635219574, 0.8848277926445007, 0.8983814120292664, 0.7153369784355164, 0.8853435516357422, 0.9701129198074341, 0.7913495898246765, 0.9354243874549866, 0.9347891807556152, 0.9359613656997681, 0.9658069610595703, 0.7487772703170776, 0.8759253621101379, 0.9288334846496582, 0.7247339487075806, 0.8857390284538269, 0.8979856371879578], "label": [1, 0, 1, 0, 0, 0, 0]}