{"text": ["XYZ Hospital", "123 tlealth Street,Wellness City", "Phone:+1-234.587-890", "Patlant Namx:Jano Wlllams", "p:9", "Doctor: Dr.Patol", "Medicine", "Dosuge", "Frequency", "Duration", "Tab Neurobin Forte", "15tblets", "3mesday", "30 duys", "Tab Zole fcream", "10tablets", "2 um05  duy", "4duys", "TabAlhrocin 500", "15tablets", "2mes aday", "7 days", "Tab Cyciomelf", "10tablets", "3 tmes aday", "7 days", "Tab Sumo cold", "20 tblets", "3 tmesaday", "5 days", "Cap Co-Imnune", "15tablets", "3 tmesa dey", "7 days", "Syrup", "Dosago", "Froquoncy", "Duratlon", "Syrup TusQx", "10ml", "3 tms doy", "7day", "Advico:", "-Tako bod rst", "Eat nsy-to-digest food like boiled dce with dnl", "Stoy bydrated"], "confidence": [0.9441022872924805, 0.8415119647979736, 0.8581722378730774, 0.8333042860031128, 0.5082249641418457, 0.9566556215286255, 0.9259157180786133, 0.9420654773712158, 0.9790523052215576, 0.965709924697876, 0.921346127986908, 0.900070071220398, 0.843670666217804, 0.9093779921531677, 0.8768779635429382, 0.9273074269294739, 0.7148935794830322, 0.9083743095397949, 0.8258878588676453, 0.8647039532661438, 0.7745811939239502, 0.8452855944633484, 0.8163183927536011, 0.9273074269294739, 0.8287243247032166, 0.8480218052864075, 0.9104156494140625, 0.9003804326057434, 0.8478784561157227, 0.7600082755088806, 0.8406213521957397, 0.9037178754806519, 0.8120609521865845, 0.8404199481010437, 0.9719002842903137, 0.9395401477813721, 0.9429497122764587, 0.9877357482910156, 0.9340599179267883, 0.9717352390289307, 0.7108118534088135, 0.940690815448761, 0.9678854942321777, 0.7399647235870361, 0.8616782426834106, 0.806763768196106], "label": [1, 1, 1, 0, 0, 0, 0]}