{"text": ["XYZ Hospital", "123 tlealth Street,Wellness City", "Phone:+1-234.587-890", "Patlont Namxo:Davld Johnson", "Ap:65", "Doctor: Dr. Patol", "Medicine", "Dosage", "Frequency", "Duration", "Cap Zovirax", "20 tblets", "3mesday", "4 duys", "Cap Pan d", "10 tablets", "20mes dey", "7days", "Cap Omez", "10 tablets", "2 tmes adey", "7 days", "Tab Dolonex dt", "5tablets", "2 tmes adey", "5 days", "Tab Clovum 025", "10 tablets", "3 tmesaday", "t4 days", "Syrup", "Dosapo", "Froquancy", "Duratlon", "Syrup Brozodox", "10ml", "3tms doy", "10day", "Syrup TusQx", "10ml", "2tims doy", "30days", "Advico:", "-Tako tod rost", "Eat ensy-to-digest food like boiled rice with dnl", "Stoytydrated"], "confidence": [0.954616367816925, 0.8415265083312988, 0.8589719533920288, 0.8678569197654724, 0.6137485504150391, 0.9383887648582458, 0.9307171702384949, 0.8897534012794495, 0.9838311672210693, 0.9623180627822876, 0.8637662529945374, 0.9135541915893555, 0.8345361948013306, 0.939846932888031, 0.9048255085945129, 0.8921223878860474, 0.7687022686004639, 0.9236086010932922, 0.8212853670120239, 0.8921223878860474, 0.7602884769439697, 0.8720644116401672, 0.9145016074180603, 0.8902075290679932, 0.8068761229515076, 0.8013837933540344, 0.8004565238952637, 0.901634693145752, 0.8439608812332153, 0.9750253558158875, 0.9703512191772461, 0.9121663570404053, 0.934880256652832, 0.9573193788528442, 0.9574680924415588, 0.9347427487373352, 0.7256457805633545, 0.7979649305343628, 0.9367538690567017, 0.9604064226150513, 0.7203667163848877, 0.9039595127105713, 0.96775883436203, 0.7351533770561218, 0.844878613948822, 0.8286744952201843], "label": [1, 1, 1, 0, 0, 0, 0]}