{"text": ["XYZ Hospital", "123 tlealth Street,Wellness City", "Phone:+1-234.587-890", "Patlant Namx:Allco Millar", ":30", "Doctor: Dr.Lao", "Medicine", "Dosuge", "Frequency", "Duration", "Tab Cyclopom", "20 tblets", "3mesday", "7 duys", "Tab Neurobin Forte", "20 tablets", "20mes dey", "5days", "Tab Dolonex dt", "10tablets", "3 tmesa duy", "4 duys", "TabDolo650", "20tblets", "2tmesa dey", "5days", "TabClavum 025", "20 tblets", "3 tmesaday", "30 duys", "Tab Sumo cold", "5tablets", "3 tmesa dey", "7 days", "Syrup", "Dosago", "Froquoncy", "Duratlon", "Syrup TusQ dx", "Sml", "3 tms doy", "7day", "Advico:", "-Tako to rost", "Eat nsy-to-digest food like boiled dce with dnl", "Stoytydrated"], "confidence": [0.9513852596282959, 0.8440488576889038, 0.8531273007392883, 0.838096559047699, 0.786027729511261, 0.8878427147865295, 0.930411696434021, 0.9427713751792908, 0.9790523052215576, 0.9564203023910522, 0.8587306141853333, 0.9003804326057434, 0.8458738923072815, 0.9796134829521179, 0.9480300545692444, 0.8709948658943176, 0.7364528775215149, 0.8520981669425964, 0.9111500978469849, 0.9273074269294739, 0.8074479699134827, 0.9403669238090515, 0.8424966931343079, 0.9412925839424133, 0.8084509968757629, 0.8520981669425964, 0.8185252547264099, 0.9003804326057434, 0.8478784561157227, 0.9156034588813782, 0.9112622737884521, 0.8909797668457031, 0.8536535501480103, 0.8767657279968262, 0.9719002842903137, 0.9144992828369141, 0.8976813554763794, 0.9843534231185913, 0.943820595741272, 0.927854061126709, 0.7108118534088135, 0.940690815448761, 0.9678854942321777, 0.7472838163375854, 0.8616782426834106, 0.8621355891227722], "label": [1, 0, 1, 0, 0, 0, 0]}