{"text": ["XYZ Hospital", "123 tlealth Street,Wellness City", "Phone:+1-234.587-890", "PatlntNanx:Bob Wllam", ":00", "Doctor: Dr. Tumor", "Medicine", "Dosuge", "Frequency", "Duration", "TabDolo650", "20 tblets", "3mesdey", "30 days", "Tab Sumo cold", "20 tablets", "2 ums  doy", "10days", "Tab Triz", "20 tablets", "3 tmes dey", "5days", "Cap Zovirax", "15tablets", "3 tmesa dey", "5days", "TabCyclopam", "10 tablets", "2tmesaday", "5days", "Syrup", "Dosapo", "Froquoncy", "Duratlon", "Syrup TusQ-dx", "Sml", "2timday", "30days", "Advico:", "-Tako tod rost", "Eat nsy-to-dlgest food like boiled dce with dal", "-Staytydrated"], "confidence": [0.9531888961791992, 0.8471758365631104, 0.8577502369880676, 0.7867538928985596, 0.5022435784339905, 0.9480894804000854, 0.9314273595809937, 0.9427713751792908, 0.9838371276855469, 0.965709924697876, 0.8744710087776184, 0.9135541915893555, 0.8327884078025818, 0.8676621317863464, 0.8916365504264832, 0.9054545164108276, 0.7191870808601379, 0.924377977848053, 0.8176649808883667, 0.9054545164108276, 0.7872068881988525, 0.8950570225715637, 0.9156240820884705, 0.8865138292312622, 0.8120609521865845, 0.886221706867218, 0.889976441860199, 0.901634693145752, 0.8579052090644836, 0.8882506489753723, 0.9747051000595093, 0.9054598808288574, 0.9624842405319214, 0.9871726036071777, 0.9553414583206177, 0.9197258949279785, 0.7550383806228638, 0.8138046264648438, 0.96775883436203, 0.7947360873222351, 0.9010121822357178, 0.937537431716919], "label": [1, 1, 1, 0, 0, 0, 0]}