{"text": ["XYZ Hospital", "123 tlealth Street,Wellness City", "Phone:+1-234.587-890", "Patlant Namx:Jano Millor", "p:50", "Doctor: Dr.Patol", "Medicine", "Dosuge", "Frequency", "Duration", "Cap Pan d", "10tablets", "20ms doy", "4duys", "Tab Sumo cold", "15tablets", "20mesa duy", "5days", "Cap Colmmune", "15tablets", "3tmesaday", "4 days", "Tab Neurobin Forte", "t5tablets", "3 tmesa dey", "7days", "Syrup", "Dosago", "Froquoncy", "Duratlon", "Syrup Brozodox", "10ml", "3tms doy", "7days", "SyrupTus dx", "Sml", "2timday", "30dy", "Advico:", "-Tako tod rost", "Eat nsy-to-dlgest food like boiled dce with dal", "-Staytydrated"], "confidence": [0.9535548686981201, 0.8445388078689575, 0.8541738390922546, 0.8520438075065613, 0.7197458744049072, 0.9438773989677429, 0.9246234893798828, 0.9349806904792786, 0.9838371276855469, 0.9622949361801147, 0.8858659863471985, 0.9273074269294739, 0.7707927227020264, 0.9136894941329956, 0.9190202951431274, 0.8927748799324036, 0.7369464635848999, 0.8691898584365845, 0.8779397010803223, 0.8927748799324036, 0.8785970211029053, 0.8880710601806641, 0.9284508228302002, 0.8862625360488892, 0.7739810347557068, 0.9342161417007446, 0.9747051000595093, 0.8496239185333252, 0.9251506328582764, 0.8827411532402039, 0.9724448919296265, 0.9410436153411865, 0.7077493667602539, 0.914350688457489, 0.8773826360702515, 0.9197258949279785, 0.7565017938613892, 0.9695253372192383, 0.96641606092453, 0.7922082543373108, 0.9047735333442688, 0.932716965675354], "label": [1, 1, 1, 0, 0, 0, 0]}