{"text": ["XYZ Hospital", "123 tlealth Street,Wellness City", "Phone:+1-234-587-890", "Patlnt Nan:Allco Brown", ":54", "Doctor:Dr.Smith", "Medicine", "Dosage", "Frequency", "Quradon", "Tab Suno cold", "5tablets", "3mes doy", "10days", "TabCyclomeff", "15tablets", "2 m0s  duy", "10days", "Cap Dilanun", "10tablets", "2 tmes a day", "30 days", "Tab Triz", "5tablets", "3 tmes aday", "30 days", "Cap CoImmune", "10tablets", "3 tmesaday", "t4duys", "Cap Cypon", "20 tablets", "2 tms a doy", "30 days", "Syrup", "Dosapo", "Froquoncy", "Duratlon", "Syrup TusQ-dx", "10ml", "2 tim doy", "14day", "Syrup Fobrox plus", "Sml", "2timday", "7day", "Advico:", "-Tako tod rost", "Eat nsy-to-digest food like boiled rice with dal", "-Stytydrated"], "confidence": [0.9505276679992676, 0.8380128741264343, 0.8895711898803711, 0.8438171744346619, 0.8006799817085266, 0.9665599465370178, 0.930323600769043, 0.9033363461494446, 0.9852608442306519, 0.8168739080429077, 0.8738545179367065, 0.901167631149292, 0.7750561833381653, 0.8628065586090088, 0.8881861567497253, 0.8647039532661438, 0.7353242039680481, 0.8626441955566406, 0.9127463698387146, 0.9273074269294739, 0.7271961569786072, 0.8853435516357422, 0.9699918031692505, 0.9046000242233276, 0.8291342258453369, 0.8500292897224426, 0.8914483189582825, 0.9273074269294739, 0.8251968622207642, 0.8394883275032043, 0.992451548576355, 0.8797799944877625, 0.8156778216362, 0.9160794615745544, 0.988613486289978, 0.8228013515472412, 0.9466862082481384, 0.9895802140235901, 0.9452909827232361, 0.9702969789505005, 0.7873589992523193, 0.8130840063095093, 0.995391309261322, 0.927854061126709, 0.8147273659706116, 0.8532044887542725, 0.9698401689529419, 0.7632184028625488, 0.9020175933837891, 0.9027094841003418], "label": [1, 1, 1, 0, 0, 0, 0]}