{"text": ["XYZ Hospital", "123 tlealth Street,Wellnes City", "Phone:+1-234.587-890", "PatlantNanx:Mla Davs", ":70", "Doctor: Dr. Smith", "Medidine", "Dosuge", "Frequency", "Duration", "Tab Pan d", "5 tablets", "20ms doy", "10 days", "Tab Trz", "15tablets", "20mesaday", "5days", "Cup Omez", "20 tablets", "2tmsa duy", "30 duys", "Cap Zovirax", "5tablets", "2tmesa dey", "30 days", "Tab Cetine", "15tablets", "2 tmes a duy", "t4days", "TabClavum 025", "5tablets", "2 tmes a doy", "5 duys", "Syrup", "Dosago", "Froquoncy", "Duratlon", "SyrupZodax", "Sml", "3 tms doy", "10days", "Advico:", "-Tako tod rost", "Eat nsy-to-digest food like boiled dce with dnl", "Stoybydrated"], "confidence": [0.9558982253074646, 0.847380518913269, 0.8575018644332886, 0.8048025965690613, 0.8450034260749817, 0.9411486387252808, 0.9183791875839233, 0.979745090007782, 0.9803639650344849, 0.9629752039909363, 0.9158036112785339, 0.887381374835968, 0.7569583654403687, 0.9548414945602417, 0.8081082105636597, 0.9037178754806519, 0.7586396336555481, 0.8366293907165527, 0.8356970548629761, 0.8709948658943176, 0.7521365284919739, 0.9069848656654358, 0.8845121264457703, 0.9046000242233276, 0.8095513582229614, 0.8867191672325134, 0.9436275362968445, 0.8647039532661438, 0.7704176902770996, 0.8406792283058167, 0.7962754368782043, 0.8909797668457031, 0.7914690375328064, 0.9175510406494141, 0.9719002842903137, 0.9144992828369141, 0.8976813554763794, 0.9876395463943481, 0.8628174066543579, 0.927854061126709, 0.7108118534088135, 0.8282742500305176, 0.9678854942321777, 0.7538960576057434, 0.8601347208023071, 0.8264799118041992], "label": [1, 1, 1, 0, 0, 0, 0]}