{"text": ["XYZ Hospital", "123 tlealth Street,Wellness City", "Phone:+1-234-587-890", "Patlont Namx:Mla Ro", "Ap:32", "Doctor: Dr.Johnson", "Medicine", "Dosuge", "Frequency", "Duration", "Tab Dolonex dt", "10 tablets", "3mesday", "10duys", "Tab Cetine", "15tablets", "2tmesa dey", "5days", "TabZole fcream", "15tablets", "2 tmes a duy", "10days", "Cap Co-lmmune", "10tablets", "2 tmes a day", "7 days", "Syrup", "Dosago", "Froquancy", "Duratlon", "Syrup Fobrox plus", "Sml", "2 tim doy", "10dny", "Advico:", "-Tako tod rost", "Eat nsy-to-dlgest food like boiled rice with dal", "-Stynydrated"], "confidence": [0.9510087966918945, 0.8392246961593628, 0.9123506546020508, 0.7687065005302429, 0.7324033975601196, 0.9504408240318298, 0.9556780457496643, 0.9422492384910583, 0.9838311672210693, 0.9623180627822876, 0.9178504943847656, 0.901634693145752, 0.8284878134727478, 0.9106659889221191, 0.9294699430465698, 0.8927748799324036, 0.7338863611221313, 0.8343985676765442, 0.889683723449707, 0.8927748799324036, 0.857764482498169, 0.9239731431007385, 0.8703779578208923, 0.9273074269294739, 0.7614920139312744, 0.8767657279968262, 0.9825723767280579, 0.9117240309715271, 0.96085524559021, 0.9500347375869751, 0.9944379329681396, 0.8684621453285217, 0.7454661726951599, 0.8452469110488892, 0.9288334846496582, 0.7267998456954956, 0.8857390284538269, 0.8872120380401611], "label": [1, 1, 1, 0, 0, 0, 0]}