{"text": ["XYZ Hospital", "123 tlealth Street,Wellness City", "Phone:+1-234-587-890", "Patlont Nanx:Charlo Wilson", "80", "Doctor:Dr.Johnson", "Medicine", "Dosuge", "Frequency", "Qurabon", "Cap Zovirax", "15tblets", "3mesday", "7 days", "Cap Colmmune", "5tablets", "3 umes doy", "10days", "Cap Cypon", "10tablets", "3 tmesa doy", "7 days", "Tab Combinam", "15tablets", "2 tmesa day", "30 days", "Tab Trz", "10tablets", "3 tmesaday", "30 days", "Cap Pan d", "10tablets", "3 tmesa dey", "5 duys", "Syrup", "Dosapo", "Froquoncy", "Duratlon", "Syrup Fobrox plus", "Sml", "3 tims doy", "14dy", "Syrup Brozodax", "Sml", "3timsday", "Sday", "Advico:", "-Tako tod rost", "Eat nsy-to-dlgest food like boiled rice with dnl", "-Stytydrated"], "confidence": [0.9460673332214355, 0.836279034614563, 0.8822774887084961, 0.8341214060783386, 0.7815377712249756, 0.9608421325683594, 0.9314764738082886, 0.9420654773712158, 0.9902750849723816, 0.8740919232368469, 0.8706382513046265, 0.900070071220398, 0.8392101526260376, 0.8633471131324768, 0.9114896655082703, 0.8873331546783447, 0.7165395617485046, 0.8654675483703613, 0.9441640377044678, 0.9273074269294739, 0.7694242000579834, 0.8580665588378906, 0.9075415134429932, 0.8647039532661438, 0.805739164352417, 0.8867191672325134, 0.9231915473937988, 0.9273074269294739, 0.8478784561157227, 0.8500292897224426, 0.947770357131958, 0.9273074269294739, 0.8194018006324768, 0.9175510406494141, 0.988613486289978, 0.8228013515472412, 0.9466862082481384, 0.9799938797950745, 0.9955858588218689, 0.9028758406639099, 0.7524312138557434, 0.9280709028244019, 0.9595629572868347, 0.927854061126709, 0.7888535857200623, 0.7643508911132812, 0.9625285863876343, 0.7775130867958069, 0.8441435694694519, 0.9027094841003418], "label": [1, 1, 1, 0, 0, 0, 0]}