{"text": ["XYZ Hospital", "123 tlealth Street,Wellness City", "Phone:+1-234-587-890", "Patlnt Nan:Grco D", "1", "Doctor: Dr. Millor", "Medicine", "Dosage", "Frequency", "Duration", "Tab Pan d", "15tablets", "20ms doy", "5 days", "TabAlurodn 500", "10 tablets", "3tmesaday", "5days", "Tab Evion", "t5tablets", "2 tmes a duy", "4 days", "Tab Cyciopam", "10tablets", "2 tmes a doy", "4days", "Syrup", "Dosago", "Froquancy", "Ouration", "Syrup TusQ-dx", "Sml", "2 tim doy", "14 day", "Advico:", "-Tako bod rost", "Eat nsy-to-dlgest food like boiled rice with dal", "-Stynydrated"], "confidence": [0.9535403847694397, 0.8444144129753113, 0.8858270645141602, 0.809053897857666, 0.9231669902801514, 0.976843535900116, 0.9254783391952515, 0.9028077125549316, 0.9838371276855469, 0.964890718460083, 0.9055337905883789, 0.8910351991653442, 0.7564270496368408, 0.7517222762107849, 0.7856307625770569, 0.8921223878860474, 0.8034953474998474, 0.8343985676765442, 0.9258148670196533, 0.8833587169647217, 0.8666040897369385, 0.8659627437591553, 0.8817746043205261, 0.9273074269294739, 0.769815981388092, 0.9184122085571289, 0.9701129198074341, 0.9117240309715271, 0.9584259390830994, 0.9101769924163818, 0.9570626020431519, 0.8684621453285217, 0.7463570237159729, 0.7775042057037354, 0.9288334846496582, 0.7142534255981445, 0.8857390284538269, 0.8978356719017029], "label": [1, 0, 1, 0, 0, 0, 0]}