{"text": ["XYZ Hospital", "123 tlealth Street,Wellness City", "Phone:+1-234-587-890", "Patlont Nanx:Davld D", "p:31", "Doctor: Dr. Millor", "Medicine", "Dosage", "Frequency", "Duration", "Tab Cyciopom", "20 tblets", "20ms doy", "4 duys", "Tab Allegra", "t5tablets", "3mesaday", "5days", "TabClavum 25", "10tablets", "3 tmesaday", "10 days", "TabZole fcream", "10tablets", "3 tmesa dey", "10days", "Syrup", "Dosago", "Froquancy", "Duratlon", "Syrup Corox", "Sml", "3tims doy", "5days", "Advico:", "-Tako bod rost", "Eat nsy-to-dlgest food like boiled rice with dal", "-Stytydrated"], "confidence": [0.9545047879219055, 0.847599446773529, 0.8946743011474609, 0.7830344438552856, 0.739750325679779, 0.9564610719680786, 0.9546432495117188, 0.8897534012794495, 0.9838371276855469, 0.9622949361801147, 0.8540782928466797, 0.9135541915893555, 0.7564270496368408, 0.939846932888031, 0.8720228672027588, 0.8831853270530701, 0.8108937740325928, 0.8343985676765442, 0.8589401245117188, 0.9273074269294739, 0.8477917909622192, 0.8771353960037231, 0.8998957276344299, 0.9273074269294739, 0.7706842422485352, 0.924377977848053, 0.9701129198074341, 0.9191999435424805, 0.935694694519043, 0.8653408288955688, 0.8950319886207581, 0.8684621453285217, 0.7523825764656067, 0.8614164590835571, 0.9288334846496582, 0.7142534255981445, 0.8857390284538269, 0.9112634658813477], "label": [1, 0, 1, 0, 0, 0, 0]}