{"text": ["XYZ Hospital", "123 tlealth Street,Wellness City", "Phone:+1-234.587-890", "PatlantNamx:EvoWhito", "p:22", "Doctor: Dr.Patol", "Medicine", "Dosage", "Frequency", "Duration", "Tab Febrexplus", "5 tablets", "20ms dey", "30 days", "Tab Pan d", "5tablets", "20mes dey", "10days", "TabClavum025", "5tablets", "3 tmesadey", "10 days", "Cap Pan d", "10 tablets", "3 tmesa dey", "5 days", "TabNeurobin Forte", "10 tablets", "3 tmesaday", "5days", "Syrup", "Dosapo", "Froquoncy", "Duratlon", "Syrup Corox", "Sml", "3timsday", "10day", "Advico:", "-Tako tod rost", "Eat nsy-to-digest food like boiled dce with dal", "-Stayhydrated"], "confidence": [0.95541912317276, 0.8445388078689575, 0.8541738390922546, 0.8466678857803345, 0.7944168448448181, 0.9456274509429932, 0.9286406636238098, 0.8897534012794495, 0.9560942053794861, 0.965709924697876, 0.9455804824829102, 0.8705056309700012, 0.7692691087722778, 0.8676621317863464, 0.9056241512298584, 0.8912277221679688, 0.7744828462600708, 0.924377977848053, 0.8576372265815735, 0.913161039352417, 0.8341437578201294, 0.8690416216850281, 0.9048255085945129, 0.8958706855773926, 0.8120609521865845, 0.8013837933540344, 0.9498017430305481, 0.901634693145752, 0.8439608812332153, 0.8882506489753723, 0.9747051000595093, 0.9054598808288574, 0.9728686809539795, 0.8988408446311951, 0.972055196762085, 0.9197258949279785, 0.7407669425010681, 0.8202261924743652, 0.9675191640853882, 0.8316531181335449, 0.89924156665802, 0.88934326171875], "label": [1, 1, 1, 0, 0, 0, 0]}