{"text": ["XYZ Hospital", "123 tlealth Street,Wellness City", "Phone:+1-234-587-890", "Patlont Nam:Bob Davs", "Ap:33", "Doctor: Dr.Smith", "Medidine", "Dosuge", "Frequency", "Quraton", "Tab Evlon", "20 tblets", "3mesdey", "5 days", "Cap Omez", "20 tablets", "2 tm0s  duy", "5days", "TabDolo 650", "10tablets", "2 tmes a day", "5days", "Tab Pan d", "20tblets", "3 tmes aday", "30 days", "TabAluhrocin 500", "20tblets", "3 tmesaday", "10days", "TabNeurobin Forte", "5tablets", "2 tmesa dey", "t4days", "Syrup", "Dosago", "Froquoncy", "Duratlon", "Syrup Fobrox plus", "10ml", "2 tim doy", "5 days", "Syrup Cypon", "10ml", "2timday", "30 days", "Advico:", "-Tako tod rost", "Eat nsy-to-digest food like boiled rice with dal", "-Stytydrated"], "confidence": [0.9545387625694275, 0.8471035957336426, 0.8954404592514038, 0.793936550617218, 0.7616316080093384, 0.9573533535003662, 0.9102709293365479, 0.9427713751792908, 0.9905779957771301, 0.8290681838989258, 0.9147937297821045, 0.9135541915893555, 0.8327884078025818, 0.7547540068626404, 0.8899885416030884, 0.9054545164108276, 0.7051472663879395, 0.8520981669425964, 0.840755820274353, 0.9273074269294739, 0.7271961569786072, 0.8366293907165527, 0.9290552139282227, 0.9412925839424133, 0.8291342258453369, 0.8518379926681519, 0.7805684804916382, 0.9145114421844482, 0.8309677243232727, 0.8626441955566406, 0.9597923159599304, 0.8909797668457031, 0.8076270818710327, 0.8406792283058167, 0.983737587928772, 0.8496239185333252, 0.9466862082481384, 0.9902716875076294, 0.9954547882080078, 0.9702969789505005, 0.7873589992523193, 0.8050383925437927, 0.9619796872138977, 0.9599877595901489, 0.8147273659706116, 0.7511711120605469, 0.9238536953926086, 0.7644997239112854, 0.9027966856956482, 0.9111793637275696], "label": [1, 1, 1, 0, 0, 0, 0]}