{"text": ["XYZ Hospital", "123 tlealth Street,Wellness City", "Phone:+1-234-587-890", "Patlant Namx:Allco Johnson", ":07", "Doctor: Dr.Smith", "Medicine", "Dosuge", "Frequency", "Duration", "TabClavum 025", "15tablets", "20ms doy", "5 days", "Tab Sumo cold", "5tablets", "3tmesaday", "7 days", "Tab Cetine", "S tablets", "2 tmes a duy", "30 duys", "Tab Evion", "t5tablets", "3 tmesa dey", "5days", "Syrup", "Dosago", "Froquancy", "Duratlon", "Syrup Fobrox plus", "Sml", "3mday", "10dnys", "Advico:", "-Tako bod rst", "Eat nsy-to-dlgest food like boiled rice with dal", "-Stytydrated"], "confidence": [0.9505834579467773, 0.8408339023590088, 0.886119544506073, 0.842900276184082, 0.8011953830718994, 0.9504952430725098, 0.930323600769043, 0.975483238697052, 0.9788968563079834, 0.964890718460083, 0.8221632242202759, 0.8927748799324036, 0.7564270496368408, 0.7393367886543274, 0.9211623072624207, 0.895728349685669, 0.8034953474998474, 0.8720644116401672, 0.9355701208114624, 0.8356771469116211, 0.9000213742256165, 0.9196853041648865, 0.9199547171592712, 0.8862625360488892, 0.7313879132270813, 0.8701895475387573, 0.9825723767280579, 0.9191999435424805, 0.935694694519043, 0.8653408288955688, 0.9926472902297974, 0.8684621453285217, 0.8106390237808228, 0.849909245967865, 0.9288334846496582, 0.7285957932472229, 0.8857390284538269, 0.910991907119751], "label": [1, 0, 1, 0, 0, 0, 0]}