{"text": ["XYZ Hospital", "123 tlealth Street,Wellness City", "Phone:+1-234-587-890", "Patlont Nam:Evo D", "p:25", "Doctor: Dr. Millor", "Medidine", "Dosuge", "Frequency", "Duration", "Tab Pan d", "10tablets", "20ms doy", "5 days", "Tab Allegra", "15tablets", "2mes  duy", "4days", "Tab Dolonex dt", "10 tablets", "3 tmes a duy", "5 days", "TabCiplox 500", "10tablets", "2 tmes a doy", "30 days", "Syrup", "Dosago", "Froquancy", "Duratlon", "Syrup Corox-dx", "Sml", "3tims doy", "5days", "Advico:", "-Tako bod rost", "Eat nsy-to-dlgest food like boiled rice with dal", "-Stytydrated"], "confidence": [0.9516458511352539, 0.8418617844581604, 0.9089126586914062, 0.7841600775718689, 0.8360955119132996, 0.9713817238807678, 0.9187687635421753, 0.9054610133171082, 0.9838371276855469, 0.964890718460083, 0.9297789335250854, 0.9273074269294739, 0.7564270496368408, 0.7393367886543274, 0.8737680315971375, 0.8927748799324036, 0.7472155094146729, 0.9184122085571289, 0.9181965589523315, 0.8921223878860474, 0.8568880558013916, 0.802062451839447, 0.9163951277732849, 0.9273074269294739, 0.7674559950828552, 0.8867191672325134, 0.9728748202323914, 0.9191999435424805, 0.935694694519043, 0.8705026507377625, 0.9220624566078186, 0.8684621453285217, 0.7522122859954834, 0.8675468564033508, 0.9288334846496582, 0.7142534255981445, 0.8857390284538269, 0.9112634658813477], "label": [1, 0, 1, 0, 0, 0, 0]}