{"text": ["XYZ Hospital", "123 tlealth Street,Wellness City", "Phone:+1-234-587-890", "Patlnt NamJan D", "Ap:65", "Doctor: Dr. Tumor", "Medicine", "Dosuge", "Frequency", "Duration", "Cap Cypon", "20tblets", "20ms day", "7 days", "TabCyclopom", "5tablets", "2 tms  duy", "5days", "Tab Febrex plus", "20 tblets", "3 tmesa duy", "14duys", "Cap Zovirax", "20 tblets", "3 tmes aday", "7 days", "Tab Sumo cold", "15tablets", "2 umes a duy", "5days", "Tab Cetine", "20 tablets", "2 tmes a doy", "$ days", "Syrup", "Dosago", "Froquoncy", "Duratlon", "Syrup Brozodax", "Sml", "3tims doy", "5 days", "Syrup Grillnctus tm", "10ml", "2timday", "14day", "Advico:", "-Tako tod rost", "Eat nsy-to-dlgest food like boiled rice with dnl", "-Stytydrated"], "confidence": [0.9484565258026123, 0.8395678997039795, 0.8962975740432739, 0.8598353266716003, 0.6137485504150391, 0.9378728866577148, 0.9335603713989258, 0.9427713751792908, 0.9902750849723816, 0.955414891242981, 0.9252625703811646, 0.9145114421844482, 0.7605679631233215, 0.8594018816947937, 0.8970796465873718, 0.8909797668457031, 0.7418817281723022, 0.8520981669425964, 0.9146496057510376, 0.9086169004440308, 0.8044043183326721, 0.8727502822875977, 0.8502258658409119, 0.9086169004440308, 0.8218534588813782, 0.8452855944633484, 0.8841856718063354, 0.8647039532661438, 0.7387182116508484, 0.8691898584365845, 0.9371212124824524, 0.8797799944877625, 0.8000494837760925, 0.9325768351554871, 0.988613486289978, 0.8285646438598633, 0.9466862082481384, 0.990350067615509, 0.9592635035514832, 0.9028758406639099, 0.7382882833480835, 0.804211437702179, 0.9903265237808228, 0.9599877595901489, 0.8109803199768066, 0.7740659713745117, 0.9625285863876343, 0.7840176820755005, 0.8452933430671692, 0.9096242785453796], "label": [1, 1, 1, 0, 0, 0, 0]}