{"text": ["XYZ Hospital", "123 tlealth Street,Wellness City", "Phone:+1-234-587-890", "Patlont Namx:Mla Ro", ":41", "Doctor: Dr.Johnson", "Medicine", "Dosage", "Frequency", "Duration", "Tab Cyciopum", "15tablets", "3mesday", "7 days", "Cap Zovirax", "t5tablets", "3umesaday", "30 days", "Tab Sumo cold", "20 tablets", "3 tmesaday", "30 days", "Cap Pand", "10tablets", "3 tmesa dey", "7 days", "Syrup", "Dosago", "Froquancy", "Duratlon", "Syrup TusQ-dx", "Sml", "2 tim doy", "7 days", "Advico:", "-Tako bod rost", "Eat nsy-to-dlgest food like boiled rice with dal", "-Stynydrated"], "confidence": [0.9510087966918945, 0.8392246961593628, 0.9123506546020508, 0.7747451066970825, 0.8224173188209534, 0.953058660030365, 0.9259157180786133, 0.9033363461494446, 0.9788968563079834, 0.964890718460083, 0.8563708662986755, 0.8927748799324036, 0.8407676815986633, 0.9877565503120422, 0.9156240820884705, 0.8836497068405151, 0.8562780022621155, 0.8853435516357422, 0.9022396802902222, 0.8967920541763306, 0.8477917909622192, 0.8866694569587708, 0.9226763248443604, 0.9273074269294739, 0.7706842422485352, 0.8767657279968262, 0.9852066040039062, 0.9117240309715271, 0.935694694519043, 0.8827411532402039, 0.9589363932609558, 0.8684621453285217, 0.7463570237159729, 0.9641744494438171, 0.9288334846496582, 0.7142534255981445, 0.8857390284538269, 0.8971806168556213], "label": [1, 1, 1, 0, 0, 0, 0]}