{"text": ["XYZ Hospital", "123 tlealth Street,Wellness City", "Phone:+1-234.587-890", "Patlant Namx:ChadloJohnson", ":20", "Doctor: Dr.Patol", "Medicine", "Dosuge", "Frequency", "Duration", "Tab Allegra", "15tablets", "20ms doy", "10duys", "Tab Cetine", "5tablets", "3umesaday", "30 days", "Tab Sumo cold", "20 tblets", "3tmesaduy", "30 duys", "Tab Pan d", "5tablets", "3 tmesa duy", "4days", "Tab Cyclopum", "5tablets", "2 tmes a duy", "7days", "Cap Co-Immune", "20 tblets", "2 tmes a dey", "30 days", "Syrup", "Dosago", "Froquoncy", "Duratlon", "Syrup Zodax", "10ml", "3tmsdoy", "5 day", "Advico:", "-Tako tod rost", "Eat nsy-to-digest food like boiled dce with dnl", "Stoybydrated"], "confidence": [0.9565796852111816, 0.836279034614563, 0.8581722378730774, 0.8568293452262878, 0.852616012096405, 0.9540742635726929, 0.9246234893798828, 0.9412831664085388, 0.9790523052215576, 0.9629752039909363, 0.921038806438446, 0.8656508922576904, 0.7485461831092834, 0.9152160286903381, 0.9202882647514343, 0.8873331546783447, 0.8503156304359436, 0.8518379926681519, 0.9200970530509949, 0.9086169004440308, 0.8547772765159607, 0.9069848656654358, 0.8963916301727295, 0.8909797668457031, 0.7884971499443054, 0.9184122085571289, 0.8766739368438721, 0.9079194068908691, 0.7857459187507629, 0.9444330930709839, 0.8774949312210083, 0.8838595747947693, 0.7939390540122986, 0.8500292897224426, 0.9719002842903137, 0.958836555480957, 0.9529516696929932, 0.9877357482910156, 0.9016184210777283, 0.9717352390289307, 0.7260910272598267, 0.8135870099067688, 0.9678854942321777, 0.7592254281044006, 0.8616782426834106, 0.8252090811729431], "label": [1, 1, 1, 0, 0, 0, 0]}