{"text": ["XYZ Hospital", "123 tlealth Street,Wellness City", "Phone:+1-234.587-890", "Patlant Namx:Jano Wilson", "Ap:65", "Doctor: Dr.Patol", "Medicine", "Dosuge", "Frequency", "Duration", "Tab Sumo cold", "15tablets", "20ms doy", "t4duys", "TabAlurocin 500", "10tablets", "3umesaday", "5days", "TabCombinam", "10tablets", "2 tms day", "4 days", "Tab Zole fcream", "20 toblets", "3tmes aday", "7 days", "Tab Cyciopam", "5tablets", "2tmesaday", "5days", "Syrup", "Dosapo", "Froquancy", "Duratlon", "Syrup TusQx", "10ml", "3 tms doy", "30dny", "Syrup Corox", "Sml", "2 tims doy", "10dny", "Advico:", "-Tako bod rost", "Eat ensy-to-digest food like boiled rice with dnl", "Stoy bydrated"], "confidence": [0.9500798583030701, 0.8445711135864258, 0.8589719533920288, 0.8228695392608643, 0.6137485504150391, 0.9651296138763428, 0.930323600769043, 0.975483238697052, 0.9788968563079834, 0.9622949361801147, 0.9126793146133423, 0.8647039532661438, 0.7529489994049072, 0.8546951413154602, 0.806610107421875, 0.9273074269294739, 0.8508873581886292, 0.8691898584365845, 0.9821651577949524, 0.9273074269294739, 0.7628087401390076, 0.8880710601806641, 0.8810736536979675, 0.8586471676826477, 0.8498398065567017, 0.8720644116401672, 0.8818092942237854, 0.9057856798171997, 0.8577829003334045, 0.8746163249015808, 0.9720994234085083, 0.90386563539505, 0.9319033026695251, 0.9960426092147827, 0.938771665096283, 0.9347427487373352, 0.7108118534088135, 0.8377351760864258, 0.8967664837837219, 0.9197258949279785, 0.731744647026062, 0.7591055631637573, 0.9671232104301453, 0.7410234808921814, 0.844878613948822, 0.7955535054206848], "label": [1, 0, 1, 0, 0, 0, 0]}