{"text": ["XYZ Hospital", "123 tlealth Street,Wellness City", "Phone:+1-234.587-890", "PatlantNamx:Mla Wlllams", ":48", "Doctor: Dr.Johnson", "Medicine", "Dosuge", "Frequency", "Duration", "Tab Cyciomef", "20 tblets", "3mesday", "7 duys", "Tab Clavum025", "10 tablets", "20mes dey", "5days", "Tab Zole fcream", "5tablets", "3tmesaday", "7 days", "Cap Omez", "t5tablets", "3tmesaday", "10days", "Cap Oilanun", "5tablets", "2tmesaday", "10days", "Syrup", "Dosapo", "Froquoncy", "Duratlon", "Syrup Corox-dx", "Sml", "3tmsdoy", "14dy", "Syrup TusQx", "10ml", "3tims doy", "30days", "Advico:", "-Tako to rost", "Eat ensy-to-digest food like boiled rice with dnl", "Stoytydrated"], "confidence": [0.9441022872924805, 0.8415372371673584, 0.8589719533920288, 0.8344162106513977, 0.761138379573822, 0.9664130806922913, 0.930323600769043, 0.9740098118782043, 0.9788968563079834, 0.9564203023910522, 0.8338537216186523, 0.9135541915893555, 0.8467262983322144, 0.9828178286552429, 0.8532607555389404, 0.8921223878860474, 0.7687022686004639, 0.8343985676765442, 0.8376944065093994, 0.9093613624572754, 0.8565223217010498, 0.9913495182991028, 0.8877245187759399, 0.8830724954605103, 0.8846117854118347, 0.9213528037071228, 0.8530228137969971, 0.9079194068908691, 0.8239051103591919, 0.9213528037071228, 0.9703512191772461, 0.7913495898246765, 0.9255363941192627, 0.9907678961753845, 0.9738151431083679, 0.927854061126709, 0.7260910272598267, 0.8365260362625122, 0.9367538690567017, 0.9401394128799438, 0.7417122721672058, 0.9039595127105713, 0.96775883436203, 0.7243521809577942, 0.844878613948822, 0.8325924277305603], "label": [1, 1, 1, 0, 0, 0, 0]}