{"text": ["XYZ Hospital", "123 tlealth Street,Wellness City", "Phone:+1-234.587-890", "Patlant Namx:Jano Wilson", "80", "Doctor: Dr. Smith", "Medicine", "Dosuge", "Frequency", "Duration", "TabCiplox500", "15tablets", "20ms doy", "7 duys", "Tab Neurobin Forte", "20 tblets", "3umesaday", "4days", "Cap Zovirax", "10 tablets", "2 tms day", "7 days", "Tab Cyclopam", "5tablets", "3tmesaday", "30 days", "Cap Pand", "15tablets", "3 tmesaday", "10days", "Syrup", "Dosapo", "Froquancy", "Duratlon", "Syrup Fobroxplus", "10ml", "2mdoy", "30dny", "Syrup Corox-dx", "Sml", "2tims doy", "10dny", "Advico:", "-Tako to rost", "Eat ensy-to-digest food like boiled rice with dnl", "Stoytydrated"], "confidence": [0.9498863220214844, 0.8445711135864258, 0.8589719533920288, 0.8428666591644287, 0.7866202592849731, 0.9643324613571167, 0.9501501321792603, 0.9427713751792908, 0.9788968563079834, 0.9564203023910522, 0.9347836375236511, 0.8913987278938293, 0.7523245811462402, 0.9828178286552429, 0.9500436782836914, 0.9248446226119995, 0.8479437828063965, 0.8935898542404175, 0.9145450592041016, 0.8921223878860474, 0.7628087401390076, 0.8720644116401672, 0.8488131165504456, 0.8861472606658936, 0.8797613978385925, 0.8853435516357422, 0.918208122253418, 0.8865651488304138, 0.8439608812332153, 0.9213528037071228, 0.974157989025116, 0.8934853076934814, 0.8954519629478455, 0.9916149973869324, 0.8550795912742615, 0.9347427487373352, 0.7373758554458618, 0.8377351760864258, 0.9816890954971313, 0.9197258949279785, 0.7041686773300171, 0.7591055631637573, 0.96775883436203, 0.7236803770065308, 0.844878613948822, 0.8652937412261963], "label": [1, 1, 1, 0, 0, 0, 0]}