{"text": ["XYZ Hospital", "123 tlealth Street,Wellness City", "Phone:+1-234.587-890", "Patlont Namx:Chadlo Millr", "p:21", "Doctor: Dr. Tumor", "Medicine", "Dosuge", "Frequency", "Duration", "TabClavum 025", "20 tblets", "20ms doy", "30 days", "Tab Zole fcream", "20 tablets", "3 tmes duy", "10days", "Tab Triz", "10tablets", "2tmesaduy", "14duys", "Tab Neurobin Forte", "5tblets", "2 tm5 a doy", "30 days", "Syrup", "Dosapo", "Froquancy", "Duration", "Syrup Corx", "Sml", "2tmdoy", "5 days", "SyrupGrillnctus tm", "Sml", "3timsday", "10day", "Advico:", "-Tako tod rost", "Eat nsy-to-dlgest food like boiled dce with dal", "-Staytydrated"], "confidence": [0.9554066061973572, 0.8384838700294495, 0.8577502369880676, 0.7904162406921387, 0.6957564949989319, 0.9657447934150696, 0.9196256399154663, 0.9427713751792908, 0.9838371276855469, 0.964890718460083, 0.7965559363365173, 0.9135541915893555, 0.7707927227020264, 0.8676621317863464, 0.8896701335906982, 0.9054545164108276, 0.7430770993232727, 0.924377977848053, 0.8540539145469666, 0.9273074269294739, 0.8510462641716003, 0.8666453957557678, 0.929922342300415, 0.8796586990356445, 0.737241804599762, 0.8853435516357422, 0.9701129198074341, 0.8093938827514648, 0.9563462734222412, 0.9392375946044922, 0.9239195585250854, 0.8684621453285217, 0.7560526728630066, 0.8145861029624939, 0.9035528898239136, 0.9197258949279785, 0.7330020666122437, 0.7979649305343628, 0.967370867729187, 0.7789810299873352, 0.9067167639732361, 0.876190185546875], "label": [1, 0, 1, 0, 0, 0, 0]}