{"text": ["XYZ Hospital", "123 tlealth Street,Wellness City", "Phone:+1-234.587-890", "Patlant Namx:Bob Millor", ":70", "Doctor: Dr.Johnson", "Medicine", "Dosuge", "Frequency", "Duration", "Tab Cyciopom", "10tablets", "3mesday", "4duys", "Tab Cetine", "10tablets", "20mes dey", "7days", "TabAluhrocin 500", "5tablets", "2 tmes day", "4 days", "TabClavum025", "15tablets", "3tmesaday", "10days", "TabDolo650", "15tablets", "3 tmesaday", "7 days", "Syrup", "Dosapo", "Froquancy", "Duratlon", "Syrup Fobrox plus", "10ml", "3tms doy", "7day", "Syrup TusQx", "Sml", "3 tims doy", "4 day", "Advico:", "-Tako to rost", "Eat ensy-to-digest food like boiled rice with dnl", "Stoytydrated"], "confidence": [0.9442035555839539, 0.8430553674697876, 0.8575018644332886, 0.8704583644866943, 0.8835301399230957, 0.9710763096809387, 0.930323600769043, 0.9054610133171082, 0.9788968563079834, 0.9623180627822876, 0.8577898144721985, 0.9273074269294739, 0.8458738923072815, 0.9136894941329956, 0.9256700277328491, 0.9273074269294739, 0.7687022686004639, 0.9236086010932922, 0.7574366331100464, 0.9073119759559631, 0.721615195274353, 0.8880710601806641, 0.8678695559501648, 0.8623680472373962, 0.8878806829452515, 0.8654675483703613, 0.9007070660591125, 0.8623680472373962, 0.8439608812332153, 0.8452855944633484, 0.974157989025116, 0.8931596875190735, 0.9315544962882996, 0.9682292938232422, 0.9916486144065857, 0.9347427487373352, 0.7066380381584167, 0.8639349937438965, 0.9367538690567017, 0.9197258949279785, 0.7696221470832825, 0.7794343829154968, 0.96775883436203, 0.7230911254882812, 0.844878613948822, 0.8652937412261963], "label": [1, 0, 1, 0, 0, 0, 0]}