{"text": ["XYZ Hospital", "123 tlealth Street,Wellness City", "Phone:+1-234.587-890", "Patlant Namx:JanoJohnson", ":42", "Doctor: Dr.Patol", "Medicine", "Dosuge", "Frequency", "Duration", "Tab Zole fcream", "5 tablets", "20ms doy", "7 days", "Tab Combinam", "15tablets", "20mes dey", "30 days", "Tab Evion", "15tablets", "3tmes day", "7 days", "TabCiplox500", "15tablets", "3 tmesa dey", "7 days", "Cap Cypon", "10 tablets", "2tmesaday", "10 days", "Syrup", "Dosapo", "Froquancy", "Duratlon", "Syrup TusQx", "10ml", "3tms doy", "7day", "Syrup TusQ-dx", "10ml", "2tims doy", "5 days", "Advico:", "-Tako tod rost", "Eat ensy-to-digest food like boiled rice with dnl", "Stoytydrated"], "confidence": [0.9516335129737854, 0.8416517972946167, 0.8589719533920288, 0.8830292224884033, 0.812186062335968, 0.955201268196106, 0.951400876045227, 0.979745090007782, 0.9821071624755859, 0.965709924697876, 0.88272625207901, 0.8705056309700012, 0.7523245811462402, 0.9877565503120422, 0.9178336262702942, 0.8623680472373962, 0.7744828462600708, 0.8867191672325134, 0.9258222579956055, 0.8913987278938293, 0.8064771294593811, 0.8767657279968262, 0.9356020092964172, 0.8865138292312622, 0.7711530923843384, 0.8720644116401672, 0.9543745517730713, 0.901634693145752, 0.8577829003334045, 0.9762253761291504, 0.9703512191772461, 0.9054598808288574, 0.8946319222450256, 0.9843534231185913, 0.9397844076156616, 0.9347427487373352, 0.7066380381584167, 0.8866479396820068, 0.9686341881752014, 0.9604064226150513, 0.7041686773300171, 0.8278443217277527, 0.96775883436203, 0.7293953895568848, 0.844878613948822, 0.8652937412261963], "label": [1, 1, 1, 0, 0, 0, 0]}