{"text": ["XYZ Hospital", "123 tlealth Street,Wellness City", "Phone:+1-234-587-890", "Patlont Namx:Mla Ro", "p:70", "Doctor: Dr.Smith", "Medicine", "Dosuge", "Frequency", "Duration", "TabDolo 650", "5 tablets", "20ms doy", "$ days", "Cap Zovirax", "t5tablets", "3tmesaday", "30 days", "Tab Neurobin Forte", "t5tblets", "2 tmes a duy", "5 days", "Tab Cyctopam", "5tablets", "3 tmesa dey", "5 days", "Syrup", "Dosago", "Froquancy", "Duratlon", "Syrup Grillnctus tm", "10ml", "3tims doy", "30day", "Advico:", "-Tako bod rost", "Eat nsy-to-dlgest food like boiled rice with dal", "-Stytydrated"], "confidence": [0.9510087966918945, 0.8392246961593628, 0.9123506546020508, 0.7967714667320251, 0.782950758934021, 0.954889178276062, 0.930323600769043, 0.9030749201774597, 0.981568455696106, 0.965709924697876, 0.8607881665229797, 0.887381374835968, 0.7529489994049072, 0.837290346622467, 0.88321852684021, 0.8831853270530701, 0.8317393660545349, 0.8867191672325134, 0.9331203103065491, 0.9061143398284912, 0.8648670315742493, 0.7866043448448181, 0.8804050087928772, 0.8909797668457031, 0.7426267862319946, 0.8334064483642578, 0.9728748202323914, 0.9117240309715271, 0.9373424053192139, 0.9573420286178589, 0.9894372820854187, 0.9658069610595703, 0.7523825764656067, 0.8759253621101379, 0.9288334846496582, 0.7142534255981445, 0.8857390284538269, 0.9112634658813477], "label": [1, 1, 1, 0, 0, 0, 0]}