{"text": ["XYZ Hospital", "123 tlealth Street,Wellnes City", "Phone:+1-234.587-890", "Patlont Namx:Mla Davs", "Apo:55", "Doctor: Dr.Lao", "Medicine", "Dosuge", "Frequency", "Duration", "Tab Sumo cold", "15tablets", "20ms doy", "7 duys", "Tab Allegra", "5tablets", "3tmesaday", "5days", "Cap Zovirax", "5 tablets", "3 tmesa doy", "5 days", "Cap Pan d", "5tablets", "3tmes aday", "4duys", "Tab Combinam", "20tblets", "2 tmes a duy", "30 days", "Tab Pan d", "10tablets", "3 tmesa dey", "t4days", "Syrup", "Dosago", "Froquoncy", "Duratlon", "Syrup Fobrox plus", "10ml", "3tmsdoy", "14dy", "Advico:", "-Tako tod rost", "Eat nsy-to-digest food like boiled dce with dnl", "-Stytydrated"], "confidence": [0.9555370807647705, 0.847380518913269, 0.8575018644332886, 0.810445249080658, 0.7298091053962708, 0.8747309446334839, 0.930323600769043, 0.9412831664085388, 0.9790523052215576, 0.9564203023910522, 0.882573664188385, 0.8647039532661438, 0.7485461831092834, 0.9796134829521179, 0.8880031704902649, 0.9046000242233276, 0.8446890115737915, 0.8520981669425964, 0.8862808346748352, 0.8569201231002808, 0.7852831482887268, 0.7517222762107849, 0.9107117056846619, 0.9046000242233276, 0.8575385212898254, 0.9083743095397949, 0.9429264068603516, 0.9145114421844482, 0.7522758841514587, 0.8513266444206238, 0.8963916301727295, 0.9273074269294739, 0.7805267572402954, 0.8406792283058167, 0.9720994234085083, 0.958836555480957, 0.9524527788162231, 0.9921525120735168, 0.9937456846237183, 0.9717352390289307, 0.7260910272598267, 0.932861328125, 0.9678077101707458, 0.7970249056816101, 0.8581724166870117, 0.9284995198249817], "label": [1, 1, 1, 0, 0, 0, 0]}