{"text": ["XYZ Hospital", "123 tlealth Street,Wellness City", "Phone:+1-234-587-890", "Patlont Nanx:Llam Brown", "Ap:53", "Doctor:Dr.Johnson", "Medicine", "Dosage", "Frequency", "Duration", "Cup Pan d", "t5tablets", "3mesday", "$ days", "Cap Colmmune", "20 tablets", "2tmesa dey", "30 days", "Tab Dolonex dt", "10tablets", "2 tmes a duy", "4 duys", "Tab Sumo cold", "20 tblets", "3 tmesa dey", "7days", "Syrup", "Dosago", "Froquancy", "Duratlon", "Syrup Zodax", "10ml", "2 tim doy", "30day", "Advico:", "-Tako tod rost", "Eat nsy-to-dlgest food like boiled rice with dal", "-Styhydrated"], "confidence": [0.9534003138542175, 0.8385964632034302, 0.8895711898803711, 0.8441261649131775, 0.7789907455444336, 0.9729329347610474, 0.930323600769043, 0.9033363461494446, 0.9838311672210693, 0.965709924697876, 0.9395813345909119, 0.8808125257492065, 0.8425248265266418, 0.837290346622467, 0.8885552287101746, 0.9054545164108276, 0.7338863611221313, 0.8867191672325134, 0.9175984263420105, 0.9273074269294739, 0.7841776013374329, 0.944999635219574, 0.9020398259162903, 0.9086169004440308, 0.774726152420044, 0.9444330930709839, 0.9852066040039062, 0.9117240309715271, 0.9330023527145386, 0.9694130420684814, 0.9170301556587219, 0.9658069610595703, 0.7548075318336487, 0.8759253621101379, 0.9288334846496582, 0.7059499621391296, 0.8857390284538269, 0.8782772421836853], "label": [1, 1, 1, 0, 0, 0, 0]}