{"text": ["XYZ Hospital", "123 tlealth Street,Wellness City", "Phone:+1-234.587-890", "Patlant Nanx:Davld D", ":41", "Doctor: Dr. Tumor", "Medicine", "Dosuge", "Frequency", "Duration", "Tab Sumo cold", "15tblets", "20ms dey", "7 duys", "TabDolo650", "5tablets", "20mes dey", "30 days", "Tab Cyciomeff", "10tblets", "3tmesaduy", "7 days", "Tab Combinam", "10tablets", "3 tmesa doy", "4days", "Tab Febrexplus", "10tablets", "3 tmesaday", "30 days", "Tab Evlon", "15tablets", "3 tmesa dey", "30 days", "Syrup", "Dosago", "Froquoncy", "Duratlon", "Syrup TusQx", "10ml", "3tms doy", "30 dny", "Advico:", "-Tako to rst", "Eat nsy-to-digest food like boiled dce with dnl", "Stoytydrated"], "confidence": [0.9545212388038635, 0.847599446773529, 0.8531273007392883, 0.7894393801689148, 0.8224173188209534, 0.9752182960510254, 0.930323600769043, 0.9420654773712158, 0.9790523052215576, 0.965709924697876, 0.9160467386245728, 0.900070071220398, 0.7692691087722778, 0.9828178286552429, 0.870199978351593, 0.8873331546783447, 0.7428823113441467, 0.8518379926681519, 0.8540173768997192, 0.9530437588691711, 0.8625564575195312, 0.8452855944633484, 0.8973588347434998, 0.9273074269294739, 0.8013067245483398, 0.9184122085571289, 0.9263032078742981, 0.9273074269294739, 0.8478784561157227, 0.8853435516357422, 0.9175030589103699, 0.9037178754806519, 0.7711530923843384, 0.8513266444206238, 0.9720994234085083, 0.9395401477813721, 0.9524527788162231, 0.9885905981063843, 0.9340599179267883, 0.9751888513565063, 0.7066380381584167, 0.7926518321037292, 0.9678854942321777, 0.7411465644836426, 0.8616782426834106, 0.871784508228302], "label": [1, 0, 1, 0, 0, 0, 0]}