{"text": ["XYZ Hospital", "123 tlealth Street,Wellness City", "Phone:+1-234.587-890", "Patlant Namxo:John Wlllams", ":30", "Doctor: Dr.Lao", "Medicine", "Dosage", "Frequency", "Duration", "Tab Allegra", "15tablets", "20ms doy", "10duys", "Cap Zovirax", "15tablets", "2tmesaday", "10days", "Tab Trtz", "5tablets", "2 tmes aduy", "30 duys", "Tab Pan d", "15tablets", "2tmesaday", "4days", "Tab Combinam", "15tablets", "2 tmes a duy", "30 days", "Tab Zole fcream", "15tablets", "2 tms a doy", "7 days", "Syrup", "Dosago", "Froquoncy", "Duratlon", "Syrup Fobrox plus", "10ml", "3tmsdoy", "7day", "Advico:", "-Tako tod rost", "Eat nsy-to-digest food like boiled dce with dnl", "Stoybydrated"], "confidence": [0.9558648467063904, 0.8411437273025513, 0.8589719533920288, 0.8314491510391235, 0.8873375058174133, 0.8749284148216248, 0.9035042524337769, 0.9033363461494446, 0.9788968563079834, 0.9629752039909363, 0.921038806438446, 0.8927748799324036, 0.7485461831092834, 0.9152160286903381, 0.8878929018974304, 0.9092390537261963, 0.8067965507507324, 0.8626441955566406, 0.8327649235725403, 0.916618824005127, 0.7543216347694397, 0.9069848656654358, 0.897170901298523, 0.8647039532661438, 0.8128202557563782, 0.9184122085571289, 0.9359658360481262, 0.8647039532661438, 0.753273069858551, 0.8853435516357422, 0.88272625207901, 0.8990643620491028, 0.8110769391059875, 0.8480218052864075, 0.9720994234085083, 0.9641801714897156, 0.9529516696929932, 0.9877357482910156, 0.9930002689361572, 0.9717352390289307, 0.7260910272598267, 0.940690815448761, 0.9678077101707458, 0.7811692357063293, 0.8581724166870117, 0.8402523994445801], "label": [1, 1, 1, 0, 0, 0, 0]}