{"text": ["XYZ Hospital", "123 tlealth Street,Wellness City", "Phone:+1-234-587-890", "Patlont Namx:Llam Wilson", "Ap:52", "Doctor:Dr.Patol", "Medicine", "Dosage", "Frequency", "Quraton", "Tab Cetine", "5tablets", "20ms dey", "5days", "Tab Dolonexdt", "15tablets", "3 tmes doy", "5days", "Cup Omez", "10 tablets", "2 tmes a day", "4duys", "Cap Pan d", "5tablets", "2tmesa day", "30 days", "Tab Evlon", "10tablets", "2 tmes a duy", "5days", "Cap Colmmune", "15tablets", "3 tmesa dey", "30 days", "Syrup", "Dosapo", "Froquoncy", "Duratlon", "Syrup Zodax", "Sml", "2 timdoy", "30days", "Syrup Cypon", "Sml", "2timday", "7day", "Advico:", "-Tako tod rst", "Eat nsy-to-digest food like boiled rice with dal", "-Stytydrated"], "confidence": [0.9542174935340881, 0.8376824259757996, 0.8926750421524048, 0.8362617492675781, 0.7315886616706848, 0.9452148079872131, 0.930323600769043, 0.9033363461494446, 0.9918885827064514, 0.8290681838989258, 0.9240542650222778, 0.901167631149292, 0.7692691087722778, 0.8371574282646179, 0.9503961205482483, 0.8927748799324036, 0.7266961336135864, 0.8366293907165527, 0.8356970548629761, 0.8921223878860474, 0.7271961569786072, 0.9083743095397949, 0.9035593867301941, 0.9046000242233276, 0.8345104455947876, 0.8867191672325134, 0.9195342659950256, 0.9273074269294739, 0.7506501078605652, 0.8756504058837891, 0.8867374062538147, 0.9037178754806519, 0.7877397537231445, 0.863133430480957, 0.988613486289978, 0.8228013515472412, 0.9466862082481384, 0.9799938797950745, 0.9197816848754883, 0.860496461391449, 0.7554259300231934, 0.8245375156402588, 0.9433368444442749, 0.927854061126709, 0.7733154892921448, 0.8754475712776184, 0.9689141511917114, 0.7309774160385132, 0.9021574854850769, 0.9058265686035156], "label": [1, 1, 1, 0, 0, 0, 0]}