{"text": ["XYZ Hospital", "123 tlealth Street,Wellness City", "Phone:+1-234.587-890", "Patlont Namx:Charlo Wlson", "p:31", "Doctor: Dr.Lo", "Medicine", "Dosuge", "Frequency", "Duration", "Tab Dolonex dt", "5 tablets", "3mesday", "5 days", "TabCiplox500", "5tablets", "3tmesaday", "5days", "Tab Clavum 025", "15tablets", "3 tmesa duy", "30 days", "TabDolo650", "15tablets", "2tmesa dey", "30 days", "TabAllegr", "5tablets", "3 tmesaday", "7 days", "Cap Pan d", "10tablets", "3 tmesa dey", "5 duys", "Syrup", "Dosago", "Froquoncy", "Duratlon", "Syrup TusQ-dx", "10ml", "3 tms doy", "5 day", "Advico:", "-Tako tod rost", "Eat nsy-to-digest food like boiled dce with dnl", "Stoybydrated"], "confidence": [0.9557154178619385, 0.8386703133583069, 0.8589719533920288, 0.8559769988059998, 0.739750325679779, 0.9231882691383362, 0.9287360906600952, 0.979745090007782, 0.98100346326828, 0.965709924697876, 0.9169816374778748, 0.887381374835968, 0.8133042454719543, 0.7493965029716492, 0.8895761966705322, 0.8909797668457031, 0.8242611289024353, 0.8343985676765442, 0.8048403859138489, 0.867788553237915, 0.798012912273407, 0.8866694569587708, 0.8895617723464966, 0.9037178754806519, 0.8084509968757629, 0.8500292897224426, 0.935485303401947, 0.9079194068908691, 0.8352519273757935, 0.8434519171714783, 0.9221227169036865, 0.9273074269294739, 0.7805267572402954, 0.9175510406494141, 0.9719002842903137, 0.958836555480957, 0.9524527788162231, 0.9877357482910156, 0.9404671788215637, 0.9717352390289307, 0.7108118534088135, 0.8135870099067688, 0.9678854942321777, 0.7591238617897034, 0.8601347208023071, 0.8266847729682922], "label": [1, 1, 1, 0, 0, 0, 0]}