{"text": ["XYZ Hospital", "123 tlealth Street,Wellness City", "Phone:+1-234.587-890", "Patlant Namx:Bob Millar", ":30", "Doctor:Dr.Patol", "Medicine", "Dosage", "Frequency", "Duration", "TabCyclopom", "5tablets", "3mesday", "10duys", "Tab Combinam", "5tablets", "20mesa dey", "7days", "Cup Cypon", "20 toblets", "2 tmes aday", "7 days", "Cap Dilanun", "5tablets", "2 tms a day", "5 days", "Tab Pand", "t5tablets", "2 tmes aday", "5days", "Syrup", "Dosapo", "Froquoncy", "Duratlon", "Syrup Corox-dx", "Sml", "2timday", "14day", "Advico:", "-Tako tod rost", "Eat nsy-to-digest food like boiled dce with dal", "-Staytydrated"], "confidence": [0.9531888961791992, 0.8400601148605347, 0.8541738390922546, 0.8499350547790527, 0.786027729511261, 0.9224323630332947, 0.930323600769043, 0.9033363461494446, 0.9850733280181885, 0.9623180627822876, 0.8946511745452881, 0.9057856798171997, 0.8353540301322937, 0.9106659889221191, 0.9251911044120789, 0.895728349685669, 0.7441098690032959, 0.9236086010932922, 0.8941758275032043, 0.8743324279785156, 0.7499434947967529, 0.8720644116401672, 0.9403008818626404, 0.8612961769104004, 0.7680168747901917, 0.8013837933540344, 0.928550660610199, 0.8659577965736389, 0.7505438327789307, 0.8882506489753723, 0.9720994234085083, 0.8961485028266907, 0.9767853617668152, 0.9654592275619507, 0.9529942870140076, 0.9197258949279785, 0.7550383806228638, 0.7760825753211975, 0.9675191640853882, 0.8345187902450562, 0.89924156665802, 0.9372954964637756], "label": [1, 1, 1, 0, 0, 0, 0]}