{"text": ["XYZ Hospital", "123 tlealth Street,Wellness City", "Phone:+1-234.587-890", "PatlantNanx:Davld Brown", "Ap:75", "DoctorDr.Smith", "Medicine", "Dosuge", "Frequency", "Duration", "Tab Cetine", "15tablets", "20ms dey", "30 days", "Cap Pan d", "10 tablets", "3 tmes duy", "7days", "Tab Febrexplus", "5tablets", "2tmesaday", "14days", "Tab Combinam", "10tablets", "3 tmesa dey", "30 days", "Syrup", "Dosapo", "Froquancy", "Duratlon", "Syrup TusQx", "Sml", "2 tm doy", "10day", "Syrup Cypon", "10ml", "2timday", "14day", "Advico:", "-Tako bod rost", "Eat nsy-to-digest food like boiled rice with dal", "-Stayhydrated"], "confidence": [0.95541912317276, 0.8383982181549072, 0.8577502369880676, 0.814993143081665, 0.7691259980201721, 0.974786639213562, 0.8984020948410034, 0.9420654773712158, 0.9905779957771301, 0.964890718460083, 0.9128592610359192, 0.8910351991653442, 0.7710025310516357, 0.8676621317863464, 0.9048255085945129, 0.8921223878860474, 0.7513999342918396, 0.9236086010932922, 0.9465674161911011, 0.9093613624572754, 0.864337682723999, 0.8488211035728455, 0.932949960231781, 0.9247161149978638, 0.7414395809173584, 0.8867191672325134, 0.9728748202323914, 0.8093938827514648, 0.9061452150344849, 0.937681257724762, 0.9645798206329346, 0.8684621453285217, 0.7493499517440796, 0.8304911851882935, 0.9280782341957092, 0.911413848400116, 0.7986935377120972, 0.7760825753211975, 0.967370867729187, 0.8230072855949402, 0.8990753293037415, 0.8757689595222473], "label": [1, 1, 1, 0, 0, 0, 0]}