{"text": ["XYZ Hospital", "123 tlealth Street,Wellness City", "Phone:+1-234.587-890", "Patlant Nanx:Davld D", ":40", "DoctorDr.Tumor", "Medicine", "Dosage", "Frequency", "Duration", "TabCiplox500", "5tablets", "20ms doy", "5days", "Tab Combinlam", "20 tblets", "3 tmes duy", "10days", "Tab Febrex plus", "5tablets", "2tmesaday", "5days", "Tab Cyciomeff", "10tablets", "2 tm5  dey", "30 days", "Syrup", "Dosapo", "Froquancy", "Duratlon", "Syrup Corox-dx", "Sml", "2tmdoy", "30 days", "Syrup Brozodax", "Sml", "3timsday", "14dy", "Advico:", "-Tako tod rost", "Eat nsy-to-dlgest food like boiled dce with dal", "-Stayhydrated"], "confidence": [0.95541912317276, 0.8471035957336426, 0.8541738390922546, 0.7833880186080933, 0.7442576289176941, 0.9647017121315002, 0.930323600769043, 0.9033363461494446, 0.9860591888427734, 0.965709924697876, 0.9438591599464417, 0.901167631149292, 0.7523245811462402, 0.8343985676765442, 0.9030275940895081, 0.9132061004638672, 0.740856945514679, 0.8655838966369629, 0.9085443615913391, 0.8878754377365112, 0.8678438663482666, 0.8642148971557617, 0.8611921072006226, 0.9244211912155151, 0.7639260292053223, 0.8853435516357422, 0.9701129198074341, 0.8093938827514648, 0.9080144166946411, 0.9864146709442139, 0.9597834944725037, 0.8684621453285217, 0.7414233684539795, 0.9609696269035339, 0.8720639944076538, 0.9197258949279785, 0.7819622755050659, 0.8365260362625122, 0.9688101410865784, 0.8293460011482239, 0.9003587961196899, 0.8834782838821411], "label": [1, 0, 1, 0, 0, 0, 0]}