{"text": ["XYZ Hospital", "123 tlealth Street,Wellness City", "Phone:+1-234-587-890", "Patlant Namx:John D", ":39", "Doctor: Dr. Millor", "Medicine", "Dosuge", "Frequency", "Duration", "Cap Omez", "5 tablets", "3mesday", "4duys", "Cap Zovirax", "5tablets", "3 tmes doy", "$ days", "Tab Pand", "5tablets", "3 tmesaday", "30 days", "Cap Pan d", "20 tablets", "3 tmesa dey", "10days", "Syrup", "Dosago", "Froquoncy", "Duration", "Syrup Corox", "Sml", "3tmsdoy", "30 day", "SyrupTusx", "Sml", "3mday", "10day", "Advico:", "-Tako tod rost", "Eat nsy-to-digest food like boiled dce with dal", "-Staytydrated"], "confidence": [0.9539773464202881, 0.8388950228691101, 0.8651002049446106, 0.8232653737068176, 0.8398079872131348, 0.9585012793540955, 0.9307171702384949, 0.9427713751792908, 0.9860424399375916, 0.9622949361801147, 0.7844891548156738, 0.887381374835968, 0.8353540301322937, 0.9083743095397949, 0.8815139532089233, 0.8909797668457031, 0.7507402896881104, 0.9286584258079529, 0.9204728007316589, 0.8909797668457031, 0.8493043780326843, 0.8866694569587708, 0.8811477422714233, 0.8983814120292664, 0.7762048244476318, 0.9470896124839783, 0.9747051000595093, 0.8239191174507141, 0.9104382991790771, 0.9667842388153076, 0.8789575099945068, 0.8684621453285217, 0.7064982056617737, 0.7933688163757324, 0.8749332427978516, 0.9197258949279785, 0.8235791325569153, 0.7979649305343628, 0.9678854942321777, 0.7910183668136597, 0.907055139541626, 0.9258518218994141], "label": [1, 1, 1, 0, 0, 0, 0]}