{"text": ["XYZ Hospital", "123 tlealth Street,Wellness City", "Phone:+1-234.587-890", "PatlantNanx:Bob Wllans", ":30", "Doctor: Dr.Patol", "Medicine", "Dosuge", "Frequency", "Duration", "Tab Neurobin Forte", "20 tblets", "3mesday", "30 days", "Tab Zole fcream", "5tablets", "20mes dey", "10days", "Tab Combinam", "5tablets", "3tmesaday", "$ days", "Tab Sumo cold", "10 tablets", "2 tmesa dey", "30 days", "Tab Dolonex dt", "10 tablets", "3 tmesaday", "10days", "Syrup", "Dosapo", "Froquoncy", "Duratlon", "Syrup Corox", "Sml", "3tms doy", "10dny", "Syrup Corox-dx", "10ml", "2 tims doy", "7days", "Advico:", "-Tako bod rst", "Eat nsy-to-digest food like boiled rice with dnl", "Stoy bydrated"], "confidence": [0.9441022872924805, 0.8499622344970703, 0.8589719533920288, 0.7666658759117126, 0.8873375058174133, 0.953412652015686, 0.9259157180786133, 0.9740098118782043, 0.9788968563079834, 0.964890718460083, 0.9266120195388794, 0.9135541915893555, 0.843670666217804, 0.8724113702774048, 0.8768779635429382, 0.8912277221679688, 0.7687022686004639, 0.9015160202980042, 0.9422884583473206, 0.9079194068908691, 0.8612986207008362, 0.724358081817627, 0.9022195339202881, 0.901634693145752, 0.8113839626312256, 0.8867191672325134, 0.9241403937339783, 0.901634693145752, 0.8309677243232727, 0.924377977848053, 0.9719002842903137, 0.7913495898246765, 0.9255363941192627, 0.9960426092147827, 0.977669894695282, 0.927854061126709, 0.7060664892196655, 0.6375325322151184, 0.9816890954971313, 0.9616332650184631, 0.731744647026062, 0.9038707613945007, 0.9678077101707458, 0.7890586853027344, 0.8524071574211121, 0.806763768196106], "label": [1, 0, 1, 0, 0, 0, 0]}