{"text": ["XYZ Hospital", "123 tlealth Street,Wellness City", "Phone:+1-234-587-890", "Patlont Namx:Evo Wilson", "Ap:52", "Doctor: Dr. Tumor", "Medicine", "Dosuge", "Frequency", "Duration", "Tab Sumo cold", "20tblets", "3mesdey", "7 days", "Tab Zole fcream", "10tablets", "2 um05  duy", "30 days", "Cup Omez", "20 tablets", "3 tmesa doy", "4duys", "Tab Dolonex dt", "10tablets", "2 tmesa day", "4duys", "Tab Evlon", "15tablets", "2 tmes a duy", "5days", "TabFebrexplus", "15tablets", "2 tmes a doy", "$ duys", "Syrup", "Dosapo", "Froquoncy", "Durotlon", "Syrup Grillnctus tm.", "Sml", "2 tim doy", "10day", "Syrup TusQx", "10ml", "2timday", "14 doy", "Advico:", "-Tako tod rost", "Eat nsy-to-digest food like boiled rice with dal", "-Stytydrated"], "confidence": [0.9555370807647705, 0.8380128741264343, 0.8872672319412231, 0.8273243308067322, 0.7315886616706848, 0.9763653874397278, 0.930323600769043, 0.9427713751792908, 0.9902750849723816, 0.964890718460083, 0.882573664188385, 0.9145114421844482, 0.8327884078025818, 0.8594018816947937, 0.881029486656189, 0.9273074269294739, 0.7148935794830322, 0.8513266444206238, 0.8303523659706116, 0.8709948658943176, 0.7694242000579834, 0.9083743095397949, 0.9134220480918884, 0.9273074269294739, 0.8068044185638428, 0.9083743095397949, 0.9146842956542969, 0.8647039532661438, 0.7704176902770996, 0.8520981669425964, 0.9549029469490051, 0.9037178754806519, 0.7914705872535706, 0.923030436038971, 0.983737587928772, 0.8240053653717041, 0.9466862082481384, 0.9339734315872192, 0.9587057828903198, 0.9028758406639099, 0.7873589992523193, 0.7873427867889404, 0.9398233294487, 0.9357630014419556, 0.8103267550468445, 0.770780086517334, 0.9631933569908142, 0.7688633799552917, 0.9020175933837891, 0.8946594595909119], "label": [1, 0, 1, 0, 0, 0, 0]}