{"text": ["XYZ Hospital", "123 tlealth Street,Wellness City", "Phone:+1-234.587-890", "Patlant Namx:Allco Wlson", ":20", "Doctor: Dr. Smith", "Medicine", "Dosauge", "Frequency", "Duration", "TabCiplox500", "10tablets", "3mesday", "10days", "Tab Febrex plus", "5tablets", "3umesaday", "10days", "Tab Neurobin Forte", "10 tablets", "3tmes day", "30 days", "Cap Pan d", "20 tablets", "2 tmesa dey", "t4days", "Tab Cyclomeff", "10 tablets", "3 tmesaday", "7days", "Syrup", "Dosapo", "Froquancy", "Duratlon", "Syrup Fobroxplus", "10ml", "2mdoy", "7day", "Syrup TusQx", "Sml", "2 tims doy", "7days", "Advico:", "-Tako bod rost", "Eat ensy-to-digest food like boiled rice with dnl", "Stoy bydrated"], "confidence": [0.9442035555839539, 0.8434277176856995, 0.8589719533920288, 0.8182232975959778, 0.8948600888252258, 0.9485135674476624, 0.9501501321792603, 0.8137890696525574, 0.9788968563079834, 0.9629752039909363, 0.9205910563468933, 0.9273074269294739, 0.843670666217804, 0.9608897566795349, 0.9063836336135864, 0.8669136762619019, 0.8508873581886292, 0.9213528037071228, 0.951806366443634, 0.8921223878860474, 0.795462429523468, 0.8833222985267639, 0.9062197208404541, 0.8709948658943176, 0.8118886351585388, 0.8406792283058167, 0.8307352662086487, 0.901634693145752, 0.8439608812332153, 0.9444330930709839, 0.974157989025116, 0.9107210040092468, 0.9316151738166809, 0.9953867197036743, 0.8642034530639648, 0.9483411312103271, 0.7321361303329468, 0.8866479396820068, 0.9367538690567017, 0.9197258949279785, 0.731744647026062, 0.9114284515380859, 0.96775883436203, 0.7340273261070251, 0.844878613948822, 0.7955535054206848], "label": [1, 1, 1, 0, 0, 0, 0]}