{"text": ["XYZ Hospital", "123 tlealth Street,Wellness City", "Phone:+1-234.587-890", "Patlant Namx:Mla D", ":74", "Doctor: Dr.Lao", "Medicine", "Dosage", "Frequency", "Duration", "Cap CoImmune", "5 tablets", "2 0ms dey", "7 duys", "Tab Cyciopam", "20 tblets", "3tmesaday", "30 days", "Tab Neurobin Forte", "15tablets", "3 tmesa doy", "10 duys", "TabCiplox500", "10tablets", "3tmes aday", "7 days", "TabDolo 650", "20 tblets", "3 tmesaday", "4duys", "TabZole fcream", "20 tablets", "2 tmes a doy", "10days", "Syrup", "Dosago", "Froquoncy", "Duratlon", "Syrup Corox", "10ml", "3 tms doy", "5 days", "Advico:", "-Tako to rost", "Eat nsy-to-digest food like boiled dce with dnl", "Stoytydrated"], "confidence": [0.9459837079048157, 0.8392246961593628, 0.8581722378730774, 0.7768454551696777, 0.8549395203590393, 0.8965769410133362, 0.9499181509017944, 0.8897534012794495, 0.9803639650344849, 0.964890718460083, 0.8844008445739746, 0.887381374835968, 0.732018232345581, 0.8653728365898132, 0.878358781337738, 0.8976051807403564, 0.8278234004974365, 0.8479889631271362, 0.9535709023475647, 0.8647039532661438, 0.7694242000579834, 0.8829830288887024, 0.9387898445129395, 0.9273074269294739, 0.8595724105834961, 0.8594018816947937, 0.8494243621826172, 0.9003804326057434, 0.8478784561157227, 0.9083743095397949, 0.8808203935623169, 0.8797799944877625, 0.7914705872535706, 0.9213528037071228, 0.9719002842903137, 0.958836555480957, 0.942815363407135, 0.9544193744659424, 0.8861015439033508, 0.9717352390289307, 0.7108118534088135, 0.7886900901794434, 0.9678854942321777, 0.7507117390632629, 0.861255407333374, 0.856630802154541], "label": [1, 1, 1, 0, 0, 0, 0]}