{"text": ["XYZ Hospital", "123 tlealth Street,Wellness City", "Phone:+1-234.587-890", "PatlantNamx:Allco Smith", "Apo:77", "Doctor: Dr. Smith", "Medicine", "Dosuge", "Frequency", "Duration", "TabAluhrocin 500", "10tablets", "3mesday", "7 duys", "Cap Cypon", "10tablets", "3 umes doy", "4days", "Tab Neurobin Forte", "20 tablets", "2 tms day", "30 days", "Tab Cetine", "5tablets", "2 tmes adey", "t4days", "TabFebrexplus", "10 tablets", "3 tmesaday", "7days", "Syrup", "Dosapo", "Froquancy", "Duratlon", "Syrup TusQx", "10ml", "3tms doy", "7day", "Syrup Corox-dx", "10ml", "2tims doy", "7days", "Advico:", "-Takoto rost", "Eat ensy-to-digest food like boiled rice with dnl", "Stoytydrated"], "confidence": [0.9503380656242371, 0.8465441465377808, 0.8575018644332886, 0.8546904921531677, 0.7262139916419983, 0.9597159028053284, 0.9259157180786133, 0.9054610133171082, 0.9788968563079834, 0.9564203023910522, 0.8002699613571167, 0.9273074269294739, 0.8458738923072815, 0.9828178286552429, 0.9203873872756958, 0.9273074269294739, 0.6744430065155029, 0.8935898542404175, 0.9078978300094604, 0.8709948658943176, 0.7628087401390076, 0.8833222985267639, 0.9263647794723511, 0.8846966028213501, 0.8046001195907593, 0.8406792283058167, 0.9737134575843811, 0.901634693145752, 0.8439608812332153, 0.9444330930709839, 0.9701129198074341, 0.90386563539505, 0.9315544962882996, 0.9953867197036743, 0.943128764629364, 0.9347427487373352, 0.7066380381584167, 0.8866479396820068, 0.9816890954971313, 0.9604064226150513, 0.7041686773300171, 0.9114284515380859, 0.96775883436203, 0.7202644348144531, 0.844878613948822, 0.8652937412261963], "label": [1, 1, 1, 0, 0, 0, 0]}