{"text": ["XYZ Hospital", "123 tlealth Street,Wellness City", "Phone:+1-234.587-890", "Patlant Namxo:Davld Johnson", ":20", "Doctor: Dr.Johnson", "Medicine", "Dosauge", "Frequency", "Duration", "Cap CoImmune", "10tablets", "3mesday", "7 days", "Tab Evion", "10 tablets", "3 umes dey", "7 days", "TabCiplox500", "20 tblets", "2 tms day", "10 days", "Tab Cyciomeff", "15tablets", "2 tmes adey", "4days", "TabClavum 025", "20 tablets", "3 tmesaday", "4days", "Syrup", "Dosapo", "Froquancy", "Duratlon", "Syrup Brozodax", "Sml", "2tmdoy", "4dy", "Syrup Zodox", "Sml", "2 tims doy", "7days", "Advico:", "-Tako to rost", "Eat nsy-to-digest food like boiled rice with dnl", "Stoytydrated"], "confidence": [0.9485384821891785, 0.8415265083312988, 0.8575018644332886, 0.8581059575080872, 0.852616012096405, 0.9670527577400208, 0.9554219245910645, 0.8137890696525574, 0.9788968563079834, 0.964890718460083, 0.8847947716712952, 0.9273074269294739, 0.8458738923072815, 0.9877565503120422, 0.9250327348709106, 0.8921223878860474, 0.7338784337043762, 0.8720644116401672, 0.9335591793060303, 0.9248446226119995, 0.7628087401390076, 0.8622841835021973, 0.8598324656486511, 0.8865651488304138, 0.8046001195907593, 0.9184122085571289, 0.8084328770637512, 0.8863240480422974, 0.8439608812332153, 0.9184122085571289, 0.9703512191772461, 0.9054598808288574, 0.8946319222450256, 0.9654592275619507, 0.9592962861061096, 0.8684621453285217, 0.7434632182121277, 0.9670042395591736, 0.9602704644203186, 0.9197258949279785, 0.731744647026062, 0.9038707613945007, 0.9671358466148376, 0.7147127985954285, 0.8504207730293274, 0.871784508228302], "label": [1, 1, 1, 0, 0, 0, 0]}