{"text": ["XYZ Hospital", "123 tlealth Street,Wellness City", "Phone:+1-234.587-890", "Patlant Namxo:Davld Johnson", "Ap:59", "Doctor: Dr. Millor", "Medicine", "Dosuge", "Frequency", "Duration", "TabCiplox500", "15tblets", "3mesday", "5 days", "Tab Dolo 650", "10 tablets", "2tmesa duy", "5days", "Tab Cetine", "10 tablets", "3 tmesa duy", "5 days", "Cap Pan d", "10tablets", "2 tmes a duy", "t4duys", "Cap Omez", "5 tablets", "2 tmes a duy", "t4duys", "Tab Clovum 025", "10tablets", "3 tmesa dey", "7 days", "Syrup", "Dosago", "Froquoncy", "Duratlon", "Syrup Corox", "Sml", "2tmsdoy", "10dy", "Advico:", "-Tako tod rost", "Eat nsy-to-digest food like boiled dce with dnl", "Stoybydrated"], "confidence": [0.9573611617088318, 0.8391073942184448, 0.8531273007392883, 0.8579157590866089, 0.660327136516571, 0.9714028239250183, 0.954825758934021, 0.9420654773712158, 0.9788968563079834, 0.964890718460083, 0.9171063899993896, 0.9046850204467773, 0.8442182540893555, 0.7547540068626404, 0.8189396262168884, 0.8921223878860474, 0.7795726656913757, 0.8520981669425964, 0.9388033151626587, 0.8921223878860474, 0.8160629868507385, 0.7493965029716492, 0.9091485142707825, 0.9273074269294739, 0.7414012551307678, 0.8104643225669861, 0.8230961561203003, 0.8665355443954468, 0.753273069858551, 0.8104643225669861, 0.774983286857605, 0.9273074269294739, 0.783704936504364, 0.8767657279968262, 0.9719002842903137, 0.9641801714897156, 0.9637989401817322, 0.9844989776611328, 0.8861015439033508, 0.927854061126709, 0.6669524312019348, 0.9338974952697754, 0.9678854942321777, 0.7592254281044006, 0.861255407333374, 0.8199408650398254], "label": [1, 1, 1, 0, 0, 0, 0]}