{"text": ["XYZ Hospital", "123 tlealth Street,Wellness City", "Phone:+1-234-587-890", "Patlant Namxo:John Johnson", "p:5", "Doctor:Dr.Johnson", "Medicine", "Dosuge", "Frequency", "Duration", "Tab Trtz", "5 tablets", "3mesdey", "$ days", "Tab Cetine", "t5tablets", "3tmesaday", "10days", "TabAllegra", "20 tablets", "2tmesaday", "30 duys", "Tab Pand", "t5tablets", "3 tmesa dey", "5 days", "Syrup", "Dosago", "Froquancy", "Duratlon", "Syrup Zodox", "10ml", "2 tim doy", "30day", "Advico:", "-Takorst", "Eat nsy-to-dlgest food like boiled rice with dal", "-Stynydrated"], "confidence": [0.9538750648498535, 0.8392246961593628, 0.8945508003234863, 0.8617231845855713, 0.6002307534217834, 0.9695295691490173, 0.9246234893798828, 0.9030749201774597, 0.9827504754066467, 0.965709924697876, 0.788279116153717, 0.8757308125495911, 0.8327884078025818, 0.837290346622467, 0.9318274259567261, 0.8836497068405151, 0.8317393660545349, 0.8655838966369629, 0.9329899549484253, 0.8967920541763306, 0.8641469478607178, 0.9196853041648865, 0.9222387671470642, 0.8856318593025208, 0.8120609521865845, 0.8334064483642578, 0.9728748202323914, 0.9117240309715271, 0.935694694519043, 0.9573420286178589, 0.9300393462181091, 0.9658069610595703, 0.81327223777771, 0.8759253621101379, 0.9288334846496582, 0.7486342191696167, 0.8857390284538269, 0.8989677429199219], "label": [1, 0, 1, 0, 0, 0, 0]}