{"text": ["XYZ Hospital", "123 tlealth Street,Wellness City", "Phone:+1-234.587-890", "Patlant Namx:Davld Smith", "Ap:52", "Doctor:Dr.Smith", "Medicine", "Dosuge", "Frequency", "Duration", "TabZole fcreum", "10tablets", "3mesday", "10days", "Tab Evion", "20 tablets", "3 umes dey", "4days", "Cap Cypon", "10 tablets", "3 tmes dey", "7 days", "Tab Combinam", "20 toblets", "2 tms a day", "30 days", "Tab Cetine", "10 tablets", "2tmesaday", "4days", "Syrup", "Dosopo", "Froquoncy", "Duratlon", "Syrup Corox-dx", "10ml", "3timsday", "Sday", "Advico:", "-Tako tod rost", "Eat nsy-to-digest food like boiled dce with dal", "-Stayhydrated"], "confidence": [0.95541912317276, 0.8413002490997314, 0.8541738390922546, 0.835313081741333, 0.7315886616706848, 0.9709880948066711, 0.930323600769043, 0.9349806904792786, 0.9838371276855469, 0.9629752039909363, 0.897516131401062, 0.9273074269294739, 0.8410215377807617, 0.8958680033683777, 0.9332005381584167, 0.9054545164108276, 0.7338784337043762, 0.8935898542404175, 0.9437306523323059, 0.8921223878860474, 0.7872068881988525, 0.8720644116401672, 0.9158923029899597, 0.8743324279785156, 0.8000491857528687, 0.8867191672325134, 0.9303092956542969, 0.901634693145752, 0.8579052090644836, 0.9184122085571289, 0.9720994234085083, 0.7710023522377014, 0.9624842405319214, 0.8988408446311951, 0.9663158655166626, 0.9347427487373352, 0.7407669425010681, 0.7356988191604614, 0.9675191640853882, 0.8316531181335449, 0.8992130160331726, 0.88934326171875], "label": [1, 1, 1, 0, 0, 0, 0]}