{"text": ["XYZ Hospital", "123 tlealth Street,Wellness City", "Phone:+1-234.587-890", "Patlant Namx:Jano Smith", "Ap:65", "DoctorDr.Smith", "Medicine", "Dosuge", "Frequency", "Duration", "Tab Allegra", "5 tablets", "3mesdey", "7 days", "Tab Dolo650", "20 tblets", "3 tmes duy", "7days", "Tab Cetine", "10 tablets", "3 tmesaday", "5days", "Cap Cypon", "10tablets", "2 tms a day", "10days", "Syrup", "Dosogo", "Froquoncy", "Duratlon", "Syrup Corox-dx", "Sml", "3tmdoy", "5 days", "SyrupZodax", "Sml", "3timsday", "7day", "Advico:", "-Tako bod rost", "Eat nsy-to-digest food like boiled dce with dal", "-Staytydrated"], "confidence": [0.9531888961791992, 0.8442541360855103, 0.8541738390922546, 0.8434613943099976, 0.6137485504150391, 0.973971426486969, 0.930323600769043, 0.9427713751792908, 0.9860424399375916, 0.964890718460083, 0.8999242782592773, 0.8539843559265137, 0.8327884078025818, 0.8635157942771912, 0.8089301586151123, 0.9185055494308472, 0.7149695754051208, 0.9236086010932922, 0.9154947400093079, 0.8921223878860474, 0.8493043780326843, 0.8756504058837891, 0.9557991027832031, 0.9247161149978638, 0.8000491857528687, 0.948091983795166, 0.9747051000595093, 0.7991173267364502, 0.9251506328582764, 0.9498113989830017, 0.9759541749954224, 0.8684621453285217, 0.747671902179718, 0.8339796662330627, 0.8965408205986023, 0.9197258949279785, 0.7859691381454468, 0.8483083248138428, 0.967370867729187, 0.8304697871208191, 0.9078223705291748, 0.9250409007072449], "label": [1, 1, 1, 0, 0, 0, 0]}