{"text": ["XYZ Hospital", "123 tlealth Street,Wellnes City", "Phone:+1-234.587-890", "Patlont Namx:Mla Davs", "Ap:51", "Doctor: Dr.Johnson", "Medicine", "Dosuge", "Frequency", "Duration", "Cap Omez", "15tablets", "20ms dey", "$ days", "TabCiplox500", "10 tablets", "20mes dey", "t4days", "Cap Cypon", "10 tablets", "3tmes day", "5 days", "Tab Pand", "15tablets", "2 tmesa doy", "30 days", "Cap Pand", "20 tablets", "3tmesaday", "7days", "Syrup", "Dosapo", "Froquancy", "Duratlon", "Syrup TusQ dx", "Sml", "2tm doy", "Sday", "Syrup TusQx", "Sml", "3 tims doy", "4 day", "Advico:", "-Tako to rost", "Eat nsy-to-digest food like boiled rice with dnl", "Stoytydrated"], "confidence": [0.9488534331321716, 0.847380518913269, 0.8575018644332886, 0.8163918852806091, 0.7661563158035278, 0.9736536741256714, 0.925094723701477, 0.975483238697052, 0.9788968563079834, 0.965709924697876, 0.8444668054580688, 0.8647039532661438, 0.7692691087722778, 0.837290346622467, 0.9263172149658203, 0.8921223878860474, 0.7687022686004639, 0.8406792283058167, 0.9427502751350403, 0.8921223878860474, 0.795462429523468, 0.802062451839447, 0.9165558815002441, 0.8865138292312622, 0.7686713933944702, 0.8853435516357422, 0.9235751628875732, 0.8974159359931946, 0.8785970211029053, 0.9444330930709839, 0.9703512191772461, 0.90386563539505, 0.9510630369186401, 0.9908849000930786, 0.952340841293335, 0.8684621453285217, 0.7230568528175354, 0.7331788539886475, 0.9560192227363586, 0.9197258949279785, 0.7696221470832825, 0.7794343829154968, 0.9662078022956848, 0.7484818696975708, 0.8501596450805664, 0.8328991532325745], "label": [1, 1, 1, 0, 0, 0, 0]}