{"text": ["XYZ Hospital", "123 tlealth Street,Wellness City", "Phone:+1-234-587-890", "Patlont Nanx:Evo Wlllams", "p:28", "Doctor: Dr. Tumor", "Medidine", "Dosuge", "Frequency", "Duration", "Tab Pand", "5 tablets", "20ms doy", "$ days", "Tab Zole f creum", "10 tablets", "3tmesaday", "30 days", "Cap Cypon", "t5tblets", "2 tmes a duy", "30 duys", "Tab Cyciopam", "5tablets", "3 tmesa dey", "7days", "Syrup", "Dosopo", "Froquancy", "Duration", "Syrup Grillnctus tm", "10ml", "3tims doy", "10day", "Advico:", "-Tako bod rost", "Eat nsy-to-dlgest food like boiled rice with dal", "-Stytydrated"], "confidence": [0.9479550719261169, 0.8390575647354126, 0.8836950063705444, 0.8183867335319519, 0.7335016131401062, 0.9597434997558594, 0.9153572916984558, 0.9030749201774597, 0.9816504716873169, 0.964890718460083, 0.9261907339096069, 0.887381374835968, 0.7529489994049072, 0.837290346622467, 0.852724552154541, 0.8921223878860474, 0.8201786875724792, 0.8867191672325134, 0.9452340006828308, 0.9061143398284912, 0.8993287086486816, 0.9196853041648865, 0.8568777441978455, 0.8909797668457031, 0.7049140334129333, 0.9444330930709839, 0.9701129198074341, 0.7810644507408142, 0.9354243874549866, 0.9392375946044922, 0.9903625845909119, 0.9658069610595703, 0.7523825764656067, 0.8316768407821655, 0.9288334846496582, 0.7142534255981445, 0.8857390284538269, 0.9112634658813477], "label": [1, 1, 1, 0, 0, 0, 0]}