{"text": ["XYZ Hospital", "123 tlealth Street,Wellness City", "Phone:+1-234.587-890", "Patlant Namxo:John Wilson", "Ap:35", "DoctorDr.Johnson", "Medicine", "Dosuge", "Frequency", "Duration", "Tab Sumo cold", "15tablets", "20ms doy", "4days", "Tab Neurobin Forte", "5tablets", "2tmesaday", "5days", "Cap Dilantn", "20 tablets", "2tmsa day", "5 days", "Tab Cyciopam", "5tablets", "3 tmesa doy", "10days", "Tab Combinam", "20 tablets", "2tmesaday", "30 days", "Syrup", "Dosapo", "Froquoncy", "Duratlon", "Syrup TusQ-dx", "10ml", "2tmdoy", "30dny", "Syrup Zodox", "Sml", "3tims doy", "7days", "Advico:", "-Tako to rost", "Eat ensy-to-digest food like boiled rice with dnl", "Stoytydrated"], "confidence": [0.946911096572876, 0.8416517972946167, 0.8589719533920288, 0.8533756732940674, 0.7815839052200317, 0.9794250726699829, 0.930457353591919, 0.9740098118782043, 0.9838371276855469, 0.9629472494125366, 0.9094547629356384, 0.8927748799324036, 0.7523245811462402, 0.9227895736694336, 0.9485270380973816, 0.8912277221679688, 0.8110752701759338, 0.8691898584365845, 0.8432223796844482, 0.8863240480422974, 0.7672569751739502, 0.802062451839447, 0.8763759732246399, 0.8669136762619019, 0.7601831555366516, 0.9213528037071228, 0.943329393863678, 0.8863240480422974, 0.8281590342521667, 0.8853435516357422, 0.974157989025116, 0.7913495898246765, 0.9496034979820251, 0.9927033185958862, 0.9553414583206177, 0.9483411312103271, 0.7179483771324158, 0.8397564888000488, 0.9601495265960693, 0.9197258949279785, 0.7529909014701843, 0.9038707613945007, 0.9662078022956848, 0.7185231447219849, 0.844878613948822, 0.8652937412261963], "label": [1, 1, 1, 0, 0, 0, 0]}