{"text": ["XYZ Hospital", "123 tlealth Street,Wellness City", "Phone:+1-234-587-890", "Patlont Nanx:Graco Millor", "p:02", "Doctor: Dr.Smith", "Medicine", "Dosuge", "Frequency", "Duration", "TabCiplox500", "5 tablets", "20ms doy", "30 days", "Tab Sumo cold", "10 tablets", "3tmesaday", "10days", "Tab Cetine", "10 tablets", "3 tmes a duy", "7 days", "CapCo-lmmune", "15tablets", "2 tms a dey", "5days", "Syrup", "Dosago", "Froquancy", "Duratlon", "Syrup Brozodax", "Sml", "3tims doy", "10days", "Advico:", "-Tako bod rost", "Eat nsy-to-dlgest food like boiled rice with dal", "-Stytydrated"], "confidence": [0.9533605575561523, 0.8484009504318237, 0.8798349499702454, 0.8153242468833923, 0.6046748161315918, 0.9528189301490784, 0.954825758934021, 0.9030749201774597, 0.980177640914917, 0.964890718460083, 0.9180610775947571, 0.8757308125495911, 0.7529489994049072, 0.8920504450798035, 0.8943536281585693, 0.8921223878860474, 0.8006769418716431, 0.9015160202980042, 0.926693320274353, 0.8921223878860474, 0.8647356629371643, 0.8720644116401672, 0.9051304459571838, 0.8990643620491028, 0.7360888123512268, 0.8882506489753723, 0.970925509929657, 0.9117240309715271, 0.9355165958404541, 0.9347891807556152, 0.9842071533203125, 0.8684621453285217, 0.7523825764656067, 0.8736727833747864, 0.9288334846496582, 0.7142534255981445, 0.8857390284538269, 0.9112634658813477], "label": [1, 1, 1, 0, 0, 0, 0]}