{"text": ["XYZ Hospital", "123 tlealth Street,Wellness City", "Phone:+1-234.587-890", "PatlantNamx:Bob Smith", "p:38", "Doctor: Dr. Tumor", "Medicine", "Dosuge", "Frequency", "Duration", "Cap Omez", "10 tablets", "3mesday", "10duys", "Tab Allegra", "10tablets", "3 umes doy", "30 days", "Tab Cyciomelf", "10tablets", "2 tmsa duy", "7 days", "Cap Dilanun", "5tablets", "2tmesa day", "30 days", "TabCyciopam", "10tablets", "3 tmesaday", "7 days", "TabCiplox500", "10tablets", "3 tmesa dey", "$ days", "Syrup", "Dosago", "Froquoncy", "Duratlon", "Syrup Grillnctus tm", "Sml", "3tms doy", "10dy", "Advico:", "-Tako to rost", "Eat nsy-to-digest food like boiled dce with dnl", "Stoytydrated"], "confidence": [0.9527716040611267, 0.8356626629829407, 0.846886157989502, 0.8519932627677917, 0.5942648649215698, 0.9478211998939514, 0.8980367183685303, 0.908909797668457, 0.9790523052215576, 0.9629752039909363, 0.7851511836051941, 0.8778047561645508, 0.8458738923072815, 0.9152160286903381, 0.8880031704902649, 0.9273074269294739, 0.7165395617485046, 0.8513266444206238, 0.8418954014778137, 0.9273074269294739, 0.7483718395233154, 0.861883819103241, 0.8944149613380432, 0.9046000242233276, 0.8158695101737976, 0.8853435516357422, 0.8747797012329102, 0.9273074269294739, 0.8478784561157227, 0.8720644116401672, 0.9394283294677734, 0.9273074269294739, 0.8179402947425842, 0.9325768351554871, 0.9788066744804382, 0.9641801714897156, 0.9524527788162231, 0.9836410284042358, 0.9857677817344666, 0.927854061126709, 0.7066380381584167, 0.9338974952697754, 0.9678854942321777, 0.7632261514663696, 0.8616782426834106, 0.856630802154541], "label": [1, 1, 1, 0, 0, 0, 0]}