{"text": ["XYZ Hospital", "123 tlealth Street,Wellness City", "Phone:+1-234-587-890", "Patlont Namx:Allco Wlson", "p:43", "Doctor:Dr.Pato1", "Medicine", "Dosage", "Frequency", "Duration", "Tab Sumo cold", "20 tblets", "3mesday", "30 days", "Tab Neurobin Forte", "5tablets", "3tmesaday", "10days", "TabClavum 025", "S tablets", "2 tmes a duy", "10 duys", "Tab Trz", "10tablets", "3 tmesa dey", "t4duys", "Syrup", "Dosago", "Froquancy", "Duratlon", "Syrup Grillnctus tm", "Sml", "3mday", "30day", "Advico:", "-Tako tod rost", "Eat nsy-to-dlgest food like boiled rice with dal", "-Stynydrated"], "confidence": [0.950584352016449, 0.8408339023590088, 0.8927069902420044, 0.8454208374023438, 0.7557733058929443, 0.9439751505851746, 0.930323600769043, 0.8897534012794495, 0.9789015650749207, 0.964890718460083, 0.9167512655258179, 0.9129369258880615, 0.8320165276527405, 0.8676621317863464, 0.9417176842689514, 0.895728349685669, 0.8161150813102722, 0.9213528037071228, 0.8366121053695679, 0.8356771469116211, 0.8931125998497009, 0.8914344906806946, 0.8342235684394836, 0.9247161149978638, 0.7762048244476318, 0.8394883275032043, 0.9908796548843384, 0.9191999435424805, 0.9371910095214844, 0.8653408288955688, 0.9906511902809143, 0.8684621453285217, 0.7975116968154907, 0.8759253621101379, 0.9288334846496582, 0.7370761632919312, 0.8857390284538269, 0.8890843987464905], "label": [1, 0, 1, 0, 0, 0, 0]}