{"text": ["XYZ Hospital", "123 tlealth Street,Wellness City", "Phone:+1-234.587-890", "Patlant Namo:John Smith", "Doctor: Dr. Millor", "Medidine", "Dosuge", "Frequency", "Duration", "Tab Pan d", "5 tablets", "20ms day", "4duys", "Cap Pan d", "5 tablets", "3umesadey", "5days", "Tab Evion", "5 tablets", "2 tmes adey", "30 days", "Cap Colmmune", "5tablets", "2umesaday", "4days", "TabCiplox500", "20 tablets", "3 tmesaday", "30 days", "Syrup", "Dosapo", "Froquoncy", "Duratlon", "Syrup TusQ dx", "10ml", "2mdoy", "30dny", "Syrup Zodox", "10ml", "2tims doy", "10dny", "Advico:", "-Tako tod rost", "Eat ensy-to-digest food like boiled rice with dnl", "Stoytydrated"], "confidence": [0.9556474685668945, 0.8472376465797424, 0.8575018644332886, 0.8651837706565857, 0.9679278135299683, 0.9188768863677979, 0.979745090007782, 0.9858791828155518, 0.9622949361801147, 0.9215136766433716, 0.8691415786743164, 0.7605679631233215, 0.9136894941329956, 0.9141257405281067, 0.8665355443954468, 0.8198149800300598, 0.8691898584365845, 0.9267144799232483, 0.8856258988380432, 0.7544932961463928, 0.8833222985267639, 0.8916724324226379, 0.8669136762619019, 0.8219001889228821, 0.9184122085571289, 0.9531092047691345, 0.864126980304718, 0.8251968622207642, 0.8853435516357422, 0.9703512191772461, 0.7913495898246765, 0.9494552612304688, 0.9935265183448792, 0.9453410506248474, 0.9483411312103271, 0.7551538348197937, 0.8377351760864258, 0.9601495265960693, 0.9604064226150513, 0.7249763607978821, 0.7591055631637573, 0.9662078022956848, 0.7570601105690002, 0.844878613948822, 0.8262820839881897], "label": [1, 1, 1, 0, 0, 0, 0]}