{"text": ["XYZ Hospital", "123 tlealth Street,Wellness City", "Phone:+1-234.587-890", "Patlant Namx:EvoSmith", "p:43", "Doctor: Dr. Tumor", "Medicine", "Dosuge", "Frequency", "Duration", "Cap Omez", "10tablets", "3mesday", "30 duys", "TabA1urodn 500", "5tablets", "2tmesaday", "30 days", "Cup Cypon", "5 tablets", "3 tmesa duy", "5 days", "Cap Pan d", "10tablets", "3 tmesa duy", "t4duys", "Tab Pan d", "20 tblets", "2 umes a duy", "5days", "Cap CoImmune", "20 tablets", "2 tms a doy", "30 days", "Syrup", "Dosago", "Froquoncy", "Duratlon", "Syrup Cypon", "Sml", "3tms doy", "7day", "Advico:", "-Tako to rost", "Eat nsy-to-digest food like boiled dce with dnl", "Stoybydrated"], "confidence": [0.9508797526359558, 0.8450579047203064, 0.8531273007392883, 0.8408123254776001, 0.7557733058929443, 0.9701182246208191, 0.930323600769043, 0.9422492384910583, 0.9790523052215576, 0.965709924697876, 0.8579201698303223, 0.9273074269294739, 0.8203554749488831, 0.9069848656654358, 0.8382607698440552, 0.9046000242233276, 0.8111010789871216, 0.8513266444206238, 0.8984825611114502, 0.8721634149551392, 0.8044043183326721, 0.7517222762107849, 0.9035593867301941, 0.9273074269294739, 0.7998048663139343, 0.8394883275032043, 0.9437901377677917, 0.9003804326057434, 0.7368073463439941, 0.8383257985115051, 0.8913404941558838, 0.8797799944877625, 0.7748550772666931, 0.8513266444206238, 0.9719002842903137, 0.9144992828369141, 0.8976813554763794, 0.9877357482910156, 0.9899075031280518, 0.927854061126709, 0.7197035551071167, 0.940690815448761, 0.9678854942321777, 0.7605816721916199, 0.861255407333374, 0.8221619129180908], "label": [1, 1, 1, 0, 0, 0, 0]}