{"text": ["XYZ Hospital", "123 tlealth Street,Wellness City", "Phone:+1-234.587-890", "Patlant Nam:Jano Davs", "Ap:51", "Doctor: Dr. Tumor", "Medicine", "Dosuge", "Frequency", "Duration", "Cup Cypon", "15tablets", "20ms dey", "7 days", "Cap Pan d", "10 tablets", "2tmesa day", "7 days", "TabAllegra", "5tablets", "3 tmesadey", "30 days", "Tab Dolonex dt", "5tablets", "3tmes aday", "30 days", "Tab Evion", "5tablets", "2tmesaday", "4days", "Syrup", "Dosapo", "Froquoncy", "Duratlon", "Syrup Zodax", "Sml", "2timday", "Sday", "Advico:", "-Tako tod rost", "Eat nsy-to-dlgest food like boiled dce with dal", "-Staytydrated"], "confidence": [0.9555370807647705, 0.8467555046081543, 0.8541738390922546, 0.8316876292228699, 0.7588711380958557, 0.9381354451179504, 0.9318302869796753, 0.9420654773712158, 0.9838371276855469, 0.964890718460083, 0.885271430015564, 0.8927748799324036, 0.7692691087722778, 0.8635157942771912, 0.9141257405281067, 0.8921223878860474, 0.7708107829093933, 0.8831198811531067, 0.9467397928237915, 0.9073119759559631, 0.8391181230545044, 0.8866694569587708, 0.9149296879768372, 0.8861472606658936, 0.8221608996391296, 0.8867191672325134, 0.9574010372161865, 0.9057856798171997, 0.8239051103591919, 0.9184122085571289, 0.9720994234085083, 0.918595016002655, 0.9773744940757751, 0.910537838935852, 0.9236021041870117, 0.9197258949279785, 0.7550383806228638, 0.7356988191604614, 0.96775883436203, 0.7947360873222351, 0.9010121822357178, 0.937537431716919], "label": [1, 1, 1, 0, 0, 0, 0]}