{"text": ["XYZ Hospital", "123 tlealth Street,Wellness City", "Phone:+1-234-587-890", "Patlont Namx:CharloJohnson", ":07", "Doctor:Dr.Patol", "Medicine", "Dosuge", "Frequency", "Duration", "TabFebrexplus", "20 tblets", "3mesday", "10days", "Tab Allegr", "10tablets", "3 umes duy", "7 days", "TabAlhrodin500", "10tablets", "3 tmesaday", "7 days", "Cap Pan d", "10tablets", "3 tmes aday", "10days", "TabClvum025", "20tblets", "2 tmes a duy", "30 days", "Tab Sumo cold", "5tablets", "2 tmes a doy", "10days", "Syrup", "Dosago", "Froquoncy", "Duratlon", "Syrup Brozodax", "Sml", "2 tim doy", "10days", "Syrup TusQ dx", "Sml", "2timday", "10days", "Advico:", "-Tako tod rost", "Eat nsy-to-digest food like boiled rice with dal", "-Stytydrated"], "confidence": [0.9539773464202881, 0.8356792330741882, 0.8814093470573425, 0.8636146187782288, 0.822493851184845, 0.9431005120277405, 0.930323600769043, 0.9427713751792908, 0.9902750849723816, 0.9623180627822876, 0.9784335494041443, 0.9003804326057434, 0.8203554749488831, 0.8628065586090088, 0.8866918683052063, 0.9273074269294739, 0.7057475447654724, 0.861883819103241, 0.801116406917572, 0.9273074269294739, 0.8293747901916504, 0.861883819103241, 0.9105875492095947, 0.9273074269294739, 0.8218534588813782, 0.8654675483703613, 0.9064506888389587, 0.9145114421844482, 0.7704176902770996, 0.8513266444206238, 0.8854894638061523, 0.8909797668457031, 0.7862532138824463, 0.924377977848053, 0.9883453249931335, 0.8360254764556885, 0.9466862082481384, 0.9896453619003296, 0.9606724977493286, 0.860496461391449, 0.7471926212310791, 0.8172560334205627, 0.9495112895965576, 0.927854061126709, 0.8103267550468445, 0.8326132893562317, 0.9210488200187683, 0.7723420858383179, 0.9027966856956482, 0.9149386882781982], "label": [1, 1, 1, 0, 0, 0, 0]}