{"text": ["XYZ Hospital", "123 tlealth Street,Wellness City", "Phone:+1-234.587-890", "PatlntNanx:Graco Brown", "Ap:57", "Doctor: Dr.Lao", "Medicine", "Dosage", "Frequency", "Duration", "Cap Zovirax", "5tablets", "20ms dey", "10days", "Tab Cetine", "15tablets", "20mes dey", "7 days", "Cap Omez", "15tablets", "3 tmes dey", "7 days", "Tab Cyciomelf", "20 toblets", "3 tmesa dey", "30 days", "Tab Combinam", "20tablets", "3 tmesaday", "t4days", "Syrup", "Dosapo", "Froquoncy", "Duratlon", "Syrup Corox-dx", "Sml", "2timday", "14day", "Advico:", "-Tako tod rost", "Eat nsy-to-digest food like boiled dce with dal", "-Staytydrated"], "confidence": [0.9494788646697998, 0.8482016324996948, 0.8465229868888855, 0.8211869597434998, 0.752202570438385, 0.9074567556381226, 0.9291049838066101, 0.8897534012794495, 0.9560942053794861, 0.9629752039909363, 0.8637662529945374, 0.9079194068908691, 0.7692691087722778, 0.9210941195487976, 0.9212517738342285, 0.8647039532661438, 0.7744828462600708, 0.8720644116401672, 0.8167082071304321, 0.8913987278938293, 0.7872068881988525, 0.8720644116401672, 0.8526691198348999, 0.8743324279785156, 0.775237500667572, 0.8867191672325134, 0.9452961087226868, 0.8978633880615234, 0.8450846672058105, 0.8406792283058167, 0.9720994234085083, 0.8742751479148865, 0.9624842405319214, 0.962416410446167, 0.9769250750541687, 0.9197258949279785, 0.7614628672599792, 0.7760825753211975, 0.9675191640853882, 0.8305254578590393, 0.89924156665802, 0.9372954964637756], "label": [1, 1, 1, 0, 0, 0, 0]}