{"text": ["XYZ Hospital", "123 tlealth Street,Wellness City", "Phone:+1-234.587-890", "Patlont Namx:Charl Do", "p:22", "Doctor: Dr. Smith", "Medicine", "Dosage", "Frequency", "Duration", "TabFebrexplus", "15tblets", "3mesday", "7 duys", "Tab Cyclopum", "5tablets", "2tmesa dey", "5days", "Tab Triz", "10 tablets", "2 tmsa duy", "4 duys", "TabCiplox500", "15tablets", "2tmesa dey", "30 days", "Tab Clavum 25", "20 tblets", "3 tmesaday", "10days", "Tab Dolonex dt", "20 tablets", "2 tms a doy", "10days", "Syrup", "Dosago", "Froquoncy", "Duratlon", "Syrup Brozodax", "10ml", "3tms doy", "7day", "Advico:", "-Tako tod rost", "Eat nsy-to-digest food like boiled dce with dnl", "Stoy bydrated"], "confidence": [0.9553072452545166, 0.8386703133583069, 0.8589719533920288, 0.802597165107727, 0.7705976963043213, 0.952280580997467, 0.930323600769043, 0.9028077125549316, 0.9788968563079834, 0.9564203023910522, 0.9777861833572388, 0.9046850204467773, 0.843670666217804, 0.9828178286552429, 0.8545762896537781, 0.8909797668457031, 0.7338863611221313, 0.8520981669425964, 0.9085347652435303, 0.8921223878860474, 0.7483718395233154, 0.9403669238090515, 0.8863970637321472, 0.8647039532661438, 0.8103421926498413, 0.8853435516357422, 0.8164967894554138, 0.9003804326057434, 0.8309677243232727, 0.9213528037071228, 0.914542555809021, 0.8797799944877625, 0.8156778216362, 0.924377977848053, 0.9719002842903137, 0.9641801714897156, 0.9524527788162231, 0.9877357482910156, 0.9598060250282288, 0.9717352390289307, 0.7060664892196655, 0.940690815448761, 0.9667397141456604, 0.771318256855011, 0.859491229057312, 0.806763768196106], "label": [1, 0, 1, 0, 0, 0, 0]}