{"text": ["XYZ Hospital", "123 tlealth Street,Wellness City", "Phone:+1-234.587-890", "PatlantNamx:Llam D", "p:25", "Doctor: Dr. Smith", "Medicine", "Dosuge", "Frequency", "Duration", "Tab Febrexplus", "5 tablets", "20ms day", "30 days", "Tab Sumo cold", "15tablets", "3tmesaday", "10days", "Tab Cyciomelf", "10 tablets", "2 tmes adey", "30 days", "Tab Zole fcream", "5tablets", "2 tmes adey", "7 days", "TabClavum 025", "10 tablets", "2tmesaday", "7days", "Syrup", "Dosapo", "Froquancy", "Duratlon", "Syrup Tus dx", "10ml", "3tms doy", "4dy", "Syrup Grillnctus bm", "Sml", "3tims doy", "7days", "Advico:", "-Tako bod rost", "Eat ensy-to-digest food like boiled rice with dnl", "Stoy bydrated"], "confidence": [0.954705536365509, 0.8422218561172485, 0.8575018644332886, 0.8036215901374817, 0.8360955119132996, 0.9437006711959839, 0.9286406636238098, 0.979745090007782, 0.9821071624755859, 0.965709924697876, 0.926356315612793, 0.887381374835968, 0.7605679631233215, 0.8724113702774048, 0.8912719488143921, 0.8913987278938293, 0.8209383487701416, 0.924377977848053, 0.8467047214508057, 0.8921223878860474, 0.7663896679878235, 0.8866694569587708, 0.8716287016868591, 0.8902075290679932, 0.8098935484886169, 0.8720644116401672, 0.7963905930519104, 0.901634693145752, 0.8561273813247681, 0.9444330930709839, 0.9703512191772461, 0.9121663570404053, 0.934296727180481, 0.9906432628631592, 0.8373917937278748, 0.9347427487373352, 0.7197035551071167, 0.9670042395591736, 0.9629079103469849, 0.9197258949279785, 0.7592406868934631, 0.9038707613945007, 0.9662078022956848, 0.7410234808921814, 0.844878613948822, 0.7955535054206848], "label": [1, 0, 1, 0, 0, 0, 0]}