{"text": ["XYZ Hospital", "123 tlealth Street,Wellness City", "Phone:+1-234-587-890", "Patlont Nam:Evo D", "p:25", "Doctor: Dr.Johnson", "Medicine", "Dosuge", "Frequency", "Duration", "Tab Dolonex dt", "10tablets", "20ms doy", "30 duys", "Cap Zovirax", "5tablets", "2tmes  duy", "10days", "Tab Neurobin Forte", "S tablets", "3 tmes a duy", "7 days", "Tab Pand", "t5tablets", "3 tmesa dey", "4days", "Syrup", "Dosago", "Froquancy", "Duratlon", "Syrup TusQx", "Sml", "3mday", "30day", "Advico:", "-Tako bod rost", "Eat nsy-to-dlgest food like boiled rice with dal", "-Stytydrated"], "confidence": [0.9516458511352539, 0.8418617844581604, 0.9089126586914062, 0.7841600775718689, 0.8360955119132996, 0.9504408240318298, 0.9246234893798828, 0.9054610133171082, 0.9838371276855469, 0.964890718460083, 0.9099394083023071, 0.9273074269294739, 0.7529489994049072, 0.9069848656654358, 0.9156240820884705, 0.8909797668457031, 0.7184790968894958, 0.9015160202980042, 0.9469743371009827, 0.8356771469116211, 0.8568880558013916, 0.8720644116401672, 0.9190952777862549, 0.8862625360488892, 0.7313879132270813, 0.9184122085571289, 0.9852066040039062, 0.9191999435424805, 0.935694694519043, 0.9200783967971802, 0.9471550583839417, 0.8684621453285217, 0.8106390237808228, 0.8571571111679077, 0.9288334846496582, 0.7142534255981445, 0.8857390284538269, 0.9112634658813477], "label": [1, 1, 1, 0, 0, 0, 0]}