{"text": ["XYZ Hospital", "123 tlealth Street,Wellness City", "Phone:+1-234.587-890", "Patlant Namx:Graco Davs", "4", "Doctor:Dr.Smith", "Medicine", "Dosuge", "Frequency", "Duration", "Cap Zovirax", "10tablets", "20ms dey", "7 days", "Tab Neurobin Forte", "20 tablets", "20mes dey", "30 days", "Tab Sumo cold", "5tablets", "3 tmesaday", "7 days", "Tab Cyciomeff", "20 toblets", "2 tmesa dey", "10days", "Tab Evion", "10 tablets", "3 tmesaday", "4days", "Syrup", "Dosago", "Froquoncy", "Duratlon", "Syrup Cypon", "10ml", "2timdy", "30dy", "Advico:", "-Tako tod rost", "Eat nsy-to-dlgest food like boiled dce with dal", "-Stayhydrated"], "confidence": [0.9544928669929504, 0.8414032459259033, 0.8431217074394226, 0.7793338894844055, 0.9744680523872375, 0.9701091051101685, 0.9307171702384949, 0.9375312328338623, 0.9838371276855469, 0.965709924697876, 0.8637662529945374, 0.9273074269294739, 0.7692691087722778, 0.9877565503120422, 0.9412102103233337, 0.9054545164108276, 0.7687022686004639, 0.8853435516357422, 0.8842297792434692, 0.8902075290679932, 0.8129498362541199, 0.8720644116401672, 0.8450790643692017, 0.8743324279785156, 0.8118886351585388, 0.924377977848053, 0.9627355933189392, 0.901634693145752, 0.8439608812332153, 0.9184122085571289, 0.9720994234085083, 0.8300634026527405, 0.9749724864959717, 0.9865293502807617, 0.9505860805511475, 0.9483411312103271, 0.8292061686515808, 0.9668070673942566, 0.9691476225852966, 0.7905479669570923, 0.9010859727859497, 0.8896684050559998], "label": [1, 1, 1, 0, 0, 0, 0]}