{"text": ["XYZ Hospital", "123 tlealth Street,Wellness City", "Phone:+1-234.587-890", "Patlont Namx:Davld Millar", "Ap:27", "Doctor: Dr.Johnson", "Medicine", "Dosage", "Frequency", "Duration", "Cap Zovirax", "20 tblets", "20ms day", "30 days", "Tab Allegre", "20 tablets", "3umesadey", "30 days", "TabCyclomeff", "15tablets", "2 tmes adey", "30 days", "Tab Triz", "5tablets", "2 tmsa dey", "5days", "Cap Dilantn", "10 tablets", "2tmesaday", "5days", "Syrup", "Dosapo", "Froquancy", "Duratlon", "Syrup Grillnctus tm", "10ml", "2tmdoy", "Sday", "Syrup TusQx", "10ml", "3tims doy", "4 day", "Advico:", "-Tako to rost", "Eat ensy-to-digest food like boiled rice with dnl", "Stoytydrated"], "confidence": [0.9488534331321716, 0.8410260081291199, 0.8575018644332886, 0.8672839403152466, 0.720230758190155, 0.9726108908653259, 0.9233118295669556, 0.9033363461494446, 0.9788968563079834, 0.964890718460083, 0.8629161715507507, 0.9135541915893555, 0.7605679631233215, 0.8724113702774048, 0.8709508776664734, 0.9054545164108276, 0.8198149800300598, 0.8867191672325134, 0.8621388077735901, 0.8913987278938293, 0.7663896679878235, 0.8866694569587708, 0.9879308342933655, 0.8902075290679932, 0.8031952977180481, 0.8882506489753723, 0.8684669137001038, 0.901634693145752, 0.8482097387313843, 0.8882506489753723, 0.9720994234085083, 0.8306710124015808, 0.9368769526481628, 0.9812455177307129, 0.984006404876709, 0.9347427487373352, 0.7008616924285889, 0.7331788539886475, 0.9560192227363586, 0.9150266051292419, 0.7592406868934631, 0.7794343829154968, 0.96775883436203, 0.7215479612350464, 0.844878613948822, 0.832436740398407], "label": [1, 1, 1, 0, 0, 0, 0]}