{"text": ["XYZ Hospital", "123 tlealth Street,Wellness City", "Phone:+1-234.587-890", "PatlantNamx:GracoWlson", "p:28", "Doctor: Dr. Smith", "Medicine", "Dosuge", "Frequency", "Duration", "TabA1urodin 500", "20 tblets", "3mesday", "5 days", "Tab Combinam", "5tablets", "3umesadey", "5days", "Cap Pan d", "15tablets", "3tmes day", "4 days", "Cap Cypon", "15tablets", "2 tmsa dey", "4days", "Tab Evion", "15tablets", "2tmesaday", "30 days", "Syrup", "Dosapo", "Froquancy", "Duratlon", "Syrup TusQ-dx", "10ml", "2mdoy", "7day", "Syrup Corox-dx", "10ml", "2tims doy", "4 day", "Advico:", "-Tako tod rost", "Eat nsy-to-digest food like boiled rice with dnl", "Stoybydrated"], "confidence": [0.9530457854270935, 0.8547158241271973, 0.8499292135238647, 0.8429554104804993, 0.626974880695343, 0.9536572694778442, 0.9556780457496643, 0.9740098118782043, 0.9788968563079834, 0.965709924697876, 0.8133109211921692, 0.9135541915893555, 0.8203554749488831, 0.7472350001335144, 0.9335513114929199, 0.8861472606658936, 0.8198149800300598, 0.8344883918762207, 0.9077503681182861, 0.8913987278938293, 0.797487735748291, 0.8902750611305237, 0.9652738571166992, 0.8865138292312622, 0.8031952977180481, 0.9184122085571289, 0.9186080098152161, 0.8865651488304138, 0.8565099239349365, 0.8853435516357422, 0.9703512191772461, 0.8934853076934814, 0.903131902217865, 0.9915322065353394, 0.9560454487800598, 0.9347427487373352, 0.7551538348197937, 0.8639349937438965, 0.9783080816268921, 0.9604064226150513, 0.7249763607978821, 0.7794343829154968, 0.9689494371414185, 0.7086157202720642, 0.8504207730293274, 0.8409426212310791], "label": [1, 1, 1, 0, 0, 0, 0]}