{"text": ["XYZ Hospital", "123 tlealth Street,Wellness City", "Phone:+1-234-587-890", "Patlont Nanx:Charlo Wilson", ":33", "Doctor: Dr.Lao", "Medicine", "Dosuge", "Frequency", "Qurabon", "Tab Cetine", "15tablets", "20ms dey", "7 days", "Tab Pan d", "15tablets", "3 tmes duy", "5days", "Cap Dilanun", "20 tablets", "2 tmes a day", "10days", "TabCplox500", "20tblets", "2 tmesa day", "4days", "Cap Omez", "5tablets", "3 tmesaday", "10days", "TabNeurobin Forte", "15tblets", "2 tmesa dey", "30 days", "Syrup", "Dosapo", "Froquoncy", "Duration", "Syrup Fobrox plus", "10ml", "2 timdoy", "14days", "Syrup Corox-dx", "10ml", "3timsday", "10day", "Advico:", "-Takoto rst", "Eat nsy-to-digest food like boiled rice with dnl", "-Stytydrated"], "confidence": [0.9460673332214355, 0.836279034614563, 0.8822774887084961, 0.8375245332717896, 0.890989363193512, 0.903112530708313, 0.907014787197113, 0.9427713751792908, 0.9905779957771301, 0.8740919232368469, 0.9307204484939575, 0.8927748799324036, 0.7692691087722778, 0.8594018816947937, 0.9090089797973633, 0.9092390537261963, 0.743493914604187, 0.8520981669425964, 0.9039292931556702, 0.8709948658943176, 0.7271961569786072, 0.8654675483703613, 0.9248155355453491, 0.9412925839424133, 0.8068044185638428, 0.9184122085571289, 0.8639688491821289, 0.9079194068908691, 0.8309677243232727, 0.9213528037071228, 0.958074688911438, 0.9046850204467773, 0.8076270818710327, 0.8500292897224426, 0.983737587928772, 0.8228013515472412, 0.9466862082481384, 0.9798634648323059, 0.9891455173492432, 0.9702969789505005, 0.7469385862350464, 0.8673887848854065, 0.9713419675827026, 0.9599877595901489, 0.7889569401741028, 0.8244808912277222, 0.9631933569908142, 0.7316432595252991, 0.8460922241210938, 0.904712438583374], "label": [1, 1, 1, 0, 0, 0, 0]}