{"text": ["XYZ Hospital", "123 tlealth Street,Wellness City", "Phone:+1-234-587-890", "Patlnt NanLlam D", "0:22", "Doctor: Dr. Millor", "Medicine", "Dosuge", "Frequency", "Duration", "Tab Sumo cold", "10tablets", "3mesday", "4duys", "Tab Dolonexdt", "10tablets", "2 tms  duy", "4duys", "Cup Cypon", "5tablets", "2 tmes a duy", "5days", "Tab Zole f cream", "10tablets", "3 tmes aday", "4duys", "Tab Cyciometf", "5tablets", "3 tmesaday", "5days", "Tab Pand", "20 tblets", "2 tmes a doy", "4days", "Syrup", "Dosago", "Froquoncy", "Durotlon", "Syrup TusQx", "10ml", "3tims doy", "7days", "Syrup Fobrox plus", "Sml", "2timday", "14day", "Advico:", "-Tako tod rost", "Eat nsy-to-digest food like boiled rice with dal", "-Stytydrated"], "confidence": [0.9475247859954834, 0.8392036557197571, 0.8962975740432739, 0.8140829205513, 0.7609260082244873, 0.9718400239944458, 0.930323600769043, 0.9422492384910583, 0.9902750849723816, 0.9623180627822876, 0.9101927280426025, 0.9273074269294739, 0.8376972079277039, 0.9136894941329956, 0.9497111439704895, 0.9273074269294739, 0.7418817281723022, 0.9136894941329956, 0.9033836722373962, 0.916618824005127, 0.7192685604095459, 0.8641525506973267, 0.8682101964950562, 0.9247161149978638, 0.8218534588813782, 0.9083743095397949, 0.8508656620979309, 0.9079194068908691, 0.8251968622207642, 0.8520981669425964, 0.928550660610199, 0.8838595747947693, 0.8000494837760925, 0.9184122085571289, 0.988613486289978, 0.8285646438598633, 0.9466862082481384, 0.9375925064086914, 0.9381473064422607, 0.9702969789505005, 0.7382882833480835, 0.8807341456413269, 0.9953815340995789, 0.927854061126709, 0.8147273659706116, 0.7463439702987671, 0.9699703454971313, 0.7644997239112854, 0.9021574854850769, 0.9027094841003418], "label": [1, 0, 1, 0, 0, 0, 0]}