{"text": ["XYZ Hospital", "123 tlealth Street,Wellness City", "Phone:+1-234-587-890", "Patlant Namo:John Brown", ":48", "Doctor:Dr.Smith", "Medicine", "Dosuge", "Frequency", "Duration", "Tab Evion", "15tablets", "3umesa day", "4days", "Tab Sumo cold", "5tablets", "3 umes dey", "4days", "Tab Pand", "20 tblets", "3 tmesa day", "4days", "Tab Cetine", "10 tablets", "2 tmesa dey", "5 days", "Tab Dolonex dt", "t5tablets", "2tmesaday", "30 days", "Syrup", "Dosapo", "Froquoncy", "Quratlon", "Syrup Cypon", "Sml", "2timday", "10day", "Advico:", "-Tako tod rost", "Eat nsy-to-dlgest food like boiled dce with dal", "-Staytydrated"], "confidence": [0.9539773464202881, 0.8383288979530334, 0.8651002049446106, 0.8723757266998291, 0.8221071362495422, 0.9740340709686279, 0.9246234893798828, 0.9420654773712158, 0.9838371276855469, 0.9629752039909363, 0.9435036778450012, 0.8647039532661438, 0.836573600769043, 0.9607241749763489, 0.9194920063018799, 0.8909797668457031, 0.7338784337043762, 0.9184122085571289, 0.920799732208252, 0.9185055494308472, 0.7515032291412354, 0.9184122085571289, 0.9256700277328491, 0.901634693145752, 0.8118886351585388, 0.8013837933540344, 0.9152517318725586, 0.8830724954605103, 0.8577829003334045, 0.8853435516357422, 0.9720994234085083, 0.9054598808288574, 0.9749724864959717, 0.9063084721565247, 0.955413818359375, 0.9197258949279785, 0.7550383806228638, 0.8202261924743652, 0.9691476225852966, 0.7947360873222351, 0.9010121822357178, 0.937537431716919], "label": [1, 0, 1, 0, 0, 0, 0]}