{"text": ["XYZ Hospital", "123 tlealth Street,Wellness City", "Phone:+1-234.587-890", "PatlntNamx:EvoJohnson", "Ap:51", "Doctor:Dr.Johnson", "Medicine", "Dosage", "Frequency", "Duration", "Cap Dilanun", "5tablets", "3tmesaday", "10days", "Tab Allegra", "20 tablets", "3 tmes dey", "10days", "Cup Cypon", "15tablets", "3 tmesa day", "5days", "Cap Colmmune", "15tablets", "2 tms a day", "30 days", "Tab Triz", "15tablets", "2tmesaday", "t4days", "Syrup", "Dosago", "Froquoncy", "Duratlon", "Syrup TusQx", "10ml", "3timsday", "14day", "Advico:", "-Tako tod rost", "Eat nsy-to-dlgest food like boiled dc with dnt", "-Staytydrated"], "confidence": [0.9535548686981201, 0.8409197330474854, 0.8555625081062317, 0.8632224202156067, 0.7661563158035278, 0.9634947776794434, 0.9286406636238098, 0.9033363461494446, 0.986274003982544, 0.9623180627822876, 0.8980823159217834, 0.9079194068908691, 0.7473056316375732, 0.9539411067962646, 0.8742099404335022, 0.8967920541763306, 0.7472718954086304, 0.9213528037071228, 0.8963865637779236, 0.8927748799324036, 0.7537974715232849, 0.8344883918762207, 0.9012457728385925, 0.8866697549819946, 0.8000491857528687, 0.8867191672325134, 0.9694429636001587, 0.8871575593948364, 0.8579052090644836, 0.8406792283058167, 0.9747051000595093, 0.8300634026527405, 0.9624842405319214, 0.9191605448722839, 0.9397844076156616, 0.9347427487373352, 0.741448700428009, 0.7760825753211975, 0.9694406390190125, 0.771562397480011, 0.8745375871658325, 0.9281126260757446], "label": [1, 1, 1, 0, 0, 0, 0]}