{"text": ["XYZ Hospital", "123 tlealth Street,Wellness City", "Phone:+1-234.587-890", "PatlantNamx:EvoSmith", "p:34", "Doctor: Dr. Millor", "Medicine", "Dosage", "Frequency", "Duration", "TabA1uhrodn 500", "5 tablets", "20ms doy", "4days", "Tab Taz", "20 tblets", "20mes dey", "10days", "Tab Neurobin Forte", "5tablets", "3 tmesadey", "4days", "Tab Allegre", "5tablets", "3 tmesa dey", "10days", "Cap Cypon", "20 tablets", "3 tmesaday", "5days", "Syrup", "Dosapo", "Froquoncy", "Duratlon", "Syrup TusQx", "10ml", "3timsday", "14day", "Advico:", "-Tako tod rost", "Eat nsy-to-dlgest food like boiled dc with dnt", "-Stayhydrated"], "confidence": [0.9544651508331299, 0.8469958305358887, 0.8522945642471313, 0.8569596409797668, 0.7649431824684143, 0.9698774814605713, 0.9318302869796753, 0.9033363461494446, 0.9560942053794861, 0.9629752039909363, 0.8066178560256958, 0.8691415786743164, 0.7504664063453674, 0.9607241749763489, 0.789426863193512, 0.9185055494308472, 0.7687022686004639, 0.9213528037071228, 0.9364176988601685, 0.8878754377365112, 0.8341437578201294, 0.9184122085571289, 0.8652509450912476, 0.8612961769104004, 0.8120609521865845, 0.924377977848053, 0.9242464900016785, 0.864126980304718, 0.8439608812332153, 0.8691898584365845, 0.9720994234085083, 0.918595016002655, 0.9749724864959717, 0.962416410446167, 0.9473985433578491, 0.9483411312103271, 0.7384964227676392, 0.7760825753211975, 0.9694406390190125, 0.759524941444397, 0.8745375871658325, 0.8780062198638916], "label": [1, 1, 1, 0, 0, 0, 0]}