{"text": ["XYZ Hospital", "123 tlealth Street,Wellness City", "Phone:+1-234.587-890", "Patlont Namx:Graco Whito", "Ap:75", "Doctor: Dr.Patol", "Medicine", "Dosuge", "Frequency", "Duration", "TabDolo 650", "20 tblets", "20ms doy", "10duys", "Tab Clavum 025", "20 tablets", "20mes dey", "30 days", "TabCiplox500", "5 tablets", "2 tmes aday", "30 days", "Cap Cypon", "20 tablets", "2 tmes adey", "7 days", "Cap Pand", "10 tablets", "3 tmesaday", "10days", "Syrup", "Dosapo", "Froquancy", "Duratlon", "Syrup Grillnctus tm", "10ml", "2tmdoy", "14dy", "Syrup TusQ-dx", "10ml", "3tims doy", "30days", "Advico:", "-Tako tod rost", "Eat ensy-to-digest food like boiled rice with dnl", "Stoytydrated"], "confidence": [0.9565796852111816, 0.8508637547492981, 0.8499292135238647, 0.8415843844413757, 0.7691259980201721, 0.9574546813964844, 0.930323600769043, 0.9740098118782043, 0.9788968563079834, 0.9623180627822876, 0.8497647643089294, 0.9135541915893555, 0.7523245811462402, 0.9152160286903381, 0.8297447562217712, 0.9054545164108276, 0.7687022686004639, 0.8663529753684998, 0.9448094367980957, 0.8630087375640869, 0.7674550414085388, 0.8833222985267639, 0.9668910503387451, 0.8863240480422974, 0.8046001195907593, 0.8767657279968262, 0.9205145835876465, 0.901634693145752, 0.8439608812332153, 0.924377977848053, 0.9703512191772461, 0.9139150977134705, 0.9316151738166809, 0.9957352876663208, 0.9798364043235779, 0.9483411312103271, 0.7179483771324158, 0.8365260362625122, 0.9664191603660583, 0.9150266051292419, 0.7529909014701843, 0.9039595127105713, 0.9662078022956848, 0.7570601105690002, 0.844878613948822, 0.8626587390899658], "label": [1, 1, 1, 0, 0, 0, 0]}