{"text": ["XYZ Hospital", "123 tlealth Street,Wellness City", "Phone:+1-234.587-890", "Patlant Namx:Charlo Wlson", "Apo:77", "Doctor: Dr.Lao", "Medicine", "Dosuge", "Frequency", "Duration", "TabNeurobin Forte", "15tablets", "3mesday", "10days", "Tab Clavum025", "20 tblets", "2 ums  doy", "10days", "Tab Pand", "5tablets", "3 tmesaday", "10 days", "Tab Zole fcream", "5tablets", "2 tmes a doy", "4days", "Tab Cyciomelf", "t5tablets", "3tmesaday", "10days", "Syrup", "Dosapo", "Froquoncy", "Duratlon", "Syrup Brozodax", "Sml", "2timday", "Sday", "Advico:", "-Tako tod rost", "Eat nsy-to-dlgest food like boiled dce with dal", "-Stayhydrated"], "confidence": [0.9544928669929504, 0.8356792330741882, 0.8577502369880676, 0.8410255908966064, 0.7262139916419983, 0.9066434502601624, 0.9271574020385742, 0.9427713751792908, 0.9838371276855469, 0.9623180627822876, 0.9551669955253601, 0.8913987278938293, 0.8345361948013306, 0.8628065586090088, 0.8541418313980103, 0.9185055494308472, 0.7318745255470276, 0.9015160202980042, 0.9194570183753967, 0.9093613624572754, 0.8239418268203735, 0.8622841835021973, 0.8771246075630188, 0.8846966028213501, 0.7716768383979797, 0.9184122085571289, 0.8471208214759827, 0.8659577965736389, 0.8785970211029053, 0.9213528037071228, 0.9747051000595093, 0.918595016002655, 0.9749724864959717, 0.910537838935852, 0.95579993724823, 0.9197258949279785, 0.7507635354995728, 0.7506077289581299, 0.9671358466148376, 0.8293460011482239, 0.9010121822357178, 0.8834782838821411], "label": [1, 0, 1, 0, 0, 0, 0]}