{"text": ["XYZ Hospital", "123 tlealth Street,Wellness City", "Phone:+1-234.587-890", "PatlntNam:Graco Ro", ":70", "Doctor:Dr.Johnson", "Medicine", "Dosuge", "Frequency", "Duration", "TabCyciomelf", "5tablets", "3 tmesaday", "30 days", "Tab Sumo cold", "20 tblets", "3 tmes duy", "30 days", "Cap Dilantn", "t5tablets", "3 tmesaday", "14duys", "Tab Zole fcream", "10tablets", "3 tmesa dey", "30 days", "Syrup", "Dosogo", "Froquoncy", "Duration", "Syrup Corox-dx", "10ml", "3tmsdoy", "5 days", "Syrup Fobroxplus", "Sml", "3timsday", "10day", "Advico:", "-Tako tod rost", "Eat nsy-to-dlgest food like boiled dce with dal", "-Staytydrated"], "confidence": [0.9558648467063904, 0.843846321105957, 0.8465229868888855, 0.7732284069061279, 0.8835301399230957, 0.9596983790397644, 0.930323600769043, 0.9427713751792908, 0.9860424399375916, 0.964890718460083, 0.8695228695869446, 0.901167631149292, 0.7218648195266724, 0.8676621317863464, 0.887817919254303, 0.9185055494308472, 0.7145172357559204, 0.8500292897224426, 0.9312182068824768, 0.8833587169647217, 0.8477917909622192, 0.8666453957557678, 0.8834527134895325, 0.9247161149978638, 0.7739810347557068, 0.8853435516357422, 0.9728748202323914, 0.7991173267364502, 0.9251506328582764, 0.9527572989463806, 0.9842513799667358, 0.9410436153411865, 0.7077955603599548, 0.8231015801429749, 0.8312637805938721, 0.9197258949279785, 0.7330020666122437, 0.7979649305343628, 0.9677251577377319, 0.822932243347168, 0.9003587961196899, 0.8817411661148071], "label": [1, 1, 1, 0, 0, 0, 0]}