{"text": ["XYZ Hospital", "123 tlealth Street,Wellness City", "Phone:+1-234.587-890", "Patlont Namx:Charlo Wlson", "Ap:25", "Doctor: Dr.Johnson", "Medicine", "Dosuge", "Frequency", "Duration", "CapCypon", "10 tablets", "3mesday", "$ duys", "Tab Suno cold", "5tablets", "3tmesaday", "30 days", "TabCiplox500", "15tblets", "2 tmesa duy", "t4duys", "Cap Dilanun", "15tablets", "2tmesa day", "30 days", "Cup Omez", "5tablets", "2 tmes a duy", "10 days", "TabClavum 025", "15tablets", "2 tmes a dey", "5 duys", "Syrup", "Dosago", "Froquoncy", "Duratlon", "Syrup Grillnctus tm", "Sml", "3tms doy", "30 dny", "Advico:", "-Tako to rost", "Eat nsy-to-digest food like boiled dce with dnl", "Stoy bydrated"], "confidence": [0.9477817416191101, 0.8386703133583069, 0.8589719533920288, 0.8592492938041687, 0.761734664440155, 0.9731536507606506, 0.9307171702384949, 0.9422492384910583, 0.9840719699859619, 0.965709924697876, 0.9761391282081604, 0.8778047561645508, 0.8455252051353455, 0.8634000420570374, 0.9030734300613403, 0.9046000242233276, 0.8483985662460327, 0.8518379926681519, 0.9498921036720276, 0.9074398279190063, 0.7515864968299866, 0.8104643225669861, 0.8969436287879944, 0.8671495914459229, 0.813346266746521, 0.8853435516357422, 0.826431155204773, 0.9079194068908691, 0.7857459187507629, 0.8622841835021973, 0.8130969405174255, 0.8647039532661438, 0.7939390540122986, 0.9175510406494141, 0.9788066744804382, 0.9144992828369141, 0.9529516696929932, 0.9885905981063843, 0.9826804995536804, 0.927854061126709, 0.711635172367096, 0.7926518321037292, 0.9678854942321777, 0.7480148077011108, 0.8601347208023071, 0.7911017537117004], "label": [1, 1, 1, 0, 0, 0, 0]}