{"text": ["XYZ Hospital", "123 tlealth Street,Wellness City", "Phone:+1-234.587-890", "Patlant Nanx:Davld Whito", "p:22", "Doctor: Dr. Millor", "Medicine", "Dosuge", "Frequency", "Duration", "Cup Cypon", "20 tblets", "20ms doy", "4duys", "Tab Evion", "20 tablets", "2tmesa dey", "30 days", "Tab Febrexplus", "20 tablets", "3 tmesaday", "7days", "Tab Pand", "10tablets", "3 tmesa dey", "10days", "Syrup", "Dosago", "Froquoncy", "Duratlon", "Syrup Cypon", "10ml", "2 tm doy", "14 days", "Syrup Fobroxplus", "10ml", "2timday", "10day", "Advico:", "-Tako tod rost", "Eat nsy-to-dlgest food like boiled rice with dal", "-Stayhydrated"], "confidence": [0.95541912317276, 0.8380128741264343, 0.8541738390922546, 0.8327532410621643, 0.7944168448448181, 0.9547688364982605, 0.9307171702384949, 0.9427713751792908, 0.9838371276855469, 0.9623180627822876, 0.8876235485076904, 0.9135541915893555, 0.7517251968383789, 0.9136894941329956, 0.9279268980026245, 0.9054545164108276, 0.7338863611221313, 0.8663529753684998, 0.9482136964797974, 0.8967920541763306, 0.8439608812332153, 0.9236086010932922, 0.9204728007316589, 0.9247161149978638, 0.8120609521865845, 0.948091983795166, 0.9728748202323914, 0.8496239185333252, 0.8694943189620972, 0.9502712488174438, 0.9897556304931641, 0.9347427487373352, 0.7824395895004272, 0.8229333162307739, 0.8312637805938721, 0.911413848400116, 0.7986935377120972, 0.7979649305343628, 0.9677251577377319, 0.8293460011482239, 0.9003981947898865, 0.8834782838821411], "label": [1, 0, 1, 0, 0, 0, 0]}