{"text": ["XYZ Hospital", "123 tlealth Street,Wellness City", "Phone:+1-234.587-890", "Patlont Namx:Mla Wlllams", "p:23", "Doctor: Dr.Johnson", "Medicine", "Dosuge", "Frequency", "Duration", "TabZole fcream", "10tablets", "3mesday", "10days", "Cap Colmmune", "15tablets", "20mes dey", "4days", "TabAluhrocin 500", "10 tablets", "3tmes day", "30 days", "Tab Combinam", "20 tablets", "3 tmesa dey", "t4days", "TabCiplox500", "20 tablets", "2tmesaday", "7days", "Syrup", "Dosapo", "Froquancy", "Duratlon", "Syrup Corox-dx", "Sml", "2tmdoy", "14dy", "Syrup Cypon", "10ml", "3 tims doy", "10dny", "Advico:", "-Tako tod rost", "Eat nsy-to-digest food like boiled rice with dnl", "Stoy bydrated"], "confidence": [0.9441022872924805, 0.8415372371673584, 0.8589719533920288, 0.8285881876945496, 0.7894628047943115, 0.9664130806922913, 0.930323600769043, 0.9375312328338623, 0.9838371276855469, 0.9629752039909363, 0.8959898352622986, 0.9273074269294739, 0.8449034690856934, 0.9070202708244324, 0.900587797164917, 0.8927748799324036, 0.7687022686004639, 0.8935898542404175, 0.7928570508956909, 0.8921223878860474, 0.8076204657554626, 0.8833222985267639, 0.9267783164978027, 0.8863240480422974, 0.8120609521865845, 0.8406792283058167, 0.9597167372703552, 0.8863240480422974, 0.8577829003334045, 0.9444330930709839, 0.9788066744804382, 0.9054598808288574, 0.8946319222450256, 0.9593731760978699, 0.9738151431083679, 0.9197258949279785, 0.7247223854064941, 0.8365260362625122, 0.9885944724082947, 0.94232577085495, 0.7696221470832825, 0.7591055631637573, 0.9687759280204773, 0.7483221292495728, 0.8504207730293274, 0.8111663460731506], "label": [1, 1, 1, 0, 0, 0, 0]}