{"text": ["XYZ Hospital", "123 tlealth Street,Wellness City", "Phone:+1-234-587-890", "Patlont Nanx:Llam Millor", ":20", "Doctor: Dr.Smith", "Medicine", "Dosage", "Frequency", "Duration", "Tab Allegra", "5 tablets", "3mesaday", "30 days", "Tab Febrex plus", "20 tblets", "2tmes  duy", "7 days", "Tab Dolonex dt", "20 tablets", "3 tmes a duy", "30 duys", "TabNeurobin Forte", "20 tblets", "2 tm5 a doy", "30 days", "Syrup", "Dosago", "Froquancy", "Ouration", "Syrup TusQ dx", "Sml", "3tims doy", "5days", "Advico:", "-Tako tod rost", "Eat nsy-to-dlgest food like boiled rice with dal", "-Stynydrated"], "confidence": [0.9539773464202881, 0.8450579047203064, 0.888440728187561, 0.8245694041252136, 0.852616012096405, 0.9513860940933228, 0.930323600769043, 0.8897534012794495, 0.9860424399375916, 0.964890718460083, 0.8999242782592773, 0.887381374835968, 0.783791184425354, 0.9803526997566223, 0.91355299949646, 0.9248446226119995, 0.6972072124481201, 0.8480218052864075, 0.8986983299255371, 0.8709948658943176, 0.8733134865760803, 0.9196853041648865, 0.955646276473999, 0.9086169004440308, 0.7406265139579773, 0.8853435516357422, 0.9728748202323914, 0.9191999435424805, 0.935694694519043, 0.9243900775909424, 0.9445343017578125, 0.9028758406639099, 0.763888955116272, 0.8875328302383423, 0.9288334846496582, 0.7285634279251099, 0.8857390284538269, 0.8869009613990784], "label": [1, 0, 1, 0, 0, 0, 0]}