{"text": ["XYZ Hospital", "123 tlealth Street,Wellness City", "Phone:+1-234.587-890", "Patlnt Nam:EvoJohnson", "p:22", "Doctor: Dr.Tumor", "Medicine", "Dosage", "Frequency", "Duration", "Cap Omez", "5 tablets", "3 mesdey", "t4days", "Cap Cypon", "t5tablets", "3 tmes dey", "10days", "TabCiplox500", "5tablets", "3 tmesadey", "7 days", "Tab Zole fcream", "5tablets", "2 tmes a day", "10days", "TabAluhrodin 500", "20 toblets", "3 tmesaday", "5days", "Syrup", "Dosapo", "Froquoncy", "Duratlon", "Syrup TusQ-dx", "Sml", "3timsday", "7day", "Advico:", "-Tako tod rost", "Eat nsy-to-dlgest food like boiled dce with dal", "-Stayhydrated"], "confidence": [0.9535693526268005, 0.8386499881744385, 0.8541738390922546, 0.8611977100372314, 0.7944168448448181, 0.9511398673057556, 0.925094723701477, 0.8897534012794495, 0.986274003982544, 0.9623180627822876, 0.8499735593795776, 0.8691415786743164, 0.8015594482421875, 0.8578319549560547, 0.9456610083580017, 0.8831853270530701, 0.7472718954086304, 0.9213528037071228, 0.9568062424659729, 0.913161039352417, 0.8341437578201294, 0.8767657279968262, 0.873212993144989, 0.8846966028213501, 0.7614920139312744, 0.9213528037071228, 0.7797229290008545, 0.8743324279785156, 0.8439608812332153, 0.8882506489753723, 0.9747051000595093, 0.8806292414665222, 0.9749724864959717, 0.910537838935852, 0.9553414583206177, 0.9197258949279785, 0.7406423687934875, 0.8434621095657349, 0.96775883436203, 0.7816215753555298, 0.9010121822357178, 0.8880754113197327], "label": [1, 1, 1, 0, 0, 0, 0]}