{"text": ["XYZ Hospital", "123 tlealth Street,Wellness City", "Phone:+1-234.587-890", "Patont Namx:Mla Wllams", ":42", "Doctor: Dr. Millor", "Medicine", "Dosuge", "Frequency", "Duration", "TabCyciopam", "20 tblets", "20ms doy", "14duys", "Tab Sumo cold", "10 tablets", "3 tmes duy", "7 days", "Cap Zovirax", "10tablets", "3 tmesaday", "30 duys", "Tab Dolonex dt", "5tblets", "2 tm5 a doy", "5days", "Syrup", "Dosapo", "Froquancy", "Duratlon", "Syrup Corox", "10ml", "2 tmdoy", "30 days", "Syrup Brozodax", "10ml", "3timsday", "14dy", "Advico:", "-Tako tod rost", "Eat nsy-to-dlgest food like boiled rice with dal", "-Staytydrated"], "confidence": [0.9524534344673157, 0.8384838700294495, 0.8577502369880676, 0.7857709527015686, 0.812186062335968, 0.9512155055999756, 0.9286406636238098, 0.9427713751792908, 0.9905779957771301, 0.9629752039909363, 0.9135934710502625, 0.9135541915893555, 0.7707927227020264, 0.8798058032989502, 0.9190202951431274, 0.8921223878860474, 0.7430770993232727, 0.8720644116401672, 0.8877450823783875, 0.9273074269294739, 0.8563558459281921, 0.9089850187301636, 0.9164556860923767, 0.8796586990356445, 0.737241804599762, 0.886221706867218, 0.9701129198074341, 0.8093938827514648, 0.9169834852218628, 0.987548291683197, 0.8878471851348877, 0.9347427487373352, 0.7173526883125305, 0.9111426472663879, 0.8913423418998718, 0.911413848400116, 0.7330020666122437, 0.8365260362625122, 0.9688101410865784, 0.8305357098579407, 0.9003981947898865, 0.9319948554039001], "label": [1, 1, 1, 0, 0, 0, 0]}