{"text": ["XYZ Hospital", "123 tlealth Street,Wellness City", "Phone:+1-234-587-890", "Patlant Nanx:Davld Johnson", ":74", "Doctor:Dr.Patol", "Medicine", "Dosuge", "Frequency", "Duration", "Cap Dilanun", "5 tablets", "3mesaday", "10duys", "Tab Pan d", "t5tblets", "2tmes  duy", "5days", "Tab Cetine", "t5tblets", "2 tmes a duy", "7 days", "Tab Sumo cold", "5tablets", "3 tmesa dey", "10days", "Syrup", "Dosago", "Froquancy", "Duratlon", "Syrup Grillnctus tm.", "Sml", "3mday", "30day", "Advico:", "-Tako bod rost", "Eat nsy-to-dlgest food like boiled rice with dal", "-Stytydrated"], "confidence": [0.9466513991355896, 0.8391073942184448, 0.8772509694099426, 0.8538195490837097, 0.8511033058166504, 0.9432284235954285, 0.930323600769043, 0.9030749201774597, 0.9823787212371826, 0.9623180627822876, 0.8747379779815674, 0.887381374835968, 0.7886044979095459, 0.9106659889221191, 0.9305731654167175, 0.9061143398284912, 0.6972072124481201, 0.8343985676765442, 0.9372187852859497, 0.9061143398284912, 0.8907971978187561, 0.9913495182991028, 0.8622449040412903, 0.8909797668457031, 0.7049140334129333, 0.8655838966369629, 0.9747051000595093, 0.9117240309715271, 0.9354243874549866, 0.8653408288955688, 0.958018958568573, 0.8684621453285217, 0.8066997528076172, 0.888917088508606, 0.9288334846496582, 0.7142534255981445, 0.8857390284538269, 0.9112634658813477], "label": [1, 1, 1, 0, 0, 0, 0]}