{"text": ["XYZ Hospital", "123 tlealth Street,Wellness City", "Phone:+1-234-587-890", "Patlont Nam:Evo D", "Ap:37", "Doctor: Dr. Smith", "Medicine", "Dosuge", "Frequency", "Duration", "Tab Cyclopom", "10tablets", "20ms doy", "$ duys", "Tab Neurobin Forte", "10 tablets", "3tmesaday", "10days", "TabDolo650", "5tablets", "3 tmes a duy", "4 days", "Cap Cypon", "5tablets", "3 tmesa dey", "4days", "Syrup", "Dosago", "Froquancy", "Ouration", "Syrup TusQx", "Sml", "2 tmdoy", "5days", "Advico:", "-Tako bod rost", "Eat nsy-to-dlgest food like boiled rice with dal", "-Stynydrated"], "confidence": [0.9516458511352539, 0.8418617844581604, 0.9089126586914062, 0.7841600775718689, 0.7727944254875183, 0.9342725276947021, 0.9286406636238098, 0.9054610133171082, 0.9838371276855469, 0.964890718460083, 0.858237087726593, 0.9273074269294739, 0.7564270496368408, 0.860700786113739, 0.9432880878448486, 0.8921223878860474, 0.8034953474998474, 0.9015160202980042, 0.9055817723274231, 0.9093613624572754, 0.8568880558013916, 0.8659627437591553, 0.9569320678710938, 0.8909797668457031, 0.7313879132270813, 0.9184122085571289, 0.9852066040039062, 0.9191999435424805, 0.935694694519043, 0.9101769924163818, 0.9471550583839417, 0.8684621453285217, 0.7310596704483032, 0.8856489062309265, 0.9288334846496582, 0.7142534255981445, 0.8857390284538269, 0.8971806168556213], "label": [1, 1, 1, 0, 0, 0, 0]}