{"text": ["XYZ Hospital", "123 tlealth Street,Wellness City", "Phone:+1-234.587-890", "Patlant Namx:Graco Millar", "80", "Doctor:Dr.Johnson", "Medicine", "Dosuge", "Frequency", "Duration", "Cap Omez", "15tablets", "20ms dey", "10days", "Tab Pan d", "10 tablets", "20mes dey", "10days", "Cap CoImmune", "5tablets", "2 tmes aday", "14days", "Tab Dolo650", "15tablets", "2 tms a day", "5 days", "TabNeurobin Forte", "15tablets", "2tmesaday", "30 days", "Syrup", "Dosago", "Froquoncy", "Duratlon", "Syrup Corox", "Sml", "2timdy", "7day", "Advico:", "-Tako tod rost", "Eat nsy-to-digest food like boiled dce with dal", "-Stayhydrated"], "confidence": [0.9544928669929504, 0.8478810787200928, 0.8465229868888855, 0.8193128705024719, 0.7815377712249756, 0.9610521793365479, 0.9291049838066101, 0.975483238697052, 0.9838371276855469, 0.9623180627822876, 0.8322113752365112, 0.8647039532661438, 0.7692691087722778, 0.9539411067962646, 0.9181246161460876, 0.8921223878860474, 0.7687022686004639, 0.9213528037071228, 0.8891522884368896, 0.9106838703155518, 0.7636944055557251, 0.8413376212120056, 0.8469369411468506, 0.8623680472373962, 0.8000491857528687, 0.8051655292510986, 0.9521375298500061, 0.8623680472373962, 0.8577829003334045, 0.8867191672325134, 0.9747051000595093, 0.9064610600471497, 0.9728686809539795, 0.910537838935852, 0.9607416391372681, 0.9197258949279785, 0.8292061686515808, 0.8434621095657349, 0.9675191640853882, 0.8316531181335449, 0.89924156665802, 0.88934326171875], "label": [1, 1, 1, 0, 0, 0, 0]}