{"text": ["XYZ Hospital", "123 tlealth Street,Wellness City", "Phone:+1-234.587-890", "Patlnt Nanx:Evo Wllams", ":20", "Doctor: Dr. Tumor", "Medicine", "Dosuge", "Frequency", "Duration", "Tab Cyciopom", "5 tablets", "3 mesdey", "10 days", "Tab Dolonexdt", "15tablets", "20mes dey", "5days", "Tab Neurobin Forte", "15tablets", "3tmesday", "10 days", "Tab Cyclomeff", "20 tablets", "3tmesaday", "30 days", "Cap Oilanun", "15tablets", "2tmesaday", "7days", "Syrup", "Dosapo", "Froquancy", "Duratlon", "Syrup TusQ-dx", "Sml", "2tdoy", "10dny", "Syrup Zodox", "Sml", "3tims doy", "4 days", "Advico:", "-Tako to rost", "Eat ensy-to-digest food like boiled rice with dnl", "Stoytydrated"], "confidence": [0.9483501315116882, 0.8415372371673584, 0.8589719533920288, 0.7742648720741272, 0.852616012096405, 0.9682013392448425, 0.9286406636238098, 0.979745090007782, 0.9829168319702148, 0.9629752039909363, 0.8643578886985779, 0.8705056309700012, 0.8015594482421875, 0.9469391703605652, 0.9434717893600464, 0.8623680472373962, 0.7744828462600708, 0.8691898584365845, 0.9526729583740234, 0.8913987278938293, 0.8412098288536072, 0.8690416216850281, 0.8656823039054871, 0.8863240480422974, 0.8846117854118347, 0.8853435516357422, 0.8220729827880859, 0.8865651488304138, 0.8577829003334045, 0.9444330930709839, 0.9703512191772461, 0.8614616990089417, 0.8946319222450256, 0.9921525120735168, 0.9553414583206177, 0.8684621453285217, 0.698294997215271, 0.6276463270187378, 0.9601495265960693, 0.9197258949279785, 0.7417122721672058, 0.8612959980964661, 0.9662078022956848, 0.7504910826683044, 0.844878613948822, 0.8325924277305603], "label": [1, 1, 1, 0, 0, 0, 0]}