{"text": ["XYZ Hospital", "123 tlealth Street,Wellness City", "Phone:+1-234.587-890", "PatlntNanx:Llam D", "Ap:59", "Doctor: Dr.Lo", "Medicine", "Dosuge", "Frequency", "Duration", "TabClavum 025", "15tablets", "3mesday", "30 days", "Tab Dolonex dt", "15tablets", "3 umes dey", "7 days", "Cap Omez", "15tablets", "2 tms day", "$ days", "Tab Combinam", "20 tablets", "2tmes adey", "7 days", "TabAllegra", "20 tablets", "3 tmesaday", "5days", "Syrup", "Dosapo", "Froquancy", "Duratlon", "Syrup TusQx", "Sml", "2tdoy", "Sday", "Syrup Brozodox", "10ml", "3tims doy", "4 day", "Advico:", "-Tako tod rost", "Eat ensy-to-digest food like boiled rice with dnl", "Stoytydrated"], "confidence": [0.9557154178619385, 0.8422218561172485, 0.8589719533920288, 0.7831960916519165, 0.660327136516571, 0.9269587397575378, 0.954825758934021, 0.9427713751792908, 0.9838371276855469, 0.964890718460083, 0.8190051317214966, 0.8913987278938293, 0.8467262983322144, 0.8676621317863464, 0.9177350997924805, 0.9092390537261963, 0.7338784337043762, 0.8720644116401672, 0.8025621175765991, 0.8913987278938293, 0.7628087401390076, 0.724358081817627, 0.9139658808708191, 0.9061443209648132, 0.8291624188423157, 0.8720644116401672, 0.9469073414802551, 0.8974159359931946, 0.8439608812332153, 0.8882506489753723, 0.9703512191772461, 0.9054598808288574, 0.8946319222450256, 0.9963582158088684, 0.9397844076156616, 0.9197258949279785, 0.698294997215271, 0.7331788539886475, 0.9720371961593628, 0.9380403757095337, 0.7417122721672058, 0.7794343829154968, 0.96775883436203, 0.7351533770561218, 0.844878613948822, 0.8286744952201843], "label": [1, 1, 1, 0, 0, 0, 0]}