{"text": ["XYZ Hospital", "123 tlealth Street,Wellness City", "Phone:+1-234.587-890", "Patlant Namx:Jano Davs", "p:39", "Doctor: Dr. Tumor", "Medicine", "Dosuge", "Frequency", "Duration", "Tab Combinam", "20 tblets", "20ms day", "7 days", "Tab Trz", "10tablets", "3 umes duy", "5days", "Tab Cetine", "15tablets", "2mes aduy", "30 duys", "TabDolo650", "20 tablets", "3tmes aday", "30 days", "Cap Pan d", "15tablets", "3 tmesaday", "10days", "Tab Allegro", "20 tablets", "2 tms a day", "7 days", "Syrup", "Dosago", "Froquoncy", "Duratlon", "Syrup Cypon", "Sml", "2tmdoy", "7day", "Advico:", "-Tako to rost", "Eat nsy-to-digest food like boiled dce with dnl", "Stoybydrated"], "confidence": [0.9545212388038635, 0.8472570776939392, 0.8531273007392883, 0.8266273736953735, 0.737036406993866, 0.9760153293609619, 0.930323600769043, 0.9427713751792908, 0.9790523052215576, 0.9564203023910522, 0.8997117877006531, 0.9003804326057434, 0.7605679631233215, 0.8633471131324768, 0.8644219636917114, 0.9273074269294739, 0.7057475447654724, 0.8366293907165527, 0.8851906061172485, 0.8647039532661438, 0.7659589648246765, 0.9069848656654358, 0.8692684173583984, 0.8967920541763306, 0.852321445941925, 0.8867191672325134, 0.9043043851852417, 0.8647039532661438, 0.8438262939453125, 0.924377977848053, 0.8547839522361755, 0.8797799944877625, 0.7687986493110657, 0.8404199481010437, 0.9719002842903137, 0.958836555480957, 0.9429497122764587, 0.9877357482910156, 0.9899075031280518, 0.927854061126709, 0.7008616924285889, 0.940690815448761, 0.9678854942321777, 0.7605816721916199, 0.861255407333374, 0.8221619129180908], "label": [1, 1, 1, 0, 0, 0, 0]}