{"text": ["XYZ Hospital", "123 tlealth Street,Wellness City", "Phone:+1-234.587-890", "Patlant Namx:GracoJohnson", ":41", "Doctor: Dr.Patol", "Medidine", "Dosuge", "Frequency", "Duration", "Tab Pan d", "15tablets", "3mesday", "10duys", "Tab Combinam", "20 tablets", "20mesaday", "t4duys", "Tab Zole fcream", "20 tablets", "3 tmesa doy", "4 duys", "Tab Cyciopom", "15tablets", "3 tmesa duy", "30 days", "Cap Zovirax", "20 tblets", "3 tmesaday", "30 days", "TabDolo650", "20 tablets", "2 tmes a day", "5 days", "Syrup", "Dosago", "Froquoncy", "Duratlon", "SyrupZodax", "Sml", "3tmsdoy", "7day", "Advico:", "-Tako to rost", "Eat nsy-to-digest food like boiled dce with dnl", "Stoybydrated"], "confidence": [0.9562031626701355, 0.8513327240943909, 0.8499292135238647, 0.8487845063209534, 0.8224173188209534, 0.9665245413780212, 0.8900896310806274, 0.9427713751792908, 0.9840658903121948, 0.9629752039909363, 0.9158036112785339, 0.8647039532661438, 0.8467262983322144, 0.9152160286903381, 0.9197797775268555, 0.8967920541763306, 0.7605206966400146, 0.8104643225669861, 0.8496835827827454, 0.8709948658943176, 0.7694242000579834, 0.9335014224052429, 0.8585619926452637, 0.8671495914459229, 0.7884971499443054, 0.8853435516357422, 0.8815139532089233, 0.9003804326057434, 0.8478784561157227, 0.8853435516357422, 0.8885329365730286, 0.8797799944877625, 0.7614920139312744, 0.8983266949653625, 0.9720994234085083, 0.958836555480957, 0.942815363407135, 0.9877357482910156, 0.8660050630569458, 0.9028758406639099, 0.7260910272598267, 0.940690815448761, 0.9678854942321777, 0.7640179991722107, 0.8601347208023071, 0.8263099193572998], "label": [1, 1, 1, 0, 0, 0, 0]}