{"text": ["XYZ Hospital", "123 tlealth Street,Wellness City", "Phone:+1-234.587-890", "PatlntNam:Jan R", "Ap:32", "Doctor: Dr. Tumor", "Medicine", "Dosuge", "Frequency", "Duration", "Cap CoImmune", "10 tablets", "20ms doy", "4duys", "Tab Dolonex dt", "15tablets", "2tmesa duy", "30 days", "Tab Sumo cold", "15tablets", "2tmesaduy", "4days", "Tab Trz", "10 tablets", "2 tmes a doy", "t4duys", "Syrup", "Dosago", "Froquoncy", "Duratlon", "Syrup TusQx", "10ml", "3tmsdoy", "10day", "Syrup Fobroxplus", "10ml", "3timsday", "14dy", "Advico:", "-Tako tod rost", "Eat nsy-to-dlgest food like boiled rice with dal", "-Stayhydrated"], "confidence": [0.9573611617088318, 0.838995099067688, 0.8571933507919312, 0.8338171243667603, 0.7324033975601196, 0.9626326560974121, 0.9307171702384949, 0.9349806904792786, 0.9905779957771301, 0.9623180627822876, 0.8899475932121277, 0.901634693145752, 0.7707927227020264, 0.9083743095397949, 0.9173823595046997, 0.9092390537261963, 0.7746846079826355, 0.8853435516357422, 0.901149332523346, 0.8927748799324036, 0.8289502263069153, 0.9184122085571289, 0.8257123827934265, 0.8802648782730103, 0.770778238773346, 0.8394883275032043, 0.9720994234085083, 0.8496239185333252, 0.9034984111785889, 0.9347891807556152, 0.9582244753837585, 0.9347427487373352, 0.702323317527771, 0.7450453042984009, 0.819831371307373, 0.9165780544281006, 0.7330020666122437, 0.8365260362625122, 0.9688101410865784, 0.8235440850257874, 0.9003981947898865, 0.880672037601471], "label": [1, 1, 1, 0, 0, 0, 0]}