{"text": ["XYZ Hospital", "123 tlealth Street,Wellness City", "Phone:+1-234-587-890", "Patlant Namxo:John Davs", "p:22", "Doctor: Dr. Millor", "Medicine", "Dosauge", "Frequency", "Duration", "TabClovum 025", "10tablets", "20ms dey", "7 days", "Tab Dolonex dt", "10 tablets", "3umesaday", "30 days", "TabDolo 650", "15tablets", "3tmes day", "30 days", "Tab Febrex plus", "10 tablets", "2 tmesa dey", "5days", "Tab Cetine", "15tablets", "3 tmesaday", "10days", "Syrup", "Dosapo", "Froquancy", "Duratlon", "Syrup Corox", "Sml", "3tms doy", "14dy", "Syrup Cypon", "Sml", "3tims doy", "30days", "Advico:", "-Tako tod rost", "Eat ensy-to-digest food like boiled rice with dnl", "Stoytydrated"], "confidence": [0.9557154178619385, 0.8494900465011597, 0.8676124811172485, 0.8218384385108948, 0.7944168448448181, 0.9668565392494202, 0.954825758934021, 0.8137890696525574, 0.9788968563079834, 0.964890718460083, 0.8163843750953674, 0.9273074269294739, 0.7692691087722778, 0.9877565503120422, 0.9137622117996216, 0.8921223878860474, 0.8479437828063965, 0.8663529753684998, 0.8433471918106079, 0.8913987278938293, 0.8064771294593811, 0.8833222985267639, 0.9225292801856995, 0.901634693145752, 0.8118886351585388, 0.8691898584365845, 0.9073459506034851, 0.8871575593948364, 0.8439608812332153, 0.9213528037071228, 0.9719002842903137, 0.9054598808288574, 0.8946319222450256, 0.9957352876663208, 0.9759426712989807, 0.8684621453285217, 0.7066380381584167, 0.8365260362625122, 0.9896265268325806, 0.9197258949279785, 0.7529909014701843, 0.9039595127105713, 0.96775883436203, 0.7351533770561218, 0.844878613948822, 0.8652937412261963], "label": [1, 0, 1, 0, 0, 0, 0]}