{"text": ["XYZ Hospital", "123 tlealth Street,Wellness City", "Phone:+1-234.587-890", "Patlnt Nanx:GracoDavs", "p:03", "Doctor: Dr.Johnson", "Medicine", "Dosuge", "Frequency", "Duration", "TabCombinam", "5 tablets", "3 mesdey", "30 days", "Tab Febrexplus", "10tablets", "3tmesaday", "4days", "Tab Cetine", "5tablets", "3tmes day", "30 days", "Cap Colmmune", "15tablets", "2 tmesa dey", "10days", "TabClavum 025", "15tablets", "2tmesaday", "4days", "Syrup", "Dosapo", "Froquancy", "Duratlon", "Syrup Fobrox plus", "Sml", "3tms doy", "10dny", "Syrup Corox", "10ml", "3tims doy", "10dny", "Advico:", "-Tako tod rost", "Eat nsy-to-digest food like boiled rice with dnl", "Stoy bydrated"], "confidence": [0.947608470916748, 0.8443870544433594, 0.8467027544975281, 0.7918444275856018, 0.7430418729782104, 0.9646912813186646, 0.930323600769043, 0.979745090007782, 0.9829168319702148, 0.964890718460083, 0.9705162644386292, 0.887381374835968, 0.8015594482421875, 0.8724113702774048, 0.9354475736618042, 0.9273074269294739, 0.8193376064300537, 0.8935898542404175, 0.9138100743293762, 0.9073119759559631, 0.795462429523468, 0.8833222985267639, 0.9038603901863098, 0.8623680472373962, 0.8118886351585388, 0.9193813800811768, 0.803583025932312, 0.8623680472373962, 0.8577829003334045, 0.9184122085571289, 0.974157989025116, 0.90386563539505, 0.9319033026695251, 0.957970380783081, 0.9950922727584839, 0.9197258949279785, 0.6956847906112671, 0.6375325322151184, 0.8967664837837219, 0.9616332650184631, 0.741229772567749, 0.7591055631637573, 0.9687759280204773, 0.8018133044242859, 0.8524071574211121, 0.8112341165542603], "label": [1, 1, 1, 0, 0, 0, 0]}