{"text": ["XYZ Hospital", "123 tlealth Street,Wellness City", "Phone:+1-234.587-890", "Patlant Namx:Charlo Whito", "Ap:57", "Doctor: Dr.Pato1", "Medicine", "Dosuge", "Frequency", "Duration", "Tab Dolonex dt", "15tablets", "2 umes a day", "10duys", "Tab Evion", "15tablets", "2 ums  doy", "7days", "Tab Thiz", "10 tablets", "2 tmes aday", "4 days", "TabAlurodin500", "5tablets", "3 tmesa dey", "10days", "TabCyclopam", "15tablets", "2tmesaday", "4days", "Syrup", "Dosopo", "Froquoncy", "Duration", "SyrupCorx-dx", "10ml", "3timsday", "30dy", "Advico:", "-Tako tod rost", "Eat nsy-to-digest food like boiled dce with dal", "-Staytydrated"], "confidence": [0.9530686736106873, 0.8386499881744385, 0.8577502369880676, 0.8394076824188232, 0.770072877407074, 0.9172613620758057, 0.9287360906600952, 0.9427713751792908, 0.9838371276855469, 0.9623180627822876, 0.9133230447769165, 0.8913987278938293, 0.8013002872467041, 0.9106659889221191, 0.9419736862182617, 0.9090301990509033, 0.7034355998039246, 0.9236086010932922, 0.8297414183616638, 0.8921223878860474, 0.762387216091156, 0.8880710601806641, 0.8117976784706116, 0.8902075290679932, 0.7729131579399109, 0.9213528037071228, 0.8914007544517517, 0.8865651488304138, 0.8561273813247681, 0.9184122085571289, 0.9720994234085083, 0.7710023522377014, 0.9749724864959717, 0.9667842388153076, 0.8923515677452087, 0.9347427487373352, 0.7220712900161743, 0.9668070673942566, 0.9675191640853882, 0.8357309103012085, 0.8992130160331726, 0.9372954964637756], "label": [1, 0, 1, 0, 0, 0, 0]}