{"text": ["XYZ Hospital", "123 tlealth Street,Wellness City", "Phone:+1-234-587-890", "Patlnt NanLlam R", "Ap:52", "Doctor: Dr.Johnson", "Medicine", "Dosage", "Frequency", "Duration", "Cap Omez", "5tablets", "20ms dey", "t4duys", "TabCyclomeff", "20 tablets", "3 tmes doy", "10days", "Tab Neurobin Forte", "20 tablets", "2tmesa dey", "5days", "TabClavum025", "20 tblets", "2 tmesa day", "10days", "Tab Sumo cold", "20 tblets", "2 tmes a duy", "4duys", "Tab Dolonex dt", "15tablets", "2 tmesa dey", "$ days", "Syrup", "Dosapo", "Froquoncy", "Durotlon", "Syrup TusQ-dx", "Sml", "2 tim doy", "14day", "Syrup Corox-dx", "Sml", "2timday", "7day", "Advico:", "-Tako tod rost", "Eat nsy-to-digest food like boiled rice with dal", "-Stytydrated"], "confidence": [0.947542667388916, 0.8392036557197571, 0.9062145948410034, 0.7742516994476318, 0.7315886616706848, 0.9542319178581238, 0.9308179020881653, 0.9033363461494446, 0.9863637089729309, 0.9623180627822876, 0.8027142882347107, 0.901167631149292, 0.7692691087722778, 0.8546951413154602, 0.8823935389518738, 0.8709948658943176, 0.7266961336135864, 0.8628065586090088, 0.9426306486129761, 0.8709948658943176, 0.7881771326065063, 0.8641525506973267, 0.8791475296020508, 0.9086169004440308, 0.805739164352417, 0.8654675483703613, 0.9202360510826111, 0.9003804326057434, 0.7857459187507629, 0.9083743095397949, 0.9123061299324036, 0.8990643620491028, 0.820049524307251, 0.9286584258079529, 0.988613486289978, 0.8228013515472412, 0.9474319815635681, 0.9339734315872192, 0.9501672983169556, 0.860496461391449, 0.7873589992523193, 0.8130840063095093, 0.9840628504753113, 0.927854061126709, 0.8109803199768066, 0.8532044887542725, 0.9699703454971313, 0.7733418345451355, 0.9021574854850769, 0.9096242785453796], "label": [1, 1, 1, 0, 0, 0, 0]}