{"text": ["XYZ Hospital", "123 tlealth Street,Wellness City", "Phone:+1-234.587-890", "PatlantNamx:Llam Davs", "p:73", "Doctor: Dr. Smith", "Medicine", "Dosuge", "Frequency", "Duration", "TabAllegra", "5 tablets", "3mes doy", "14duys", "Tab Clavum025", "10tablets", "3tmesaday", "4duys", "Tab Triz", "5tablets", "3 tmesaduy", "10 duys", "Tab Combinam", "15tablets", "2tmesa dey", "30 days", "Cup CoImmune", "5tablets", "3 tmes a day", "7 days", "Tab Sumo cold", "5tablets", "3 tmesa dey", "$ days", "Syrup", "Dosago", "Froquoncy", "Duratlon", "Syrup Corox-dx", "10ml", "3tms doy", "5 days", "Advico:", "-Tako bod rst", "Eat nsy-to-digest food like boiled dce with dnl", "Stoy bydrated"], "confidence": [0.9549444317817688, 0.849846601486206, 0.8582290410995483, 0.8319063782691956, 0.8352077603340149, 0.9378921985626221, 0.9258362054824829, 0.9740098118782043, 0.98100346326828, 0.9623180627822876, 0.9622079133987427, 0.887381374835968, 0.7834863662719727, 0.8650357723236084, 0.8565781116485596, 0.9273074269294739, 0.8277404308319092, 0.9083743095397949, 0.8534448146820068, 0.916618824005127, 0.8275696635246277, 0.8863319754600525, 0.9223794341087341, 0.86665940284729, 0.7865363359451294, 0.8518379926681519, 0.8692219257354736, 0.9079194068908691, 0.8112972378730774, 0.8452855944633484, 0.8814331293106079, 0.9079194068908691, 0.8175655603408813, 0.9325768351554871, 0.9719002842903137, 0.958836555480957, 0.9524527788162231, 0.9843534231185913, 0.9731125235557556, 0.9717352390289307, 0.7060664892196655, 0.7886900901794434, 0.9678854942321777, 0.7454431056976318, 0.8601347208023071, 0.7944247722625732], "label": [1, 0, 1, 0, 0, 0, 0]}