{"text": ["XYZ Hospital", "123 tlealth Street,Wellnes City", "Phone:+1-234.587-890", "Patlont Namx:Mla Millor", "p:22", "Doctor: Dr.Lo", "Medicine", "Dosuge", "Frequencye", "Duration", "TabCyciomelf", "5 tablets", "20ms day", "4duys", "TabA1urodin 500", "5tablets", "20mesaday", "5days", "Cap Omez", "10tablets", "3 tmesaduy", "4 duys", "Tab Trz", "10tablets", "3tmes aday", "4duys", "Tab Cetine", "20 tblets", "3 tmesaday", "30 days", "Cup Zovirax", "15tablets", "3 tmesa dey", "4duys", "Syrup", "Dosago", "Froquoncy", "Duratlon", "Syrup Corox-dx", "10ml", "3tms doy", "5 days", "Advico:", "-Tako tod rost", "Eat nsy-to-digest food like boiled dce with dnl", "Stoybydrated"], "confidence": [0.9533091187477112, 0.8523237705230713, 0.8575018644332886, 0.8365523219108582, 0.7705976963043213, 0.9446154236793518, 0.9286406636238098, 0.979745090007782, 0.8963372111320496, 0.9618746042251587, 0.8708781599998474, 0.887381374835968, 0.7605679631233215, 0.9136894941329956, 0.799295961856842, 0.9079194068908691, 0.7755182385444641, 0.8520981669425964, 0.8384859561920166, 0.9273074269294739, 0.8196805119514465, 0.939846932888031, 0.9231915473937988, 0.9273074269294739, 0.852321445941925, 0.9136894941329956, 0.9237278699874878, 0.9003804326057434, 0.849814236164093, 0.8513266444206238, 0.8825966119766235, 0.9037178754806519, 0.7729131579399109, 0.9083743095397949, 0.9719002842903137, 0.958836555480957, 0.9529516696929932, 0.9450204968452454, 0.9839245676994324, 0.9717352390289307, 0.7197035551071167, 0.7886900901794434, 0.9678854942321777, 0.7658414244651794, 0.8601347208023071, 0.8261036276817322], "label": [1, 1, 1, 0, 0, 0, 0]}