{"text": ["XYZ Hospital", "123 tlealth Street,Wellness City", "Phone:+1-234.587-890", "Patlant Nam:Mla Wlson", "p:22", "Doctor: Dr. Millor", "Medicine", "Dosuge", "Frequency", "Duration", "Tab Combilam", "10 tablets", "20ms doy", "5 days", "Tab Allegra", "10tablets", "3 umes duy", "7 days", "Tab Pand", "20 tablets", "3 tmesa duy", "30 days", "Tab Sumo cold", "15tablets", "2tmesa day", "t4duys", "TabDolo650", "20 tblets", "3 tmesaday", "30 days", "Tab Trz", "5tablets", "2 tmes a dey", "30 days", "Syrup", "Dosago", "Froquoncy", "Duratlon", "Syrup Zodax", "Sml", "3tms doy", "30 dny", "Advico:", "-Tako tod rost", "Eat nsy-to-digest food like boiled dce with dnl", "Stoybydrated"], "confidence": [0.9533373713493347, 0.8410260081291199, 0.8575018644332886, 0.8426247835159302, 0.7705976963043213, 0.9723546504974365, 0.9318302869796753, 0.9422492384910583, 0.9790523052215576, 0.965709924697876, 0.9067261219024658, 0.8824431300163269, 0.7557400465011597, 0.7493965029716492, 0.9265641570091248, 0.9273074269294739, 0.6991283893585205, 0.8401936888694763, 0.9166018962860107, 0.8709948658943176, 0.8077030777931213, 0.8866694569587708, 0.9169285893440247, 0.8671495914459229, 0.8131464123725891, 0.8394883275032043, 0.9020558595657349, 0.9003804326057434, 0.849814236164093, 0.8500292897224426, 0.9231915473937988, 0.8909797668457031, 0.7939390540122986, 0.8513266444206238, 0.9719002842903137, 0.9144992828369141, 0.9529516696929932, 0.9885905981063843, 0.9016184210777283, 0.927854061126709, 0.7250189781188965, 0.7926518321037292, 0.9678854942321777, 0.7591238617897034, 0.8601347208023071, 0.8266847729682922], "label": [1, 0, 1, 0, 0, 0, 0]}