{"text": ["XYZ Hospital", "123 tlealth Street,Wellness City", "Phone:+1-234.587-890", "PatlantNamx:Evo Brown", ":40", "Doctor: Dr. Millor", "Medicine", "Dosuge", "Frequency", "Duration", "Tab Dolonex dt", "15tablets", "3mesday", "10duys", "Tab Allegra", "20 tablets", "20mes dey", "10days", "Tab Cyciopam", "10tablets", "3 tmesa doy", "7 days", "Cap Colmmune", "10tablets", "3 tmesa duy", "10days", "Tab Clovum 025", "5tablets", "2 tmes a duy", "7 days", "TabCiplox500", "15tblets", "3 tmesa dey", "30 days", "Syrup", "Dosago", "Froquoncy", "Duratlon", "Syrup Corox-dx", "10ml", "2tm doy", "30 dny", "Advico:", "-Tako bod rst", "Eat nsy-to-digest food like boiled dce with dnl", "Stoy bydrated"], "confidence": [0.9557154178619385, 0.8385964632034302, 0.8531273007392883, 0.8334711790084839, 0.8325653076171875, 0.962835431098938, 0.907014787197113, 0.9427713751792908, 0.9790523052215576, 0.9623180627822876, 0.919303297996521, 0.8647039532661438, 0.843670666217804, 0.9152160286903381, 0.9200712442398071, 0.8967920541763306, 0.7364528775215149, 0.8654675483703613, 0.8507902026176453, 0.9273074269294739, 0.7852831482887268, 0.861883819103241, 0.8684601783752441, 0.9273074269294739, 0.7960034012794495, 0.8654675483703613, 0.7988287210464478, 0.9079194068908691, 0.7853452563285828, 0.8452855944633484, 0.9425578117370605, 0.9046850204467773, 0.8175655603408813, 0.8867191672325134, 0.9719002842903137, 0.9641801714897156, 0.9633573889732361, 0.9835640788078308, 0.9731125235557556, 0.9717352390289307, 0.7230568528175354, 0.7926518321037292, 0.9678854942321777, 0.7454431056976318, 0.8616782426834106, 0.7944247722625732], "label": [1, 1, 1, 0, 0, 0, 0]}