{"text": ["XYZ Hospital", "123 tlealth Street,Wellness City", "Phone:+1-234.587-890", "Patlant Namxo:Davld Johnson", "p:70", "Doctor: Dr. Millor", "Medicine", "Dosuge", "Frequency", "Duration", "Cap CoImmune", "20 tblets", "20ms day", "10duys", "TabDolo650", "10 tablets", "2 ums  doy", "7days", "TabCiplox500", "20 tblets", "3 tmesa day", "10 days", "Cap Dilanun", "5tablets", "2 tmsa dey", "7 days", "Tab Combinam", "20 toblets", "3 tmesaday", "4duys", "Syrup", "Dosapo", "Froquoncy", "Duratlon", "Syrup TusQx", "Sml", "3timsday", "7day", "Advico:", "-Tako tod rost", "Eat nsy-to-dlgest food like boiled dc with dnt", "-Staytydrated"], "confidence": [0.9556874632835388, 0.8407701253890991, 0.8522945642471313, 0.860414981842041, 0.782950758934021, 0.9600823521614075, 0.930323600769043, 0.9427713751792908, 0.9838371276855469, 0.9623180627822876, 0.8936004638671875, 0.9135541915893555, 0.7605679631233215, 0.9106659889221191, 0.8641533851623535, 0.8921223878860474, 0.7034355998039246, 0.9236086010932922, 0.9371713995933533, 0.9248446226119995, 0.7573702335357666, 0.8622841835021973, 0.9424877166748047, 0.8933669328689575, 0.8031952977180481, 0.8452855944633484, 0.9422407746315002, 0.8743324279785156, 0.8432919383049011, 0.9083743095397949, 0.9720994234085083, 0.8868209719657898, 0.9749724864959717, 0.910537838935852, 0.9429664611816406, 0.9197258949279785, 0.7220712900161743, 0.8434621095657349, 0.9694406390190125, 0.7713187336921692, 0.8665194511413574, 0.9281126260757446], "label": [1, 1, 1, 0, 0, 0, 0]}