{"text": ["XYZ Hospital", "123 tlealth Street,Wellness City", "Phone:+1-234.587-890", "Patlont Namx:Allco Davs", "p:32", "Doctor: Dr. Smith", "Medicine", "Dosuge", "Frequency", "Duration", "TabDolo650", "20 tblets", "20ms dey", "7 duys", "TabCiplox500", "15tablets", "20mes dey", "4duys", "Tab Combinam", "15tablets", "2mes aday", "4duys", "Tab Dolonexdt", "20 tablets", "3 tmes aday", "5days", "TabAllegr", "10tablets", "2 tmes a duy", "10days", "Tab Neurobin Forte", "15tblets", "2 tmes a doy", "30 days", "Syrup", "Dosago", "Froquoncy", "Duratlon", "Syrup Brozodax", "Sml", "3tms doy", "10days", "Advico:", "-Tako bod rst", "Eat nsy-to-digest food like boiled dce with dnl", "Stoy bydrated"], "confidence": [0.944415271282196, 0.8472570776939392, 0.8531273007392883, 0.8236026167869568, 0.7810633778572083, 0.9573272466659546, 0.930323600769043, 0.9427713751792908, 0.9790523052215576, 0.9564203023910522, 0.8960824012756348, 0.9003804326057434, 0.7692691087722778, 0.9828178286552429, 0.8900757431983948, 0.8647039532661438, 0.7364528775215149, 0.9083743095397949, 0.9472505450248718, 0.8647039532661438, 0.7745811939239502, 0.9083743095397949, 0.9409002065658569, 0.8709948658943176, 0.8307840824127197, 0.8520981669425964, 0.935485303401947, 0.9273074269294739, 0.7853452563285828, 0.9213528037071228, 0.9235482811927795, 0.9046850204467773, 0.7914690375328064, 0.8513266444206238, 0.9720994234085083, 0.9144992828369141, 0.8976813554763794, 0.9876395463943481, 0.9598060250282288, 0.927854061126709, 0.7060664892196655, 0.8282742500305176, 0.9667397141456604, 0.7890586853027344, 0.8616782426834106, 0.806763768196106], "label": [1, 0, 1, 0, 0, 0, 0]}