{"text": ["XYZ Hospital", "123 tlealth Street,Wellness City", "Phone:+1-234-587-890", "Patlant Nanx:John Millor", "Ap:75", "Doctor: Dr. Tumor", "Medicine", "Dosuge", "Frequency", "Quraton", "TabCiplox500", "15tablets", "3mesday", "7 days", "TabClavum025", "5tablets", "2 um5  duy", "30 days", "Tab Combinam", "5tablets", "2mes aduy", "30 days", "Tab Allegra", "20 tblets", "3tmes aday", "30 days", "Tab Cyclopum", "5tablets", "3 tmesaday", "30 days", "TabAluhrodin500", "20 tablets", "3 tmesa dey", "10days", "Syrup", "Dosago", "Froquoncy", "Duratlon", "Syrup Corox-dx", "Sml", "2 tim doy", "7days", "Syrup TusQ-dx", "Sml", "2timday", "30dys", "Advico:", "-Tako tod rost", "Eat nsy-to-digest food like boiled rice with dnl", "-Stytydrated"], "confidence": [0.9466805458068848, 0.84555983543396, 0.8884289860725403, 0.8532516360282898, 0.7691259980201721, 0.9388749599456787, 0.8984020948410034, 0.9412831664085388, 0.9902750849723816, 0.818080484867096, 0.9300114512443542, 0.8656508922576904, 0.8203554749488831, 0.8580665588378906, 0.90370112657547, 0.8873331546783447, 0.7169803380966187, 0.8853435516357422, 0.95310378074646, 0.9093613624572754, 0.7659589648246765, 0.8866694569587708, 0.9265641570091248, 0.9086169004440308, 0.852321445941925, 0.8513266444206238, 0.8671917915344238, 0.9079194068908691, 0.8460615277290344, 0.8853435516357422, 0.804387092590332, 0.981949508190155, 0.841655969619751, 0.9213528037071228, 0.988613486289978, 0.8285646438598633, 0.9474319815635681, 0.9807401895523071, 0.9652417302131653, 0.860496461391449, 0.7471926212310791, 0.9114284515380859, 0.954573929309845, 0.927854061126709, 0.774560809135437, 0.9068120121955872, 0.9374408721923828, 0.7472178339958191, 0.8472650647163391, 0.902330219745636], "label": [1, 0, 1, 0, 0, 0, 0]}