{"text": ["XYZ Hospital", "123 tlealth Street,Wellness City", "Phone:+1-234.587-890", "PatlantNamx:Llam D", "Ap:75", "Doctor: Dr. Smith", "Medicine", "Dosage", "Frequency", "Duration", "TabDolo650", "20 tblets", "20ms doy", "14duys", "TabCiplox500", "5tablets", "2tmesa dey", "4duys", "Tab Combinam", "20 tblets", "3 tmesa duy", "10 duys", "Tab Febrexplus", "15tablets", "2 tmes a duy", "4days", "Tab Trz", "5tablets", "2 tmes a duy", "30 days", "Cup Dilanun", "15tablets", "3 tmesa dey", "10days", "Syrup", "Dosago", "Froquoncy", "Duratlon", "Syrup Zodax", "10ml", "2tmdoy", "14days", "Advico:", "-Tako tod rost", "Eat nsy-to-digest food like boiled dce with dnl", "Stoytydrated"], "confidence": [0.9549444317817688, 0.8422218561172485, 0.8589719533920288, 0.8014976978302002, 0.7691259980201721, 0.9378921985626221, 0.930323600769043, 0.9033363461494446, 0.9790523052215576, 0.9623180627822876, 0.8915150761604309, 0.9003804326057434, 0.7523245811462402, 0.8650357723236084, 0.8904371857643127, 0.8909797668457031, 0.7338863611221313, 0.9136894941329956, 0.9562404751777649, 0.9086169004440308, 0.8074479699134827, 0.8863319754600525, 0.9096344113349915, 0.8671495914459229, 0.7944900393486023, 0.9184122085571289, 0.9231915473937988, 0.9079194068908691, 0.7522758841514587, 0.8853435516357422, 0.9432646036148071, 0.9037178754806519, 0.783811628818512, 0.924377977848053, 0.9719002842903137, 0.958836555480957, 0.9638596773147583, 0.9878179430961609, 0.905026376247406, 0.9717352390289307, 0.7179483771324158, 0.8428124785423279, 0.9678854942321777, 0.7538960576057434, 0.8601347208023071, 0.8621355891227722], "label": [1, 0, 1, 0, 0, 0, 0]}