{"text": ["XYZ Hospital", "123 tlealth Street,Wellness City", "Phone:+1-234-587-890", "Patlont Nanx:Graco Millor", "p:34", "Doctor: Dr.Lao", "Medicine", "Dosage", "Frequency", "Duration", "Tab Allegra", "15tablets", "20ms doy", "4 duys", "TabCiplox500", "5tablets", "3tmesaday", "5days", "Tab Evion", "t5tblets", "2 tmes a duy", "10days", "Tab Dolonex dt", "t5tablets", "2 tm5 a doy", "7 days", "Syrup", "Dosago", "Froquancy", "Ouration", "Syrup Zodax", "10ml", "2 tm doy", "14days", "Advico:", "-Tako bod rost", "Eat nsy-to-dlgest food like boiled rice with dal", "-Stynydrated"], "confidence": [0.9533605575561523, 0.8484009504318237, 0.8798349499702454, 0.824389636516571, 0.7649431824684143, 0.9042146801948547, 0.9286406636238098, 0.8880900740623474, 0.9788968563079834, 0.9622949361801147, 0.8999242782592773, 0.8927748799324036, 0.7564270496368408, 0.939846932888031, 0.9101933836936951, 0.8909797668457031, 0.811162531375885, 0.8343985676765442, 0.9258148670196533, 0.8782268762588501, 0.9000213742256165, 0.9082397818565369, 0.9175504446029663, 0.8856318593025208, 0.7406336069107056, 0.8720644116401672, 0.9825723767280579, 0.9117240309715271, 0.9354243874549866, 0.9101769924163818, 0.9493877291679382, 0.9658069610595703, 0.7225327491760254, 0.8509456515312195, 0.9288334846496582, 0.7142534255981445, 0.8857390284538269, 0.8983654975891113], "label": [1, 0, 1, 0, 0, 0, 0]}