{"text": ["XYZ Hospital", "123 tlealth Street,Wellness City", "Phone:+1-234.587-890", "Patlant Namxo:MlaJohnson", "p:03", "Doctor: Dr. Millor", "Medidine", "Dosuge", "Frequency", "Duration", "Tab Pan d", "5 tablets", "3mesa duy", "30 duys", "Tab Allegra", "20 tablets", "3 tmes duy", "10days", "TabDolo650", "15tablets", "3 tmesa duy", "7 days", "Cap Zovirax", "20 tablets", "2tmesaduy", "30 days", "Tab Triz", "20 tblets", "2 tmes a duy", "30 days", "TabCiplox500", "20 tablets", "2 tms a dey", "30 days", "Syrup", "Dosago", "Froquoncy", "Duratlon", "Syrup Brozodox", "Sml", "2tmsdoy", "7day", "Advico:", "-Tako tod rost", "Eat nsy-to-digest food like boiled dce with dnl", "-Stytydrated"], "confidence": [0.9544651508331299, 0.8416517972946167, 0.8589719533920288, 0.8571464419364929, 0.7430418729782104, 0.9679278135299683, 0.8939267992973328, 0.979745090007782, 0.9829168319702148, 0.965709924697876, 0.917921781539917, 0.887381374835968, 0.7647051215171814, 0.9093779921531677, 0.920850932598114, 0.8709948658943176, 0.7181316614151001, 0.9213528037071228, 0.8743747472763062, 0.8647039532661438, 0.8024168610572815, 0.8720644116401672, 0.8465855121612549, 0.8967920541763306, 0.8280330896377563, 0.8513266444206238, 0.9699918031692505, 0.9003804326057434, 0.7857459187507629, 0.8513266444206238, 0.940592348575592, 0.8797799944877625, 0.7383468747138977, 0.8513266444206238, 0.9720994234085083, 0.9144992828369141, 0.9529516696929932, 0.9877357482910156, 0.9569897055625916, 0.927854061126709, 0.6649249196052551, 0.940690815448761, 0.9667397141456604, 0.7879562377929688, 0.8601347208023071, 0.9330136775970459], "label": [1, 1, 1, 0, 0, 0, 0]}