{"text": ["XYZ Hospital", "123 tlealth Street,Wellness City", "Phone:+1-234.587-890", "Patlant Namx:Allco Millr", "4", "Doctor:Dr.Smith", "Medicine", "Dosage", "Frequency", "Duration", "Tab Dolonex dt", "5tablets", "3mesaday", "4days", "Cap Co-lmmune", "20 tblets", "20mesaday", "5days", "Tab Febrex plus", "10 tablets", "2 tmes aday", "t4days", "Tab Combinam", "20 toblets", "3 tmesa dey", "30 days", "Tab Evion", "5tablets", "2tmesaday", "7 days", "Syrup", "Dosago", "Froquoncy", "Duratlon", "Syrup Cypon", "10ml", "2timday", "10day", "Advico:", "-Tako tod rost", "Eat nsy-to-dlgest food like boiled dce with dal", "-Stayhydrated"], "confidence": [0.9544651508331299, 0.8435166478157043, 0.8541738390922546, 0.8551803231239319, 0.9781603217124939, 0.9724594354629517, 0.930323600769043, 0.9033363461494446, 0.986274003982544, 0.9629472494125366, 0.9139989018440247, 0.9057856798171997, 0.8035884499549866, 0.9607241749763489, 0.8527063131332397, 0.9248446226119995, 0.7784956693649292, 0.8691898584365845, 0.9172632694244385, 0.8921223878860474, 0.762387216091156, 0.8406792283058167, 0.8926445841789246, 0.8743324279785156, 0.7729131579399109, 0.8853435516357422, 0.9627355933189392, 0.9057856798171997, 0.8561273813247681, 0.8720644116401672, 0.9720994234085083, 0.8300634026527405, 0.9749724864959717, 0.8988408446311951, 0.9505860805511475, 0.9483411312103271, 0.7432094216346741, 0.8202261924743652, 0.9691476225852966, 0.7805672287940979, 0.9010859727859497, 0.8882160782814026], "label": [1, 1, 1, 0, 0, 0, 0]}