{"text": ["XYZ Hospital", "123 tlealth Street,Wellness City", "Phone:+1-234-587-890", "Patlont Namx:Mla Smith", ":70", "Doctor: Dr.Johnson", "Medicine", "Dosuge", "Frequency", "Duration", "Tab Combinam", "5 tablets", "20ms doy", "14duys", "Tab Neurobin Forte", "20 tablets", "2tmes  duy", "t4duys", "Tab Pan d", "t5tblets", "2 tmes a duy", "4 days", "TabFebrexplus", "20 tblets", "2 tms a dey", "30 days", "Syrup", "Dosago", "Froquancy", "Ouration", "Syrup Grillnctus tm", "Sml", "3tims doy", "7days", "Advico:", "-Tako tod rost", "Eat nsy-to-dlgest food like boiled rice with dal", "-Stynydrated"], "confidence": [0.9481263756752014, 0.8440488576889038, 0.8976541757583618, 0.8494237661361694, 0.8835301399230957, 0.9490902423858643, 0.930411696434021, 0.9030749201774597, 0.9861469268798828, 0.9623180627822876, 0.9340083003044128, 0.8757308125495911, 0.7509677410125732, 0.8650357723236084, 0.9415268301963806, 0.8753429651260376, 0.7222400307655334, 0.8104643225669861, 0.9437901377677917, 0.9061143398284912, 0.80484938621521, 0.8659627437591553, 0.9789265990257263, 0.9086169004440308, 0.7383468747138977, 0.8867191672325134, 0.9728748202323914, 0.9117240309715271, 0.9318037033081055, 0.9101769924163818, 0.9895920753479004, 0.8684621453285217, 0.7690984606742859, 0.8926272392272949, 0.9288334846496582, 0.7324496507644653, 0.8857390284538269, 0.8895189166069031], "label": [1, 0, 1, 0, 0, 0, 0]}