{"text": ["XYZ Hospital", "123 tlealth Street,Wellness City", "Phone:+1-234.587-890", "PatlontNamx:Llam Wlson", "p:38", "Doctor: Dr. Millor", "Medicine", "Dosuge", "Frequency", "Duration", "Cap Omez", "20 tblets", "3mesday", "30 duys", "Tab Evion", "t5tablets", "3 tmes duy", "10days", "TabZole fcream", "5tablets", "2tmesaday", "4days", "TabCyciopam", "5tblets", "3 tmes dey", "7days", "Syrup", "Dosago", "Froquoncy", "Duratlon", "Syrup Brozodox", "10ml", "2 tm doy", "10days", "SyrupTusx", "10ml", "2mday", "10day", "Advico:", "-Tako tod rost", "Eat nsy-to-digest food like boiled rice with dal", "-Stayhydrated"], "confidence": [0.95541912317276, 0.8376824259757996, 0.8577502369880676, 0.8704065680503845, 0.7383583188056946, 0.9649208784103394, 0.9307171702384949, 0.9427713751792908, 0.9838371276855469, 0.964890718460083, 0.8322113752365112, 0.9135541915893555, 0.8320214152336121, 0.9156034588813782, 0.9248191118240356, 0.8874572515487671, 0.7469850778579712, 0.9015160202980042, 0.8875287771224976, 0.9093613624572754, 0.8609802722930908, 0.8935898542404175, 0.9084652066230774, 0.8720654249191284, 0.72325199842453, 0.9421157836914062, 0.9720994234085083, 0.8239191174507141, 0.9646628499031067, 0.9548891186714172, 0.9434604644775391, 0.9347427487373352, 0.6902334094047546, 0.820411205291748, 0.8666501641273499, 0.911413848400116, 0.7640750408172607, 0.7979649305343628, 0.9678854942321777, 0.7862769961357117, 0.9073290824890137, 0.8786836266517639], "label": [1, 1, 1, 0, 0, 0, 0]}