{"text": ["XYZ Hospital", "123 tlealth Street,Wellness City", "Phone:+1-234.587-890", "PatlantNamx:Llam Davs", "1", "Doctor: Dr. Millor", "Medicine", "Dosuge", "Frequency", "Duration", "Tab Sumo cold", "t5tablets", "3mesadoy", "30 days", "Tab Febrex plus", "20 tablets", "2 tmes  duy", "10days", "Cap Colmmune", "t5tblets", "2tmesaduy", "7 days", "TabAluhrodin 500", "5tablets", "2 tmes a doy", "30 days", "Syrup", "Dosago", "Froquancy", "Duratlon", "Syrup Cypon", "10ml", "2 tmdoy", "7days", "SyrupZodax", "10ml", "2mday", "10day", "Advico:", "-Tako bod rost", "Eat nsy-to-digest food like boiled rice with dal", "-Stayhydrated"], "confidence": [0.9544928669929504, 0.8470800518989563, 0.8545160293579102, 0.8285782337188721, 0.9231669902801514, 0.9503445029258728, 0.930323600769043, 0.9427713751792908, 0.9832303524017334, 0.964890718460083, 0.9144731760025024, 0.8783619999885559, 0.7787086963653564, 0.8676621317863464, 0.9224916100502014, 0.9054545164108276, 0.7111902236938477, 0.9015160202980042, 0.8959184288978577, 0.9020490646362305, 0.8510462641716003, 0.8767657279968262, 0.7621939778327942, 0.8878754377365112, 0.770778238773346, 0.8867191672325134, 0.9728748202323914, 0.8239191174507141, 0.9308193922042847, 0.9347891807556152, 0.9879987835884094, 0.9658069610595703, 0.7173526883125305, 0.8803855776786804, 0.8844374418258667, 0.911413848400116, 0.8455877304077148, 0.7979649305343628, 0.967370867729187, 0.8230072855949402, 0.8990753293037415, 0.8757689595222473], "label": [1, 1, 1, 0, 0, 0, 0]}