{"text": ["XYZ Hospital", "123 tlealth Street,Wellness City", "Phone:+1-234-587-890", "Patlant Nanx:John Whito", "p:31", "Doctor: Dr. Tumor", "Medicine", "Dosuge", "Frequency", "Duration", "Tab Dolonex dt", "5 tablets", "20ms doy", "7 duys", "Tab Cyciomelf", "10 tablets", "3tmesaday", "t4duys", "Cap Cypon", "20 tblets", "3 tmesaday", "4 days", "Tab Sumo cold", "20 tblets", "3 tmesa dey", "7 days", "Syrup", "Dosago", "Froquancy", "Duration", "Syrup Fobrox plus.", "10ml", "2 tim doy", "5days", "Advico:", "-Tako tod rst", "Eat nsy-to-dlgest food like boiled rice with dal", "-Styhydrated"], "confidence": [0.9466805458068848, 0.8450579047203064, 0.888440728187561, 0.8448981642723083, 0.739750325679779, 0.9690817594528198, 0.9286406636238098, 0.9030749201774597, 0.9821484684944153, 0.9623180627822876, 0.9131335020065308, 0.887381374835968, 0.746635913848877, 0.8653728365898132, 0.8523499369621277, 0.8921223878860474, 0.7983217239379883, 0.8104643225669861, 0.9448106288909912, 0.9248446226119995, 0.8493043780326843, 0.8659627437591553, 0.9020398259162903, 0.9086169004440308, 0.8120609521865845, 0.8767657279968262, 0.970925509929657, 0.9117240309715271, 0.9371910095214844, 0.8712384700775146, 0.9440634846687317, 0.9658069610595703, 0.7548075318336487, 0.8856489062309265, 0.9288334846496582, 0.7138832807540894, 0.8857390284538269, 0.8823270797729492], "label": [1, 1, 1, 0, 0, 0, 0]}