{"text": ["XYZ Hospital", "123 tlealth Street,Wellness City", "Phone:+1-234.587-890", "Patlant Namxo:John Wilson", "p:45", "Doctor: Dr. Smith", "Medicine", "Dosuge", "Frequency", "Duration", "Tab Zole fcream", "20 tblets", "3mesday", "$ days", "Cap Zovirax", "5tablets", "20mes dey", "4days", "Tab Dolonex dt", "20 tblets", "2 tmes adey", "4 days", "Tab Pan d", "20 tablets", "2 tmes adey", "t4days", "Tab Triz", "t5tablets", "3 tmesaday", "5days", "Syrup", "Dosapo", "Froquancy", "Duratlon", "Syrup Brozodox", "10ml", "3tms doy", "30dny", "Syrup Corox-dx", "10ml", "3tims doy", "10dny", "Advico:", "-Tako tod rost", "Eat nsy-to-digest food like boiled rice with dnl", "-Stytydrated"], "confidence": [0.9558648467063904, 0.8416517972946167, 0.8589719533920288, 0.8539632558822632, 0.7807413339614868, 0.9735312461853027, 0.9556780457496643, 0.9740098118782043, 0.9838311672210693, 0.964890718460083, 0.8979836702346802, 0.9135541915893555, 0.8345361948013306, 0.837290346622467, 0.9159099459648132, 0.895728349685669, 0.7687022686004639, 0.8935898542404175, 0.9133886694908142, 0.9248446226119995, 0.7602884769439697, 0.8880710601806641, 0.9056241512298584, 0.9061443209648132, 0.8068761229515076, 0.8510770797729492, 0.8540539145469666, 0.8830724954605103, 0.8439608812332153, 0.8746163249015808, 0.9719002842903137, 0.9139150977134705, 0.9316151738166809, 0.9935265183448792, 0.9574680924415588, 0.9483411312103271, 0.7256457805633545, 0.8377351760864258, 0.9816890954971313, 0.9604064226150513, 0.7647743225097656, 0.7591055631637573, 0.9678077101707458, 0.7811692357063293, 0.8524071574211121, 0.9350423812866211], "label": [1, 1, 1, 0, 0, 0, 0]}