{"text": ["XYZ Hospital", "123 tlealth Street,Wellness City", "Phone:+1-234.587-890", "PatlontNam:Bob D", "Ap:25", "Doctor: Dr.Patol", "Medicine", "Dosuge", "Frequency", "Duration", "Tab Sumo cold", "10tablets", "20ms doy", "7 days", "Tab Clavum025", "10 tablets", "2 ums  doy", "5 days", "TabZole fcream", "15tablets", "3 tmesaday", "5 days", "Cap Cypon", "10 tablets", "2tmesaday", "5 days", "Cap Colmmune", "10 tablets", "2tmesaday", "10days", "Syrup", "Dosapo", "Froquoncy", "Duratlon", "Syrup Brozodax", "Sml", "3timsday", "14day", "Advico:", "-Tako tod rost", "Eat nsy-to-dlgest food like boiled dce with dal", "-Staytydrated"], "confidence": [0.9556874632835388, 0.8413002490997314, 0.8571933507919312, 0.8471982479095459, 0.761734664440155, 0.9578132629394531, 0.930323600769043, 0.9375312328338623, 0.9838371276855469, 0.9564203023910522, 0.9151962995529175, 0.9273074269294739, 0.7702575922012329, 0.8594018816947937, 0.8568993210792542, 0.9107781648635864, 0.7318745255470276, 0.7889420986175537, 0.8871710896492004, 0.8913987278938293, 0.7989102602005005, 0.7472350001335144, 0.9459788799285889, 0.901634693145752, 0.8609124422073364, 0.8977670669555664, 0.8868181705474854, 0.901634693145752, 0.8613588213920593, 0.9213528037071228, 0.9720994234085083, 0.8742751479148865, 0.9624842405319214, 0.8988408446311951, 0.95579993724823, 0.9197258949279785, 0.7265685200691223, 0.7760825753211975, 0.9671358466148376, 0.8298397660255432, 0.9010121822357178, 0.9319948554039001], "label": [1, 1, 1, 0, 0, 0, 0]}