{"text": ["XYZ Hospital", "123 tlealth Street,Wellnes City", "Phone:+1-234.587-890", "PatlontNamx:Mla Davs", "80", "Doctor:Dr.Smith", "Medicine", "Dosuge", "Frequency", "Duration", "Cap Omez", "15tablets", "20ms day", "5days", "Tab Cyciomelf", "10 tablets", "2 ums  doy", "30 days", "TabAluhrocin500", "15tablets", "3 tmesaday", "10 days", "Tab Febrex plus", "5tablets", "2tmesaday", "4days", "Cap Zovirax", "5tablets", "3 tmesaday", "4days", "Syrup", "Dosapo", "Froquoncy", "Duratlon", "Syrup Brozodax", "Sml", "3timsday", "10day", "Advico:", "-Tako tod rost", "Eat nsy-to-dlgest food like boiled dce with dal", "-Stayhydrated"], "confidence": [0.95541912317276, 0.8442469239234924, 0.8541738390922546, 0.8254529237747192, 0.7866202592849731, 0.9701091051101685, 0.9291049838066101, 0.9420654773712158, 0.9838371276855469, 0.964890718460083, 0.8072413206100464, 0.8927748799324036, 0.7605679631233215, 0.8343985676765442, 0.8132966160774231, 0.8921223878860474, 0.7034355998039246, 0.8663529753684998, 0.753363847732544, 0.8623680472373962, 0.8247963190078735, 0.8715320229530334, 0.9175179600715637, 0.8909797668457031, 0.8654492497444153, 0.9184122085571289, 0.8629161715507507, 0.9079194068908691, 0.8432919383049011, 0.9184122085571289, 0.9747051000595093, 0.9054598808288574, 0.9749724864959717, 0.9654592275619507, 0.9824841618537903, 0.9197258949279785, 0.7220712900161743, 0.8202261924743652, 0.9671358466148376, 0.8293460011482239, 0.9010121822357178, 0.8834782838821411], "label": [1, 1, 1, 0, 0, 0, 0]}