{"text": ["XYZ Hospital", "123 tlealth Street,Wellness City", "Phone:+1-234.587-890", "PatlantNamx:Llam Davs", "p:73", "Doctor: Dr. Millor", "Medicine", "Dosuge", "Frequency", "Duration", "Cap Cypon", "20 tblets", "2 umes a day", "4days", "Cap Pan d", "20 tblets", "3 0ms dey", "7 days", "Tab Febrex plus", "5tablets", "3 tmesaday", "30 days", "Tab Neurobin Forte", "5tablets", "3tmesaday", "t4days", "TabCiplox500", "20 toblets", "3 tmesaday", "t4days", "Syrup", "Dosapo", "Froquoncy", "Duratlon", "Syrup Brozodax", "10ml", "2timday", "10day", "Advico:", "-Tako tod rost", "Eat nsy-to-dlgest food like boiled dce with dal", "-Stayhydrated"], "confidence": [0.9565796852111816, 0.8470800518989563, 0.8545160293579102, 0.8296763896942139, 0.8352077603340149, 0.9514191150665283, 0.9259157180786133, 0.9427713751792908, 0.9838371276855469, 0.9629752039909363, 0.9227223992347717, 0.9135541915893555, 0.8037311434745789, 0.8829224705696106, 0.903003454208374, 0.9185055494308472, 0.7231447696685791, 0.8720644116401672, 0.9167522192001343, 0.9093613624572754, 0.8457149267196655, 0.8833222985267639, 0.9362795352935791, 0.8612961769104004, 0.8851518630981445, 0.8406792283058167, 0.9450218677520752, 0.8743324279785156, 0.8432919383049011, 0.8406792283058167, 0.9747051000595093, 0.8918704390525818, 0.9749724864959717, 0.962416410446167, 0.9833493828773499, 0.9483411312103271, 0.7432094216346741, 0.8202261924743652, 0.9671358466148376, 0.8235440850257874, 0.9010859727859497, 0.880672037601471], "label": [1, 1, 1, 0, 0, 0, 0]}