{"text": ["XYZ Hospital", "123 tlealth Street,Wellness City", "Phone:+1-234.587-890", "PatlontNamx:Allco Wlson", "Apo:55", "Doctor: Dr.Lo", "Medicine", "Dosuge", "Frequency", "Duration", "Tab Combinam", "5tablets", "3mesday", "14duys", "Tab Triz", "5tablets", "2tmesa dey", "30 days", "Cap Dilanun", "10tablets", "2 tmes a duy", "30 days", "Cap Cypon", "10tablets", "3 tmesa dey", "4days", "Syrup", "Dosago", "Froquancy", "Duratlon", "Syrup Corox-dx", "10ml", "2 tm doy", "30 days", "SyrupTusx", "10ml", "3timsday", "5doy", "Advico:", "-Tako tod rost", "Eat nsy-to-digest food like boiled rice with dal", "-Staytydrated"], "confidence": [0.9470915794372559, 0.8402663469314575, 0.8577502369880676, 0.837239146232605, 0.7298091053962708, 0.9371119141578674, 0.930323600769043, 0.9427713751792908, 0.9859857559204102, 0.9629752039909363, 0.9467816352844238, 0.901167631149292, 0.8449034690856934, 0.8650930523872375, 0.9866247177124023, 0.8909797668457031, 0.729718804359436, 0.8853435516357422, 0.9091499447822571, 0.9247161149978638, 0.8087854385375977, 0.8866694569587708, 0.9545786380767822, 0.9247161149978638, 0.7426267862319946, 0.9184122085571289, 0.9747051000595093, 0.8347269892692566, 0.9061452150344849, 0.9634062051773071, 0.9692159295082092, 0.9347427487373352, 0.741890549659729, 0.9458599090576172, 0.8736128211021423, 0.911413848400116, 0.7911369800567627, 0.7402545213699341, 0.9678854942321777, 0.7875274419784546, 0.9073290824890137, 0.9258518218994141], "label": [1, 1, 1, 0, 0, 0, 0]}