{"text": ["XYZ Hospital", "123 tlealth Street,Wellness City", "Phone:+1-234.587-890", "Patlant Namx:Davld Millar", ":40", "DoctorDr.Tumor", "Medicine", "Dosage", "Frequency", "Duration", "Tab Neurobin Forte", "20tblets", "3mesday", "30 duys", "Tab Cyclopam", "5tablets", "2tmesa day", "5days", "Tab Evion", "5tablets", "3 tmesa duy", "7 days", "TabA1urocin 500", "20tblets", "2 tmes a duy", "7 days", "Tab Sumo cold", "15tablets", "2 tmes a duy", "4duys", "Cap Omez", "20 tablets", "2 tmes a dey", "30 days", "Syrup", "Dosago", "Froquoncy", "Duratlon", "Syrup TusQ-dx", "Sml", "3tms doy", "10dy", "Advico:", "-Tako to rost", "Eat nsy-to-digest food like boiled dce with dnl", "Stoytydrated"], "confidence": [0.9489903450012207, 0.8385964632034302, 0.8531273007392883, 0.8483549356460571, 0.7442576289176941, 0.970524251461029, 0.9093684554100037, 0.9033363461494446, 0.9790523052215576, 0.964890718460083, 0.921014130115509, 0.9145114421844482, 0.8458738923072815, 0.9137939810752869, 0.8984962105751038, 0.8909797668457031, 0.7703806161880493, 0.8520981669425964, 0.9211775660514832, 0.9159331321716309, 0.8074479699134827, 0.8580665588378906, 0.842961311340332, 0.9412925839424133, 0.7414012551307678, 0.861883819103241, 0.8625807166099548, 0.8647039532661438, 0.7857459187507629, 0.9083743095397949, 0.8639100790023804, 0.8797799944877625, 0.7939390540122986, 0.8867191672325134, 0.9719002842903137, 0.9144992828369141, 0.9529516696929932, 0.9836410284042358, 0.9382736682891846, 0.927854061126709, 0.7066380381584167, 0.9338974952697754, 0.9678854942321777, 0.7507117390632629, 0.8616782426834106, 0.8621355891227722], "label": [1, 1, 1, 0, 0, 0, 0]}