{"text": ["XYZ Hospital", "123 tlealth Street,Wellness City", "Phone:+1-234-587-890", "Patlant Namx:John Ro", ":07", "DoctorDr.Johnson", "Medidine", "Dosuge", "Frequency", "Duration", "Tab Pan d", "10tablets", "20ms doy", "7 days", "TabA1urocin 500", "10 tablets", "20mes dey", "30 days", "Tab Cyciomeff", "10 tablets", "3tmesday", "7 days", "Cap Omez", "15tablets", "3 tmesa dey", "10days", "Tab Triz", "20 tablets", "3 tmesaday", "30 days", "Syrup", "Dosapo", "Froquancy", "Duratlon", "Syrup Corx", "10ml", "3tmsdoy", "14dy", "Syrup Fobrox plusd", "Sml", "2tims doy", "10dny", "Advico:", "-Tako tod rost", "Eat nsy-to-digest food like boiled rice with dnl", "Stoytydrated"], "confidence": [0.9469944834709167, 0.841896653175354, 0.8676124811172485, 0.8159621953964233, 0.8373406529426575, 0.976824164390564, 0.9184882044792175, 0.9349806904792786, 0.9788968563079834, 0.964890718460083, 0.8967963457107544, 0.9273074269294739, 0.7485461831092834, 0.9877565503120422, 0.8062275052070618, 0.9107781648635864, 0.7687022686004639, 0.8663529753684998, 0.8166948556900024, 0.8921223878860474, 0.8412098288536072, 0.8720644116401672, 0.8547797799110413, 0.8865138292312622, 0.7643855810165405, 0.924377977848053, 0.8540539145469666, 0.8974159359931946, 0.8439608812332153, 0.8867191672325134, 0.9719002842903137, 0.90386563539505, 0.9532040357589722, 0.9472008943557739, 0.8948050737380981, 0.9347427487373352, 0.7260910272598267, 0.8365260362625122, 0.9505003690719604, 0.9197258949279785, 0.6940467357635498, 0.7591055631637573, 0.9687759280204773, 0.7532077431678772, 0.8524071574211121, 0.8416457772254944], "label": [1, 1, 1, 0, 0, 0, 0]}