{"text": ["XYZ Hospital", "123 tlealth Street,Wellness City", "Phone:+1-234.587-890", "Patlnt Namx:Mla Ro", "Ap:59", "Doctor: Dr. Smith", "Medicine", "Dosuge", "Frequency", "Duration", "Tab Tiz", "5 tablets", "20ms doy", "30 days", "Cap CoImmune", "20 tblets", "3mesaday", "30 days", "TabAllegra", "10 tablets", "2 tmes adey", "30 days", "Tab Dolo 650", "5tablets", "2tmesa dey", "7 days", "Tab Dolonex dt", "15tablets", "2tmesaday", "t4days", "Syrup", "Dosapo", "Froquancy", "Duratlon", "Syrup TusQx", "10ml", "3tms doy", "4dy", "Syrup TusQ-dx", "Sml", "2tims doy", "7days", "Advico:", "-Tako tod rost", "Eat ensy-to-digest food like boiled rice with dnl", "Stoytydrated"], "confidence": [0.9520048499107361, 0.8416517972946167, 0.8589719533920288, 0.7787643074989319, 0.6587652564048767, 0.9411486387252808, 0.930323600769043, 0.979745090007782, 0.9821071624755859, 0.965709924697876, 0.8156980872154236, 0.8705056309700012, 0.767784595489502, 0.8724113702774048, 0.8840606808662415, 0.9248446226119995, 0.8619812726974487, 0.8853435516357422, 0.9467397928237915, 0.8921223878860474, 0.7514362335205078, 0.8866694569587708, 0.8153249621391296, 0.8902075290679932, 0.8417045474052429, 0.8767657279968262, 0.9156460165977478, 0.8865651488304138, 0.8577829003334045, 0.8406792283058167, 0.9703512191772461, 0.9139150977134705, 0.9316151738166809, 0.9906432628631592, 0.9397844076156616, 0.9347427487373352, 0.7210977077484131, 0.962104082107544, 0.9664191603660583, 0.9197258949279785, 0.7145965099334717, 0.9038707613945007, 0.96775883436203, 0.7338215708732605, 0.844878613948822, 0.8286395072937012], "label": [1, 1, 1, 0, 0, 0, 0]}