{"text": ["XYZ Hospital", "123 tlealth Street,Wellness City", "Phone:+1-234.587-890", "PatlantNamx:Bob Whito", "Ap:53", "Doctor: Dr.Patol", "Medicine", "Dosuge", "Frequency", "Duration", "Tab Neurobin Forte", "5 tablets", "3mesaduy", "10 days", "Tab Pan d", "15tablets", "20mes dey", "7 days", "Cap Coimmune", "20 tablets", "3tmes aday", "30 duys", "TabDolo650", "10tablets", "2tmesa dey", "10days", "Cup Omez", "20 tblets", "2 tmes a duy", "7 days", "TabAluhrocin 500", "10tablets", "3 tmesa dey", "7 days", "Syrup", "Dosago", "Froquoncy", "Duratlon", "Syrup Brozodax", "10ml", "3tms doy", "5 day", "Advico:", "-Tako tod rost", "Eat nsy-to-digest food like boiled dce with dnl", "Stoytydrated"], "confidence": [0.944415271282196, 0.8450579047203064, 0.8531273007392883, 0.8564671874046326, 0.7789907455444336, 0.953412652015686, 0.9254783391952515, 0.9740098118782043, 0.9829168319702148, 0.9623180627822876, 0.9222909212112427, 0.887381374835968, 0.8196605443954468, 0.9548414945602417, 0.8947576880455017, 0.8647039532661438, 0.7428823113441467, 0.861883819103241, 0.8710343837738037, 0.8709948658943176, 0.7870293855667114, 0.9156034588813782, 0.8898236155509949, 0.9273074269294739, 0.7865363359451294, 0.8654675483703613, 0.8335634469985962, 0.9003804326057434, 0.7853452563285828, 0.8452855944633484, 0.8001932501792908, 0.9273074269294739, 0.7711530923843384, 0.991462230682373, 0.9719002842903137, 0.958836555480957, 0.9524527788162231, 0.9855690598487854, 0.9615684151649475, 0.9717352390289307, 0.7066380381584167, 0.8135870099067688, 0.9667397141456604, 0.7586460113525391, 0.8598954081535339, 0.871784508228302], "label": [1, 1, 1, 0, 0, 0, 0]}