{"text": ["XYZ Hospital", "123 tlealth Street,Wellness City", "Phone:+1-234-587-890", "Patlont Nam:Llam Whito", "p:34", "Doctor:Dr.Johnson", "Medicine", "Dosuge", "Frequency", "Duration", "TabCiplox500", "10tablets", "20ms doy", "5 days", "Cap Colmmune", "10 tablets", "2tmesa day", "7 days", "Cap Omez", "10 tablets", "2 tmes a duy", "4 days", "Cap Zovirax", "t5tablets", "2 tms a dey", "5 days", "Syrup", "Dosago", "Froquancy", "Ouration", "Syrup Fobrox plus", "10ml", "2 tim doy", "14days", "Advico:", "-Tako tod rost", "Eat nsy-to-dlgest food like boiled rice with dal", "-Stynydrated"], "confidence": [0.9475593566894531, 0.8440488576889038, 0.888440728187561, 0.8208427429199219, 0.7649431824684143, 0.9705281853675842, 0.930323600769043, 0.9422492384910583, 0.9832684397697449, 0.964890718460083, 0.9286349415779114, 0.9273074269294739, 0.7538338303565979, 0.7472350001335144, 0.8804402351379395, 0.9107781648635864, 0.7747052311897278, 0.8720644116401672, 0.7915312647819519, 0.8921223878860474, 0.8552422523498535, 0.8880710601806641, 0.8720144033432007, 0.8856318593025208, 0.7383468747138977, 0.8334064483642578, 0.970925509929657, 0.9117240309715271, 0.936258852481842, 0.9101769924163818, 0.9920670986175537, 0.9658069610595703, 0.7347371578216553, 0.8842740058898926, 0.9260411858558655, 0.7252967953681946, 0.8857390284538269, 0.8822422027587891], "label": [1, 1, 1, 0, 0, 0, 0]}