{"text": ["XYZ Hospital", "123 tlealth Street,Wellness City", "Phone:+1-234-587-890", "Patlont Nanx:Evo Millor", "p:71", "Doctor: Dr. Tumor", "Medidine", "Dosuge", "Frequency", "Duration", "Tab Pan d", "20tblets", "20ms day", "7 days", "Tab Neurobin Forte", "5tablets", "3 tmes duy", "7 days", "TabAllegra", "10tablets", "3 tmesa duy", "7 days", "Tab Cetine", "10tablets", "3 tmes aday", "4duys", "TabClavum 25", "5tablets", "2 umes a duy", "30 days", "Tab Zole fcreum", "10tablets", "3 tmesa dey", "4days", "Syrup", "Dosapo", "Froquoncy", "Durotlon", "Syrup Grillnctus tm", "10ml", "3tims doy", "7days", "Syrup Fobroxplus", "Sml", "3timsday", "14day", "Advico:", "-Tako tod rost", "Eat nsy-to-digest food like boiled rice with dnl", "-Stytydrated"], "confidence": [0.9552750587463379, 0.8406103849411011, 0.8966376185417175, 0.8428952693939209, 0.740033745765686, 0.9678384065628052, 0.9187687635421753, 0.9427713751792908, 0.9902750849723816, 0.964890718460083, 0.8776441812515259, 0.9343926906585693, 0.7605679631233215, 0.8594018816947937, 0.9279735088348389, 0.8909797668457031, 0.7485857605934143, 0.861883819103241, 0.960960865020752, 0.9247161149978638, 0.8044043183326721, 0.861883819103241, 0.9318520426750183, 0.9247161149978638, 0.8218534588813782, 0.9083743095397949, 0.8234381675720215, 0.9079194068908691, 0.7387182116508484, 0.8513266444206238, 0.8638899326324463, 0.9273074269294739, 0.8070211410522461, 0.9184122085571289, 0.9882689714431763, 0.8228013515472412, 0.9466862082481384, 0.9339734315872192, 0.9866394400596619, 0.9746028780937195, 0.7382882833480835, 0.8807341456413269, 0.9070190191268921, 0.927854061126709, 0.7805564403533936, 0.7463439702987671, 0.9631933569908142, 0.7488439679145813, 0.8472650647163391, 0.9152271747589111], "label": [1, 0, 1, 0, 0, 0, 0]}