{"text": ["XYZ Hospital", "123 tlealth Street,Wellness City", "Phone:+1-234-587-890", "Patlont Namx:EvoSmith", "Apo:55", "Doctor: Dr.Lao", "Medicine", "Dosuge", "Frequency", "Quraton", "TabCyciomelf", "10 tablets", "3mesday", "5days", "Tab Cetine", "5tablets", "2 um5  duy", "10days", "Cap Colmmune", "5tablets", "3 tmesaduy", "t4duys", "Cap Cypon", "20 tblets", "2tmesa day", "30 days", "Tab Febrexplus", "5tablets", "2 tmes a duy", "10days", "Tab Triz", "10tablets", "3 tmes aday", "10days", "Syrup", "Dosago", "Froquoncy", "Duration", "Syrup Corox-dx", "Sml", "2 tim doy", "14dy", "Syrup Grillnctus tm", "10ml", "3timsday", "5days", "Advico:", "-Tako tod rst", "Eat nsy-to-dlgest food like boiled rice with dal", "-Stytydrated"], "confidence": [0.9509110450744629, 0.8445388078689575, 0.8954404592514038, 0.8281192779541016, 0.7298091053962708, 0.8997843861579895, 0.9286406636238098, 0.9422492384910583, 0.9902750849723816, 0.8290681838989258, 0.8687774538993835, 0.8778047561645508, 0.8203554749488831, 0.8641525506973267, 0.9307762384414673, 0.9020013213157654, 0.7476545572280884, 0.8628065586090088, 0.8618605732917786, 0.9090673923492432, 0.8196805119514465, 0.8104643225669861, 0.9239333271980286, 0.9086169004440308, 0.8326839208602905, 0.8853435516357422, 0.940615713596344, 0.9079194068908691, 0.7704176902770996, 0.9213528037071228, 0.8152952790260315, 0.9273074269294739, 0.8275225162506104, 0.924377977848053, 0.988613486289978, 0.8285646438598633, 0.9466862082481384, 0.9799325466156006, 0.9652417302131653, 0.9028758406639099, 0.7471926212310791, 0.9280709028244019, 0.9899099469184875, 0.9357630014419556, 0.7865440845489502, 0.8588603734970093, 0.9686400294303894, 0.7309774160385132, 0.9009497165679932, 0.9058265686035156], "label": [1, 1, 1, 0, 0, 0, 0]}