{"text": ["XYZ Hospital", "123 tlealth Street,Wellness City", "Phone:+1-234.587-890", "PatlantNamx:Bob Brown", ":41", "Doctor:Dr.Smith", "Medicine", "Dosuge", "Frequency", "Duration", "TabCiplox500", "20tblets", "3mesday", "4duys", "Cap Pan d", "5tablets", "2 tmes  duy", "30 days", "TabAllegra", "20 tblets", "3 tmesaday", "10 days", "Tab Cetine", "5tblets", "3 tmes dey", "10days", "Syrup", "Dosago", "Froquoncy", "Duratlon", "Syrup TusQx", "Sml", "2 tm doy", "5 days", "SyrupTus dx", "10ml", "3mday", "30dy", "Advico:", "-Tako tod rost", "Eat nsy-to-dlgest food like boiled rice with dal", "-Staytydrated"], "confidence": [0.9539773464202881, 0.8380128741264343, 0.8541738390922546, 0.8596661686897278, 0.8224173188209534, 0.9724594354629517, 0.9259157180786133, 0.9427713751792908, 0.9838371276855469, 0.9623180627822876, 0.8958592414855957, 0.9343926906585693, 0.8329204320907593, 0.9083743095397949, 0.9048255085945129, 0.895728349685669, 0.7066835165023804, 0.8663529753684998, 0.9469073414802551, 0.9086169004440308, 0.8439608812332153, 0.8690416216850281, 0.9355529546737671, 0.8796586990356445, 0.7675620317459106, 0.9470896124839783, 0.9747051000595093, 0.8239191174507141, 0.9308472871780396, 0.9347891807556152, 0.9582244753837585, 0.9028758406639099, 0.741890549659729, 0.8086541295051575, 0.8778020739555359, 0.911413848400116, 0.8235791325569153, 0.9695253372192383, 0.96641606092453, 0.7950741052627563, 0.9056201577186584, 0.932716965675354], "label": [1, 1, 1, 0, 0, 0, 0]}