{"text": ["XYZ Hospital", "123 tlealth Street,Wellnes City", "Phone:+1-234.587-890", "Patlant Namx:Mla Millor", "p:39", "Doctor: Dr.Patol", "Medicine", "Dosage", "Frequency", "Duration", "Tab Evlon", "20 tblets", "20ms doy", "10duys", "Tab Clavum025", "5tablets", "3tmesaday", "7 days", "Tab Pan d", "5tablets", "3 tmesa duy", "7 duys", "Tab Combinam", "15tablets", "2tmesa day", "10days", "TabA1urodn 500", "20 tblets", "3 tmesaday", "30 days", "Cap Pan d", "10tablets", "2 tms a dey", "$ days", "Syrup", "Dosago", "Froquoncy", "Duratlon", "Syrup Corox", "Sml", "2tmdoy", "30 dny", "Advico:", "-Tako tod rost", "Eat nsy-to-digest food like boiled dce with dnl", "Stoytydrated"], "confidence": [0.9533091187477112, 0.8523237705230713, 0.8575018644332886, 0.7987208366394043, 0.7092078924179077, 0.9596384763717651, 0.9206564426422119, 0.8897534012794495, 0.9790523052215576, 0.9623180627822876, 0.921066403388977, 0.9003804326057434, 0.7523245811462402, 0.9106659889221191, 0.8660624623298645, 0.8909797668457031, 0.8485071659088135, 0.861883819103241, 0.8722125291824341, 0.9159331321716309, 0.8074479699134827, 0.9796134829521179, 0.9337942600250244, 0.8671495914459229, 0.8158695101737976, 0.8654675483703613, 0.8232347369194031, 0.9003804326057434, 0.8371230363845825, 0.8513266444206238, 0.9111461639404297, 0.9273074269294739, 0.7880218029022217, 0.9325768351554871, 0.9719002842903137, 0.9144992828369141, 0.9637989401817322, 0.9835640788078308, 0.8776365518569946, 0.927854061126709, 0.7179483771324158, 0.7926518321037292, 0.9678854942321777, 0.7504633069038391, 0.859613835811615, 0.856630802154541], "label": [1, 1, 1, 0, 0, 0, 0]}