{"text": ["XYZ Hospital", "123 tlealth Street,Wellness City", "Phone:+1-234.587-890", "Patlant Namx:Bob Whito", "1", "Doctor: Dr. Smith", "Medicine", "Dosuge", "Frequency", "Duration", "Cap Zovirax", "15tablets", "20ms day", "30 duys", "TabCiplox500", "10 tablets", "20mesaday", "10days", "Cap Cypon", "20 tblets", "2 tmes dey", "4days", "Cap Colmmune", "15tablets", "3tmes adey", "30 days", "Tab Pand", "15tablets", "3tmesaday", "30 days", "Syrup", "Dosapo", "Froquancy", "Duratlon", "Syrup TusQ-dx", "10ml", "2 tm doy", "10dny", "Syrup Cypon", "10ml", "2tims doy", "10dny", "Advico:", "-Tako tod rost", "Eat nsy-to-digest food like boiled rice with dnl", "Stoybydrated"], "confidence": [0.9520048499107361, 0.8474778532981873, 0.8575018644332886, 0.8330154418945312, 0.9231669902801514, 0.943494439125061, 0.9307171702384949, 0.975483238697052, 0.9788968563079834, 0.964890718460083, 0.8629161715507507, 0.8647039532661438, 0.7605679631233215, 0.9051676392555237, 0.9347862601280212, 0.8921223878860474, 0.7708227634429932, 0.9015160202980042, 0.9417367577552795, 0.9248446226119995, 0.7422879934310913, 0.9184122085571289, 0.8979114890098572, 0.8865651488304138, 0.8477534055709839, 0.8741859793663025, 0.9194570183753967, 0.8865651488304138, 0.8785970211029053, 0.8853435516357422, 0.974157989025116, 0.90386563539505, 0.9510630369186401, 0.957970380783081, 0.9556137919425964, 0.9347427487373352, 0.713553249835968, 0.6375325322151184, 0.9888902306556702, 0.9150266051292419, 0.7249763607978821, 0.7591055631637573, 0.9687759280204773, 0.7249441146850586, 0.8504207730293274, 0.8402068614959717], "label": [1, 1, 1, 0, 0, 0, 0]}