{"text": ["XYZ Hospital", "123 tlealth Street,Wellness City", "Phone:+1-234.587-890", "PatlantNam:Llam Brown", ":44", "Doctor:Dr.Smith", "Medicine", "Dosuge", "Frequency", "Duration", "Tab Combinam", "20tblets", "20ms dey", "4days", "TabA1urodin 500", "5tablets", "3 umes dey", "30 days", "Cap Zovirax", "t5tablets", "2 tmes aday", "5days", "Tab Evion", "5tablets", "3tmesaday", "t4days", "Cap Omez", "20tablets", "2tmesaday", "t4days", "Syrup", "Dosapo", "Froquoncy", "Duratlon", "Syrup Corox", "Sml", "2timdy", "14day", "Advico:", "-Tako tod rost", "Eat nsy-to-digest food like boiled dce with dal", "-Stayhydrated"], "confidence": [0.9544928669929504, 0.8380128741264343, 0.8541738390922546, 0.8655001521110535, 0.8580889701843262, 0.9724594354629517, 0.8895854353904724, 0.9427713751792908, 0.9838371276855469, 0.9629752039909363, 0.9289951324462891, 0.9343926906585693, 0.7692691087722778, 0.9607241749763489, 0.8063617944717407, 0.895728349685669, 0.7338784337043762, 0.8663529753684998, 0.9159099459648132, 0.8586310148239136, 0.7499434947967529, 0.8344883918762207, 0.9279268980026245, 0.8846966028213501, 0.8835886120796204, 0.8406792283058167, 0.8288276195526123, 0.8978633880615234, 0.848638653755188, 0.8406792283058167, 0.9720994234085083, 0.90958172082901, 0.9728686809539795, 0.962416410446167, 0.9607416391372681, 0.9197258949279785, 0.8292061686515808, 0.7760825753211975, 0.9675191640853882, 0.8316531181335449, 0.89924156665802, 0.88934326171875], "label": [1, 1, 1, 0, 0, 0, 0]}