{"text": ["XYZ Hospital", "123 tlealth Street,Wellness City", "Phone:+1-234.587-890", "PatlontNamx:Bob Brown", "p:72", "Doctor:Dr.Smith", "Medicine", "Dosage", "Frequency", "Duration", "Tab Cyclomef", "5tablets", "3mesaday", "30 days", "TabCiplox500", "10 tablets", "20mesaday", "30 days", "Cap Zovirax", "20 tblets", "2 tmes aday", "30 days", "Cap Colmmune", "10 tablets", "2 tms a doy", "30 days", "TabDolo650", "5tablets", "2tmesaday", "30 days", "Syrup", "Dosopo", "Froquoncy", "Duratlon", "Syrup TusQx", "10ml", "2timday", "7day", "Advico:", "-Tako tod rost", "Eat nsy-to-dlgest food like boiled dc with dnt", "-Staytydrated"], "confidence": [0.9544302821159363, 0.8402734994888306, 0.8522945642471313, 0.8798524141311646, 0.7978620529174805, 0.9706934690475464, 0.9302595853805542, 0.9033363461494446, 0.986274003982544, 0.965709924697876, 0.8669519424438477, 0.901167631149292, 0.8035884499549866, 0.8676621317863464, 0.9367298483848572, 0.8921223878860474, 0.7784956693649292, 0.8853435516357422, 0.9152831435203552, 0.9248446226119995, 0.762387216091156, 0.8833222985267639, 0.8980055451393127, 0.8958706855773926, 0.7903292179107666, 0.8853435516357422, 0.9021844863891602, 0.9057856798171997, 0.8561273813247681, 0.8853435516357422, 0.9747051000595093, 0.7710023522377014, 0.9749724864959717, 0.962416410446167, 0.9398233294487, 0.9347427487373352, 0.7432094216346741, 0.8434621095657349, 0.9694406390190125, 0.771562397480011, 0.8745375871658325, 0.9281126260757446], "label": [1, 1, 1, 0, 0, 0, 0]}