{"text": ["XYZ Hospital", "123 tlealth Street,Wellness City", "Phone:+1-234.587-890", "Patlont Namx:Jano Millor", "p:9", "Doctor: Dr. Smith", "Medidine", "Dosauge", "Frequency", "Duration", "Cap Pand", "10 tablets", "20ms doy", "30 days", "Tab Clavum025", "10 tablets", "20mes dey", "7 days", "Tab Combinam", "20 tblets", "2 tmes aday", "10 days", "Tab Zole fcream", "5tablets", "3tmes aday", "30 days", "Cap Zovirax", "20 tablets", "2tmesaday", "10days", "Syrup", "Dosapo", "Froquancy", "Duratlon", "SyrupTusdx", "10ml", "3 tms doy", "7day", "Syrup Fobrox plus", "Sml", "2tims doy", "5 days", "Advico:", "-Tako tod rost", "Eat ensy-to-digest food like boiled rice with dnl", "Stoy bydrated"], "confidence": [0.9535693526268005, 0.8474778532981873, 0.8575018644332886, 0.8691163659095764, 0.5082249641418457, 0.9401914477348328, 0.9150784015655518, 0.8137890696525574, 0.9788968563079834, 0.964890718460083, 0.9235751628875732, 0.8921223878860474, 0.7529489994049072, 0.8676621317863464, 0.8569716215133667, 0.8921223878860474, 0.7687022686004639, 0.8831198811531067, 0.9429469108581543, 0.9248446226119995, 0.7674550414085388, 0.8690416216850281, 0.873212993144989, 0.8933669328689575, 0.8498398065567017, 0.8867191672325134, 0.8803055286407471, 0.8863240480422974, 0.8577829003334045, 0.924377977848053, 0.9734670519828796, 0.7913495898246765, 0.9316151738166809, 0.9960426092147827, 0.8949043154716492, 0.9483411312103271, 0.7108118534088135, 0.8305917978286743, 0.9893866181373596, 0.9197258949279785, 0.7010757923126221, 0.8278443217277527, 0.96775883436203, 0.7142127752304077, 0.844878613948822, 0.7955535054206848], "label": [1, 1, 1, 0, 0, 0, 0]}