{"text": ["XYZ Hospital", "123 tlealth Street,Wellness City", "Phone:+1-234.587-890", "PatlantNamx:GracoWlson", ":48", "Doctor: Dr.Johnson", "Medicine", "Dosuge", "Frequency", "Duration", "Tab Trtz", "10 tablets", "20ms dey", "30 duys", "Tab Febrexplus", "15tablets", "3 umes doy", "10days", "TabA1uhrodn 500", "15tablets", "2 tmes a day", "30 duys", "Tab Evlon", "5tablets", "3 tmesaday", "7 days", "TabAllegra", "10tablets", "3 tmesaday", "5days", "Tab Cetine", "20 tablets", "2 tmes a doy", "t4days", "Syrup", "Dosago", "Froquoncy", "Duratlon", "Syrup Zodax", "Sml", "3 tms doy", "5 days", "Advico:", "-Tako to rost", "Eat nsy-to-digest food like boiled dce with dnl", "Stoybydrated"], "confidence": [0.9477817416191101, 0.8522793054580688, 0.846886157989502, 0.8323779702186584, 0.8221071362495422, 0.9679127931594849, 0.9246234893798828, 0.908909797668457, 0.9790523052215576, 0.964890718460083, 0.804344654083252, 0.8824431300163269, 0.7692691087722778, 0.9206424355506897, 0.9350264668464661, 0.8671495914459229, 0.7165395617485046, 0.8654675483703613, 0.7967973947525024, 0.8671495914459229, 0.7271961569786072, 0.9069848656654358, 0.9127489924430847, 0.9046000242233276, 0.8478784561157227, 0.8580665588378906, 0.960960865020752, 0.9273074269294739, 0.8438262939453125, 0.8366293907165527, 0.9438446164131165, 0.8797799944877625, 0.7914690375328064, 0.8406792283058167, 0.9719002842903137, 0.9641801714897156, 0.8976813554763794, 0.9843534231185913, 0.9083108901977539, 0.927854061126709, 0.7108118534088135, 0.7886900901794434, 0.9678854942321777, 0.7480148077011108, 0.8616782426834106, 0.8277963995933533], "label": [1, 0, 1, 0, 0, 0, 0]}