{"text": ["XYZ Hospital", "123 tlealth Street,Wellness City", "Phone:+1-234-587-890", "Patlont Nam:Evo Ro", "p:72", "Doctor: Dr. Tumor", "Medicine", "Dosage", "Frequency", "Duration", "Cap Cypon", "5tablets", "20ms duy", "7 duys", "Tab Evion", "20 tablets", "2 m0s  duy", "4duys", "Cap Zovlrax", "10tablets", "2 tmes a day", "10days", "Tab Trz", "5tablets", "2tmesa day", "4duys", "Tab Dolonex dt", "20 tblets", "3 tmesaday", "7 days", "Cap Omez", "5tablets", "3 tmesa dey", "4duys", "Syrup", "Dosago", "Froquoncy", "Duratlon", "Syrup TusQ-dx", "10ml", "2 tim doy", "7days", "Syrup Brozodax", "Sml", "2timday", "30dys", "Advico:", "-Takoto rost", "Eat nsy-to-digest food like boiled rice with dal", "-Styhydrated"], "confidence": [0.9544918537139893, 0.8413002490997314, 0.9043426513671875, 0.7660334706306458, 0.7978620529174805, 0.9700356721878052, 0.9237716197967529, 0.9033363461494446, 0.985968291759491, 0.9564203023910522, 0.924530565738678, 0.901167631149292, 0.7685751914978027, 0.9796134829521179, 0.9291608333587646, 0.8967920541763306, 0.7353242039680481, 0.9136894941329956, 0.8489099740982056, 0.9273074269294739, 0.7271961569786072, 0.8628065586090088, 0.9231915473937988, 0.901509165763855, 0.8363832235336304, 0.9136894941329956, 0.9179785847663879, 0.8838595747947693, 0.8309677243232727, 0.8452855944633484, 0.8962332010269165, 0.8909797668457031, 0.8336135745048523, 0.9083743095397949, 0.988613486289978, 0.8496239185333252, 0.9466862082481384, 0.9899555444717407, 0.9506849050521851, 0.9702969789505005, 0.7234081029891968, 0.8676953315734863, 0.9621354341506958, 0.927854061126709, 0.7750687599182129, 0.9068120121955872, 0.9684262275695801, 0.7369702458381653, 0.9027966856956482, 0.9027326703071594], "label": [1, 1, 1, 0, 0, 0, 0]}