{"text": ["XYZ Hospital", "123 tlealth Street,Wellness City", "Phone:+1-234.587-890", "Patlant Namx:GrocoMillar", ":30", "Doctor: Dr. Smith", "Medicine", "Dosuge", "Frequency", "Duration", "Tab Evion", "5 tablets", "3mesaday", "7 days", "Tab Zole fcream", "15tablets", "3tmesadey", "7 days", "TabDolo650", "15tablets", "3tmes day", "10 days", "Tab Allegra", "10 tablets", "2 tmsa dey", "5days", "Tab Pand", "10 tablets", "2tmesaday", "7 days", "Syrup", "Dosapo", "Froquancy", "Duratlon", "Syrup TusQ-dx", "Sml", "2 tm doy", "4dy", "Syrup Cypon", "10ml", "2tims doy", "4 days", "Advico:", "-Tako tod rost", "Eat nsy-to-digest food like boiled rice with dnl", "Stoybydrated"], "confidence": [0.954705536365509, 0.8508637547492981, 0.8499292135238647, 0.803211510181427, 0.8133759498596191, 0.9411486387252808, 0.9246234893798828, 0.979745090007782, 0.9829168319702148, 0.964890718460083, 0.9238476157188416, 0.887381374835968, 0.8035884499549866, 0.9877565503120422, 0.8946352005004883, 0.8623680472373962, 0.7950026392936707, 0.8720644116401672, 0.8796083331108093, 0.8913987278938293, 0.797487735748291, 0.8690416216850281, 0.9297246932983398, 0.901634693145752, 0.8031952977180481, 0.8756504058837891, 0.9204728007316589, 0.901634693145752, 0.8482097387313843, 0.8720644116401672, 0.9652917981147766, 0.9054598808288574, 0.9114760160446167, 0.9957352876663208, 0.9556137919425964, 0.9197258949279785, 0.713553249835968, 0.9670042395591736, 0.9888902306556702, 0.9380403757095337, 0.7249763607978821, 0.8612959980964661, 0.9687759280204773, 0.7249441146850586, 0.8504207730293274, 0.8402068614959717], "label": [1, 0, 1, 0, 0, 0, 0]}