{"text": ["XYZ Hospital", "123 tlealth Street,Wellness City", "Phone:+1-234.587-890", "PatlantNamx:Llam Wlllams", "p:73", "Doctor: Dr.Pato1", "Medicine", "Dosuge", "Frequency", "Duration", "Tab Pan d", "5 tablets", "3mesa duy", "30 duys", "TabCiplox500", "15tablets", "3 tmes doy", "30 days", "Tab Sumo cold", "15tablets", "2 tmsa duy", "10 days", "Tab Cyclopum", "15tablets", "2tmesa dey", "30 days", "Tab Combinam", "10tablets", "2 tmes a duy", "7 days", "Cap Pan d", "5tablets", "3 tmesa doy", "5 duys", "Syrup", "Dosago", "Froquoncy", "Duratlon", "Syrup Fobrox plus", "10ml", "3tms doy", "10days", "Advico:", "-Tako bod rst", "Eat nsy-to-digest food like boiled dce with dnl", "-Stytydrated"], "confidence": [0.953935444355011, 0.8401622772216797, 0.8589719533920288, 0.8263413906097412, 0.8352077603340149, 0.9176145792007446, 0.8806843757629395, 0.979745090007782, 0.98100346326828, 0.965709924697876, 0.8780708312988281, 0.887381374835968, 0.7640799880027771, 0.9069848656654358, 0.9449639320373535, 0.8927748799324036, 0.7266961336135864, 0.8867191672325134, 0.8814359903335571, 0.8927748799324036, 0.7483718395233154, 0.8690416216850281, 0.8387541770935059, 0.8647039532661438, 0.8084509968757629, 0.8500292897224426, 0.9528639912605286, 0.9273074269294739, 0.7522758841514587, 0.8434519171714783, 0.9373091459274292, 0.8909797668457031, 0.7830377221107483, 0.9175510406494141, 0.9719002842903137, 0.9641801714897156, 0.9524527788162231, 0.9750857353210449, 0.9935680627822876, 0.9717352390289307, 0.7060664892196655, 0.8282742500305176, 0.9678077101707458, 0.7890586853027344, 0.8581724166870117, 0.9229051470756531], "label": [1, 1, 1, 0, 0, 0, 0]}