{"text": ["XYZ Hospital", "123 tlealth Street,Wellness City", "Phone:+1-234-587-890", "Patlont Nanx:Charlo Millor", "p:50", "Doctor:Dr.Johnson", "Medicine", "Dosuge", "Frequency", "Duration", "TabZole fcream", "5 tablets", "20ms doy", "10duys", "Cap Dilanun", "10 tablets", "2mes  duy", "t4duys", "Tab Cyciopam", "10tablets", "3 tmesaday", "7 days", "TabClavum 025", "10tablets", "2 tmes a doy", "5days", "Syrup", "Dosago", "Froquancy", "Duration", "Syrup Zodax", "Sml", "2 tim doy", "10days", "Advico:", "-Tako bod rost", "Eat nsy-to-dlgest food like boiled rice with dal", "-Stytydrated"], "confidence": [0.9463098049163818, 0.8390575647354126, 0.8858551979064941, 0.782192587852478, 0.7119712829589844, 0.9692488312721252, 0.930323600769043, 0.9030749201774597, 0.9821071624755859, 0.9623180627822876, 0.8867239952087402, 0.8757308125495911, 0.7529489994049072, 0.9152160286903381, 0.9236776828765869, 0.8921223878860474, 0.7472155094146729, 0.8104643225669861, 0.88429856300354, 0.9273074269294739, 0.8477917909622192, 0.8720644116401672, 0.8279517889022827, 0.9273074269294739, 0.769815981388092, 0.8882506489753723, 0.9728748202323914, 0.9191999435424805, 0.9325470328330994, 0.958915650844574, 0.8833304047584534, 0.8684621453285217, 0.7463570237159729, 0.8736727833747864, 0.9288334846496582, 0.7142534255981445, 0.8857390284538269, 0.9112634658813477], "label": [1, 1, 1, 0, 0, 0, 0]}