{"text": ["XYZ Hospital", "123 tlealth Street,Wellness City", "Phone:+1-234.587-890", "PatlontNamx:Bob Whito", "1", "Doctor: Dr.Patol", "Medicine", "Dosuge", "Frequency", "Duration", "Tab Clvum 025", "20 tblets", "3mesday", "5days", "Tab Pan d", "20 tablets", "3 tmes duy", "4days", "Cap Cypon", "10tablets", "3 tmesaday", "5days", "CapColmmune", "20 tablets", "2 tms a doy", "7days", "Syrup", "Dosago", "Froquoncy", "Duratlon", "Syrup Brozodax", "Sml", "2 tm doy", "5days", "SyrupTusx", "10ml", "2timday", "7day", "Advico:", "-Tako tod rost", "Eat nsy-to-digest food like boiled rice with dal", "-Staytydrated"], "confidence": [0.9527682662010193, 0.8445388078689575, 0.8541738390922546, 0.8690003752708435, 0.9231669902801514, 0.958615243434906, 0.930323600769043, 0.9427713751792908, 0.9838371276855469, 0.964890718460083, 0.8162228465080261, 0.9135541915893555, 0.8170825242996216, 0.8343985676765442, 0.9056241512298584, 0.9054545164108276, 0.7485857605934143, 0.9184122085571289, 0.9467299580574036, 0.9273074269294739, 0.8432919383049011, 0.8950570225715637, 0.9245507717132568, 0.8983814120292664, 0.7903292179107666, 0.9454089403152466, 0.9886301159858704, 0.8496239185333252, 0.8970111012458801, 0.9498113989830017, 0.9733721017837524, 0.8684621453285217, 0.7413526773452759, 0.8669117093086243, 0.8733720779418945, 0.911413848400116, 0.8057705163955688, 0.8483083248138428, 0.9678854942321777, 0.7868198752403259, 0.9073290824890137, 0.9258518218994141], "label": [1, 1, 1, 0, 0, 0, 0]}