{"text": ["XYZ Hospital", "123 tlealth Street,Wellness City", "Phone:+1-234.587-890", "Patlant Namo:Chadlo Johnson", "p:5", "Doctor: Dr. Millor", "Medidine", "Dosuge", "Frequency", "Duration", "Cap Pand", "5tablets", "3mes doy", "14duys", "Cap Coimmune", "10tablets", "3 tmes doy", "30 days", "TabAllegra", "15tablets", "2 tmsa duy", "4 duys", "Tab Sumo cold", "15tablets", "2tmesa dey", "7 days", "Tab Cetine", "20 tblets", "3 tmesaday", "10days", "Cap Omez", "5tablets", "3 tmesa dey", "4days", "Syrup", "Dosago", "Froquoncy", "Duratlon", "SyrupZodax", "10ml", "2tm doy", "30 dny", "Advico:", "-Tako tod rost", "Eat nsy-to-digest food like boiled dce with dnl", "Stoybydrated"], "confidence": [0.9565796852111816, 0.8386703133583069, 0.8589719533920288, 0.8476210832595825, 0.6002307534217834, 0.969254195690155, 0.9153572916984558, 0.979745090007782, 0.98100346326828, 0.9629752039909363, 0.9235674142837524, 0.901167631149292, 0.7750561833381653, 0.8650357723236084, 0.8817574381828308, 0.9273074269294739, 0.7266961336135864, 0.8479889631271362, 0.9100729823112488, 0.8647039532661438, 0.7483718395233154, 0.939846932888031, 0.9134933948516846, 0.8647039532661438, 0.8084509968757629, 0.8594018816947937, 0.9371212124824524, 0.9003804326057434, 0.8438262939453125, 0.8654675483703613, 0.9454416036605835, 0.8909797668457031, 0.8536535501480103, 0.9184122085571289, 0.9720994234085083, 0.9641801714897156, 0.9633573889732361, 0.9836410284042358, 0.8660050630569458, 0.9717352390289307, 0.7230568528175354, 0.7926518321037292, 0.9678854942321777, 0.7592254281044006, 0.8601347208023071, 0.8252090811729431], "label": [1, 1, 1, 0, 0, 0, 0]}