{"text": ["XYZ Hospital", "123 tlealth Street,Wellness City", "Phone:+1-234.587-890", "Patlant Namx:Jano Wilson", "Ap:32", "DoctorDr.Johnson", "Medicine", "Dosuge", "Frequency", "Duration", "Cap Dilanun", "10tablets", "3mesday", "30 days", "Cap Zovirax", "10tablets", "2tmesa day", "10days", "Tab Clavum 025", "10tablets", "3 tmesaday", "5days", "Tab Neurobin Forte", "5tblets", "3 tmesa dey", "7days", "Syrup", "Dosago", "Froquancy", "Duratlon", "Syrup TusQ-dx", "Sml", "3tm doy", "10days", "SyrupTusx", "10ml", "3timsday", "10day", "Advico:", "-Tako tod rost", ".Eat nsy-to-digest food like boiled rice with dal", "-Stayhydrated"], "confidence": [0.9544651508331299, 0.8414806127548218, 0.8577502369880676, 0.8338915705680847, 0.7324033975601196, 0.9617027044296265, 0.9291049838066101, 0.9422492384910583, 0.9838371276855469, 0.964890718460083, 0.9091017246246338, 0.9273074269294739, 0.8170825242996216, 0.8833222985267639, 0.8802791833877563, 0.9273074269294739, 0.776341438293457, 0.9015160202980042, 0.8377067446708679, 0.9273074269294739, 0.8514732122421265, 0.8691898584365845, 0.929922342300415, 0.8796586990356445, 0.7000328302383423, 0.9421157836914062, 0.9728748202323914, 0.8347269892692566, 0.9169834852218628, 0.9370052814483643, 0.9558829665184021, 0.8684621453285217, 0.7288550138473511, 0.820411205291748, 0.8734117746353149, 0.911413848400116, 0.7860556840896606, 0.7979649305343628, 0.9678854942321777, 0.8017479181289673, 0.8985157608985901, 0.8780062198638916], "label": [1, 1, 1, 0, 0, 0, 0]}