{"text": ["XYZ Hospital", "123 tlealth Street,Wellness City", "Phone:+1-234.587-890", "PatlantNamx:Allco Smith", "Doctor: Dr.Lao", "Medicine", "Dosage", "Frequency", "Duration", "Cap CoImmune", "20 tblets", "20ms doy", "30 duys", "Cap Omez", "20 tablets", "2tmesa day", "10days", "TabCyciopam", "10tablets", "2 tmes aduy", "7 days", "Tab Zole fcreum", "15tablets", "3tmes aday", "5days", "TabA1urodin 500", "5tablets", "3 tmesaday", "5days", "Tab Triz", "15tablets", "2 tms a dey", "t4days", "Syrup", "Dosago", "Froquoncy", "Duratlon", "Syrup Cypon", "10ml", "3tms doy", "10days", "Advico:", "-Tako to rost", "Eat nsy-to-digest food like boiled dce with dnl", "Stoytydrated"], "confidence": [0.9508797526359558, 0.8465441465377808, 0.8575018644332886, 0.8445361852645874, 0.8878427147865295, 0.9282116889953613, 0.9033363461494446, 0.9788968563079834, 0.964890718460083, 0.8868405222892761, 0.9135541915893555, 0.7523245811462402, 0.9206424355506897, 0.8795803785324097, 0.9054545164108276, 0.7703806161880493, 0.8628065586090088, 0.8777704238891602, 0.9273074269294739, 0.7543216347694397, 0.8580665588378906, 0.8914201259613037, 0.8647039532661438, 0.8616535067558289, 0.8366293907165527, 0.8250407576560974, 0.9079194068908691, 0.8371230363845825, 0.8366293907165527, 0.9699918031692505, 0.8990643620491028, 0.7880218029022217, 0.8406792283058167, 0.9719002842903137, 0.9641801714897156, 0.9529516696929932, 0.9844989776611328, 0.9472665190696716, 0.9717352390289307, 0.7066380381584167, 0.8282742500305176, 0.9678854942321777, 0.7605816721916199, 0.859613835811615, 0.856630802154541], "label": [1, 1, 1, 0, 0, 0, 0]}