{"text": ["XYZ Hospital", "123 tlealth Street,Wellness City", "Phone:+1-234.587-890", "PatlntNamx:GracoSmith", ":07", "Doctor: Dr. Millor", "Medicine", "Dosuge", "Frequency", "Duration", "Tab Dolonex dt", "10tablets", "3mesday", "5 days", "Tab Zole fcream", "10tablets", "3 ums doy", "5days", "Tab Combinam", "5tablets", "3 tmes dey", "7 days", "Tab Pan d", "20tblets", "2 tmesa dey", "5 days", "Tab Neurobin Forte", "10 tablets", "3 tmesaday", "7 days", "Syrup", "Dosapo", "Froquancy", "Duratlon", "Syrup Corox", "10ml", "2mdoy", "4dy", "Syrup TusQx", "Sml", "2tims doy", "4 days", "Advico:", "-Tako bod rost", "Eat ensy-to-digest food like boiled rice with dnl", "Stoy bydrated"], "confidence": [0.947608470916748, 0.8513327240943909, 0.8499292135238647, 0.8210158348083496, 0.8373406529426575, 0.9657962322235107, 0.9286406636238098, 0.9054610133171082, 0.9788968563079834, 0.964890718460083, 0.9169400334358215, 0.9273074269294739, 0.843670666217804, 0.7393367886543274, 0.8809219002723694, 0.9273074269294739, 0.7073218822479248, 0.8344883918762207, 0.9334654211997986, 0.9073119759559631, 0.7872068881988525, 0.8720644116401672, 0.9056241512298584, 0.9412925839424133, 0.8118886351585388, 0.8013837933540344, 0.9211738109588623, 0.901634693145752, 0.8439608812332153, 0.8720644116401672, 0.9703512191772461, 0.90386563539505, 0.9319033026695251, 0.957970380783081, 0.9736620187759399, 0.9347427487373352, 0.7321361303329468, 0.962104082107544, 0.9367538690567017, 0.9197258949279785, 0.7010757923126221, 0.8612959980964661, 0.9671232104301453, 0.7410234808921814, 0.844878613948822, 0.7955535054206848], "label": [1, 0, 1, 0, 0, 0, 0]}