{"text": ["XYZ Hospital", "123 tlealth Street,Wellness City", "Phone:+1-234.587-890", "PatlantNamx:LlamJohnson", ":41", "Doctor: Dr. Millor", "Medicine", "Dosuge", "Frequency", "Duration", "Cap Dilanun", "10 tablets", "20ms doy", "10 days", "Cap Zovirax", "20 tablets", "20mesaduy", "5days", "Tab Sumo cold", "20 tablets", "3 tmesa duy", "4 duys", "Cap Cypon", "10tablets", "3 tmesa doy", "4days", "TabDolo650", "10tablets", "2 tmes a duy", "30 days", "TabCyclopam", "15tablets", "3 tmesa dey", "30 days", "Syrup", "Dosago", "Froquoncy", "Duratlon", "Syrup TusQ dx", "10ml", "2tmsdoy", "5 day", "Advico:", "-Tako tod rost", "Eat nsy-to-digest food like boiled dce with dnl", "Stoybydrated"], "confidence": [0.9573611617088318, 0.8392246961593628, 0.8581722378730774, 0.8933004140853882, 0.8224173188209534, 0.9698774814605713, 0.9009021520614624, 0.908909797668457, 0.9790523052215576, 0.9629752039909363, 0.8852311968803406, 0.8778047561645508, 0.7557400465011597, 0.9548414945602417, 0.9207450747489929, 0.8967920541763306, 0.7560737133026123, 0.8366293907165527, 0.9200305342674255, 0.8709948658943176, 0.7953788638114929, 0.9335014224052429, 0.9164699912071228, 0.9273074269294739, 0.8013067245483398, 0.9184122085571289, 0.9020558595657349, 0.9273074269294739, 0.7853452563285828, 0.8853435516357422, 0.8934517502784729, 0.9037178754806519, 0.7795752882957458, 0.8867191672325134, 0.9719002842903137, 0.958836555480957, 0.942815363407135, 0.9877357482910156, 0.943820595741272, 0.9717352390289307, 0.6667668223381042, 0.8135870099067688, 0.9678854942321777, 0.7712351679801941, 0.8616782426834106, 0.8252090811729431], "label": [1, 1, 1, 0, 0, 0, 0]}