{"text": ["XYZ Hospital", "123 tlealth Street,Wellness City", "Phone:+1-234.587-890", "Patlant Namx:Jano Davs", "Apo:55", "Doctor: Dr. Smith", "Medicine", "Dosuge", "Frequency", "Duration", "Cap Dilanun", "5 tablets", "3mesday", "7 duys", "Cap Cypon", "5tablets", "20mesaday", "10days", "Tab Cyciomelf", "20 toblets", "2tmsa day", "7 days", "Cap Zovirax", "10 tablets", "3tmes adey", "30 days", "TabClavum 025", "5 tablets", "3 tmesaday", "10days", "Syrup", "Dosapo", "Froquoncy", "Duratlon", "Syrup TusQ-dx", "10ml", "2mdoy", "30dny", "Syrup Cypon", "10ml", "2tims doy", "10dny", "Advico:", "-Tako tod rost", "Eat nsy-to-digest food like boiled rice with dnl", "Stoybydrated"], "confidence": [0.9558982253074646, 0.8494900465011597, 0.8575018644332886, 0.8261528015136719, 0.7298091053962708, 0.9411486387252808, 0.9259157180786133, 0.979745090007782, 0.9827504754066467, 0.955414891242981, 0.896841824054718, 0.8691415786743164, 0.8334470987319946, 0.8653728365898132, 0.9450976252555847, 0.895728349685669, 0.7784956693649292, 0.9015160202980042, 0.8463073968887329, 0.8848645091056824, 0.7871059775352478, 0.8831198811531067, 0.913591206073761, 0.901634693145752, 0.8477534055709839, 0.8867191672325134, 0.8033800721168518, 0.8480369448661804, 0.8251968622207642, 0.924377977848053, 0.9788066744804382, 0.9161680340766907, 0.9345409870147705, 0.9960426092147827, 0.9504623413085938, 0.9483411312103271, 0.7551538348197937, 0.8377351760864258, 0.9888902306556702, 0.9604064226150513, 0.7249763607978821, 0.7591055631637573, 0.9687759280204773, 0.7249441146850586, 0.8504207730293274, 0.8402068614959717], "label": [1, 1, 1, 0, 0, 0, 0]}