{"text": ["XYZ Hospital", "123 tlealth Street,Wellness City", "Phone:+1-234-587-890", "Patlont Namx:Mla Ro", "p:39", "Doctor: Dr.Johnson", "Medicine", "Dosage", "Frequency", "Duration", "Cup Pan d", "20 tblets", "3mesday", "5 days", "Cap Dilantn", "t5tablets", "3tmesaday", "7days", "Tab Dolonex dt", "t5tblets", "3 tmes a duy", "4 days", "Tab Pand", "20 tblets", "2 tmes a doy", "4days", "Syrup", "Dosago", "Froquancy", "Ouration", "Syrup Zodax", "10ml", "2 tim doy", "10days", "Advico:", "-Tako bod rost", "Eat nsy-to-dlgest food like boiled rice with dal", "-Stynydrated"], "confidence": [0.9509661197662354, 0.8392246961593628, 0.9123506546020508, 0.7925373315811157, 0.737036406993866, 0.9543906450271606, 0.9286406636238098, 0.9033363461494446, 0.9788968563079834, 0.964890718460083, 0.9225687384605408, 0.9135541915893555, 0.8407676815986633, 0.7517222762107849, 0.8972664475440979, 0.8836497068405151, 0.811162531375885, 0.9236086010932922, 0.9181965589523315, 0.9061143398284912, 0.8568880558013916, 0.8659627437591553, 0.9190952777862549, 0.9086169004440308, 0.7674559950828552, 0.9184122085571289, 0.9728748202323914, 0.9117240309715271, 0.935694694519043, 0.9101769924163818, 0.9493877291679382, 0.9658069610595703, 0.7463570237159729, 0.869358479976654, 0.9288334846496582, 0.7142534255981445, 0.8857390284538269, 0.8971806168556213], "label": [1, 1, 1, 0, 0, 0, 0]}