{"text": ["XYZ Hospital", "123 tlealth Street,Wellness City", "Phone:+1-234.587-890", "Patlant Nanx:Graco Davs", ":00", "DoctorDr.Smith", "Medicine", "Dosuge", "Frequency", "Duration", "TabClovum 025", "10tablets", "20ms doy", "t4duys", "Tab Combinam", "5tablets", "3tmesaday", "$ days", "Tab Cetine", "20 tblets", "3 tmesaday", "30days", "TabCyclopam", "10 tablets", "3 tmesa dey", "5days", "Syrup", "Dosapo", "Froquancy", "Duration", "Syrup Corox-dx", "10ml", "2 tmdoy", "10day", "Syrup Fobroxplus", "Sml", "3timsday", "10day", "Advico:", "-Tako tod rost", "Eat nsy-to-dlgest food like boiled dce with dal", "-Stayhydrated"], "confidence": [0.9565796852111816, 0.8414032459259033, 0.8431217074394226, 0.79345703125, 0.5022435784339905, 0.972897469997406, 0.9240130186080933, 0.9422492384910583, 0.9905779957771301, 0.9622949361801147, 0.7830778956413269, 0.9273074269294739, 0.7707927227020264, 0.8104643225669861, 0.9167835712432861, 0.8909797668457031, 0.8351958394050598, 0.9286584258079529, 0.9197869300842285, 0.9086169004440308, 0.8438262939453125, 0.8994854092597961, 0.8925952911376953, 0.8802648782730103, 0.7014458179473877, 0.886221706867218, 0.9701129198074341, 0.8093938827514648, 0.9061452150344849, 0.9751013517379761, 0.9647474884986877, 0.9410436153411865, 0.722653865814209, 0.7450453042984009, 0.8273863792419434, 0.9197258949279785, 0.7330020666122437, 0.7979649305343628, 0.9677251577377319, 0.8235440850257874, 0.9003587961196899, 0.880672037601471], "label": [1, 0, 1, 0, 0, 0, 0]}