{"text": ["XYZ Hospital", "123 tlealth Street,Wellness City", "Phone:+1-234.587-890", "Patlant Namx:Jano Whito", "p:52", "Doctor: Dr.Lao", "Medicine", "Dosuge", "Frequency", "Duration", "Tab Pan d", "10 tablets", "20ms doy", "30 days", "Tab Febrex plus", "5tablets", "2tmesaday", "4days", "Tab Triz", "5tablets", "3tmes aday", "10 days", "Cap Pan d", "t5tablets", "2 tmes adey", "5days", "Cap Cypon", "5tablets", "3 tmesaday", "10days", "Syrup", "Dosapo", "Froquoncy", "Duratlon", "SyrupTusx", "Sml", "2tmsdoy", "Sday", "Syrup Grillnctus bm", "Sml", "3tims doy", "30day", "Advico:", "-Tako tod rost", "Eat ensy-to-digest food like boiled rice with dnl", "Stoybydrated"], "confidence": [0.9524534344673157, 0.8474778532981873, 0.8575018644332886, 0.8400744795799255, 0.7937837839126587, 0.9006734490394592, 0.9254783391952515, 0.9741355776786804, 0.9838311672210693, 0.965709924697876, 0.898218035697937, 0.8921223878860474, 0.7558130025863647, 0.8724113702774048, 0.9185627102851868, 0.8912277221679688, 0.8124744892120361, 0.9184122085571289, 0.8540539145469666, 0.8205043077468872, 0.8216320872306824, 0.8690416216850281, 0.9071983695030212, 0.8659577965736389, 0.7831109762191772, 0.8756504058837891, 0.9224717617034912, 0.9057856798171997, 0.8309677243232727, 0.924377977848053, 0.9703512191772461, 0.8614616990089417, 0.9496034979820251, 0.9899115562438965, 0.8724731802940369, 0.9197258949279785, 0.6647682785987854, 0.7331788539886475, 0.9662203788757324, 0.9197258949279785, 0.7727910280227661, 0.8754482269287109, 0.96775883436203, 0.7486037015914917, 0.844878613948822, 0.8244300484657288], "label": [1, 1, 1, 0, 0, 0, 0]}