{"text": ["XYZ Hospital", "123 tlealth Street,Wellness City", "Phone:+1-234-587-890", "Patlont Nanx:Jano Millor", ":70", "Doctor: Dr.Smith", "Medicine", "Dosuge", "Frequency", "Duration", "TabCyclopam", "15tablets", "3mesday", "4duys", "Cap Pan d", "5tablets", "2 um05  duy", "10days", "Tab Cetine", "5tablets", "3 tmesa doy", "10days", "Tab Dolonexdt", "15tablets", "2 tmesa day", "5days", "Tab Combinam", "10tablets", "3 tmesaday", "5days", "Cap Omez", "5tablets", "3 tmesa dey", "$ days", "Syrup", "Dosago", "Froquoncy", "Duratlon", "Syrup TusQx", "10ml", "2 tim doy", "14 doy", "Syrup Fobrox plus", "10ml", "3timsday", "30dy", "Advico:", "-Tako tod rost", "Eat nsy-to-digest food like boiled rice with dnl", "-Stytydrated"], "confidence": [0.9440207481384277, 0.8450579047203064, 0.888440728187561, 0.879065990447998, 0.8835301399230957, 0.9488189816474915, 0.930323600769043, 0.9412831664085388, 0.9902750849723816, 0.9623180627822876, 0.8685389161109924, 0.8656508922576904, 0.8392101526260376, 0.9136894941329956, 0.9139582514762878, 0.9020013213157654, 0.7148935794830322, 0.8628065586090088, 0.9355701208114624, 0.916618824005127, 0.7694242000579834, 0.8628065586090088, 0.9405234456062317, 0.86665940284729, 0.805739164352417, 0.8520981669425964, 0.9149399399757385, 0.9273074269294739, 0.8439608812332153, 0.8520981669425964, 0.9325503706932068, 0.8909797668457031, 0.8597587943077087, 0.9325768351554871, 0.988613486289978, 0.8496239185333252, 0.9466862082481384, 0.9899555444717407, 0.9381473064422607, 0.9702969789505005, 0.7873589992523193, 0.770780086517334, 0.9953815340995789, 0.9599877595901489, 0.7888535857200623, 0.973709762096405, 0.9632426500320435, 0.7644997239112854, 0.8472650647163391, 0.9027094841003418], "label": [1, 1, 1, 0, 0, 0, 0]}