{"text": ["XYZ Hospital", "123 tlealth Street,Wellness City", "Phone:+1-234.587-890", "PatlantNamx:EvoWhito", ":20", "Doctor: Dr. Tumor", "Medicine", "Dosuge", "Frequency", "Duration", "Tab Febrexplus", "20 tblets", "3mesday", "30 days", "Cap Cypon", "15tablets", "2 um5  dey", "7 days", "Cap Dilanun", "5tablets", "2 tmes aday", "7 days", "Cap Omez", "15tablets", "2 tms a dey", "7 days", "TabAluhrodin500", "15tablets", "2tmesaday", "5days", "Syrup", "Dosogo", "Froquoncy", "Duratlon", "Syrup Corox", "10ml", "3timsday", "Sday", "Advico:", "-Tako tod rost", "Eat nsy-to-digest food like boiled dce with dal", "-Stayhydrated"], "confidence": [0.95541912317276, 0.8445388078689575, 0.8541738390922546, 0.8466678857803345, 0.8948600888252258, 0.932074785232544, 0.9314273595809937, 0.9427713751792908, 0.9838371276855469, 0.964890718460083, 0.9497801661491394, 0.9135541915893555, 0.8410215377807617, 0.8676621317863464, 0.9450976252555847, 0.9090301990509033, 0.6873760223388672, 0.8720644116401672, 0.938244640827179, 0.9106838703155518, 0.7432613372802734, 0.8720644116401672, 0.8739977478981018, 0.8865651488304138, 0.7360888123512268, 0.8720644116401672, 0.8046666383743286, 0.8865651488304138, 0.8616918325424194, 0.8882506489753723, 0.9720994234085083, 0.8471839427947998, 0.9788796305656433, 0.910537838935852, 0.972055196762085, 0.9347427487373352, 0.7407669425010681, 0.7356988191604614, 0.9675191640853882, 0.8316531181335449, 0.8992130160331726, 0.88934326171875], "label": [1, 1, 1, 0, 0, 0, 0]}