{"text": ["XYZ Hospital", "123 tlealth Street,Wellness City", "Phone:+1-234.587-890", "PatlantNam:Jano R", "p:27", "DoctorDr.Johnson", "Medicine", "Dosuge", "Frequency", "Duration", "Tab Suno cold", "20tblets", "20ms doy", "10days", "Tab Febrexplus", "5tablets", "3tmesaday", "5days", "Tab Cyciopum", "5tablets", "2 tmes aduy", "7 days", "TabAllegra", "20tblets", "2tmesaday", "7 days", "Tab Trtz", "15tablets", "2 tmes a duy", "t4duys", "Cap Pan d", "15tablets", "2 tmes a doy", "10days", "Syrup", "Dosago", "Froquoncy", "Duratlon", "Syrup Corox", "Sml", "2tdoy", "5 day", "Advico:", "-Tako to rost", "Eat nsy-to-digest food like boiled dce with dnl", "Stoybydrated"], "confidence": [0.9488534331321716, 0.8395678997039795, 0.8531273007392883, 0.8110544681549072, 0.7458348274230957, 0.9772843718528748, 0.8984020948410034, 0.9427713751792908, 0.977314293384552, 0.9623180627822876, 0.8456302285194397, 0.9145114421844482, 0.7485461831092834, 0.8628065586090088, 0.9417821168899536, 0.8909797668457031, 0.8446890115737915, 0.8520981669425964, 0.858432948589325, 0.9159331321716309, 0.7543216347694397, 0.8425600528717041, 0.9594113230705261, 0.9412925839424133, 0.8128202557563782, 0.8401936888694763, 0.785164475440979, 0.8647039532661438, 0.7857459187507629, 0.8104643225669861, 0.9111461639404297, 0.9037178754806519, 0.8123694062232971, 0.924377977848053, 0.9719002842903137, 0.9144992828369141, 0.9637989401817322, 0.9843534231185913, 0.8776365518569946, 0.927854061126709, 0.698294997215271, 0.8135870099067688, 0.9678854942321777, 0.7480148077011108, 0.861255407333374, 0.8227565884590149], "label": [1, 1, 1, 0, 0, 0, 0]}