{"text": ["XYZ Hospital", "123 tlealth Street,Wellness City", "Phone:+1-234-587-890", "Patlont Nanx:Evo Whito", "p:5", "Doctor:Dr.Patol", "Medicine", "Dosage", "Frequency", "Quraton", "Tab Evlon", "5tablets", "20ms dey", "30 duys", "Tab Cetine", "5tablets", "20mes dey", "5days", "Tab Trtz", "15tablets", "3 tmesa duy", "10days", "TabDolo650", "10tablets", "3 tmes aday", "10days", "TabAllegr", "20tblets", "2 tmes a duy", "30 days", "Cap Omez", "5tablets", "3 tmesa dey", "4duys", "Syrup", "Dosago", "Froquoncy", "Duration", "Syrup TusQx", "Sml", "3tims doy", "14 day", "Syrup Fobrox plus", "10ml", "2timday", "30dy", "Advico:", "-Takoto rost", "Eat nsy-to-digest food like boiled rice with dal", "-Stynydrated"], "confidence": [0.9545387625694275, 0.8445388078689575, 0.8954404592514038, 0.8162007927894592, 0.6002307534217834, 0.9498288631439209, 0.9206564426422119, 0.9033363461494446, 0.985968291759491, 0.8290681838989258, 0.9259993433952332, 0.901167631149292, 0.7692691087722778, 0.9137939810752869, 0.9147642850875854, 0.8909797668457031, 0.7428823113441467, 0.8366293907165527, 0.785164475440979, 0.867788553237915, 0.8080034255981445, 0.8626441955566406, 0.8774751424789429, 0.9273074269294739, 0.8312017321586609, 0.9213528037071228, 0.935485303401947, 0.9145114421844482, 0.7506501078605652, 0.8853435516357422, 0.9003946781158447, 0.8909797668457031, 0.8336135745048523, 0.9083743095397949, 0.988613486289978, 0.8496239185333252, 0.9466862082481384, 0.9799325466156006, 0.9381473064422607, 0.9028758406639099, 0.7311160564422607, 0.8872063755989075, 0.9914207458496094, 0.9357630014419556, 0.8153585195541382, 0.973709762096405, 0.9699703454971313, 0.7325755953788757, 0.9021574854850769, 0.8896828293800354], "label": [1, 1, 1, 0, 0, 0, 0]}