{"text": ["XYZ Hospital", "123 tlealth Street,Wellness City", "Phone:+1-234.587-890", "PatlantNamx:Davld Wlson", "p:02", "Doctor:Dr.Pato1", "Medicine", "Dosuge", "Frequency", "Duration", "Tab Evlon", "15tablets", "3mesday", "7 days", "Tab Cyclopum", "10 tablets", "3umesaday", "30 days", "Tab Cetine", "15tablets", "3 tmes dey", "7 days", "Cap Dilanun", "20 toblets", "2 tmesa dey", "10days", "Tab Pand", "5tablets", "2tmesaday", "4days", "Syrup", "Dosago", "Froquoncy", "Duratlon", "Syrup TusQx", "10ml", "3timsday", "Sday", "Advico:", "-Tako tod rost", "Eat nsy-to-dlgest food like boiled dc with dnt", "-Staytydrated"], "confidence": [0.9555370807647705, 0.8492392301559448, 0.8522945642471313, 0.796939492225647, 0.5924407243728638, 0.9309006333351135, 0.9318302869796753, 0.9420654773712158, 0.9838371276855469, 0.965709924697876, 0.9272973537445068, 0.8647039532661438, 0.8353540301322937, 0.9877565503120422, 0.8549155592918396, 0.8921223878860474, 0.8489219546318054, 0.8853435516357422, 0.9303092956542969, 0.8913987278938293, 0.7872068881988525, 0.8720644116401672, 0.9459823966026306, 0.8743324279785156, 0.8118886351585388, 0.924377977848053, 0.928550660610199, 0.9079194068908691, 0.8577829003334045, 0.9184122085571289, 0.9720994234085083, 0.8300634026527405, 0.9749724864959717, 0.8988408446311951, 0.943128764629364, 0.9483411312103271, 0.7406063079833984, 0.7356988191604614, 0.9694406390190125, 0.7755385041236877, 0.8745375871658325, 0.9281126260757446], "label": [1, 1, 1, 0, 0, 0, 0]}