{"text": ["XYZ Hospital", "123 tlealth Street,Wellness City", "Phone:+1-234.587-890", "PatlontNamx:Allco Whito", "Doctor: Dr.Patol", "Medicine", "Dosuge", "Frequency", "Duration", "Tab Dolonex dt", "10tablets", "20ms dey", "7 duys", "Cap CoImmune", "20 tablets", "2tmesa day", "30 days", "Tab Febrex plus", "10tablets", "3 tmesa doy", "5 days", "Cap Omez", "5tablets", "3 tmes aday", "t4duys", "TabAlurodin 500", "5tablets", "2 tmes a duy", "10 duys", "Cap Zovirax", "10tablets", "3 tmesa doy", "$ days", "Syrup", "Dosago", "Froquoncy", "Duratlon", "SyrupZodax", "Sml", "3tms doy", "5 days", "Advico:", "-Tako bod rst", "Eat nsy-to-digest food like boiled dce with dnl", "Stoy bydrated"], "confidence": [0.9508797526359558, 0.8378421068191528, 0.8531273007392883, 0.8692252039909363, 0.9643856287002563, 0.9286406636238098, 0.9422492384910583, 0.9790523052215576, 0.964890718460083, 0.9111363291740417, 0.9273074269294739, 0.7692691087722778, 0.8653728365898132, 0.9038362503051758, 0.8709948658943176, 0.7311515808105469, 0.8513266444206238, 0.9223119020462036, 0.9273074269294739, 0.7852831482887268, 0.7493965029716492, 0.859065055847168, 0.9046000242233276, 0.8307840824127197, 0.8104643225669861, 0.8282610177993774, 0.9079194068908691, 0.7522758841514587, 0.8750689625740051, 0.8711458444595337, 0.9273074269294739, 0.7830377221107483, 0.9325768351554871, 0.9720994234085083, 0.9144992828369141, 0.9524527788162231, 0.9843534231185913, 0.8611130714416504, 0.927854061126709, 0.7060664892196655, 0.7886900901794434, 0.9678854942321777, 0.7454431056976318, 0.8616782426834106, 0.7944247722625732], "label": [1, 1, 1, 0, 0, 0, 0]}