{"text": ["XYZ Hospital", "123 tlealth Street,Wellness City", "Phone:+1-234.587-890", "Patlant Nanx:Jano Whito", "p:43", "Doctor:Dr.Smith", "Medicine", "Dosage", "Frequency", "Duration", "Tab Cyciomeff", "5tablets", "3tmesaday", "30 days", "Tab Febrex plus", "10tablets", "20mesaday", "t4days", "Cap Colmmune", "20 tablets", "3 tmesa day", "5days", "Tab Combinam", "20 toblets", "2 tms a dey", "30 days", "TabClavum 025", "10 tablets", "3 tmesaday", "7days", "Syrup", "Dosago", "Froquoncy", "Duratlon", "Syrup Corox-dx", "Sml", "3timsday", "30days", "Advico:", "-Tako tod rost", "Eat nsy-to-digest food like boiled dce with dal", "-Stayhydrated"], "confidence": [0.951866626739502, 0.8445388078689575, 0.8541738390922546, 0.8471692800521851, 0.7557733058929443, 0.9696918725967407, 0.9286406636238098, 0.9033363461494446, 0.98594069480896, 0.965709924697876, 0.8482154607772827, 0.901167631149292, 0.7520063519477844, 0.8676621317863464, 0.9196307063102722, 0.9283921122550964, 0.7719011902809143, 0.8406792283058167, 0.8686653971672058, 0.8753429651260376, 0.757001519203186, 0.8950570225715637, 0.9266219735145569, 0.8743324279785156, 0.7360888123512268, 0.8853435516357422, 0.7952654957771301, 0.901634693145752, 0.849814236164093, 0.9444330930709839, 0.9747051000595093, 0.9064610600471497, 0.9779825210571289, 0.9871726036071777, 0.9480671882629395, 0.9197258949279785, 0.7411447763442993, 0.8138046264648438, 0.9675191640853882, 0.8316531181335449, 0.89924156665802, 0.88934326171875], "label": [1, 1, 1, 0, 0, 0, 0]}