{"text": ["XYZ Hospital", "123 tlealth Street,Wellness City", "Phone:+1-234.587-890", "Patlant Namx:Jano Brown", ":70", "Doctor: Dr.Lao", "Medicine", "Dosage", "Frequency", "Duration", "Cap Omez", "5 tablets", "20ms dey", "4duys", "Tab Evion", "5tablets", "2tmesa duy", "7 days", "Tab Triz", "5tablets", "3 tmesaday", "7 days", "Tab Cetine", "t5tablets", "2 tms  doy", "7 days", "Syrup", "Dosago", "Froquoncy", "Duration", "Syrup TusQx", "Sml", "2doy", "10day", "SyrupGrillnctus tm", "10ml", "3mday", "5day", "Advico:", "-Tako tod rost", "Eat nsy-to-dlgest food like boiled rice with dal", "-Staytydrated"], "confidence": [0.9555370807647705, 0.8380128741264343, 0.8541738390922546, 0.852605402469635, 0.8835301399230957, 0.9098928570747375, 0.9286406636238098, 0.8897534012794495, 0.9560942053794861, 0.9623180627822876, 0.7844891548156738, 0.863848865032196, 0.7692691087722778, 0.9083743095397949, 0.9439893364906311, 0.895728349685669, 0.771012544631958, 0.8720644116401672, 0.8540539145469666, 0.8909797668457031, 0.8439608812332153, 0.8720644116401672, 0.9205131530761719, 0.8687346577644348, 0.7158662676811218, 0.8434519171714783, 0.9701129198074341, 0.8239191174507141, 0.9308472871780396, 0.9552180767059326, 0.9390825033187866, 0.8684621453285217, 0.7416449189186096, 0.7469603419303894, 0.906718373298645, 0.911413848400116, 0.8235791325569153, 0.7321327924728394, 0.967370867729187, 0.7978090047836304, 0.9067288041114807, 0.9250409007072449], "label": [1, 1, 1, 0, 0, 0, 0]}