{"text": ["XYZ Hospital", "123 tlealth Street,Wellness City", "Phone:+1-234.587-890", "Patlant Namxo:MlaJohnson", ":74", "Doctor: Dr.Johnson", "Medicine", "Dosuge", "Frequency", "Duration", "Tab Dolonex dt", "5 tablets", "3mesday", "7 duys", "Cap Dilanun", "5tablets", "20mesaday", "t4duys", "Tab Cetine", "15tablets", "2tmsa day", "7 days", "Cap Pan d", "5tablets", "2umesaday", "5days", "Cap CoImmune", "10 tablets", "2tmesaday", "5days", "Syrup", "Dosapo", "Froquoncy", "Duratlon", "Syrup TusQ-dx", "10ml", "3tms doy", "10dny", "Syrup Cypon", "Sml", "2tims doy", "7days", "Advico:", "-Tako to rst", "Eat nsy-to-digest food like boiled rice with dnl", "Stoytydrated"], "confidence": [0.9441642761230469, 0.8416517972946167, 0.8589719533920288, 0.8571464419364929, 0.8511033058166504, 0.9653756022453308, 0.9461411237716675, 0.979745090007782, 0.9807761311531067, 0.955414891242981, 0.9124894142150879, 0.8705056309700012, 0.8203554749488831, 0.8653728365898132, 0.9073428511619568, 0.895728349685669, 0.7827095985412598, 0.8104643225669861, 0.9390982389450073, 0.8647039532661438, 0.7871059775352478, 0.8720644116401672, 0.911133348941803, 0.8716651201248169, 0.8219001889228821, 0.8520981669425964, 0.8831899762153625, 0.901634693145752, 0.8123878240585327, 0.8882506489753723, 0.9734670519828796, 0.7913495898246765, 0.9308472871780396, 0.9960426092147827, 0.9554725885391235, 0.9483411312103271, 0.7197035551071167, 0.6375325322151184, 0.9888902306556702, 0.9197258949279785, 0.7249763607978821, 0.9038707613945007, 0.9687759280204773, 0.7348210215568542, 0.8504207730293274, 0.8412471413612366], "label": [1, 1, 1, 0, 0, 0, 0]}