{"text": ["XYZ Hospital", "123 tlealth Street,Wellness City", "Phone:+1-234.587-890", "PatlntNanx:Graco Brown", ":20", "Doctor: Dr.Johnson", "Medicine", "Dosuge", "Frequency", "Duration", "Cap Cypon", "5 tablets", "20ms doy", "10duys", "Tab Suno cold", "10tablets", "3tmesaday", "30 days", "Cap Omez", "5tablets", "3 tmesa duy", "7 days", "Cap Dilanun", "10tablets", "2tmesa dey", "10days", "TabClavum 025", "15tablets", "3 tmesaday", "7 days", "Tab Cyciopum", "5tablets", "3 tmesa dey", "t4days", "Syrup", "Dosago", "Froquoncy", "Duratlon", "Syrup TusQx", "Sml", "3tmsdoy", "30 dny", "Advico:", "-Takoto rst", "Eat nsy-to-digest food like boiled dce with dnl", "Stoytydrated"], "confidence": [0.9476857781410217, 0.8487181663513184, 0.846886157989502, 0.8217630982398987, 0.852616012096405, 0.9731536507606506, 0.9307171702384949, 0.9740098118782043, 0.9803639650344849, 0.9623180627822876, 0.9227730631828308, 0.887381374835968, 0.7485461831092834, 0.9152160286903381, 0.8816945552825928, 0.9273074269294739, 0.8242611289024353, 0.8479889631271362, 0.8899885416030884, 0.916618824005127, 0.798012912273407, 0.8594018816947937, 0.8923630118370056, 0.9273074269294739, 0.8084509968757629, 0.8654675483703613, 0.8198328614234924, 0.8647039532661438, 0.8352519273757935, 0.8452855944633484, 0.8638879656791687, 0.8909797668457031, 0.7805267572402954, 0.8406792283058167, 0.9719002842903137, 0.9144992828369141, 0.9524527788162231, 0.9814329147338867, 0.9340599179267883, 0.9028758406639099, 0.7260910272598267, 0.7926518321037292, 0.9678854942321777, 0.7509673833847046, 0.8616782426834106, 0.8412471413612366], "label": [1, 1, 1, 0, 0, 0, 0]}