{"text": ["XYZ Hospital", "123 tlealth Street,Wellness City", "Phone:+1-234-587-890", "Patlont Namx:Llam Wilson", "p:72", "Doctor: Dr. Millor", "Medicine", "Dosage", "Frequency", "Qurabon", "Cap Omez", "5tablets", "3 mes doy", "7 days", "TabClavun25", "15tablets", "2 m0s  duy", "10days", "Cap Dilantn", "15tablets", "2 mes day", "5days", "Cap Colmmune", "10tablets", "2tmesa day", "4duys", "Tab Allegra", "10tablets", "3 tmesaday", "10days", "Tab Pand", "10tablets", "2 tmes a doy", "10days", "Syrup", "Dosapo", "Froquoncy", "Duratlon", "Syrup Brozodax", "Sml", "2 timdoy", "10days", "Syrup Corox", "10ml", "2timday", "30 days", "Advico:", "-Tako tod rst", "Eat nsy-to-digest food like boiled rice with dnl", "-Stytydrated"], "confidence": [0.9542174935340881, 0.8382701873779297, 0.8926750421524048, 0.8377904891967773, 0.7708295583724976, 0.973348081111908, 0.9307171702384949, 0.9033363461494446, 0.986274003982544, 0.8740919232368469, 0.7851511836051941, 0.901167631149292, 0.7591496109962463, 0.861883819103241, 0.8687009811401367, 0.8647039532661438, 0.7353242039680481, 0.8628065586090088, 0.8826017379760742, 0.8671495914459229, 0.7363414764404297, 0.8641525506973267, 0.8577432036399841, 0.9273074269294739, 0.8119567632675171, 0.9136894941329956, 0.8574976325035095, 0.9273074269294739, 0.8478784561157227, 0.8654675483703613, 0.9239778518676758, 0.9273074269294739, 0.7914705872535706, 0.9213528037071228, 0.988613486289978, 0.8240053653717041, 0.9466862082481384, 0.9893155694007874, 0.9888631105422974, 0.860496461391449, 0.7554259300231934, 0.7868053317070007, 0.8926152586936951, 0.9357630014419556, 0.8143227696418762, 0.7511711120605469, 0.9238536953926086, 0.7242653369903564, 0.8472199440002441, 0.9149673581123352], "label": [1, 1, 1, 0, 0, 0, 0]}