{"text": ["XYZ Hospital", "123 tlealth Street,Wellness City", "Phone:+1-234-587-890", "Patlant Nanx:Jano Whito", "p:78", "Doctor: Dr.Lao", "Medicine", "Dosuge", "Frequency", "Duration", "Tab Evlon", "10tablets", "20ms doy", "30 duys", "Cap Cypon", "10tablets", "3 tmes duy", "$ duys", "Cap Zovirax", "15tablets", "3tmes aday", "30 duys", "Cap Omez", "20 tblets", "2 tmesa day", "4duys", "Tab Pand", "10tablets", "2 tmes a duy", "5days", "TabCyclomeff", "5tablets", "2 tms a doy", "7 days", "Syrup", "Dosago", "Froquoncy", "Durotlon", "Syrup Zodax", "10ml", "2 timdoy", "5 days", "Syrup Corox", "10ml", "3timday", "Sday", "Advico:", "-Takoto rost", "Eat nsy-to-digest food like boiled rice with dnl", "-Stytydrated"], "confidence": [0.9428961873054504, 0.8450579047203064, 0.888440728187561, 0.8264349102973938, 0.7854874134063721, 0.8749284148216248, 0.9254783391952515, 0.9415733814239502, 0.9905779957771301, 0.964890718460083, 0.9147531986236572, 0.9273074269294739, 0.7485461831092834, 0.9137939810752869, 0.9464318156242371, 0.9273074269294739, 0.7329468727111816, 0.9236800670623779, 0.8842552304267883, 0.883804976940155, 0.8465832471847534, 0.9069848656654358, 0.8212018013000488, 0.9086169004440308, 0.8068044185638428, 0.9083743095397949, 0.9268008470535278, 0.9273074269294739, 0.7506501078605652, 0.8520981669425964, 0.8824847340583801, 0.8909797668457031, 0.8156778216362, 0.991462230682373, 0.9885613322257996, 0.8360254764556885, 0.9466862082481384, 0.9314339756965637, 0.9162192940711975, 0.9702969789505005, 0.740332841873169, 0.8219525814056396, 0.9745674133300781, 0.9599877595901489, 0.7754613757133484, 0.7481143474578857, 0.9698401689529419, 0.7281379699707031, 0.8460922241210938, 0.927055835723877], "label": [1, 1, 1, 0, 0, 0, 0]}