{"text": ["XYZ Hospital", "123 tlealth Street,Wellness City", "Phone:+1-234.587-890", "PatlantNamx:Bob Wllams", "p:23", "Doctor: Dr.Lao", "Medicine", "Dosuge", "Frequency", "Duration", "TabNeurobin Forte", "15tablets", "3mesday", "5days", "Cap Omez", "t5tablets", "3 tmes duy", "4days", "Tab Cyciomeff", "5tablets", "3 tmesaday", "10 days", "Tab Sumo cold", "5tblets", "2 tms a day", "30 days", "Syrup", "Dosago", "Froquoncy", "Duratlon", "Syrup TusQ dx", "Sml", "3tm doy", "4 day", "SyrupZodax", "Sml", "mday", "14dy", "Advico:", "-Tako bod rost", "Eat nsy-to-digest food like boiled dce with dal", "-Staytydrated"], "confidence": [0.9531888961791992, 0.8471758365631104, 0.8577502369880676, 0.8087775707244873, 0.7894628047943115, 0.8863537907600403, 0.930323600769043, 0.9427713751792908, 0.9838371276855469, 0.964890718460083, 0.9551669955253601, 0.8927748799324036, 0.8170825242996216, 0.8343985676765442, 0.7995110154151917, 0.8874572515487671, 0.7485857605934143, 0.9184122085571289, 0.8411992788314819, 0.9093613624572754, 0.8432919383049011, 0.8740202188491821, 0.9051342010498047, 0.8720654249191284, 0.7428649663925171, 0.8500292897224426, 0.9720994234085083, 0.8239191174507141, 0.9697930216789246, 0.9347891807556152, 0.9846747517585754, 0.8684621453285217, 0.7288550138473511, 0.781293511390686, 0.8970449566841125, 0.9197258949279785, 0.8368297815322876, 0.8365260362625122, 0.967370867729187, 0.8304697871208191, 0.9078223705291748, 0.9250409007072449], "label": [1, 1, 1, 0, 0, 0, 0]}