{"text": ["XYZ Hospital", "123 tlealth Street,Wellness City", "Phone:+1-234.587-890", "Patlant Namx:John Smith", "p:34", "Doctor: Dr. Millor", "Medicine", "Dosuge", "Frequency", "Duration", "Cap Zovirax", "5 tablets", "3 tmesaday", "$ days", "Tab Combinam", "10tablets", "3mesadey", "4days", "TabAllegra", "20 tblets", "3tmes day", "7 days", "Tab Sumo cold", "15tablets", "2 tmsa dey", "4days", "Tab Cetine", "20 tablets", "3 tmesaday", "t4duys", "Syrup", "Dosapo", "Froquancy", "Duratlon", "Syrup Brozodox", "Sml", "3tms doy", "30 dny", "Syrup Zodox", "Sml", "3tims doy", "30 day", "Advico:", "-Tako tod rost", "Eat nsy-to-digest food like boiled rice with dnl", "Stoybydrated"], "confidence": [0.9556474685668945, 0.8472376465797424, 0.8575018644332886, 0.8667402863502502, 0.7649431824684143, 0.9745311737060547, 0.9307171702384949, 0.979745090007782, 0.986274003982544, 0.964890718460083, 0.8637662529945374, 0.8812623023986816, 0.7233178019523621, 0.837290346622467, 0.9143819808959961, 0.9273074269294739, 0.8534695506095886, 0.8935898542404175, 0.9469073414802551, 0.9248446226119995, 0.795462429523468, 0.8720644116401672, 0.8916998505592346, 0.8865138292312622, 0.8033109903335571, 0.9184122085571289, 0.9190582036972046, 0.8974159359931946, 0.8439608812332153, 0.8394883275032043, 0.974157989025116, 0.9054598808288574, 0.8946319222450256, 0.9915322065353394, 0.9574680924415588, 0.8684621453285217, 0.7256457805633545, 0.7861705422401428, 0.9598068594932556, 0.9197258949279785, 0.7647743225097656, 0.7859539985656738, 0.9671358466148376, 0.727157473564148, 0.8504207730293274, 0.8390377163887024], "label": [1, 1, 1, 0, 0, 0, 0]}