{"text": ["XYZ Hospital", "123 tlealth Street,Wellness City", "Phone:+1-234-587-890", "PatlntNam:John Ro", "Ap:53", "Doctor:Dr.Smith", "Medicine", "Dosuge", "Frequency", "Duration", "Tab Allegra", "10tablets", "3mesday", "30 days", "Cap Colmmune", "15tablets", "3 0ms dey", "7 days", "Tab Cetine", "15tablets", "2 tmes day", "30 days", "Tab Cyciopam", "20 toblets", "3tmes aday", "5 days", "Cap Oilanun", "15tablets", "2tmesaday", "7days", "Syrup", "Dosapo", "Froquoncy", "Duratlon", "Syrup TusQ-dx", "Sml", "3timsday", "30days", "Advico:", "-Tako tod rost", "Eat nsy-to-dlgest food like boiled dce with dal", "-Staytydrated"], "confidence": [0.9544302821159363, 0.8388950228691101, 0.8651002049446106, 0.8373361229896545, 0.7789907455444336, 0.9724594354629517, 0.8984020948410034, 0.9375312328338623, 0.9838371276855469, 0.965709924697876, 0.8999242782592773, 0.9273074269294739, 0.8390634655952454, 0.8676621317863464, 0.8766822218894958, 0.8927748799324036, 0.7231447696685791, 0.8767657279968262, 0.9197869300842285, 0.8913987278938293, 0.7324858903884888, 0.8866694569587708, 0.8766019940376282, 0.8743324279785156, 0.8479517102241516, 0.8977670669555664, 0.8161054849624634, 0.8865651488304138, 0.8574197292327881, 0.9444330930709839, 0.9720994234085083, 0.9054598808288574, 0.9624842405319214, 0.9871726036071777, 0.9561455249786377, 0.9197258949279785, 0.7220712900161743, 0.8138046264648438, 0.96775883436203, 0.7913121581077576, 0.9010121822357178, 0.937537431716919], "label": [1, 1, 1, 0, 0, 0, 0]}