{"text": ["XYZ Hospital", "123 tlealth Street,Wellness City", "Phone:+1-234.587-890", "Patlant Namxo:Davd Johnson", "Ap:37", "DoctorDr.Johnson", "Medicine", "Dosuge", "Frequency", "Duration", "TabA1urodin 500", "20tblets", "20ms dey", "30 duys", "Tab Cetine", "5tablets", "2tmesa dey", "7days", "TabClavum 025", "t5tablets", "2 tmes a duy", "30 days", "Cap Pand", "5tblets", "3 tmes dey", "t4days", "Syrup", "Dosago", "Froquoncy", "Duratlon", "Syrup Corox", "10ml", "2m doy", "14 day", "SyrupGrillnctus tm", "Sml", "3mday", "5day", "Advico:", "-Tako tod rost", "Eat nsy-to-dlgest food like boiled dce with dal", "-Staytydrated"], "confidence": [0.9545212388038635, 0.8385250568389893, 0.8577502369880676, 0.8575986623764038, 0.7727944254875183, 0.9617027044296265, 0.930323600769043, 0.9427713751792908, 0.9838371276855469, 0.964890718460083, 0.8250407576560974, 0.9343926906585693, 0.7692691087722778, 0.9069848656654358, 0.930747389793396, 0.895728349685669, 0.7338863611221313, 0.9236086010932922, 0.8281909227371216, 0.8511607646942139, 0.7841776013374329, 0.8716698288917542, 0.9226763248443604, 0.8796586990356445, 0.7675620317459106, 0.8406792283058167, 0.9701129198074341, 0.8239191174507141, 0.9646628499031067, 0.9502712488174438, 0.890136182308197, 0.9410436153411865, 0.7446933388710022, 0.7775042057037354, 0.9094856977462769, 0.9197258949279785, 0.8082230687141418, 0.7321327924728394, 0.967370867729187, 0.7706080675125122, 0.9067167639732361, 0.8746689558029175], "label": [1, 1, 1, 0, 0, 0, 0]}