{"text": ["XYZ Hospital", "123 tlealth Street,Wellness City", "Phone:+1-234.587-890", "Patlont Namxo:John Whito", ":74", "Doctor: Dr.Johnson", "Medicine", "Dosuge", "Frequency", "Duration", "Cap Omez", "20 tblets", "20ms doy", "30 duys", "Tab Dolonexdt", "15tablets", "20mesaduy", "10days", "Cap Zovirax", "5tablets", "2 tmes aduy", "4duys", "Cap Coimmune", "10tablets", "3 tmes aday", "30 days", "TabDolo650", "5tablets", "3 tmesaday", "5days", "Tab Pand", "5tablets", "3 tmesa dey", "4days", "Syrup", "Dosago", "Froquoncy", "Duratlon", "Syrup Corox", "10ml", "3tms doy", "14dy", "Advico:", "-Tako to rost", "Eat nsy-to-digest food like boiled dce with dnl", "Stoybydrated"], "confidence": [0.9476857781410217, 0.8474778532981873, 0.8575018644332886, 0.8673341870307922, 0.8511033058166504, 0.9726108908653259, 0.930323600769043, 0.9427713751792908, 0.9790523052215576, 0.964890718460083, 0.7728180885314941, 0.9003804326057434, 0.7557400465011597, 0.9206424355506897, 0.9489856362342834, 0.9037178754806519, 0.7560737133026123, 0.8628065586090088, 0.887336790561676, 0.916618824005127, 0.7138233184814453, 0.9136894941329956, 0.870140552520752, 0.9247161149978638, 0.8221026062965393, 0.8479889631271362, 0.9020558595657349, 0.9079194068908691, 0.849814236164093, 0.8520981669425964, 0.9204728007316589, 0.8909797668457031, 0.8301133513450623, 0.9184122085571289, 0.9719002842903137, 0.958836555480957, 0.9529516696929932, 0.9921525120735168, 0.8776365518569946, 0.9717352390289307, 0.7250189781188965, 0.932861328125, 0.9678854942321777, 0.7480148077011108, 0.859613835811615, 0.8227565884590149], "label": [1, 1, 1, 0, 0, 0, 0]}