{"text": ["XYZ Hospital", "123 tlealth Street,Wellness City", "Phone:+1-234-587-890", "Patlont Nanx:Evo Whito", "p:72", "Doctor: Dr. Tumor", "Medicine", "Dosuge", "Frequency", "Duration", "TabDolo650", "10tablets", "20ms day", "10days", "Tab Sumo cold", "5tablets", "2 tms  duy", "7 days", "Tab Febrex plus", "10tablets", "3 tmesa duy", "4duys", "Cap Dilanun", "10tablets", "3 tmes aday", "30 days", "TabAlhrocin500", "20tblets", "2 umes a duy", "7 days", "Tab Cetine", "5tablets", "2 tmes a dey", "10days", "Syrup", "Dosago", "Froquoncy", "Duratlon", "Syrup Corox-dx", "Sml", "2 tim doy", "10days", "Syrup TusQ-dx", "10ml", "2timday", "10days", "Advico:", "-Tako tod rost", "Eat nsy-to-digest food like boiled rice with dnl", "-Stytydrated"], "confidence": [0.9555370807647705, 0.8450579047203064, 0.8954404592514038, 0.8238945007324219, 0.7978620529174805, 0.9512377381324768, 0.930323600769043, 0.9422492384910583, 0.9898338317871094, 0.9623180627822876, 0.8913295865058899, 0.9273074269294739, 0.7605679631233215, 0.8628065586090088, 0.8675353527069092, 0.9046000242233276, 0.7418817281723022, 0.861883819103241, 0.9144303202629089, 0.9247161149978638, 0.8044043183326721, 0.9083743095397949, 0.869817316532135, 0.9273074269294739, 0.8218534588813782, 0.8513266444206238, 0.8108078837394714, 0.9145114421844482, 0.7527843117713928, 0.8452855944633484, 0.9309903979301453, 0.8909797668457031, 0.7766379714012146, 0.924377977848053, 0.988613486289978, 0.8496239185333252, 0.9474319815635681, 0.9896453619003296, 0.9652417302131653, 0.860496461391449, 0.7471926212310791, 0.8172560334205627, 0.954573929309845, 0.9599877595901489, 0.8103267550468445, 0.8326132893562317, 0.917208194732666, 0.7723420858383179, 0.8472650647163391, 0.8946594595909119], "label": [1, 1, 1, 0, 0, 0, 0]}