{"text": ["XYZ Hospital", "123 tlealth Street,Wellness City", "Phone:+1-234.587-890", "Patlant Nanx:Davld Whito", ":1", "Doctor: Dr.L", "Medicine", "Dosuge", "Frequency", "Duration", "Tab Combinam", "15tablets", "3mesday", "4duys", "Tab Febrex plus", "5tablets", "3 ms dey", "5days", "Tab Sumo cold", "15tablets", "2tmesa doy", "7 days", "Tab Cyciopam", "20 toblets", "2 tmes a doy", "4days", "TabCyciomelf", "20tablets", "2tmesaday", "5days", "Syrup", "Dosapo", "Froquoncy", "Duratlon", "Syrup Zodox", "10ml", "3timsday", "7day", "Advico:", "-Tako tod rost", "Eat nsy-to-dlgest food like boiled dce with dal", "-Staytydrated"], "confidence": [0.9555370807647705, 0.8380128741264343, 0.8577502369880676, 0.8327532410621643, 0.7187851667404175, 0.9347650408744812, 0.930323600769043, 0.9420654773712158, 0.9838371276855469, 0.9622949361801147, 0.9418631196022034, 0.8927748799324036, 0.8498469591140747, 0.9136894941329956, 0.9186879992485046, 0.895728349685669, 0.7566167116165161, 0.8691898584365845, 0.9051342010498047, 0.8913987278938293, 0.7779854536056519, 0.8720644116401672, 0.8778369426727295, 0.8743324279785156, 0.7689295411109924, 0.9184122085571289, 0.872586727142334, 0.8978633880615234, 0.8482097387313843, 0.8882506489753723, 0.9747051000595093, 0.9315247535705566, 0.9749724864959717, 0.910537838935852, 0.9014583826065063, 0.9483411312103271, 0.7367636561393738, 0.8434621095657349, 0.96775883436203, 0.7947360873222351, 0.9010859727859497, 0.937537431716919], "label": [1, 0, 1, 0, 0, 0, 0]}