{"text": ["XYZ Hospital", "123 tlealth Street,Wellness City", "Phone:+1-234-587-890", "Patlont Nanx:John Wlllams", "0:22", "Doctor: Dr. Tumor", "Medicine", "Dosuge", "Frequency", "Quraton", "TabClvum 025", "10 tablets", "20ms dey", "5days", "Tab Cetine", "10tablets", "3 umes doy", "7 days", "Cup Cypon", "20tblets", "3tmesaday", "10 days", "Tab Dolo650", "5tablets", "2 tmesa day", "7 days", "Tab Cyciomelf", "10tablets", "3 tmesaday", "30 days", "Cap Oilanun", "10tablets", "3 tmesa dey", "30 days", "Syrup", "Dosapo", "Froquoncy", "Duratlon", "Syrup TusQ dx", "Sml", "3tims doy", "5 days", "Syrup TusQx", "10ml", "2timday", "10day", "Advico:", "-Takoto rst", "Eat nsy-to-digest food like boiled rice with dnl", "-Stynydrated"], "confidence": [0.953065812587738, 0.8387157320976257, 0.8826906085014343, 0.8705765008926392, 0.7331798672676086, 0.9566331505775452, 0.930323600769043, 0.9415733814239502, 0.9902750849723816, 0.8290681838989258, 0.8377795219421387, 0.8778047561645508, 0.7692691087722778, 0.8366293907165527, 0.9316986203193665, 0.9273074269294739, 0.7165395617485046, 0.8401936888694763, 0.9026737213134766, 0.9412925839424133, 0.859169065952301, 0.8690416216850281, 0.8229410648345947, 0.901509165763855, 0.805739164352417, 0.8767657279968262, 0.8435853123664856, 0.9273074269294739, 0.8478784561157227, 0.8500292897224426, 0.8484573364257812, 0.9273074269294739, 0.7826222777366638, 0.863133430480957, 0.988613486289978, 0.8240053653717041, 0.9466862082481384, 0.9799938797950745, 0.9477811455726624, 0.860496461391449, 0.7311160564422607, 0.795685350894928, 0.9398233294487, 0.9599877595901489, 0.8153585195541382, 0.817059338092804, 0.9374408721923828, 0.7390939593315125, 0.8460922241210938, 0.8896828293800354], "label": [1, 1, 1, 0, 0, 0, 0]}