{"text": ["XYZ Hospital", "123 tlealth Street,Wellness City", "Phone:+1-234.587-890", "Patlant Namxo:John Wilson", "p:20", "Doctor: Dr. Millor", "Medicine", "Dosuge", "Frequency", "Duration", "Tab Dolonex dt", "20 tblets", "20ms doy", "$ days", "Cap Zovirax", "5tablets", "3tmesaday", "10days", "TabCiplox500", "10tablets", "2 tmesa dey", "5 days", "Tab Pan d", "5tablets", "2 tms a duy", "7 days", "TabClovum 025", "10 tablets", "2tmesaday", "t4days", "Syrup", "Dosapo", "Froquoncy", "Duratlon", "Syrup Corox-dx", "10ml", "3tms doy", "4dy", "Syrup Zodox", "Sml", "3tims doy", "5 days", "Advico:", "-Tako tod rost", "Eat nsy-to-digest food like boiled rice with dnl", "Stoytydrated"], "confidence": [0.9565796852111816, 0.8416517972946167, 0.8589719533920288, 0.8539632558822632, 0.7696038484573364, 0.9698774814605713, 0.951400876045227, 0.9740098118782043, 0.9788968563079834, 0.965709924697876, 0.9139989018440247, 0.9135541915893555, 0.7523245811462402, 0.837290346622467, 0.9155901074409485, 0.8912277221679688, 0.8387840986251831, 0.9213528037071228, 0.943934440612793, 0.9273074269294739, 0.7692209482192993, 0.7472350001335144, 0.9017828702926636, 0.8716651201248169, 0.7090646624565125, 0.8767657279968262, 0.79291832447052, 0.901634693145752, 0.8310894966125488, 0.8406792283058167, 0.9719002842903137, 0.7913495898246765, 0.9507405757904053, 0.9907678961753845, 0.9633774757385254, 0.9483411312103271, 0.7066380381584167, 0.962104082107544, 0.9623319506645203, 0.9197258949279785, 0.7529909014701843, 0.8086541295051575, 0.9689494371414185, 0.7298118472099304, 0.8524071574211121, 0.871784508228302], "label": [1, 1, 1, 0, 0, 0, 0]}