{"text": ["XYZ Hospital", "123 tlealth Street,Wellness City", "Phone:+1-234.587-890", "Patlont Nanx:Chadlo Wlllams", ":48", "Doctor: Dr. Tumor", "Medidine", "Dosuge", "Frequency", "Duration", "Tab Combinam", "10 tablets", "20ms doy", "5 days", "Tab Neurobin Forte", "15tablets", "20mes dey", "7 days", "Tab Evion", "5tablets", "3tmes aday", "$ days", "Cap Cypon", "t5tablets", "2 tmes adey", "5 days", "Tab Sumo cold", "5tablets", "3 tmesaday", "t4 days", "Syrup", "Dosapo", "Froquoncy", "Duratlon", "SyrupTusdx", "Sml", "2m doy", "10dny", "Syrup Grillnctus bm", "Sml", "2tims doy", "4 days", "Advico:", "-Tako tod rost", "Eat ensy-to-digest food like boiled rice with dnl", "Stoy bydrated"], "confidence": [0.9526641368865967, 0.8416517972946167, 0.8589719533920288, 0.7773756980895996, 0.8221071362495422, 0.96067875623703, 0.9209678173065186, 0.9720911383628845, 0.9838311672210693, 0.964890718460083, 0.8953631520271301, 0.8921223878860474, 0.7563122510910034, 0.7393367886543274, 0.9500436782836914, 0.8927748799324036, 0.7687022686004639, 0.8720644116401672, 0.9267144799232483, 0.9106838703155518, 0.8216320872306824, 0.724358081817627, 0.9668910503387451, 0.8830724954605103, 0.8057590126991272, 0.8013837933540344, 0.9005261659622192, 0.9079194068908691, 0.8309677243232727, 0.9750253558158875, 0.9703512191772461, 0.8614616990089417, 0.9255363941192627, 0.9960426092147827, 0.9007124900817871, 0.8684621453285217, 0.7393810749053955, 0.6375325322151184, 0.9720485806465149, 0.9197258949279785, 0.7096242308616638, 0.8612959980964661, 0.9662078022956848, 0.7453492283821106, 0.844878613948822, 0.7960776090621948], "label": [1, 1, 1, 0, 0, 0, 0]}