{"text": ["XYZ Hospital", "123 tlealth Street,Wellness City", "Phone:+1-234.587-890", "Patlont Namx:MlaJohnson", "DoctorDr.Smith", "Medicine", "Dosuge", "Frequency", "Duration", "Tab Cyciomeff", "20 tblets", "3mesday", "7 days", "Cap CoImmune", "t5tablets", "3 tmes duy", "7days", "TabAluhrodin500", "10tablets", "3 tmesaday", "10 days", "Tab Evion", "5tblets", "3 tmesadey", "5 days", "Syrup", "Dosapo", "Froquancy", "Duratlon", "Syrup Grillnctus bm", "10ml", "3tmdoy", "5days", "SyrupTus dx", "Sml", "2timday", "7day", "Advico:", "-Tako tod rost", "Eat nsy-to-dlgest food like boiled dce with dal", "-Stayhydrated"], "confidence": [0.951866626739502, 0.8386499881744385, 0.8577502369880676, 0.8565487265586853, 0.9676496386528015, 0.9240130186080933, 0.9427713751792908, 0.9838371276855469, 0.964890718460083, 0.8439158797264099, 0.9135541915893555, 0.8423354029655457, 0.8635157942771912, 0.8789489269256592, 0.8836497068405151, 0.740856945514679, 0.9236086010932922, 0.791504979133606, 0.9273074269294739, 0.8514732122421265, 0.8680278062820435, 0.9499614238739014, 0.8796586990356445, 0.7215166687965393, 0.7932131886482239, 0.9728748202323914, 0.8093938827514648, 0.9169834852218628, 0.9498113989830017, 0.9753844738006592, 0.9410436153411865, 0.7396991848945618, 0.8669117093086243, 0.8724809885025024, 0.9197258949279785, 0.8029371500015259, 0.8483083248138428, 0.96641606092453, 0.7913808822631836, 0.9047735333442688, 0.8862071633338928], "label": [1, 1, 1, 0, 0, 0, 0]}