{"text": ["XYZ Hospital", "123 tlealth Street,Wellness City", "Phone:+1-234.587-890", "Patlant Namx:Charl D", "p:25", "Doctor: Dr. Tumor", "Medicine", "Dosuge", "Frequency", "Duration", "Tab Trtz", "20 tblets", "20ms doy", "30 duys", "Tab Neurobin Forte", "20 tblets", "2tmesa day", "30 days", "TabDolo650", "10tablets", "3 tmesa doy", "7 days", "Cap Pan d", "10tablets", "3 tmesa duy", "30 days", "Tab Sumo cold", "5tablets", "2 tmes a duy", "7 days", "Tab Febrexplus", "10tablets", "2 tms a doy", "30 days", "Syrup", "Dosago", "Froquoncy", "Duratlon", "Syrup TusQ-dx", "10ml", "2tmdoy", "5 day", "Advico:", "-Tako to rost", "Eat nsy-to-digest food like boiled dce with dnl", "Stoytydrated"], "confidence": [0.9539994597434998, 0.836279034614563, 0.8581722378730774, 0.7921392321586609, 0.8360955119132996, 0.9568827152252197, 0.9093684554100037, 0.9427713751792908, 0.9788968563079834, 0.965709924697876, 0.804344654083252, 0.9135541915893555, 0.7523245811462402, 0.9069848656654358, 0.9506354928016663, 0.9248446226119995, 0.7703806161880493, 0.8867191672325134, 0.8898236155509949, 0.9273074269294739, 0.7852831482887268, 0.8767657279968262, 0.9107117056846619, 0.9273074269294739, 0.7931598424911499, 0.8500292897224426, 0.9149557948112488, 0.9079194068908691, 0.7522758841514587, 0.8434519171714783, 0.9309402704238892, 0.9273074269294739, 0.8156778216362, 0.8513266444206238, 0.9719002842903137, 0.9641801714897156, 0.9638596773147583, 0.9877357482910156, 0.9404671788215637, 0.9717352390289307, 0.7179483771324158, 0.8135870099067688, 0.9678854942321777, 0.7472838163375854, 0.8616782426834106, 0.8621355891227722], "label": [1, 1, 1, 0, 0, 0, 0]}