{"text": ["XYZ Hospital", "123 tlealth Street,Wellness City", "Phone:+1-234-587-890", "Patlont Nanx:Graco Willlams", ":20", "Doctor:Dr.Patol", "Medicine", "Dosuge", "Frequency", "Duration", "Cap Zovirax", "5 tablets", "20ms doy", "30 days", "Tab Allegra", "t5tablets", "3tmesaday", "7 days", "Tab Dolo 650", "5tablets", "2 tmes a duy", "7 days", "Tab Combinam", "10tablets", "2 tm5 a doy", "t4duys", "Syrup", "Dosopo", "Froquancy", "Duratlon", "Syrup Zodax", "10ml", "3mday", "5days", "Advico:", "-Tako bod rost", "Eat nsy-to-dlgest food like boiled rice with dal", "-Stynydrated"], "confidence": [0.9470403790473938, 0.851996898651123, 0.8675873875617981, 0.8236806392669678, 0.8948600888252258, 0.9479352831840515, 0.9291049838066101, 0.9030749201774597, 0.9816504716873169, 0.964890718460083, 0.8629161715507507, 0.887381374835968, 0.7529489994049072, 0.8676621317863464, 0.8720228672027588, 0.8831853270530701, 0.811162531375885, 0.8720644116401672, 0.8555488586425781, 0.9079194068908691, 0.9181955456733704, 0.991462230682373, 0.9469049572944641, 0.9247161149978638, 0.7780935168266296, 0.8394883275032043, 0.9728748202323914, 0.7810644507408142, 0.9354243874549866, 0.9490550756454468, 0.9493877291679382, 0.9658069610595703, 0.8066997528076172, 0.8614164590835571, 0.9288334846496582, 0.7142534255981445, 0.8857390284538269, 0.8980918526649475], "label": [1, 1, 1, 0, 0, 0, 0]}