{"text": ["XYZ Hospital", "123 tlealth Street,Wellness City", "Phone:+1-234.587-890", "Patlant Namx:Llam Millar", "80", "DoctorDr.Tumor", "Medicine", "Dosuge", "Frequency", "Duration", "Tab Combilam", "20tblets", "3mesday", "10duys", "Tab Zole fcream", "10 tablets", "3 tmes duy", "7 days", "Tab Cyciomelf", "5tablets", "2tmesaday", "10 duys", "Tab Febrexplus", "20 tablets", "2 tm5 a doy", "30 days", "Syrup", "Dosapo", "Froquancy", "Duratlon", "Syrup TusQx", "Sml", "2tmdoy", "4 day", "SyrupZodax", "Sml", "3timsday", "10day", "Advico:", "-Tako bod rost", "Eat nsy-to-digest food like boiled dce with dal", "-Stayhydrated"], "confidence": [0.9544928669929504, 0.8445388078689575, 0.8541738390922546, 0.8361282348632812, 0.7815377712249756, 0.9686447978019714, 0.9286406636238098, 0.9427713751792908, 0.9838371276855469, 0.9623180627822876, 0.9049258828163147, 0.9343926906585693, 0.8416870832443237, 0.9137234091758728, 0.8771246075630188, 0.8921223878860474, 0.7430770993232727, 0.8720644116401672, 0.8482409119606018, 0.9093613624572754, 0.8482097387313843, 0.8914344906806946, 0.9460821151733398, 0.8983814120292664, 0.737241804599762, 0.8853435516357422, 0.9720994234085083, 0.8093938827514648, 0.9293076395988464, 0.9347891807556152, 0.9368862509727478, 0.8684621453285217, 0.7560526728630066, 0.7662840485572815, 0.9082684516906738, 0.9197258949279785, 0.7330020666122437, 0.7979649305343628, 0.967370867729187, 0.8230072855949402, 0.9078223705291748, 0.8757689595222473], "label": [1, 0, 1, 0, 0, 0, 0]}