{"text": ["XYZ Hospital", "123 tlealth Street,Wellness City", "Phone:+1-234-587-890", "Patlont Nanx:Davld Davls", ":20", "Doctor: Dr.Lao", "Medicine", "Dosuge", "Frequency", "Duration", "Cup Colmmune", "10 tablets", "20ms doy", "10 days", "Tab Febrexplus", "20 tablets", "2tmesa day", "4days", "Tab Evion", "20 tablets", "2 tmes a duy", "5 days", "Cap Zovirax", "10tablets", "3 tmesa dey", "30 days", "Syrup", "Dosago", "Froquancy", "Duration", "Syrup TusQ-dx", "Sml", "2 tim doy", "30day", "Advico:", "-Tako bod rost", "Eat nsy-to-dlgest food like boiled rice with dal", "-Stynydrated"], "confidence": [0.953812301158905, 0.8356626629829407, 0.8928332328796387, 0.7832272052764893, 0.852616012096405, 0.907295286655426, 0.9307171702384949, 0.9054610133171082, 0.9838371276855469, 0.9623180627822876, 0.8616833686828613, 0.9107781648635864, 0.7564270496368408, 0.948471188545227, 0.9453641772270203, 0.9054545164108276, 0.7311515808105469, 0.9184122085571289, 0.9264397025108337, 0.9054545164108276, 0.7724898457527161, 0.7990822196006775, 0.8642911911010742, 0.9273074269294739, 0.7706842422485352, 0.8853435516357422, 0.9825723767280579, 0.9117240309715271, 0.9325470328330994, 0.9527572989463806, 0.9554725885391235, 0.8684621453285217, 0.7463570237159729, 0.8759253621101379, 0.9288334846496582, 0.7142534255981445, 0.8857390284538269, 0.8983654975891113], "label": [1, 1, 1, 0, 0, 0, 0]}