{"text": ["XYZ Hospital", "123 tlealth Street,Wellness City", "Phone:+1-234.587-890", "PatlantNamx:Evo Davs", "Ap:32", "Doctor: Dr.Johnson", "Medicine", "Dosuge", "Frequency", "Duration", "TabAluhrocin 500", "5 tablets", "3mesaday", "10duys", "Tab Allegra", "15tablets", "3umesaday", "4days", "TabCyciomelf", "20 tablets", "3tmes aday", "10 days", "Tab Pan d", "15tablets", "3 tmesa dey", "10days", "TabCiplox 500", "10 tablets", "3 tmesaday", "10days", "Syrup", "Dosapo", "Froquoncy", "Duratlon", "Syrup TusQx", "Sml", "2mdoy", "4dy", "Syrup Brozodox", "10ml", "2tims doy", "4 days", "Advico:", "-Tako to rost", "Eat ensy-to-digest food like boiled rice with dnl", "Stoytydrated"], "confidence": [0.9457597732543945, 0.8414099216461182, 0.8575018644332886, 0.8169185519218445, 0.7324033975601196, 0.9714476466178894, 0.9556780457496643, 0.979745090007782, 0.98100346326828, 0.9623180627822876, 0.7928605079650879, 0.8705056309700012, 0.7910140752792358, 0.9152160286903381, 0.8742099404335022, 0.8913987278938293, 0.8479437828063965, 0.9184122085571289, 0.8709897398948669, 0.8709948658943176, 0.8216320872306824, 0.8622841835021973, 0.9119564890861511, 0.8865651488304138, 0.7762048244476318, 0.9193813800811768, 0.9221409559249878, 0.901634693145752, 0.8302022218704224, 0.9213528037071228, 0.9703512191772461, 0.9139150977134705, 0.9104382991790771, 0.9472008943557739, 0.9397844076156616, 0.9197258949279785, 0.7373758554458618, 0.962104082107544, 0.9708676338195801, 0.9380403757095337, 0.7041686773300171, 0.8612959980964661, 0.96775883436203, 0.7215479612350464, 0.844878613948822, 0.8652937412261963], "label": [1, 0, 1, 0, 0, 0, 0]}