{"text": ["XYZ Hospital", "123 tlealth Street,Wellness City", "Phone:+1-234.587-890", "PatlantNamx:Allco Smith", "p:71", "Doctor: Dr. Millor", "Medicine", "Dosuge", "Frequency", "Duration", "TabCiplox500", "15tablets", "20ms day", "30 days", "Tab Zole f creum", "20 tblets", "3 0ms dey", "5days", "Tab Pand", "5tablets", "2 tmesa day", "7 days", "TabCyciomeff", "t5tablets", "3 tmesa dey", "4days", "Tab Febrexplus", "5tablets", "3tmesaday", "5days", "Syrup", "Dosapo", "Froquoncy", "Duratlon", "Syrup Corox", "Sml", "2timday", "10day", "Advico:", "-Tako tod rost", "Eat nsy-to-digest food like boiled dce with dal", "-Stayhydrated"], "confidence": [0.951866626739502, 0.8435166478157043, 0.8541738390922546, 0.8523212671279907, 0.7573233842849731, 0.9514191150665283, 0.9302595853805542, 0.9427713751792908, 0.9838371276855469, 0.964890718460083, 0.8927450776100159, 0.8913987278938293, 0.7605679631233215, 0.8676621317863464, 0.8610037565231323, 0.9185055494308472, 0.7231447696685791, 0.8344883918762207, 0.9177770614624023, 0.8878754377365112, 0.7550585269927979, 0.8720644116401672, 0.8750760555267334, 0.8659577965736389, 0.7729131579399109, 0.9184122085571289, 0.9312713742256165, 0.9057856798171997, 0.8785970211029053, 0.8882506489753723, 0.9747051000595093, 0.918595016002655, 0.9749724864959717, 0.9654592275619507, 0.9607416391372681, 0.9197258949279785, 0.7432094216346741, 0.8202261924743652, 0.9675191640853882, 0.8316531181335449, 0.89924156665802, 0.88934326171875], "label": [1, 0, 1, 0, 0, 0, 0]}