{"text": ["XYZ Hospital", "123 tlealth Street,Wellness City", "Phone:+1-234-587-890", "Patlont Nanx:Evo Wlllams", "p:72", "Doctor:Dr.Patol", "Medicine", "Dosuge", "Frequency", "Duration", "TabFebrexplus", "10tablets", "3mesday", "4duys", "Cap Zovirax", "5tablets", "3 tmes doy", "10days", "Tab Zole f cream", "5tablets", "2 tmsa duy", "7 days", "Cap Dilanun", "15tablets", "3tmes aday", "10days", "Tab Dolonex dt", "10tablets", "2 umes a duy", "7 days", "Tab Cetine", "10tablets", "3 tmesa dey", "t4days", "Syrup", "Dosago", "Froquoncy", "Durotlon", "Syrup TusQ dx", "10ml", "2 tim doy", "7days", "Syrup Cypon", "10ml", "3timday", "Sday", "Advico:", "-Tako tod rost", "Eat nsy-to-digest food like boiled rice with dnl", "-Stytydrated"], "confidence": [0.9472012519836426, 0.8390575647354126, 0.883992075920105, 0.7530881762504578, 0.7978620529174805, 0.947117030620575, 0.9254783391952515, 0.9422492384910583, 0.9902750849723816, 0.9623180627822876, 0.978333592414856, 0.9273074269294739, 0.8316771388053894, 0.9136894941329956, 0.8876522183418274, 0.9046000242233276, 0.7507402896881104, 0.8628065586090088, 0.8528771996498108, 0.9159331321716309, 0.7483718395233154, 0.8594018816947937, 0.8795497417449951, 0.8671495914459229, 0.858249306678772, 0.8654675483703613, 0.9094135165214539, 0.9273074269294739, 0.7387182116508484, 0.861883819103241, 0.9371212124824524, 0.9273074269294739, 0.8336135745048523, 0.8406792283058167, 0.988613486289978, 0.8285646438598633, 0.9466862082481384, 0.934342622756958, 0.9477811455726624, 0.9702969789505005, 0.7873589992523193, 0.8807341456413269, 0.9619796872138977, 0.9599877595901489, 0.781631350517273, 0.7481143474578857, 0.9374408721923828, 0.7723812460899353, 0.8472650647163391, 0.9093573093414307], "label": [1, 1, 1, 0, 0, 0, 0]}