{"text": ["XYZ Hospital", "123 tlealth Street,Wellness City", "Phone:+1-234-587-890", "Patlont Nanx:Davld Millor", "p:22", "Doctor: Dr.Smith", "Medicine", "Dosage", "Frequency", "Duration", "Tab Neurobin Forte", "20 tblets", "3mesday", "10duys", "Tab Ciplox500", "t5tablets", "3umesaday", "4days", "Tab Dolonex dt", "t5tblets", "2 tmes a duy", "7days", "Tab Cyciopam", "t5tablets", "3 tmesa dey", "7 days", "Syrup", "Dosago", "Froquancy", "Duration", "Syrup Cypon", "10ml", "3 tims doy", "10days", "Advico:", "-Tako tod rost", "Eat nsy-to-dlgest food like boiled rice with dal", "-Styhydrated"], "confidence": [0.9542763829231262, 0.8385964632034302, 0.8889164924621582, 0.8539099097251892, 0.7944168448448181, 0.9516972899436951, 0.9286406636238098, 0.8897534012794495, 0.9789015650749207, 0.9623180627822876, 0.9495669603347778, 0.9135541915893555, 0.8425248265266418, 0.9152160286903381, 0.9011846780776978, 0.8836497068405151, 0.8553574085235596, 0.8935898542404175, 0.9258884787559509, 0.9061143398284912, 0.8931125998497009, 0.9236086010932922, 0.8812530636787415, 0.8856318593025208, 0.8120609521865845, 0.8767657279968262, 0.9852066040039062, 0.9191999435424805, 0.9371910095214844, 0.9758866429328918, 0.950643002986908, 0.9658069610595703, 0.7696221470832825, 0.8736727833747864, 0.9288334846496582, 0.7388202548027039, 0.8857390284538269, 0.8823270797729492], "label": [1, 0, 1, 0, 0, 0, 0]}