{"text": ["XYZ Hospital", "123 tlealth Street,Wellness City", "Phone:+1-234.587-890", "PatlntNan:Jan D", "Apo:77", "Doctor: Dr. Millor", "Medicine", "Dosuge", "Frequency", "Duration", "TabClovum 025", "5 tablets", "3mesaday", "t4 duys", "Tab Pan d", "10 tablets", "20mesaday", "7 days", "TabDolo 650", "5tablets", "2 tmesa dey", "10 days", "Tab Febrex plus", "5tablets", "2umesaday", "5days", "Cap Pan d", "10 tablets", "3 tmesaday", "30 days", "Syrup", "Dosapo", "Froquoncy", "Duratlon", "Syrup TusQ dx", "10ml", "3tms doy", "30dny", "Syrup Cypon", "10ml", "3tims doy", "4 days", "Advico:", "-Tako tod rost", "Eat nsy-to-digest food like boiled rice with dnl", "Stoybydrated"], "confidence": [0.9573611617088318, 0.8420253992080688, 0.8575018644332886, 0.8469309210777283, 0.7262139916419983, 0.9641761779785156, 0.9271574020385742, 0.979745090007782, 0.98100346326828, 0.9629752039909363, 0.7830778956413269, 0.8705056309700012, 0.7910140752792358, 0.8655126690864563, 0.9305731654167175, 0.8921223878860474, 0.7719011902809143, 0.8720644116401672, 0.8157718181610107, 0.9093613624572754, 0.7692209482192993, 0.8690416216850281, 0.9107867479324341, 0.8716651201248169, 0.8129724264144897, 0.8746163249015808, 0.8775922060012817, 0.901634693145752, 0.8321623802185059, 0.8853435516357422, 0.9648510217666626, 0.9139150977134705, 0.9507405757904053, 0.9921525120735168, 0.9517427682876587, 0.9483411312103271, 0.7066380381584167, 0.8377351760864258, 0.9881892800331116, 0.9604064226150513, 0.7529909014701843, 0.8612959980964661, 0.9687759280204773, 0.7879562377929688, 0.8504207730293274, 0.8390377163887024], "label": [1, 1, 1, 0, 0, 0, 0]}