{"text": ["XYZ Hospital", "123 tlealth Street,Wellness City", "Phone:+1-234-587-890", "Patlont Nanx:Davld Davls", "Ap:53", "Doctor: Dr. Millor", "Medicine", "Dosuge", "Frequency", "Duration", "Cup Omez", "5 tablets", "3mesday", "30 days", "Tab Combinam", "t5tablets", "3tmesaday", "4days", "TabDolo 650", "t5tblets", "2 tmes a duy", "30 days", "TabClavum025", "10tablets", "2 tms a dey", "7 days", "Syrup", "Dosago", "Froquancy", "Ouration", "Syrup Grillnctus tm", "10ml", "2 tim doy", "7 days", "Advico:", "-Tako tod rost", "Eat nsy-to-dlgest food like boiled rice with dal", "-Styhydrated"], "confidence": [0.9541015028953552, 0.8356626629829407, 0.8928332328796387, 0.8057720065116882, 0.7789907455444336, 0.9733336567878723, 0.9307171702384949, 0.9030749201774597, 0.9805853366851807, 0.964890718460083, 0.82268226146698, 0.8757308125495911, 0.845176637172699, 0.8920504450798035, 0.9228599071502686, 0.8831853270530701, 0.834313154220581, 0.8935898542404175, 0.8595665097236633, 0.9061143398284912, 0.80484938621521, 0.8724113702774048, 0.8502249121665955, 0.9283921122550964, 0.7383468747138977, 0.8720644116401672, 0.9728748202323914, 0.9117240309715271, 0.936258852481842, 0.9278722405433655, 0.9919008016586304, 0.9658069610595703, 0.7548075318336487, 0.9799483418464661, 0.9288334846496582, 0.7059499621391296, 0.8857390284538269, 0.8782772421836853], "label": [1, 0, 1, 0, 0, 0, 0]}