{"text": ["XYZ Hospital", "123 tlealth Street,Wellness City", "Phone:+1-234.587-890", "PatlntNanx:Davld Brown", "p:03", "Doctor: Dr.Patol", "Medicine", "Dosuge", "Frequency", "Duration", "Tab Dolonex dt", "10 tablets", "3mesday", "10duys", "Tab Cyciomelf", "10tablets", "2 um5  duy", "30 days", "Tab Combinam", "20 tablets", "2 tmesa duy", "5 days", "Tab Evion", "5tablets", "3tmes aday", "30 days", "Cap Zovirax", "5tablets", "2 tmes a duy", "t4duys", "TabClovum 25", "5tablets", "2 tmes a doy", "5 duys", "Syrup", "Dosago", "Froquoncy", "Duratlon", "Syrup Cypon", "10ml", "2tmdoy", "10days", "Advico:", "-Tako tod rost", "Eat nsy-to-digest food like boiled dce with dnl", "Stoytydrated"], "confidence": [0.9573611617088318, 0.8414099216461182, 0.8575018644332886, 0.8388546109199524, 0.7430418729782104, 0.9582037925720215, 0.930323600769043, 0.9422492384910583, 0.9790523052215576, 0.9629752039909363, 0.917360246181488, 0.8778047561645508, 0.8458738923072815, 0.9152160286903381, 0.8537198305130005, 0.9273074269294739, 0.7169803380966187, 0.8518379926681519, 0.9178631901741028, 0.8709948658943176, 0.7242051959037781, 0.7517222762107849, 0.9262643456459045, 0.9046000242233276, 0.8595724105834961, 0.8500292897224426, 0.887336790561676, 0.9079194068908691, 0.7857459187507629, 0.8394883275032043, 0.8139557242393494, 0.9079194068908691, 0.8100890517234802, 0.9175510406494141, 0.9720994234085083, 0.958836555480957, 0.9529516696929932, 0.9876395463943481, 0.9878482818603516, 0.9717352390289307, 0.7179483771324158, 0.8282742500305176, 0.9678854942321777, 0.7592254281044006, 0.859613835811615, 0.856630802154541], "label": [1, 1, 1, 0, 0, 0, 0]}