{"text": ["XYZ Hospital", "123 tlealth Street,Wellness City", "Phone:+1-234.587-890", "PatlantNamx:Evo Brown", "Ap:51", "Doctor: Dr.Lao", "Medicine", "Dosuge", "Frequency", "Duration", "Cap CoImmune", "15tablets", "3mesday", "7 duys", "Tab Febrexplus", "5tablets", "20mesaday", "4duys", "TabA1urodin 500", "15tablets", "3tmes aday", "30 duys", "Cap Zovirax", "t5tablets", "3tmesaday", "10days", "Tab Sumo cold", "5tablets", "3 tmesaday", "10days", "Syrup", "Dosapo", "Froquoncy", "Duratlon", "Syrup Corox-dx", "10ml", "3tms doy", "7day", "Syrup TusQ-dx", "Sml", "3 tims doy", "4 day", "Advico:", "-Tako tod rost", "Eat nsy-to-digest food like boiled rice with dnl", "Stoytydrated"], "confidence": [0.9527716040611267, 0.8410260081291199, 0.8575018644332886, 0.8354803919792175, 0.7541440725326538, 0.8878427147865295, 0.9554219245910645, 0.9740098118782043, 0.9788968563079834, 0.9564203023910522, 0.8843457698822021, 0.8927748799324036, 0.8458738923072815, 0.8653728365898132, 0.9454604983329773, 0.895728349685669, 0.7241058349609375, 0.9083743095397949, 0.830314576625824, 0.8623680472373962, 0.8267742395401001, 0.9156034588813782, 0.9159099459648132, 0.8830724954605103, 0.8878806829452515, 0.9193813800811768, 0.8998035192489624, 0.9079194068908691, 0.8439608812332153, 0.9213528037071228, 0.9719002842903137, 0.7913495898246765, 0.9345409870147705, 0.8995916843414307, 0.9738151431083679, 0.9483411312103271, 0.7066380381584167, 0.8639349937438965, 0.9664191603660583, 0.9197258949279785, 0.7696221470832825, 0.7794343829154968, 0.9689494371414185, 0.7110406756401062, 0.8504207730293274, 0.871784508228302], "label": [1, 1, 1, 0, 0, 0, 0]}