{"text": ["XYZ Hospital", "123 tlealth Street,Wellness City", "Phone:+1-234-587-890", "Patlant Nanx:Jano Whito", ":70", "Doctor:Dr.Patol", "Medicine", "Dosage", "Frequency", "Duration", "TabNeurobin Forte", "5 tablets", "3mesday", "30 days", "Tab Zole fcream", "10 tablets", "3tmesaday", "30 days", "Tab Dolonex dt", "10 tablets", "2tmesaday", "4 duys", "Tab Combinam", "10tablets", "3 tmesa dey", "30 days", "Syrup", "Dosago", "Froquancy", "Ouration", "Syrup Corox-dx", "Sml", "2 tim doy", "5days", "Advico:", "-Tako tod rost", "Eat nsy-to-dlgest food like boiled rice with dal", "-Stynydrated"], "confidence": [0.9428961873054504, 0.8450579047203064, 0.888440728187561, 0.8372529149055481, 0.8068459033966064, 0.9495721459388733, 0.930323600769043, 0.8897534012794495, 0.9827357530593872, 0.964890718460083, 0.955646276473999, 0.8757308125495911, 0.8316771388053894, 0.8676621317863464, 0.8766666054725647, 0.8921223878860474, 0.8317393660545349, 0.8500292897224426, 0.9150214791297913, 0.8921223878860474, 0.8641469478607178, 0.944999635219574, 0.9492085576057434, 0.9273074269294739, 0.8120609521865845, 0.8853435516357422, 0.9728748202323914, 0.9191999435424805, 0.9371910095214844, 0.9243900775909424, 0.9456983804702759, 0.8684621453285217, 0.7383052706718445, 0.8875328302383423, 0.9288334846496582, 0.7380245327949524, 0.8857390284538269, 0.8807796835899353], "label": [1, 0, 1, 0, 0, 0, 0]}