{"text": ["XYZ Hospital", "123 tlealth Street,Wellness City", "Phone:+1-234-587-890", "Patlont Namx:Llam Ro", "Ap:27", "Doctor:Dr.Patol", "Medicine", "Dosage", "Frequency", "Duration", "Cup Colmmune", "10tablets", "3mesday", "5 days", "Tab Evion", "10tablets", "3tmesaday", "7 days", "Cap Cypon", "5tablets", "3 tmes a duy", "4 days", "Cap Zovirax", "t5tablets", "2 tm5 a doy", "5 days", "Syrup", "Dosopo", "Froquancy", "Duratlon", "Syrup TusQx", "10ml", "2 tim doy", "5days", "Advico:", "-Tako bod rost", "Eat nsy-to-dlgest food like boiled rice with dal", "-Stynydrated"], "confidence": [0.9468161463737488, 0.8397927284240723, 0.9010553359985352, 0.7557393312454224, 0.720230758190155, 0.9523522853851318, 0.9307171702384949, 0.9027800559997559, 0.9788968563079834, 0.964890718460083, 0.8363853096961975, 0.9273074269294739, 0.8407676815986633, 0.7393367886543274, 0.9301466345787048, 0.9273074269294739, 0.811162531375885, 0.8720644116401672, 0.9452340006828308, 0.8878754377365112, 0.8768436908721924, 0.8902750611305237, 0.860115110874176, 0.8862625360488892, 0.7406336069107056, 0.8378275036811829, 0.9747051000595093, 0.7810644507408142, 0.9354243874549866, 0.9345743060112, 0.9471550583839417, 0.9658069610595703, 0.7463570237159729, 0.8675468564033508, 0.9288334846496582, 0.7142534255981445, 0.8857390284538269, 0.8972119688987732], "label": [1, 1, 1, 0, 0, 0, 0]}