{"text": ["XYZ Hospital", "123 tlealth Street,Wellness City", "Phone:+1-234-587-890", "Patlnt NanLiam Ro", ":9", "Doctor:Dr.Smith", "Medicine", "Dosuge", "Frequency", "Duration", "TabAluhrodn 500", "10tablets", "3mesdey", "10days", "TabClavun25", "15tablets", "2 tm0s  duy", "30 days", "Cap Dilanun", "10 tablets", "3tmes aday", "5days", "Cap Cypon", "10tablets", "2 tmesa day", "4duys", "Tab Cyciopum", "20tblets", "3 tmesaday", "5days", "Cap Omez", "5tablets", "2 tms a doy", "t4days", "Syrup", "Dosago", "Froquoncy", "Duratlon", "Syrup Cypon", "10ml", "2 timdoy", "10days", "Syrup Corox-dx", "10ml", "2timday", "10days", "Advico:", "-Tako tod rst", "Eat nsy-to-digest food like boiled rice with dnl", "-Stytydrated"], "confidence": [0.9475247859954834, 0.8397927284240723, 0.8962975740432739, 0.7834721207618713, 0.7382210493087769, 0.9457792639732361, 0.930323600769043, 0.9415733814239502, 0.9905779957771301, 0.9623180627822876, 0.7808957695960999, 0.9273074269294739, 0.8327884078025818, 0.8628065586090088, 0.8671016693115234, 0.8671495914459229, 0.7051472663879395, 0.8513266444206238, 0.9353587627410889, 0.8921223878860474, 0.8510677218437195, 0.8520981669425964, 0.9463193416595459, 0.9273074269294739, 0.8068044185638428, 0.9083743095397949, 0.8529641032218933, 0.9145114421844482, 0.8309677243232727, 0.8520981669425964, 0.8823136687278748, 0.8909797668457031, 0.8156778216362, 0.8431406617164612, 0.9885613322257996, 0.8360254764556885, 0.9466862082481384, 0.9896453619003296, 0.9865353107452393, 0.9702969789505005, 0.7554259300231934, 0.8172560334205627, 0.9718355536460876, 0.9599877595901489, 0.8143227696418762, 0.8326132893562317, 0.9622077345848083, 0.7242653369903564, 0.8472199440002441, 0.9149673581123352], "label": [1, 1, 1, 0, 0, 0, 0]}