{"text": ["XYZ Hospital", "123 tlealth Street,Wellness City", "Phone:+1-234.587-890", "Patlont Nanx:Chadlo Wlllams", ":40", "Doctor: Dr. Tumor", "Medicine", "Dosuge", "Frequency", "Duration", "Tab Cetine", "15tblets", "3mesday", "10 days", "TabA1urodin 500", "10 tablets", "3 tmes duy", "7 days", "Tab Cyciopom", "10 tablets", "3 tmesa duy", "10 duys", "Tab Dolo650", "10tablets", "2 tmes a duy", "7 days", "Tab Pan d", "10tablets", "2 tmes a duy", "5days", "Cap Zovirax", "5tablets", "2 tms a dey", "t4days", "Syrup", "Dosago", "Froquoncy", "Duratlon", "Syrup Grillnctus tm", "10ml", "2tdoy", "7day", "Advico:", "-Tako to rost", "Eat nsy-to-digest food like boiled dce with dnl", "Stoybydrated"], "confidence": [0.9530457854270935, 0.8392246961593628, 0.8581722378730774, 0.7968841791152954, 0.8325653076171875, 0.9701182246208191, 0.930323600769043, 0.9420654773712158, 0.9788968563079834, 0.9623180627822876, 0.9174391031265259, 0.9046850204467773, 0.8467262983322144, 0.9548414945602417, 0.8158308863639832, 0.8921223878860474, 0.7329468727111816, 0.8452855944633484, 0.8463063836097717, 0.8921223878860474, 0.798012912273407, 0.8863319754600525, 0.8449696898460388, 0.9273074269294739, 0.7414012551307678, 0.8452855944633484, 0.8963916301727295, 0.9273074269294739, 0.753273069858551, 0.8691898584365845, 0.8622894883155823, 0.8909797668457031, 0.7880218029022217, 0.8406792283058167, 0.9719002842903137, 0.9523525834083557, 0.9637989401817322, 0.9845994710922241, 0.9832508563995361, 0.9751888513565063, 0.698294997215271, 0.940690815448761, 0.9678854942321777, 0.7605816721916199, 0.8616782426834106, 0.8221619129180908], "label": [1, 1, 1, 0, 0, 0, 0]}