{"text": ["XYZ Hospital", "123 tlealth Street,Wellness City", "Phone:+1-234-587-890", "Patlont Nanx:Evo Whito", "Ap:35", "Doctor: Dr. Tumor", "Medicine", "Dosage", "Frequency", "Duration", "Tab Combinam", "10tablets", "3mesday", "5 days", "Cap Zovirax", "10 tablets", "3tmesaday", "7 days", "TabCiplox500", "10 tablets", "2 tmes a duy", "7 days", "Tab Dolonex dt", "10tablets", "2 tmes a doy", "5 days", "Syrup", "Dosago", "Froquancy", "Durntion", "Syrup TusQx", "10ml", "2 tim doy", "10day", "Advico:", "-Tako tod rost", "Eat nsy-to-dlgest food like boiled rice with dal", "-Stynydrated"], "confidence": [0.9545387625694275, 0.8450579047203064, 0.8954404592514038, 0.8238945007324219, 0.7815839052200317, 0.9610524773597717, 0.930323600769043, 0.9027800559997559, 0.9788968563079834, 0.964890718460083, 0.9409714341163635, 0.9273074269294739, 0.8427592515945435, 0.7393367886543274, 0.8821117877960205, 0.9107781648635864, 0.8034953474998474, 0.8720644116401672, 0.9181119799613953, 0.8921223878860474, 0.8666040897369385, 0.8767657279968262, 0.9178524613380432, 0.9273074269294739, 0.7738568782806396, 0.857534646987915, 0.9852066040039062, 0.9191999435424805, 0.9354243874549866, 0.8845467567443848, 0.9471550583839417, 0.9658069610595703, 0.754502534866333, 0.8418286442756653, 0.9288334846496582, 0.7340252995491028, 0.8857390284538269, 0.8704662919044495], "label": [1, 1, 1, 0, 0, 0, 0]}