{"text": ["XYZ Hospital", "123 tlealth Street,Wellness City", "Phone:+1-234.587-890", "PatlantNamx:Llam Smith", "Ap:51", "Doctor: Dr.Lao", "Medicine", "Dosuge", "Frequency", "Duration", "Tab Tz", "5 tablets", "20ms duy", "10 days", "Tab Cetine", "20 tblets", "20mes dey", "7 days", "TabAluhrocin 500", "20 tablets", "3 tmesa duy", "4 duys", "Cap Coimmune", "5tablets", "3tmes aday", "10days", "Tab Sumo cold", "15tablets", "2 tmes a duy", "30 days", "Tab Pand", "20 tablets", "2 tms a doy", "4days", "Syrup", "Dosago", "Froquoncy", "Duratlon", "Syrup Grillnctus tm", "Sml", "3tms doy", "5 days", "Advico:", "-Tako to rost", "Eat nsy-to-digest food like boiled dce with dnl", "Stoytydrated"], "confidence": [0.9540293216705322, 0.8463214039802551, 0.8575018644332886, 0.8460050821304321, 0.7661563158035278, 0.8984217047691345, 0.9254783391952515, 0.979745090007782, 0.9803639650344849, 0.9623180627822876, 0.8537101149559021, 0.887381374835968, 0.7694001793861389, 0.9548414945602417, 0.9317525625228882, 0.9248446226119995, 0.7428823113441467, 0.8594018816947937, 0.7457668781280518, 0.8709948658943176, 0.8074479699134827, 0.939846932888031, 0.8703351020812988, 0.9046000242233276, 0.8616535067558289, 0.8628065586090088, 0.9160355925559998, 0.8647039532661438, 0.7522758841514587, 0.8513266444206238, 0.9297229647636414, 0.8797799944877625, 0.8156778216362, 0.9184122085571289, 0.9719002842903137, 0.9144992828369141, 0.9524527788162231, 0.9544193744659424, 0.9845851063728333, 0.927854061126709, 0.7066380381584167, 0.7886900901794434, 0.9678854942321777, 0.7523747086524963, 0.8601347208023071, 0.856630802154541], "label": [1, 1, 1, 0, 0, 0, 0]}