{"text": ["XYZ Hospital", "123 tlealth Street,Wellness City", "Phone:+1-234.587-890", "Patlant Nanx:Davld Whito", "p:21", "Doctor:Dr.Smith", "Medicine", "Dosage", "Frequency", "Duration", "TabClvum 25", "5tablets", "3 tmesaday", "7 days", "Tab Febrex plus", "10tablets", "20mesadey", "7 days", "TabCyclopam", "10 tablets", "3 tmesa doy", "10 days", "Tab Dolo 650", "15tablets", "3 tmesa dey", "$ days", "Tab Pand", "20tablets", "2tmesaday", "7 days", "Syrup", "Dosopo", "Froquoncy", "Duration", "Syrup Grillnctus tm", "10ml", "3timsday", "30dy", "Advico:", "-Tako tod rost", "Eat nsy-to-dlgest food like boiled dce with dal", "-Stayhydrated"], "confidence": [0.95541912317276, 0.8380128741264343, 0.8541738390922546, 0.8278055787086487, 0.6957564949989319, 0.9714006185531616, 0.930323600769043, 0.9033363461494446, 0.986274003982544, 0.964890718460083, 0.8431541919708252, 0.901167631149292, 0.7218648195266724, 0.8635157942771912, 0.9186027646064758, 0.9273074269294739, 0.7721102237701416, 0.8720644116401672, 0.8937421441078186, 0.8921223878860474, 0.7590215802192688, 0.8690416216850281, 0.8153249621391296, 0.8865138292312622, 0.7739810347557068, 0.9325768351554871, 0.9204728007316589, 0.8978633880615234, 0.8475243449211121, 0.8720644116401672, 0.9720994234085083, 0.7710023522377014, 0.9624842405319214, 0.9667842388153076, 0.9804643392562866, 0.9347427487373352, 0.7241389751434326, 0.9668070673942566, 0.9678854942321777, 0.7801290154457092, 0.901470422744751, 0.8786836266517639], "label": [1, 0, 1, 0, 0, 0, 0]}