{"text": ["XYZ Hospital", "123 tlealth Street,Wellness City", "Phone:+1-234-587-890", "Patlant Nanx:Davld Johnson", "Apo:55", "Doctor: Dr. Millor", "Medicine", "Dosuge", "Frequency", "Duration", "TabZole fcreum", "10tablets", "20ms doy", "30 days", "Tab Febrex plus", "5tablets", "2mes  duy", "30 days", "Tab Cetine", "20 tablets", "3 tmes a duy", "30 duys", "Tab Sumo cold", "5tablets", "3 tmes doy", "4days", "Syrup", "Dosopo", "Froquancy", "Ouration", "Syrup TusQx", "10ml", "2 tm doy", "5days", "Advico:", "-Tako tod rost", "Eat nsy-to-dlgest food like boiled rice with dal", "-Styhydrated"], "confidence": [0.9466513991355896, 0.8391073942184448, 0.8772509694099426, 0.8543285131454468, 0.7298091053962708, 0.9652915596961975, 0.9196256399154663, 0.9054610133171082, 0.9838371276855469, 0.964890718460083, 0.9012867212295532, 0.9273074269294739, 0.7563122510910034, 0.8676621317863464, 0.9143275022506714, 0.8909797668457031, 0.7555578351020813, 0.8500292897224426, 0.9355701208114624, 0.8709948658943176, 0.8568880558013916, 0.9196853041648865, 0.9019667506217957, 0.8909797668457031, 0.717296302318573, 0.9184122085571289, 0.9728748202323914, 0.7810644507408142, 0.935694694519043, 0.9243900775909424, 0.9471550583839417, 0.9658069610595703, 0.7093347311019897, 0.8875328302383423, 0.9288334846496582, 0.7059499621391296, 0.8857390284538269, 0.8782772421836853], "label": [1, 0, 1, 0, 0, 0, 0]}