{"text": ["XYZ Hospital", "123 tlealth Street,Wellness City", "Phone:+1-234.587-890", "PatlontNam:Allco Brown", ":07", "Doctor: Dr. Millor", "Medicine", "Dosuge", "Frequency", "Duration", "Tab Combinam", "20 tblets", "20ms doy", "14duys", "Cap Cypon", "5tablets", "20mesadey", "30 days", "Cap Omez", "15tablets", "2 tmes aday", "30 days", "Tab Dolo 650", "15tablets", "2 tmes adey", "5days", "Tab Cyciomelf", "10 tablets", "2tmesaday", "10days", "Syrup", "Dosapo", "Froquoncy", "Duratlon", "Syrup Cypon", "Sml", "2tmsdoy", "5day", "Syrup Corox-dx", "Sml", "3tims doy", "7days", "Advico:", "-Tako tod rost", "Eat nsy-to-digest food like boiled rice with dnl", "Stoybydrated"], "confidence": [0.9544651508331299, 0.8410260081291199, 0.8575018644332886, 0.8413333892822266, 0.7965459227561951, 0.9714028239250183, 0.9286406636238098, 0.9740098118782043, 0.9788968563079834, 0.9623180627822876, 0.9407057762145996, 0.9135541915893555, 0.767784595489502, 0.8650357723236084, 0.9456610083580017, 0.8912277221679688, 0.7721102237701416, 0.8663529753684998, 0.8081666827201843, 0.8913987278938293, 0.7674550414085388, 0.8833222985267639, 0.8140571713447571, 0.8865138292312622, 0.8029002547264099, 0.8691898584365845, 0.8472607731819153, 0.901634693145752, 0.8577829003334045, 0.924377977848053, 0.9719002842903137, 0.90386563539505, 0.9083086848258972, 0.9960426092147827, 0.9832866787910461, 0.8684621453285217, 0.6669524312019348, 0.7321327924728394, 0.9816890954971313, 0.9197258949279785, 0.7613676190376282, 0.9060519337654114, 0.9687759280204773, 0.7298118472099304, 0.8504207730293274, 0.8390377163887024], "label": [1, 1, 1, 0, 0, 0, 0]}