{"text": ["XYZ Hospital", "123 tlealth Street,Wellness City", "Phone:+1-234-587-890", "Patlont Nanx:Llam Wlllams", "p:73", "Doctor:Dr.Patol", "Medicine", "Dosuge", "Frequency", "Duration", "Cap Cypon", "20tblets", "20ms dey", "5days", "Tab Surno cold", "5tablets", "3 umes doy", "4duys", "Tab Pan d", "10tablets", "3 tmesa doy", "4duys", "Cap Zovirax", "20 tblets", "2tmesa day", "5days", "Tab Febrexplus", "5tablets", "2 tmes a duy", "4duys", "Tab Cetine", "5tablets", "2tmesa day", "4duys", "Syrup", "Dosago", "Froquoncy", "Duratlon", "Syrup Corox-dx", "Sml", "3tims doy", "30day", "Syrup TusQx", "10ml", "2timday", "7day", "Advico:", "-Tako tod rst", "Eat nsy-to-digest food like boiled rice with dal", "-Stytydrated"], "confidence": [0.9537635445594788, 0.8371395468711853, 0.8868597745895386, 0.8438600301742554, 0.8230582475662231, 0.947583019733429, 0.930323600769043, 0.9427713751792908, 0.9902750849723816, 0.964890718460083, 0.9231517314910889, 0.9145114421844482, 0.7692691087722778, 0.8641525506973267, 0.8330506086349487, 0.8873331546783447, 0.7165395617485046, 0.9136894941329956, 0.8833444118499756, 0.9247161149978638, 0.7694242000579834, 0.9136894941329956, 0.8502258658409119, 0.9086169004440308, 0.8333294987678528, 0.8641525506973267, 0.9402605891227722, 0.9079194068908691, 0.7853452563285828, 0.9083743095397949, 0.9303092956542969, 0.8909797668457031, 0.8431428074836731, 0.9083743095397949, 0.988613486289978, 0.8496239185333252, 0.9466862082481384, 0.9899555444717407, 0.9725632667541504, 0.860496461391449, 0.732460081577301, 0.8886368870735168, 0.9398233294487, 0.9357630014419556, 0.7733154892921448, 0.8754475712776184, 0.9374408721923828, 0.7242653369903564, 0.9020175933837891, 0.9058265686035156], "label": [1, 1, 1, 0, 0, 0, 0]}