{"text": ["XYZ Hospital", "123 tlealth Street,Wellness City", "Phone:+1-234.587-890", "Patlant Nanx:Davld Davs", "Ap:33", "Doctor:Dr.Patol", "Medicine", "Dosuge", "Frequency", "Duration", "TabNeurobin Forte", "20 tblets", "20ms dey", "30 days", "Tab Evion", "t5tablets", "2tmesa dey", "4days", "TabDolo 650", "10tablets", "3 tmesaday", "7 days", "Tab Triz", "10tablets", "2 tms a day", "7 days", "Syrup", "Dosago", "Froquoncy", "Duration", "Syrup Fobrox plus", "Sml", "3tms doy", "7days", "SyrupZodax", "Sml", "3timsday", "5day", "Advico:", "-Tako bod rost", "Eat nsy-to-digest food like boiled dce with dal", "-Staytydrated"], "confidence": [0.9555370807647705, 0.8350533843040466, 0.8577502369880676, 0.7819976806640625, 0.7616316080093384, 0.9318383932113647, 0.930323600769043, 0.9427713751792908, 0.9838371276855469, 0.964890718460083, 0.9551669955253601, 0.9135541915893555, 0.7710025310516357, 0.8676621317863464, 0.9279268980026245, 0.8836497068405151, 0.7338863611221313, 0.9184122085571289, 0.8557758927345276, 0.9273074269294739, 0.8439608812332153, 0.8480218052864075, 0.9694429636001587, 0.9247161149978638, 0.8000491857528687, 0.8720644116401672, 0.9747051000595093, 0.8496239185333252, 0.9308472871780396, 0.9527572989463806, 0.992190957069397, 0.8684621453285217, 0.7202708125114441, 0.928950309753418, 0.8965408205986023, 0.9197258949279785, 0.7859691381454468, 0.7321327924728394, 0.967370867729187, 0.8304697871208191, 0.9078223705291748, 0.9250409007072449], "label": [1, 0, 1, 0, 0, 0, 0]}