{"text": ["XYZ Hospital", "123 tlealth Street,Wellness City", "Phone:+1-234-587-890", "Patlant Nanx:John Davs", "Ap:59", "Doctor:Dr.Johnson", "Medicine", "Dosage", "Frequency", "Duration", "Cap Pan d", "15tablets", "20ms doy", "$ days", "Tab Dolo650", "5tablets", "3tmesaday", "30 days", "Cap Dilanun", "20 tablets", "3 tmes a duy", "5 days", "Tab Cyciomeff", "t5tablets", "3 tmesadey", "7 days", "Syrup", "Dosago", "Froquancy", "Duratlon", "Syrup TusQx", "Sml", "2 tim doy", "30day", "Advico:", "-Takotorost", "Eat nsy-to-dlgest food like boiled rice with dal", "-Stynydrated"], "confidence": [0.9474150538444519, 0.8472570776939392, 0.8803019523620605, 0.8321880102157593, 0.660327136516571, 0.9754475951194763, 0.9286406636238098, 0.8880900740623474, 0.9788968563079834, 0.964890718460083, 0.9601354598999023, 0.8927748799324036, 0.7520666718482971, 0.837290346622467, 0.8414526581764221, 0.8909797668457031, 0.8145215511322021, 0.8663529753684998, 0.929027795791626, 0.8967920541763306, 0.8619096875190735, 0.7990822196006775, 0.845352292060852, 0.8856318593025208, 0.7121106386184692, 0.8480218052864075, 0.9728748202323914, 0.9191999435424805, 0.9354243874549866, 0.9490550756454468, 0.9471550583839417, 0.8684621453285217, 0.7394269704818726, 0.888917088508606, 0.9288334846496582, 0.6841716170310974, 0.8857390284538269, 0.8976470828056335], "label": [1, 1, 1, 0, 0, 0, 0]}