{"text": ["XYZ Hospital", "123 tlealth Street,Wellness City", "Phone:+1-234-587-890", "Patlont Namx:Graco Millor", ":30", "Doctor:Dr.Johnson", "Medicine", "Dosuge", "Frequency", "Quraton", "TabZole fcreum", "15tablets", "3mesdey", "7 days", "Tab Neurobin Forte", "15tablets", "2 tm0s  duy", "7 days", "Cap Zovirax", "10tablets", "2 tmes a day", "4days", "Tab Pan d", "10tablets", "2 tmesa day", "30 days", "TabAllegra", "5tablets", "3 tmesaday", "30 days", "TabCyciopum", "15tablets", "3 tmesa dey", "4duys", "Syrup", "Dosapo", "Froquoncy", "Duratlon", "Syrup Corox-dx", "Sml", "3tims doy", "10days", "Syrup Fobrox plus", "Sml", "2timday", "10days", "Advico:", "-Tako tod rost", "Eat nsy-to-digest food like boiled rice with dnl", "-Stytydrated"], "confidence": [0.9533526301383972, 0.8484009504318237, 0.8798349499702454, 0.8035526871681213, 0.8784618377685547, 0.955512523651123, 0.9293676614761353, 0.9427713751792908, 0.9905779957771301, 0.8290681838989258, 0.9038476943969727, 0.8927748799324036, 0.8327884078025818, 0.8594018816947937, 0.9170125126838684, 0.9092390537261963, 0.7051472663879395, 0.8401936888694763, 0.8454736471176147, 0.9273074269294739, 0.7271961569786072, 0.9184122085571289, 0.8963916301727295, 0.9273074269294739, 0.8068044185638428, 0.8853435516357422, 0.960960865020752, 0.9079194068908691, 0.8251968622207642, 0.8853435516357422, 0.8838390707969666, 0.9037178754806519, 0.8244291543960571, 0.9083743095397949, 0.9882689714431763, 0.8228013515472412, 0.9466862082481384, 0.9799938797950745, 0.9738151431083679, 0.860496461391449, 0.7317988872528076, 0.8172560334205627, 0.9952431917190552, 0.927854061126709, 0.8109803199768066, 0.8326132893562317, 0.9631933569908142, 0.7708404660224915, 0.8460922241210938, 0.9096242785453796], "label": [1, 1, 1, 0, 0, 0, 0]}