{"text": ["XYZ Hospital", "123 tlealth Street,Wellness City", "Phone:+1-234-587-890", "Patlont Nan:EvoJohnson", ":41", "Doctor: Dr. Millor", "Medicine", "Dosuge", "Frequency", "Duration", "TabClvum 025", "10tablets", "3mesday", "5 days", "Tab Combinam", "10tablets", "2 tms  duy", "7 days", "TabDolo650", "20tblets", "2 tmes a duy", "7 days", "Tab Allegr", "5tablets", "3 tmes aday", "5days", "Tab Trz", "20tblets", "2 umes a duy", "10days", "Tab Cetine", "10tablets", "3 tmesa dey", "t4days", "Syrup", "Dosapo", "Froquoncy", "Duratlon", "Syrup Grillnctus tm.", "Sml", "2 tim doy", "30dy", "Syrup Fobrox plus", "Sml", "3timsday", "14day", "Advico:", "-Tako tod rost", "Eat nsy-to-digest food like boiled rice with dnl", "-Stytydrated"], "confidence": [0.9437291026115417, 0.8392246961593628, 0.883992075920105, 0.8409066796302795, 0.8224173188209534, 0.9665696024894714, 0.9009021520614624, 0.9415733814239502, 0.9905779957771301, 0.964890718460083, 0.85858553647995, 0.9273074269294739, 0.8376972079277039, 0.7547540068626404, 0.9360176920890808, 0.9273074269294739, 0.7418817281723022, 0.8452855944633484, 0.8890110850334167, 0.9516710042953491, 0.7192685604095459, 0.8401936888694763, 0.9077581167221069, 0.901509165763855, 0.8218534588813782, 0.8520981669425964, 0.9231915473937988, 0.9145114421844482, 0.7387182116508484, 0.9213528037071228, 0.9511235356330872, 0.9273074269294739, 0.7865843176841736, 0.8406792283058167, 0.988613486289978, 0.8228013515472412, 0.9466862082481384, 0.9899555444717407, 0.9591702222824097, 0.9028758406639099, 0.7471926212310791, 0.9722570776939392, 0.9938003420829773, 0.927854061126709, 0.7901103496551514, 0.7873247861862183, 0.9631933569908142, 0.7646108865737915, 0.8472650647163391, 0.902330219745636], "label": [1, 0, 1, 0, 0, 0, 0]}