{"text": ["XYZ Hospital", "123 tlealth Street,Wellness City", "Phone:+1-234-587-890", "Patlont Nam:Llam Ro", ":48", "Doctor: Dr. Millor", "Medicine", "Dosuge", "Frequency", "Quraton", "Tab Evlon", "15tablets", "20ms doy", "30 duys", "Tab Sumo cold", "15tablets", "2 umes  duy", "7 days", "Tab Cyciomelf", "10tablets", "2 tmes a duy", "5days", "Cap Zovirax", "20 tblets", "2tmesa day", "30 days", "Tab Cetine", "20 tblets", "2 tmes a duy", "7 days", "Cap Pan d", "10tablets", "2 tmes a day", "30 days", "Syrup", "Dosapo", "Froquoncy", "Duratlon", "Syrup TusQ-dx", "Sml", "2 tim doy", "14 doy", "Syrup Corox-dx", "Sml", "3timsday", "14 doy", "Advico:", "-Takoto rost", "Eat nsy-to-digest food like boiled rice with dnl", "-Stytydrated"], "confidence": [0.9475247859954834, 0.8397927284240723, 0.8962975740432739, 0.7718132734298706, 0.8221071362495422, 0.9579718708992004, 0.9514597654342651, 0.9427713751792908, 0.9902750849723816, 0.8290681838989258, 0.9230849146842957, 0.8647039532661438, 0.7532740831375122, 0.9137939810752869, 0.9348602294921875, 0.9037178754806519, 0.7240058779716492, 0.861883819103241, 0.8419972062110901, 0.9273074269294739, 0.7354655265808105, 0.8366293907165527, 0.8502258658409119, 0.9086169004440308, 0.8363832235336304, 0.8853435516357422, 0.9416643381118774, 0.9003804326057434, 0.7857459187507629, 0.8720644116401672, 0.9697298407554626, 0.9273074269294739, 0.7972841858863831, 0.9300812482833862, 0.988613486289978, 0.8228013515472412, 0.9466862082481384, 0.9907147288322449, 0.9433580040931702, 0.860496461391449, 0.7234081029891968, 0.770780086517334, 0.9840628504753113, 0.927854061126709, 0.7874224185943604, 0.770780086517334, 0.9699703454971313, 0.7353693842887878, 0.8472650647163391, 0.9267076849937439], "label": [1, 1, 1, 0, 0, 0, 0]}