{"text": ["XYZ Hospital", "123 tlealth Street,Wellness City", "Phone:+1-234.587-890", "Patlant Namx:Jano Smith", "p:33", "Doctor: Dr. Millor", "Medicine", "Dosuge", "Frequency", "Duration", "Tab Sumo cold", "5 tablets", "3tmesaday", "30 days", "Tab Cetine", "10tablets", "20mesaday", "4days", "Tab Evion", "10tablets", "2tmes day", "4 days", "Tab Dolonex dt", "5tablets", "3tmesaday", "7 days", "TabClovum 025", "20 tablets", "3tmesaday", "4days", "Syrup", "Dosapo", "Froquancy", "Duratlon", "Syrup Corox", "10ml", "2mdoy", "4dy", "Syrup Cypon", "10ml", "2tims doy", "7days", "Advico:", "-Tako tod rost", "Eat ensy-to-digest food like boiled rice with dnl", "Stoytydrated"], "confidence": [0.9533373713493347, 0.8472376465797424, 0.8575018644332886, 0.8466184735298157, 0.8159250020980835, 0.9739234447479248, 0.9499181509017944, 0.979745090007782, 0.9829168319702148, 0.964890718460083, 0.9138976335525513, 0.887381374835968, 0.7520063519477844, 0.8724113702774048, 0.9137005805969238, 0.9273074269294739, 0.7719011902809143, 0.9184122085571289, 0.9258148670196533, 0.9273074269294739, 0.7530199289321899, 0.8880710601806641, 0.9177350997924805, 0.8861472606658936, 0.8757919669151306, 0.8720644116401672, 0.8207772970199585, 0.8863240480422974, 0.8785970211029053, 0.9184122085571289, 0.9719002842903137, 0.90386563539505, 0.9315544962882996, 0.8995916843414307, 0.9759426712989807, 0.9347427487373352, 0.7373758554458618, 0.962104082107544, 0.9885944724082947, 0.9604064226150513, 0.7041686773300171, 0.9038707613945007, 0.96775883436203, 0.7351533770561218, 0.844878613948822, 0.8652937412261963], "label": [1, 0, 1, 0, 0, 0, 0]}