{"text": ["XYZ Hospital", "123 tlealth Street,Wellness City", "Phone:+1-234.587-890", "PatlntNan:Jan D", "4", "Doctor: Dr. Tumor", "Medicine", "Dosage", "Frequency", "Duration", "TabCiplox500", "20 tblets", "20ms day", "4days", "Cap Cypon", "15tablets", "3umesadey", "4days", "Tab Pan d", "10 tablets", "3tmes day", "7 days", "Tab Dolo 650", "20 tablets", "2 tmsa dey", "7 days", "Tab Triz", "20 tablets", "2tmesaday", "30 days", "Syrup", "Dosapo", "Froquancy", "Duratlon", "Syrup Grillnctus tm", "Sml", "2tmdoy", "5day", "Syrup Zodox", "10ml", "3tims doy", "7days", "Advico:", "-Tako tod rost", "Eat nsy-to-digest food like boiled rice with dnl", "Stoybydrated"], "confidence": [0.9545212388038635, 0.8420253992080688, 0.8589719533920288, 0.8456430435180664, 0.9781603217124939, 0.9645172357559204, 0.9259157180786133, 0.9033363461494446, 0.9788968563079834, 0.9629752039909363, 0.8830475807189941, 0.9135541915893555, 0.7605679631233215, 0.9657290577888489, 0.91359943151474, 0.9092390537261963, 0.8198149800300598, 0.9184122085571289, 0.9095203876495361, 0.8921223878860474, 0.795462429523468, 0.8767657279968262, 0.8273980021476746, 0.9061443209648132, 0.8031952977180481, 0.8720644116401672, 0.9694429636001587, 0.8974159359931946, 0.8577829003334045, 0.8853435516357422, 0.974157989025116, 0.8934853076934814, 0.8946319222450256, 0.9908849000930786, 0.984961986541748, 0.9197258949279785, 0.7008616924285889, 0.7321327924728394, 0.9617475867271423, 0.9380403757095337, 0.7592406868934631, 0.9060519337654114, 0.9687759280204773, 0.7086157202720642, 0.8504207730293274, 0.8409426212310791], "label": [1, 1, 1, 0, 0, 0, 0]}