{"text": ["XYZ Hospital", "123 tlealth Street,Wellness City", "Phone:+1-234-587-890", "Patlont Namx:EvoSmith", ":70", "Doctor:Dr.Smith", "Medicine", "Dosuge", "Frequency", "Duration", "Cap Pand", "15tblets", "3mesday", "7 days", "Cap Co-lmmune", "5tablets", "2 um05  duy", "7 days", "TabAllegra", "10tablets", "3 tmesaday", "7 days", "Tab Clavum025", "15tablets", "2 tmesa day", "30 days", "Cap Dilanun", "20tblets", "3 tmesaday", "10days", "Tab Evion", "20 tablets", "3 tmesa dey", "$ days", "Syrup", "Dosapo", "Froquoncy", "Durotlon", "Syrup Corox", "Sml", "3tims doy", "14days", "Syrup Zodox", "10ml", "3timsday", "14 doy", "Advico:", "-Tako tod rst", "Eat nsy-to-digest food like boiled rice with dnl", "-Stytydrated"], "confidence": [0.9509110450744629, 0.8450579047203064, 0.8954404592514038, 0.8227861523628235, 0.7301453948020935, 0.9428850412368774, 0.936093807220459, 0.9420654773712158, 0.9902750849723816, 0.964890718460083, 0.924538254737854, 0.900070071220398, 0.845176637172699, 0.8594018816947937, 0.8384807109832764, 0.8873331546783447, 0.7148935794830322, 0.861883819103241, 0.9598310589790344, 0.9247161149978638, 0.8341830968856812, 0.8580665588378906, 0.8681669235229492, 0.9037178754806519, 0.8068044185638428, 0.8513266444206238, 0.9041740894317627, 0.9145114421844482, 0.8478784561157227, 0.8654675483703613, 0.9192225337028503, 0.8797799944877625, 0.7851676344871521, 0.9325768351554871, 0.988613486289978, 0.8228013515472412, 0.9466862082481384, 0.9314339756965637, 0.8926778435707092, 0.860496461391449, 0.732460081577301, 0.8673887848854065, 0.9223028421401978, 0.9599877595901489, 0.7865440845489502, 0.770780086517334, 0.9237281680107117, 0.7309774160385132, 0.8460922241210938, 0.9058265686035156], "label": [1, 1, 1, 0, 0, 0, 0]}