{"text": ["XYZ Hospital", "123 tlealth Street,Wellness City", "Phone:+1-234-587-890", "Patlant Namx:Allco Johnson", ":44", "Doctor:Dr.Patol", "Medicine", "Dosage", "Frequency", "Duration", "Cap Coimmune", "20 tblets", "20ms doy", "10 days", "Cap Omez", "t5tablets", "2tmesa day", "7 days", "Cap Pan d", "10tablets", "2 tmes a duy", "30 duys", "Tab Trz", "5tablets", "2 tmes a doy", "30 days", "Syrup", "Dosago", "Froquancy", "Duratlon", "Syrup Zodax", "10ml", "2 tm doy", "14dy", "Advico:", "-Takorst", "Eat nsy-to-dlgest food like boiled rice with dal", "-Stynydrated"], "confidence": [0.9505834579467773, 0.8408339023590088, 0.886119544506073, 0.8423784971237183, 0.8580889701843262, 0.9279960989952087, 0.9291204214096069, 0.8897534012794495, 0.9788968563079834, 0.9623180627822876, 0.8931546807289124, 0.9135541915893555, 0.7590540647506714, 0.9543588757514954, 0.840925931930542, 0.8836497068405151, 0.7813192009925842, 0.8720644116401672, 0.9048080444335938, 0.9273074269294739, 0.863055408000946, 0.9196853041648865, 0.8342235684394836, 0.8909797668457031, 0.779254674911499, 0.8853435516357422, 0.9728748202323914, 0.9117240309715271, 0.9354243874549866, 0.9347891807556152, 0.9493877291679382, 0.9658069610595703, 0.7565821409225464, 0.9139397740364075, 0.9288334846496582, 0.7486342191696167, 0.8857390284538269, 0.8989677429199219], "label": [1, 1, 1, 0, 0, 0, 0]}