{"text": ["XYZ Hospital", "123 tlealth Street,Wellness City", "Phone:+1-234-587-890", "Patlont Namx:John Smith", "Ap:53", "Doctor: Dr.Johnson", "Medicine", "Dosuge", "Frequency", "Duration", "TabCombinam", "5 tablets", "20ms doy", "10duys", "Tab Neurobin Forte", "5 tablets", "2tmes  duy", "30 days", "Tab Pan d", "t5tablets", "3 tmes a duy", "5 days", "Tab Cyciomeff", "5tablets", "3 tmes dey", "10days", "Syrup", "Dosapo", "Froquancy", "Duratlon", "Syrup Brozodax", "10ml", "2 tmdoy", "5days", "Advico:", "-Tako bod rost", "Eat nsy-to-dlgest food like boiled rice with dal", "-Stytydrated"], "confidence": [0.9447755813598633, 0.8447699546813965, 0.887356162071228, 0.8549639582633972, 0.7789907455444336, 0.9500481486320496, 0.9233118295669556, 0.9030749201774597, 0.9821484684944153, 0.9623180627822876, 0.9603252410888672, 0.863848865032196, 0.7529489994049072, 0.9152160286903381, 0.9408572316169739, 0.8665355443954468, 0.7212098836898804, 0.8663529753684998, 0.9393258690834045, 0.8637003302574158, 0.8536353707313538, 0.7885099053382874, 0.847920298576355, 0.8909797668457031, 0.7675620317459106, 0.924377977848053, 0.9728748202323914, 0.7913495898246765, 0.9371910095214844, 0.8653408288955688, 0.9840925335884094, 0.9658069610595703, 0.7310596704483032, 0.8675468564033508, 0.9288334846496582, 0.7142534255981445, 0.8857390284538269, 0.9112634658813477], "label": [1, 0, 1, 0, 0, 0, 0]}