{"text": ["XYZ Hospital", "123 tlealth Street,Wellness City", "Phone:+1-234.587-890", "Patlant Namxo:John Brown", ":70", "Doctor: Dr.Patol", "Medicine", "Dosuge", "Frequency", "Duration", "Tab Combinam", "15tablets", "20ms doy", "$ duys", "Cap Zovirax", "20 tablets", "2tmesa day", "10days", "Tab Aluhrocin 500", "5tablets", "3 tmesa doy", "5 days", "Cap Omez", "20 tblets", "2tmesa dey", "4duys", "Tab Cyciomeff", "5tablets", "3 tmesaday", "10 days", "TabClavum 025", "10tablets", "3 tmesa dey", "$ days", "Syrup", "Dosapo", "Froquoncy", "Duratlon", "Syrup TusQx", "Sml", "2tmdoy", "10dy", "Advico:", "-Tako to rst", "Eat nsy-to-digest food like boiled dce with dnl", "Stoytydrated"], "confidence": [0.9530542492866516, 0.8413600921630859, 0.8680675625801086, 0.8600847125053406, 0.7763848900794983, 0.9648826122283936, 0.9286406636238098, 0.9427713751792908, 0.9790523052215576, 0.964890718460083, 0.9441779255867004, 0.8647039532661438, 0.7523245811462402, 0.8634000420570374, 0.9207450747489929, 0.8967920541763306, 0.7703806161880493, 0.8628065586090088, 0.8048851490020752, 0.916618824005127, 0.7852831482887268, 0.7517222762107849, 0.8545029163360596, 0.9086169004440308, 0.8084509968757629, 0.9083743095397949, 0.8549031019210815, 0.9079194068908691, 0.8352519273757935, 0.8341747522354126, 0.7944200038909912, 0.9273074269294739, 0.783811628818512, 0.9325768351554871, 0.9719002842903137, 0.7875345349311829, 0.9638596773147583, 0.9928507804870605, 0.9340599179267883, 0.927854061126709, 0.7179483771324158, 0.9338974952697754, 0.9678854942321777, 0.7379429936408997, 0.8601347208023071, 0.871784508228302], "label": [1, 1, 1, 0, 0, 0, 0]}