{"text": ["XYZ Hospital", "123 tlealth Street,Wellness City", "Phone:+1-234-587-890", "Patlont Nanx:GracoJohnson", ":20", "Doctor:Dr.Smith", "Medidine", "Dosuge", "Frequency", "Duration", "Cap Pand", "10 tablets", "3mesdey", "10days", "Tab Combinam", "20 tablets", "3 umes doy", "30 days", "Cap Cypon", "10tablets", "3 tmesa doy", "4duys", "Tab Taz", "20 tblets", "2tmesa day", "10days", "Tab Allegra", "20tblets", "3 tmesaday", "5days", "TabClvum 025", "10tablets", "3 tmes aday", "$ days", "Syrup", "Dosapo", "Froquoncy", "Durotlon", "Syrup Fobrox plus", "10ml", "2 tim doy", "5 days", "Syrup Cypon", "10ml", "2timday", "7day", "Advico:", "-Tako tod rst", "Eat nsy-to-digest food like boiled rice with dal", "-Stytydrated"], "confidence": [0.9468221664428711, 0.8483598232269287, 0.8675873875617981, 0.8411315083503723, 0.8426997661590576, 0.9372338652610779, 0.9102709293365479, 0.9415733814239502, 0.9902750849723816, 0.9623180627822876, 0.9235674142837524, 0.8778047561645508, 0.8327884078025818, 0.8628065586090088, 0.928772509098053, 0.8967920541763306, 0.7165395617485046, 0.8513266444206238, 0.8988118767738342, 0.9273074269294739, 0.7694242000579834, 0.9083743095397949, 0.8006169199943542, 0.9086169004440308, 0.8333294987678528, 0.8626441955566406, 0.8586145043373108, 0.9145114421844482, 0.8439608812332153, 0.8366293907165527, 0.8269503116607666, 0.9273074269294739, 0.8221363425254822, 0.9325768351554871, 0.983737587928772, 0.8228013515472412, 0.9466862082481384, 0.9339734315872192, 0.9892669916152954, 0.9702969789505005, 0.7873589992523193, 0.8219525814056396, 0.9619796872138977, 0.9599877595901489, 0.7733154892921448, 0.8532044887542725, 0.9238536953926086, 0.7242653369903564, 0.9027966856956482, 0.9149673581123352], "label": [1, 1, 1, 0, 0, 0, 0]}