{"text": ["XYZ Hospital", "123 tlealth Street,Wellness City", "Phone:+1-234.587-890", "Patlant Namxo:JanoJohnson", "p:39", "Doctor: Dr. Millor", "Medicine", "Dosuge", "Frequency", "Duration", "Tab Trtz", "15tablets", "20ms day", "4days", "Tab Dolonex dt", "10 tablets", "3 0ms dey", "7 days", "TabClavum25", "10 tablets", "3 tmesa day", "5 days", "Tab Febrex plus", "20 toblets", "3tmesaday", "$ days", "Cap Omez", "15tablets", "2tmesaday", "10days", "Syrup", "Dosopo", "Froquoncy", "Duratlon", "Syrup Cypon", "10ml", "3timsday", "7day", "Advico:", "-Tako tod rost", "Eat nsy-to-dlgest food like boiled dce with dal", "-Stayhydrated"], "confidence": [0.9532526135444641, 0.8386499881744385, 0.8577502369880676, 0.857014000415802, 0.7214882969856262, 0.9656795859336853, 0.9196256399154663, 0.975483238697052, 0.9838371276855469, 0.9623180627822876, 0.788279116153717, 0.8647039532661438, 0.7605679631233215, 0.8829224705696106, 0.9140148758888245, 0.8921223878860474, 0.7231447696685791, 0.8720644116401672, 0.8857171535491943, 0.8921223878860474, 0.7573702335357666, 0.7600082755088806, 0.9190903902053833, 0.8743324279785156, 0.8835886120796204, 0.9286584258079529, 0.8527560830116272, 0.8865651488304138, 0.8620349168777466, 0.9213528037071228, 0.9720994234085083, 0.7710023522377014, 0.9781176447868347, 0.910537838935852, 0.9490439891815186, 0.9347427487373352, 0.7220712900161743, 0.8434621095657349, 0.9691476225852966, 0.7905479669570923, 0.9010859727859497, 0.8896684050559998], "label": [1, 1, 1, 0, 0, 0, 0]}