{"text": ["XYZ Hospital", "123 tlealth Street,Wellness City", "Phone:+1-234-587-890", "Patlont Nan:Allco Brown", "p:32", "Doctor:Dr. Tumor", "Medicine", "Dosuge", "Frequency", "Qurabon", "Cap Cypon", "15tablets", "3mesdey", "7 days", "TabCyclomeff", "15tablets", "2 um05  duy", "5days", "Tab Febrex plus", "5tablets", "3 tmesa doy", "14duys", "Tab Cetine", "20tblets", "3 tmes aday", "7 days", "Cap Dilanun", "20tblets", "2 tmes a duy", "5days", "TabDolo650", "10tablets", "3 tmesa dey", "10days", "Syrup", "Dosapo", "Froquoncy", "Duratlon", "Syrup Brozodax", "10ml", "2 tim doy", "10days", "Syrup Corox-dx", "10ml", "2timday", "30 days", "Advico:", "-Tako tod rst", "Eat nsy-to-digest food like boiled rice with dnl", "-Stytydrated"], "confidence": [0.9505276679992676, 0.8385964632034302, 0.8895711898803711, 0.841915488243103, 0.7810633778572083, 0.9546307325363159, 0.9307171702384949, 0.9427713751792908, 0.9902750849723816, 0.8740919232368469, 0.924530565738678, 0.8647039532661438, 0.8327884078025818, 0.861883819103241, 0.8873944878578186, 0.9037178754806519, 0.7148935794830322, 0.8520981669425964, 0.9174484610557556, 0.916618824005127, 0.7852831482887268, 0.8727502822875977, 0.9364941716194153, 0.9412925839424133, 0.8303280472755432, 0.8580665588378906, 0.8518331050872803, 0.9145114421844482, 0.7704176902770996, 0.8366293907165527, 0.8888969421386719, 0.9273074269294739, 0.8194018006324768, 0.924377977848053, 0.988613486289978, 0.8228013515472412, 0.9466862082481384, 0.9559439420700073, 0.9621134400367737, 0.9702969789505005, 0.7873589992523193, 0.7868053317070007, 0.9718355536460876, 0.9599877595901489, 0.8143227696418762, 0.7511711120605469, 0.9238536953926086, 0.7242653369903564, 0.8472199440002441, 0.9149673581123352], "label": [1, 1, 1, 0, 0, 0, 0]}