{"text": ["XYZ Hospital", "123 tlealth Street,Wellness City", "Phone:+1-234.587-890", "PatlantNanx:Bob Dav", "Ap:58", "Doctor: Dr. Millor", "Medicine", "Dosuge", "Frequency", "Duration", "Tab Trtz", "15tablets", "20ms doy", "5 days", "Cap Dilanun", "10 tablets", "3 umes doy", "4days", "TabZole fcream", "20 tblets", "3 tmesaday", "7 days", "Cap Zovirax", "t5tablets", "3 tmesa dey", "7 days", "Syrup", "Dosogo", "Froquoncy", "Duratlon", "Syrup TusQ dx", "10ml", "2 tm doy", "30 days", "SyrupZodax", "Sml", "2timday", "5doy", "Advico:", "-Tako bod rost", "Eat nsy-to-digest food like boiled dce with dal", "-Stayhydrated"], "confidence": [0.95541912317276, 0.8471035957336426, 0.8541738390922546, 0.8258234262466431, 0.5542054772377014, 0.9531019926071167, 0.930323600769043, 0.9431764483451843, 0.9838371276855469, 0.964890718460083, 0.788279116153717, 0.8910351991653442, 0.7517251968383789, 0.7472350001335144, 0.9231794476509094, 0.8921223878860474, 0.7165395617485046, 0.9184122085571289, 0.8823711276054382, 0.9248446226119995, 0.8493043780326843, 0.8720644116401672, 0.8629161715507507, 0.8862625360488892, 0.8120609521865845, 0.8720644116401672, 0.9720994234085083, 0.7991173267364502, 0.8970111012458801, 0.8947022557258606, 0.9831798076629639, 0.9410436153411865, 0.7183364629745483, 0.8531913757324219, 0.8965408205986023, 0.9197258949279785, 0.7986935377120972, 0.7402545213699341, 0.967370867729187, 0.8230072855949402, 0.9078223705291748, 0.8757689595222473], "label": [1, 1, 1, 0, 0, 0, 0]}