{"text": ["XYZ Hospital", "123 tlealth Street,Wellness City", "Phone:+1-234.587-890", "PatlntNam:GrcoD", "Doctor: Dr.Patol", "Medicine", "Dosauge", "Frequency", "Duration", "TabA1urodin 500", "10 tablets", "3mesday", "4days", "Cap Zovirax", "20 tablets", "20mes dey", "4days", "Tab Dolonex dt", "20 tablets", "2 tmes aday", "10 days", "Cap Omez", "20 toblets", "2 tmes adey", "t4days", "TabFebrexplus", "5 tablets", "3 tmesaday", "5days", "Syrup", "Dosapo", "Froquancy", "Duratlon", "Syrup Brozodx", "Sml", "2tmdoy", "5day", "Syrup Corox-dx", "10ml", "3tims doy", "7days", "Advico:", "-Tako bod rst", "Eat nsy-to-digest food like boiled rice with dnl", "Stoy bydrated"], "confidence": [0.9534473419189453, 0.8473905324935913, 0.8499292135238647, 0.8070948719978333, 0.961713433265686, 0.9556780457496643, 0.8137890696525574, 0.9838371276855469, 0.9623180627822876, 0.8133109211921692, 0.9107781648635864, 0.843670666217804, 0.9657290577888489, 0.8815139532089233, 0.9054545164108276, 0.7687022686004639, 0.9184122085571289, 0.917357325553894, 0.8957331776618958, 0.7674550414085388, 0.8622841835021973, 0.8544288873672485, 0.8586471676826477, 0.8091831207275391, 0.8510770797729492, 0.9771004915237427, 0.8480369448661804, 0.8439608812332153, 0.8746163249015808, 0.9703512191772461, 0.7913495898246765, 0.9316151738166809, 0.9963582158088684, 0.8715726137161255, 0.9197258949279785, 0.7155683040618896, 0.7321327924728394, 0.9816890954971313, 0.9380403757095337, 0.7523825764656067, 0.9060519337654114, 0.9678077101707458, 0.7890586853027344, 0.8524071574211121, 0.806763768196106], "label": [1, 1, 1, 0, 0, 0, 0]}