{"text": ["XYZ Hospital", "123 tlealth Street,Wellness City", "Phone:+1-234.587-890", "Patlant Namx:Charlo Wlson", "p:9", "Doctor: Dr. Smith", "Medicine", "Dosuge", "Frequency", "Duration", "TabA1urodin 500", "10tablets", "3mesday", "7 duys", "Tab Allegra", "10tablets", "20mes dey", "10days", "Tab Sumo cold", "5tablets", "2 tmes dey", "30 days", "Cap Dilantn", "10tablets", "3tmes aday", "5days", "TabDolo650", "15tablets", "3 tmesaday", "5days", "Syrup", "Dosapo", "Froquancy", "Duratlon", "SyrupCorox-dx", "Sml", "2m doy", "10dny", "Syrup Fobrox plus", "Sml", "2tims doy", "10dny", "Advico:", "-Tako bod rost", "Eat ensy-to-digest food like boiled rice with dnl", "Stoy bydrated"], "confidence": [0.9530457854270935, 0.8386703133583069, 0.8589719533920288, 0.8433187007904053, 0.5035769939422607, 0.9536572694778442, 0.9556780457496643, 0.9054610133171082, 0.9788968563079834, 0.9564203023910522, 0.8355599045753479, 0.9273074269294739, 0.843670666217804, 0.8653728365898132, 0.8742099404335022, 0.9273074269294739, 0.7687022686004639, 0.9015160202980042, 0.9004538059234619, 0.9073119759559631, 0.7602824568748474, 0.8866694569587708, 0.9020395874977112, 0.9273074269294739, 0.8498398065567017, 0.8882506489753723, 0.8932056427001953, 0.8623680472373962, 0.8439608812332153, 0.8746163249015808, 0.9703512191772461, 0.90386563539505, 0.9315544962882996, 0.9921525120735168, 0.875458836555481, 0.9197258949279785, 0.7393810749053955, 0.6276463270187378, 0.9935066103935242, 0.9197258949279785, 0.7010757923126221, 0.7591055631637573, 0.96775883436203, 0.7410234808921814, 0.844878613948822, 0.7955535054206848], "label": [1, 1, 1, 0, 0, 0, 0]}