{"text": ["XYZ Hospital", "123 tlealth Street,Wellness City", "Phone:+1-234.587-890", "Patlont Namx:Charlo Wlson", "p:72", "Doctor: Dr.Lo", "Medicine", "Dosuge", "Frequency", "Duration", "Tab Combilam", "10 tablets", "3mesday", "7 days", "Cap Cypon", "10tablets", "20mes dey", "7 days", "Cap Pan d", "20 tablets", "3 tmesa doy", "30 duys", "Tab Pan d", "10tablets", "3 tmesa doy", "4duys", "Cap Zovirax", "15tablets", "2 tmes a duy", "7 days", "Tab Triz", "20 tablets", "3 tmesa dey", "t4days", "Syrup", "Dosago", "Froquoncy", "Duratlon", "Syrup Corox", "10ml", "3 tms doy", "30 dny", "Advico:", "-Tako tod rost", "Eat nsy-to-digest food like boiled dce with dnl", "Stoybydrated"], "confidence": [0.949135959148407, 0.836279034614563, 0.8581722378730774, 0.8542256951332092, 0.7978620529174805, 0.9434731006622314, 0.8984020948410034, 0.908909797668457, 0.9790523052215576, 0.964890718460083, 0.9085962772369385, 0.8778047561645508, 0.8390634655952454, 0.8594018816947937, 0.948522686958313, 0.9273074269294739, 0.7364528775215149, 0.861883819103241, 0.9105875492095947, 0.8709948658943176, 0.7694242000579834, 0.9156034588813782, 0.8963916301727295, 0.9273074269294739, 0.8013067245483398, 0.9083743095397949, 0.8877450823783875, 0.8647039532661438, 0.7853452563285828, 0.8452855944633484, 0.9699918031692505, 0.8797799944877625, 0.8120609521865845, 0.8406792283058167, 0.9719002842903137, 0.958836555480957, 0.9429497122764587, 0.9814329147338867, 0.8861015439033508, 0.9717352390289307, 0.7108118534088135, 0.7926518321037292, 0.9678854942321777, 0.7726987600326538, 0.861255407333374, 0.8185601830482483], "label": [1, 1, 1, 0, 0, 0, 0]}