{"text": ["XYZ Hospital", "123 tlealth Street,Wellness City", "Phone:+1-234.587-890", "Patlant Nanx:Davld Dav", ":20", "Doctor: Dr.Lao", "Medicine", "Dosage", "Frequency", "Duration", "TabAluhrodin500", "5 tablets", "20ms dey", "30 days", "Tab Allegra", "5tablets", "2tmesa dey", "7days", "Cap Co-immune", "20 tblets", "2 tmes a duy", "10 days", "Cap Dilantn", "20 tablets", "2 tmes a day", "t4days", "Syrup", "Dosago", "Froquancy", "Duratlon", "Syrup Fobrox plus", "Sml", "3tms doy", "7days", "SyrupZodax", "Sml", "3timsday", "5doys", "Advico:", "-Tako bod rost", "Eat nsy-to-digest food like boiled dce with dal", "-Staytydrated"], "confidence": [0.9551815986633301, 0.8350533843040466, 0.8577502369880676, 0.7743220925331116, 0.8747641444206238, 0.8972790837287903, 0.9286406636238098, 0.9033363461494446, 0.9823358058929443, 0.964890718460083, 0.791504979133606, 0.8665355443954468, 0.7692691087722778, 0.8676621317863464, 0.8720228672027588, 0.895728349685669, 0.7338863611221313, 0.9236086010932922, 0.8821886777877808, 0.9086169004440308, 0.8021218776702881, 0.8558025360107422, 0.8807852268218994, 0.8983814120292664, 0.7614920139312744, 0.8406792283058167, 0.9728748202323914, 0.8239191174507141, 0.9061452150344849, 0.9625202417373657, 0.9922052025794983, 0.8684621453285217, 0.7202708125114441, 0.9038707613945007, 0.8965408205986023, 0.9197258949279785, 0.7829917669296265, 0.7471578121185303, 0.967370867729187, 0.8245164752006531, 0.9078223705291748, 0.9250409007072449], "label": [1, 1, 1, 0, 0, 0, 0]}