{"text": ["XYZ Hospital", "123 tlealth Street,Wellness City", "Phone:+1-234.587-890", "Patlant Nanx:Davld Whito", "Ap:35", "Doctor:Dr.Tumor", "Medicine", "Dosuge", "Frequency", "Duration", "TabDolo 650", "10 tablets", "3mesday", "4duys", "Cap Omez", "15tablets", "3umesaday", "30 days", "Tab Zole fcream", "20 tblets", "2 tmes a duy", "10 days", "Cap Co-lmmune", "10tablets", "3 tmesa dey", "7days", "Syrup", "Dosago", "Froquoncy", "Duratlon", "Syrup Corox", "Sml", "3tmsdoy", "5days", "SyrupTus dx", "Sml", "3timsday", "30dy", "Advico:", "-Tako tod rost", "Eat nsy-to-dlgest food like boiled dce with dal", "-Staytydrated"], "confidence": [0.9566960334777832, 0.8380128741264343, 0.8541738390922546, 0.8327532410621643, 0.7815839052200317, 0.9352982044219971, 0.9286406636238098, 0.9349806904792786, 0.9838371276855469, 0.9623180627822876, 0.8762516379356384, 0.901634693145752, 0.8416870832443237, 0.9136894941329956, 0.8191405534744263, 0.9092390537261963, 0.8390834331512451, 0.8663529753684998, 0.8785538077354431, 0.9248446226119995, 0.7833278179168701, 0.8472437858581543, 0.8850869536399841, 0.9247161149978638, 0.7739810347557068, 0.9454089403152466, 0.9701129198074341, 0.8496239185333252, 0.9251506328582764, 0.8653408288955688, 0.980577826499939, 0.8684621453285217, 0.7077955603599548, 0.8763659596443176, 0.8729346990585327, 0.9197258949279785, 0.7834043502807617, 0.9695253372192383, 0.96641606092453, 0.7782557606697083, 0.9047735333442688, 0.8829295039176941], "label": [1, 1, 1, 0, 0, 0, 0]}