{"text": ["XYZ Hospital", "123 tlealth Street,Wellness City", "Phone:+1-234.587-890", "Patlont Namx:Jano Wilson", "4", "Doctor: Dr. Millor", "Medicine", "Dosage", "Frequency", "Duration", "Cap Colmmune", "20 tblets", "20ms doy", "30 duys", "Tab Cetine", "5tablets", "2tmesa day", "30 days", "TabDolo 650", "20 tablets", "2 tmesa duy", "4 duys", "TabCiplox500", "15tablets", "3tmes aday", "7 days", "Cap Zovirax", "15tablets", "2 tmes a duy", "30 duys", "Cap Pan d", "5tablets", "2 tmes a dey", "7 days", "Syrup", "Dosago", "Froquoncy", "Duratlon", "Syrup Grillnctus tm", "Sml", "2tmdoy", "7day", "Advico:", "-Tako tod rost", "Eat nsy-to-digest food like boiled dce with dnl", "Stoytydrated"], "confidence": [0.9533373713493347, 0.8445711135864258, 0.8589719533920288, 0.849738597869873, 0.9781603217124939, 0.9745986461639404, 0.9328186511993408, 0.9033363461494446, 0.9790523052215576, 0.964890718460083, 0.8864505887031555, 0.9003804326057434, 0.7523245811462402, 0.9206424355506897, 0.9331067204475403, 0.8909797668457031, 0.7703806161880493, 0.8513266444206238, 0.8600314855575562, 0.8709948658943176, 0.7515864968299866, 0.9335014224052429, 0.9255915284156799, 0.8671495914459229, 0.8616535067558289, 0.861883819103241, 0.887336790561676, 0.8647039532661438, 0.7857459187507629, 0.9156034588813782, 0.9373091459274292, 0.8909797668457031, 0.7939390540122986, 0.8767657279968262, 0.9719002842903137, 0.9144992828369141, 0.9637989401817322, 0.9843534231185913, 0.9821743965148926, 0.927854061126709, 0.7179483771324158, 0.940690815448761, 0.9678854942321777, 0.7591238617897034, 0.8601347208023071, 0.856630802154541], "label": [1, 1, 1, 0, 0, 0, 0]}