{"text": ["XYZ Hospital", "123 tlealth Street,Wellness City", "Phone:+1-234.587-890", "PatlantNamx:Llam Willlams", "p:37", "Doctor: Dr.Patol", "Medicine", "Dosuge", "Frequency", "Duration", "TabCyciomelf", "5 tablets", "20ms doy", "7 duys", "Cap Zovirax", "20 tablets", "3tmesaday", "10days", "Tab Suno cold", "10tablets", "2 tmes a day", "5 days", "Cap CoImmune", "15tablets", "3 tmes aday", "7 days", "Tab Clavum 25", "10tablets", "2 tmes a duy", "7days", "Tab Dolonex dt", "5tablets", "3 tmesa dey", "7 days", "Syrup", "Dosago", "Froquoncy", "Duratlon", "Syrup Cypon", "10ml", "2tm doy", "5 day", "Advico:", "-Tako bod rst", "Eat nsy-to-digest food like boiled dce with dnl", "Stoy bydrated"], "confidence": [0.9541382789611816, 0.8377290964126587, 0.8581722378730774, 0.8224106431007385, 0.7839953899383545, 0.9628776907920837, 0.9286406636238098, 0.979745090007782, 0.9803639650344849, 0.9564203023910522, 0.8695008754730225, 0.887381374835968, 0.7529489994049072, 0.8653728365898132, 0.9207450747489929, 0.8709948658943176, 0.8277404308319092, 0.8654675483703613, 0.8762376308441162, 0.9273074269294739, 0.7271961569786072, 0.7493965029716492, 0.8795585632324219, 0.8647039532661438, 0.8307840824127197, 0.8480218052864075, 0.8101562261581421, 0.9273074269294739, 0.7853452563285828, 0.9485983848571777, 0.9175522923469543, 0.8909797668457031, 0.8536535501480103, 0.8404199481010437, 0.9719002842903137, 0.9641801714897156, 0.9633573889732361, 0.9877357482910156, 0.9840652942657471, 0.9717352390289307, 0.7230568528175354, 0.8135870099067688, 0.9678854942321777, 0.7454431056976318, 0.861255407333374, 0.7900274991989136], "label": [1, 1, 1, 0, 0, 0, 0]}