{"text": ["XYZ Hospital", "123 tlealth Street,Wellness City", "Phone:+1-234.587-890", "PatlantNamx:Allco Whito", ":74", "Doctor: Dr.Johnson", "Medicine", "Dosuge", "Frequency", "Duration", "Cap Dilanun", "5 tablets", "3tmesday", "10days", "Cap Cypon", "5tablets", "20mes dey", "5days", "Cap Colmmune", "20 tablets", "2tmes aday", "10 days", "Tab Cyclopam", "20 tablets", "2 tmes adey", "30 days", "Tab Sumo cold", "20 tablets", "3 tmesaday", "10days", "Syrup", "Dosapo", "Froquancy", "Duratlon", "Syrup TusQ-dx", "Sml", "2tdoy", "7day", "Syrup TusQ dx", "10ml", "3tims doy", "7days", "Advico:", "-Tako to rost", "Eat ensy-to-digest food like boiled rice with dnl", "Stoytydrated"], "confidence": [0.9442035555839539, 0.8402389287948608, 0.8575018644332886, 0.8541954159736633, 0.8511033058166504, 0.9679127931594849, 0.8984020948410034, 0.9740098118782043, 0.9827504754066467, 0.9623180627822876, 0.8980823159217834, 0.8691415786743164, 0.7987254858016968, 0.8628065586090088, 0.9164721965789795, 0.895728349685669, 0.7744828462600708, 0.8343985676765442, 0.8887845873832703, 0.8957331776618958, 0.7752098441123962, 0.8622841835021973, 0.8870696425437927, 0.9061443209648132, 0.803495466709137, 0.8853435516357422, 0.8979625701904297, 0.8863240480422974, 0.8439608812332153, 0.924377977848053, 0.9703512191772461, 0.7913495898246765, 0.9316151738166809, 0.9960426092147827, 0.9506849050521851, 0.9197258949279785, 0.6986504793167114, 0.8866479396820068, 0.9829253554344177, 0.9380403757095337, 0.7377488613128662, 0.9114284515380859, 0.9662078022956848, 0.7215479612350464, 0.844878613948822, 0.832436740398407], "label": [1, 1, 1, 0, 0, 0, 0]}