{"text": ["XYZ Hospital", "123 tlealth Street,Wellness City", "Phone:+1-234.587-890", "Patlant Namx:Jano Millor", "p:73", "DoctorDr.Johnson", "Medicine", "Dosuge", "Frequency", "Duration", "Tab Evion", "10 tablets", "20ms day", "10days", "Tab Cetine", "10 tablets", "3umesaday", "30 days", "TabZole fcream", "15tablets", "2 tmesa day", "7 days", "Tab Sumo cold", "5tablets", "3tmesaday", "4days", "Tab Pand", "5tablets", "3 tmesaday", "5days", "Syrup", "Dosapo", "Froquoncy", "Duratlon", "Syrup Cypon", "Sml", "2timday", "30days", "Advico:", "-Tako tod rost", "Eat nsy-to-dlgest food like boiled dce with dal", "-Stayhydrated"], "confidence": [0.9532526135444641, 0.8445388078689575, 0.8541738390922546, 0.8520438075065613, 0.8352077603340149, 0.9617027044296265, 0.923460841178894, 0.9375312328338623, 0.9905779957771301, 0.9629752039909363, 0.9270737767219543, 0.8921223878860474, 0.7605679631233215, 0.9608897566795349, 0.9043718576431274, 0.8921223878860474, 0.8533411622047424, 0.8853435516357422, 0.8871710896492004, 0.8913987278938293, 0.7550585269927979, 0.8767657279968262, 0.8939223885536194, 0.8909797668457031, 0.8835886120796204, 0.9184122085571289, 0.9194570183753967, 0.9079194068908691, 0.8432919383049011, 0.8882506489753723, 0.9747051000595093, 0.9054598808288574, 0.9788475036621094, 0.9871726036071777, 0.9516541957855225, 0.9197258949279785, 0.7432094216346741, 0.8138046264648438, 0.9691476225852966, 0.7905479669570923, 0.9010121822357178, 0.8896684050559998], "label": [1, 0, 1, 0, 0, 0, 0]}