{"text": ["XYZ Hospital", "123 tlealth Street,Wellness City", "Phone:+1-234.587-890", "Patlant Namx:John Smith", ":40", "Doctor: Dr. Tumor", "Medicine", "Dosauge", "Frequency", "Duration", "Cap Dilanun", "10tablets", "3mesday", "$ days", "Tab Tatz", "15tablets", "20mes dey", "4days", "Tab Combinam", "15tablets", "2 tms day", "4 days", "Cap Pan d", "15tablets", "2 tms a day", "t4days", "Tab Evion", "15tablets", "2tmesaday", "7 days", "Syrup", "Dosago", "Froquancy", "Duratlon", "Syrup Corox", "Sml", "3 tms doy", "10dny", "Syrup TusQ-dx", "10ml", "2 tims doy", "4 days", "Advico:", "-Tako tod rost", "Eat ensy-to-digest food like boiled rice with dnl", "Stoytydrated"], "confidence": [0.9523743987083435, 0.8472376465797424, 0.8575018644332886, 0.8626120090484619, 0.8325653076171875, 0.9587206840515137, 0.930323600769043, 0.8137890696525574, 0.9788968563079834, 0.964890718460083, 0.8935803771018982, 0.9273074269294739, 0.8343991041183472, 0.837290346622467, 0.7628719806671143, 0.8927748799324036, 0.7687022686004639, 0.8935898542404175, 0.9414216876029968, 0.8913987278938293, 0.7628087401390076, 0.8880710601806641, 0.907629132270813, 0.9037178754806519, 0.8000491857528687, 0.8510770797729492, 0.9258222579956055, 0.8871575593948364, 0.8482097387313843, 0.8720644116401672, 0.9720994234085083, 0.8148204684257507, 0.9368769526481628, 0.957970380783081, 0.9759426712989807, 0.9197258949279785, 0.7108118534088135, 0.6375325322151184, 0.9705040454864502, 0.9380403757095337, 0.731744647026062, 0.8612959980964661, 0.9662078022956848, 0.7159023880958557, 0.844878613948822, 0.8284637331962585], "label": [1, 1, 1, 0, 0, 0, 0]}