{"text": ["XYZ Hospital", "123 tlealth Street,Wellness City", "Phone:+1-234.587-890", "PatlontNamx:Llam Wilson", "Ap:35", "Doctor: Dr.Patol", "Medicine", "Dosuge", "Frequency", "Duration", "Tab Zole fcrem", "15tablets", "20ms doy", "$ days", "Tab Combinam", "15tablets", "20mes dey", "10days", "Tab Pand", "15tablets", "2 tms day", "5 days", "Tab Sumo cold", "15tablets", "3tmes aday", "t4days", "Cap Omez", "10 tablets", "2tmesaday", "10days", "Syrup", "Dosapo", "Froquancy", "Duratlon", "Syrup Corx", "Sml", "2tmdoy", "10dny", "Syrup Fobrox plus", "Sml", "3tims doy", "4 days", "Advico:", "-Tako bod rst", "Eat nsy-to-digest food like boiled rice with dnl", "Stoy bydrated"], "confidence": [0.9566960334777832, 0.8406941890716553, 0.8589719533920288, 0.874401330947876, 0.7815839052200317, 0.9673118591308594, 0.930323600769043, 0.9427713751792908, 0.9788968563079834, 0.965709924697876, 0.8912264108657837, 0.8913987278938293, 0.7529489994049072, 0.837290346622467, 0.9453104138374329, 0.8913987278938293, 0.7687022686004639, 0.9213528037071228, 0.9140741229057312, 0.8913987278938293, 0.7628087401390076, 0.7472350001335144, 0.8893293142318726, 0.8865138292312622, 0.8498398065567017, 0.8406792283058167, 0.8803145289421082, 0.901634693145752, 0.8577829003334045, 0.924377977848053, 0.9703512191772461, 0.9054598808288574, 0.8946319222450256, 0.9907678961753845, 0.8948050737380981, 0.9197258949279785, 0.7155683040618896, 0.6375325322151184, 0.9942867159843445, 0.9197258949279785, 0.7523825764656067, 0.8612959980964661, 0.9687759280204773, 0.7890586853027344, 0.8504207730293274, 0.806763768196106], "label": [1, 1, 1, 0, 0, 0, 0]}