{"text": ["XYZ Hospital", "123 tlealth Street,Wellness City", "Phone:+1-234.587-890", "PatlantNamx:Mla Smith", "p:71", "Doctor: Dr. Tumor", "Medicine", "Dosuge", "Frequency", "Duration", "TabClovum 025", "15tablets", "20ms doy", "5days", "Tab Neurobin Forte", "5tablets", "3tmesaday", "4days", "Tab Dolonex dt", "10tablets", "3 tmesaday", "10 days", "Tab Combinam", "10tablets", "2 tm5 a doy", "t4duys", "Syrup", "Dosapo", "Froquancy", "Duratlon", "Syrup Brozodox", "10ml", "2 tmdoy", "30 day", "SyrupCorax", "10ml", "2timday", "14dy", "Advico:", "-Tako tod rost", "Eat nsy-to-dlgest food like boiled rice with dal", "-Stayhydrated"], "confidence": [0.9533373713493347, 0.8435166478157043, 0.8541738390922546, 0.845612108707428, 0.740033745765686, 0.9333832263946533, 0.9302595853805542, 0.9420654773712158, 0.9905779957771301, 0.964890718460083, 0.8163843750953674, 0.8927748799324036, 0.7707927227020264, 0.8343985676765442, 0.9362795352935791, 0.8909797668457031, 0.8351958394050598, 0.9184122085571289, 0.9162927269935608, 0.9247161149978638, 0.8514732122421265, 0.8740202188491821, 0.9429741501808167, 0.9247161149978638, 0.737241804599762, 0.8394883275032043, 0.9728748202323914, 0.8093938827514648, 0.9061452150344849, 0.8653408288955688, 0.9734998941421509, 0.9347427487373352, 0.7173526883125305, 0.7933688163757324, 0.907475471496582, 0.911413848400116, 0.7565017938613892, 0.8365260362625122, 0.9683253169059753, 0.7835198044776917, 0.9031388163566589, 0.8740262985229492], "label": [1, 0, 1, 0, 0, 0, 0]}