{"text": ["XYZ Hospital", "123 tlealth Street,Wellness City", "Phone:+1-234-587-890", "Patlant Nanx:Davld Ro", ":70", "Doctor: Dr.Lao", "Medicine", "Dosuge", "Frequency", "Duration", "Cap Pan d", "10tablets", "20ms doy", "10duys", "TabAlurocin 500", "10 tablets", "3tmesaday", "4days", "TabFebrexplus", "10 tablets", "3 tmes a duy", "7 days", "TabCiplox500", "15tablets", "2 tmes a doy", "7 days", "Syrup", "Dosago", "Froquancy", "Duration", "Syrup Corx", "Sml", "2 tim doy", "5 days", "Advico:", "-Tako bod rost", "Eat nsy-to-dlgest food like boiled rice with dal", "-Stytydrated"], "confidence": [0.9543247222900391, 0.847599446773529, 0.8941647410392761, 0.7791396379470825, 0.8450034260749817, 0.9028307199478149, 0.930323600769043, 0.9054610133171082, 0.9838371276855469, 0.9623180627822876, 0.9467348456382751, 0.9273074269294739, 0.7564270496368408, 0.9183242917060852, 0.800578236579895, 0.9107781648635864, 0.8034953474998474, 0.9184122085571289, 0.975101113319397, 0.8921223878860474, 0.8568880558013916, 0.8720644116401672, 0.9187967777252197, 0.8990643620491028, 0.7674559950828552, 0.8434519171714783, 0.9728748202323914, 0.9117240309715271, 0.935694694519043, 0.9527572989463806, 0.9262898564338684, 0.8684621453285217, 0.7463570237159729, 0.7771541476249695, 0.9288334846496582, 0.7142534255981445, 0.8857390284538269, 0.9112634658813477], "label": [1, 1, 1, 0, 0, 0, 0]}