{"text": ["XYZ Hospital", "123 tlealth Street,Wellness City", "Phone:+1-234-587-890", "PatlontNanx:Bob Brown", ":", "Doctor: Dr. Millor", "Medicine", "Dosage", "Frequency", "Duration", "Cap Pand", "5tablets", "20ms dey", "4duys", "TabClavum025", "15tablets", "3 tmes doy", "4duys", "Tab Cyciomelf", "15tablets", "2mes aday", "10days", "Tab Evlon", "20 tblets", "3 tmes aday", "4duys", "Cap Zovirax", "20 tblets", "2 tmes a duy", "5days", "Tab Combinam", "10tablets", "2 tmesa dey", "t4 days", "Syrup", "Dosapo", "Froquoncy", "Duratlon", "Syrup TusQ-dx", "10ml", "2 tim doy", "7days", "Syrup Fobrox plus", "Sml", "3timday", "30dys", "Advico:", "-Tako tod rost", "Eat nsy-to-digest food like boiled rice with dnl", "-Stytydrated"], "confidence": [0.9466805458068848, 0.8385964632034302, 0.888440728187561, 0.8782893419265747, 0.5161424875259399, 0.9279309511184692, 0.930323600769043, 0.9033363461494446, 0.9921038150787354, 0.9623180627822876, 0.9235674142837524, 0.901167631149292, 0.7692691087722778, 0.9136894941329956, 0.8713268637657166, 0.8647039532661438, 0.7266961336135864, 0.9136894941329956, 0.8321899771690369, 0.8647039532661438, 0.7745811939239502, 0.8628065586090088, 0.9216830134391785, 0.9086169004440308, 0.8270738124847412, 0.9136894941329956, 0.8877450823783875, 0.9003804326057434, 0.7704176902770996, 0.8520981669425964, 0.9106618762016296, 0.9273074269294739, 0.820049524307251, 0.7698207497596741, 0.988613486289978, 0.8240053653717041, 0.9466862082481384, 0.9899555444717407, 0.9452909827232361, 0.9357630014419556, 0.7873589992523193, 0.8676953315734863, 0.995391309261322, 0.927854061126709, 0.7871680855751038, 0.9068120121955872, 0.9698401689529419, 0.7632184028625488, 0.8460922241210938, 0.9027094841003418], "label": [1, 1, 1, 0, 0, 0, 0]}