{"text": ["XYZ Hospital", "123 tlealth Street,Wellness City", "Phone:+1-234-587-890", "Patlant Nanx:Graco Johnson", "p:75", "Doctor: Dr.Lao", "Medicine", "Dosage", "Frequency", "Duration", "Cup Colmmune", "15tablets", "3mesday", "7 duys", "Tab Pan d", "10 tablets", "3tmesaday", "10days", "Cap Cypon", "5tablets", "3 tmes a duy", "5 days", "Tab Cyciomelf", "20 tablets", "2 tm5 a doy", "10days", "Syrup", "Dosapo", "Froquancy", "Duratlon", "Syrup Fobrox plus", "10ml", "2 tim doy", "14days", "Advico:", "-Tako bod rst", "Eat nsy-to-dlgest food like boiled rice with dal", "-Stynydrated"], "confidence": [0.9470403790473938, 0.8488829135894775, 0.8675873875617981, 0.8380172252655029, 0.8322696685791016, 0.9031957387924194, 0.930323600769043, 0.8880900740623474, 0.9788968563079834, 0.955414891242981, 0.8622192740440369, 0.8910351991653442, 0.8407676815986633, 0.8653728365898132, 0.9056241512298584, 0.8921223878860474, 0.8034953474998474, 0.8626441955566406, 0.9452340006828308, 0.9093613624572754, 0.8768436908721924, 0.7393367886543274, 0.8456650376319885, 0.8983814120292664, 0.7406336069107056, 0.924377977848053, 0.9728748202323914, 0.7913495898246765, 0.9354243874549866, 0.9634062051773071, 0.9916356205940247, 0.9658069610595703, 0.7463570237159729, 0.875527560710907, 0.9288334846496582, 0.7285957932472229, 0.8857390284538269, 0.8980593085289001], "label": [1, 1, 1, 0, 0, 0, 0]}