{"text": ["XYZ Hospital", "123 tlealth Street,Wellness City", "Phone:+1-234.587-890", "PatlontNamx:Llam Brown", "p:50", "Doctor: Dr.Lao", "Medicine", "Dosuge", "Frequency", "Duration", "TabDolo 650", "20 tblets", "3mesday", "7 duys", "Tab Febrex plus", "20 tablets", "2 ums  doy", "t4duys", "Cap Pan d", "10 tablets", "3 tmesa day", "7 days", "Cap Cypon", "15tablets", "3 tmesa dey", "7 days", "TabCiplox500", "5tablets", "3 tmesaday", "4days", "Syrup", "Dosapo", "Froquoncy", "Duratlon", "SyrupBrozodax", "10ml", "2timday", "Sday", "Advico:", "-Tako tod rost", "Eat nsy-to-dlgest food like boiled dce with dal", "-Staytydrated"], "confidence": [0.9544302821159363, 0.8380128741264343, 0.8541738390922546, 0.8687952160835266, 0.7119712829589844, 0.8972790837287903, 0.930323600769043, 0.9427713751792908, 0.9838371276855469, 0.955414891242981, 0.8512268662452698, 0.9135541915893555, 0.8376972079277039, 0.9828178286552429, 0.9177464842796326, 0.9054545164108276, 0.7034355998039246, 0.8104643225669861, 0.8972394466400146, 0.8921223878860474, 0.7573702335357666, 0.8720644116401672, 0.9610030651092529, 0.8865138292312622, 0.7729131579399109, 0.8452855944633484, 0.952519416809082, 0.9057856798171997, 0.8482871055603027, 0.9184122085571289, 0.9747051000595093, 0.8650026917457581, 0.9624842405319214, 0.910537838935852, 0.891546368598938, 0.9347427487373352, 0.7432094216346741, 0.7356988191604614, 0.9671358466148376, 0.8305357098579407, 0.9010859727859497, 0.9319948554039001], "label": [1, 1, 1, 0, 0, 0, 0]}