{"text": ["XYZ Hospital", "123 tlealth Street,Wellness City", "Phone:+1-234.587-890", "Patlont Nam:Mla Whito", ":40", "Doctor: Dr. Millor", "Medicine", "Dosuge", "Frequency", "Duration", "Cap Colmmune", "15tablets", "3mesday", "t4 days", "Tab Cetine", "20 tablets", "3 tmes duy", "7 days", "TabCiplox500", "15tablets", "2 tmes a duy", "4 duys", "TabDolo650", "15tablets", "3tmes aday", "5days", "Tab Evlon", "5tablets", "3 tmesaday", "4duys", "Tab Zole fcream", "5tablets", "2 tms a doy", "10days", "Syrup", "Dosago", "Froquoncy", "Duratlon", "Syrup Corox-dx", "10ml", "2tmdoy", "10dy", "Advico:", "-Tako to rost", "Eat nsy-to-digest food like boiled dce with dnl", "Stoytydrated"], "confidence": [0.9539100527763367, 0.8406103849411011, 0.8531273007392883, 0.8581466674804688, 0.7442576289176941, 0.9763823747634888, 0.930323600769043, 0.9427713751792908, 0.9790523052215576, 0.9623180627822876, 0.881192684173584, 0.8647039532661438, 0.8458738923072815, 0.9412974119186401, 0.9154478907585144, 0.8967920541763306, 0.740856945514679, 0.861883819103241, 0.9414835572242737, 0.8647039532661438, 0.7354655265808105, 0.939846932888031, 0.8790748715400696, 0.8647039532661438, 0.8616535067558289, 0.8520981669425964, 0.9146842956542969, 0.9079194068908691, 0.8371230363845825, 0.9083743095397949, 0.88272625207901, 0.9079194068908691, 0.8122205138206482, 0.924377977848053, 0.9719002842903137, 0.958836555480957, 0.9637989401817322, 0.9921525120735168, 0.9839245676994324, 0.9717352390289307, 0.7179483771324158, 0.9338974952697754, 0.9678854942321777, 0.7702858448028564, 0.8616782426834106, 0.8621355891227722], "label": [1, 1, 1, 0, 0, 0, 0]}