{"text": ["XYZ Hospital", "123 tlealth Street,Wellness City", "Phone:+1-234.587-890", "Patlant Namx:Graco Millar", "Ap:35", "DoctorDr.Johnson", "Medicine", "Dosuge", "Frequency", "Duration", "Tab Cetine", "20 tblets", "3mesday", "4days", "Tab Evion", "10 tablets", "3umesadey", "30 days", "TabAllegra", "15tablets", "2 tmes day", "30 days", "Tab Neurobin Forte", "10tablets", "3tmesaday", "5 days", "TabCiplox500", "5tablets", "3 tmesaday", "7days", "Syrup", "Dosapo", "Froquoncy", "Duratlon", "Syrup Zodax", "10ml", "3timsday", "30days", "Advico:", "-Tako tod rost", "Eat nsy-to-dlgest food like boiled dce with dal", "-Stayhydrated"], "confidence": [0.9544928669929504, 0.8478810787200928, 0.8465229868888855, 0.8270721435546875, 0.7742155194282532, 0.9608418941497803, 0.930411696434021, 0.9427713751792908, 0.9838371276855469, 0.9629752039909363, 0.9065150022506714, 0.9135541915893555, 0.8410215377807617, 0.9227895736694336, 0.9283020496368408, 0.8921223878860474, 0.8198149800300598, 0.8853435516357422, 0.9473352432250977, 0.8913987278938293, 0.7324858903884888, 0.8867191672325134, 0.9412102103233337, 0.9247161149978638, 0.8835886120796204, 0.8977670669555664, 0.9455698132514954, 0.9057856798171997, 0.8482871055603027, 0.9444330930709839, 0.9720994234085083, 0.7875345349311829, 0.9624842405319214, 0.9871726036071777, 0.9493877291679382, 0.9347427487373352, 0.7220712900161743, 0.8138046264648438, 0.96775883436203, 0.7905479669570923, 0.9010859727859497, 0.8896684050559998], "label": [1, 0, 1, 0, 0, 0, 0]}