{"text": ["XYZ Hospital", "123 tlealth Street,Wellness City", "Phone:+1-234.587-890", "Patlont Namx:Davld Smith", "Ap:53", "Doctor: Dr.Patol", "Medicine", "Dosage", "Frequency", "Duration", "TabCiplox500", "15tblets", "3mesday", "7 duys", "Cap CoImmune", "5tablets", "3tmesaday", "4duys", "Tab Evlon", "20 tblets", "2 tmesa duy", "5 days", "Cup Cypon", "10tablets", "2tmesa day", "7 days", "Tab Neurobin Forte", "5tablets", "2 tmes a duy", "4duys", "Tab Triz", "10tablets", "3 tmesa dey", "30 days", "Syrup", "Dosago", "Froquoncy", "Duratlon", "Syrup Zodax", "10ml", "3tms doy", "5 days", "Advico:", "-Tako to rost", "Eat nsy-to-digest food like boiled dce with dnl", "Stoytydrated"], "confidence": [0.9489903450012207, 0.8418617844581604, 0.8581722378730774, 0.861952006816864, 0.7789907455444336, 0.9591149091720581, 0.9323613047599792, 0.9028077125549316, 0.9790523052215576, 0.9564203023910522, 0.8882958292961121, 0.9046850204467773, 0.8458738923072815, 0.9796134829521179, 0.8930516242980957, 0.9046000242233276, 0.8485071659088135, 0.9136894941329956, 0.9137175679206848, 0.9086169004440308, 0.7515864968299866, 0.7517222762107849, 0.8972868323326111, 0.9273074269294739, 0.8158695101737976, 0.861883819103241, 0.9227240681648254, 0.9079194068908691, 0.753273069858551, 0.9083743095397949, 0.9565025568008423, 0.9273074269294739, 0.783811628818512, 0.8867191672325134, 0.9719002842903137, 0.958836555480957, 0.9529516696929932, 0.9560586214065552, 0.9016184210777283, 0.9717352390289307, 0.7066380381584167, 0.7886900901794434, 0.9678854942321777, 0.7507117390632629, 0.8616782426834106, 0.8621355891227722], "label": [1, 1, 1, 0, 0, 0, 0]}