{"text": ["XYZ Hospital", "123 tlealth Street,Wellness City", "Phone:+1-234.587-890", "PatlantNam:Bob Ro", "Doctor: Dr.Pato1", "Medicine", "Dosuge", "Frequency", "Duration", "Tab Allegra", "15tablets", "20ms dey", "5 days", "Cap Omez", "10 tablets", "2tmesa dey", "10days", "Cap Pan d", "20 tablets", "2 tmes a duy", "5days", "TabDolo 650", "20 tablets", "3 tmesa dey", "7days", "Syrup", "Dosago", "Froquoncy", "Duratlon", "Syrup Brozodox", "Sml", "3tms doy", "30 days", "Syrup Fobroxplus", "Sml", "3timsday", "10day", "Advico:", "-Tako tod rost", "Eat nsy-to-dlgest food like boiled dce with dal", "-Staytydrated"], "confidence": [0.9524848461151123, 0.8385250568389893, 0.8577502369880676, 0.8188877105712891, 0.9176145792007446, 0.8984020948410034, 0.9431764483451843, 0.9838371276855469, 0.964890718460083, 0.8750364184379578, 0.8910351991653442, 0.7710025310516357, 0.7393367886543274, 0.868726372718811, 0.8921223878860474, 0.7338863611221313, 0.9015160202980042, 0.9048255085945129, 0.9054545164108276, 0.78944331407547, 0.8756504058837891, 0.8504865765571594, 0.8983814120292664, 0.8120609521865845, 0.9342161417007446, 0.9747051000595093, 0.8496239185333252, 0.9308472871780396, 0.873630166053772, 0.96375572681427, 0.8684621453285217, 0.7202708125114441, 0.9648943543434143, 0.8312637805938721, 0.9197258949279785, 0.7793974876403809, 0.7979649305343628, 0.9677251577377319, 0.8336081504821777, 0.9003587961196899, 0.9319948554039001], "label": [1, 1, 1, 0, 0, 0, 0]}