{"text": ["XYZ Hospital", "123 tlealth Street,Wellness City", "Phone:+1-234.587-890", "PatlantNamx:Allco Wlllams", "Ap:52", "DoctorDr.Tumor", "Medicine", "Dosuge", "Frequency", "Duration", "Tab Allegra", "15tablets", "20ms dey", "7 days", "Cap Colmmune", "5tablets", "2tmesa dey", "$ days", "Tab Combinam", "10tablets", "3 tmesaday", "7days", "TabAluhrodin500", "t5tablets", "2 tm5 a day", "10days", "Syrup", "Dosapo", "Froquancy", "Duratlon", "Syrup Corox-dx", "Sml", "3 ts doy", "5days", "SyrupZodax", "Sml", "2timday", "5doy", "Advico:", "-Tako bod rost", "Eat nsy-to-digest food like boiled dce with dal", "-Stayhydrated"], "confidence": [0.951866626739502, 0.8397116661071777, 0.8577502369880676, 0.8456780910491943, 0.7315886616706848, 0.9669028520584106, 0.8984020948410034, 0.9420654773712158, 0.9838371276855469, 0.9623180627822876, 0.8971193432807922, 0.8927748799324036, 0.7692691087722778, 0.8594018816947937, 0.9003205895423889, 0.8909797668457031, 0.7338863611221313, 0.9359393119812012, 0.9089953303337097, 0.9247161149978638, 0.8477917909622192, 0.9236086010932922, 0.7821550369262695, 0.8862625360488892, 0.7431930899620056, 0.948091983795166, 0.9728748202323914, 0.8093938827514648, 0.9563462734222412, 0.9498113989830017, 0.9832355380058289, 0.8684621453285217, 0.6967481374740601, 0.8669117093086243, 0.8919841051101685, 0.9197258949279785, 0.7986935377120972, 0.7402545213699341, 0.967370867729187, 0.8230072855949402, 0.9078223705291748, 0.8757689595222473], "label": [1, 1, 1, 0, 0, 0, 0]}