{"text": ["XYZ Hospital", "123 tlealth Street,Wellness City", "Phone:+1-234.587-890", "Patlant Namx:Jano Brown", "p:9", "Doctor: Dr.Tumor", "Medicine", "Dosuge", "Frequency", "Duration", "Cup Cypon", "5 tablets", "3mesdey", "30 days", "Tab Sumo cold", "t5tablets", "3 tmes doy", "4days", "Cap Zovirax", "t5tablets", "3 tmesaday", "5days", "TabPand", "10tablets", "2 tms a day", "30 days", "Syrup", "Dosogo", "Froquoncy", "Duratlon", "Syrup Brozodox", "10ml", "3tms doy", "5days", "Syrup Corox-dx", "Sml", "3timsday", "5doy", "Advico:", "-Tako tod rost", "Eat nsy-to-dlgest food like boiled dce with dal", "-Staytydrated"], "confidence": [0.9555370807647705, 0.8380128741264343, 0.8541738390922546, 0.852605402469635, 0.5454330444335938, 0.9503644704818726, 0.9307171702384949, 0.9427713751792908, 0.9860424399375916, 0.964890718460083, 0.8846228718757629, 0.8638057708740234, 0.8327884078025818, 0.8676621317863464, 0.918484091758728, 0.8831853270530701, 0.7266961336135864, 0.9184122085571289, 0.8862808346748352, 0.8833587169647217, 0.8493043780326843, 0.8950570225715637, 0.9706205725669861, 0.9247161149978638, 0.8000491857528687, 0.8867191672325134, 0.9728748202323914, 0.7991173267364502, 0.9251506328582764, 0.8827411532402039, 0.9683529138565063, 0.9410436153411865, 0.7099467515945435, 0.8669117093086243, 0.8401254415512085, 0.9197258949279785, 0.7859691381454468, 0.7402545213699341, 0.9688101410865784, 0.8324451446533203, 0.9003587961196899, 0.9319948554039001], "label": [1, 1, 1, 0, 0, 0, 0]}