{"text": ["XYZ Hospital", "123 tlealth Street,Wellness City", "Phone:+1-234.587-890", "Patlant Namx:Llam Whito", "80", "Doctor: Dr.Johnson", "Medicine", "Dosauge", "Frequency", "Duration", "Tab Sumo cold", "10tablets", "20ms dey", "10duys", "Tab Dolo650", "20 tablets", "20mes dey", "4days", "Tab Febrexplus", "20 tblets", "3tmes day", "10 days", "Tab Cyciomelf", "15tablets", "3 tmesa dey", "7 days", "TabClavum 025", "10 tablets", "3 tmesaday", "30 days", "Syrup", "Dosapo", "Froquancy", "Duratlon", "SyrupTusdx", "Sml", "3 tms doy", "30 dny", "Syrup Fobrox plus", "10ml", "2tims doy", "30 day", "Advico:", "-Tako tod rost", "Eat ensy-to-digest food like boiled rice with dnl", "Stoy bydrated"], "confidence": [0.9489903450012207, 0.8465441465377808, 0.8575018644332886, 0.8287948966026306, 0.7815377712249756, 0.9664130806922913, 0.9501501321792603, 0.8137890696525574, 0.9788968563079834, 0.9629752039909363, 0.9104427695274353, 0.9273074269294739, 0.7692691087722778, 0.9152160286903381, 0.8586784601211548, 0.9054545164108276, 0.7687022686004639, 0.9184122085571289, 0.953447163105011, 0.9248446226119995, 0.795462429523468, 0.8690416216850281, 0.8523942232131958, 0.8865651488304138, 0.8120609521865845, 0.8720644116401672, 0.803583025932312, 0.901634693145752, 0.8439608812332153, 0.8853435516357422, 0.9703512191772461, 0.8934853076934814, 0.9114760160446167, 0.9950846433639526, 0.8967679142951965, 0.9197258949279785, 0.7108118534088135, 0.7861705422401428, 0.9893866181373596, 0.94232577085495, 0.7010757923126221, 0.7859539985656738, 0.96775883436203, 0.7142127752304077, 0.844878613948822, 0.7955535054206848], "label": [1, 0, 1, 0, 0, 0, 0]}