{"text": ["XYZ Hospital", "123 tlealth Street,Wellness City", "Phone:+1-234.587-890", "PatlantNam:Bob D", "DoctorDr.Smith", "Medicine", "Dosuge", "Frequency", "Duration", "Tab Allegra", "15tablets", "20ms day", "4duys", "Cap Dilanun", "5tablets", "3tmesaday", "30 days", "Tab Dolonex dt", "t5tablets", "2tmesaday", "5days", "TabClavum 025", "10tablets", "3 tmesa dey", "30 days", "Syrup", "Dosapo", "Froquancy", "Duratlon", "Syrup TusQx", "Sml", "3tm doy", "7days", "Syrup Brozodax", "Sml", "3timsday", "5doy", "Advico:", "-Tako tod rost", "Eat nsy-to-dlgest food like boiled dce with dal", "-Stayhydrated"], "confidence": [0.95541912317276, 0.8413002490997314, 0.8577502369880676, 0.8293065428733826, 0.974786639213562, 0.9287360906600952, 0.9420654773712158, 0.9905779957771301, 0.9623180627822876, 0.8999242782592773, 0.8927748799324036, 0.761807918548584, 0.9136894941329956, 0.9056901335716248, 0.8909797668457031, 0.8251487016677856, 0.8663529753684998, 0.9169639348983765, 0.8511607646942139, 0.8651008009910583, 0.8882506489753723, 0.8327903151512146, 0.9247161149978638, 0.7000328302383423, 0.8867191672325134, 0.9728748202323914, 0.8093938827514648, 0.9293076395988464, 0.8827411532402039, 0.9582244753837585, 0.8684621453285217, 0.7329906821250916, 0.928950309753418, 0.8707041144371033, 0.9197258949279785, 0.7808237075805664, 0.7402545213699341, 0.9688101410865784, 0.8293460011482239, 0.9003587961196899, 0.8854078650474548], "label": [1, 1, 1, 0, 0, 0, 0]}