{"text": ["XYZ Hospital", "123 tlealth Street,Wellness City", "Phone:+1-234-587-890", "Patlant Namx:Allco Whito", ":47", "Doctor: Dr.Smith", "Medidine", "Dosuge", "Frequency", "Duration", "Cap Pan d", "5 tablets", "3mesday", "7 duys", "Tab Dolonexdt", "5tablets", "3tmesaday", "10days", "TabAlurodin 500", "5tblets", "3 tmes a duy", "5 days", "Tab Cyciopam", "10tablets", "3 tmesadey", "5days", "Syrup", "Dosago", "Froquancy", "Duratlon", "Syrup Corx", "10ml", "3tims doy", "30day", "Advico:", "-Tako bod rost", "Eat nsy-to-dlgest food like boiled rice with dal", "-Stytydrated"], "confidence": [0.9428637623786926, 0.8378421068191528, 0.8872672319412231, 0.8187143206596375, 0.8488302230834961, 0.9554120302200317, 0.9153572916984558, 0.9030749201774597, 0.9827504754066467, 0.955414891242981, 0.9601354598999023, 0.887381374835968, 0.8407880067825317, 0.8653728365898132, 0.9399417042732239, 0.9079194068908691, 0.8201786875724792, 0.8626441955566406, 0.7904385924339294, 0.9377560019493103, 0.8619096875190735, 0.7472350001335144, 0.8817084431648254, 0.9273074269294739, 0.7185487747192383, 0.8383257985115051, 0.9852066040039062, 0.9117240309715271, 0.9325470328330994, 0.9347891807556152, 0.9262898564338684, 0.9658069610595703, 0.7523825764656067, 0.888917088508606, 0.9288334846496582, 0.7142534255981445, 0.8857390284538269, 0.9112634658813477], "label": [1, 1, 1, 0, 0, 0, 0]}