{"text": ["XYZ Hospital", "123 tlealth Street,Wellness City", "Phone:+1-234.587-890", "PatlantNamx:Llam Davs", ":70", "Doctor: Dr. Smith", "Medicine", "Dosuge", "Frequency", "Duration", "Cap Zovirax", "15tablets", "3mesday", "5 days", "Tab Dolonexdt", "5tablets", "3 0ms dey", "4days", "Cap Dilanun", "15tablets", "3 tmesaday", "10 days", "Cap Omez", "t5tablets", "2 tms a day", "4days", "TabAluhrodin500", "5tablets", "3 tmesaday", "4days", "Syrup", "Dosapo", "Froquoncy", "Duratlon", "Syrup Fobrxplus", "Sml", "2timdy", "7day", "Advico:", "-Tako tod rost", "Eat nsy-to-dlgest food like boiled dce with dal", "-Stayhydrated"], "confidence": [0.9549444317817688, 0.8470800518989563, 0.8545160293579102, 0.8204801678657532, 0.7763848900794983, 0.9437006711959839, 0.930323600769043, 0.9420654773712158, 0.9838371276855469, 0.964890718460083, 0.8375561237335205, 0.8927748799324036, 0.8203554749488831, 0.7393367886543274, 0.9471693634986877, 0.895728349685669, 0.7231447696685791, 0.8935898542404175, 0.920295774936676, 0.870891273021698, 0.8291597366333008, 0.8622841835021973, 0.8546280264854431, 0.8697188496589661, 0.7687986493110657, 0.9184122085571289, 0.791504979133606, 0.9093613624572754, 0.8432919383049011, 0.9184122085571289, 0.9848486185073853, 0.9054598808288574, 0.9749724864959717, 0.910537838935852, 0.851455569267273, 0.9197258949279785, 0.8283358216285706, 0.8434621095657349, 0.9687759280204773, 0.8006833791732788, 0.9014807939529419, 0.8779224157333374], "label": [1, 1, 1, 0, 0, 0, 0]}