{"text": ["XYZ Hospital", "123 tlealth Street,Wellness City", "Phone:+1-234.587-890", "Patlont Namx:Allco Wlson", "p:27", "Doctor: Dr.Patol", "Medicine", "Dosauge", "Frequency", "Duration", "TabCyciomeff", "10 tablets", "3mesday", "30 days", "Tab Dolonex dt", "5 tablets", "20mes dey", "5days", "Tab Clavum 25", "10tablets", "3tmes aday", "7 days", "Tab Sumo cold", "5tablets", "3 tmesa dey", "4duys", "Cap Omez", "t5tablets", "2tmesaday", "4duys", "Syrup", "Dosapo", "Froquoncy", "Duratlon", "Syrup Corox", "Sml", "3tms doy", "7day", "Syrup Fobrox plus", "10ml", "2tims doy", "30days", "Advico:", "-Tako tod rost", "Eat nsy-to-digest food like boiled rice with dnl", "Stoy bydrated"], "confidence": [0.95135498046875, 0.8434277176856995, 0.8589719533920288, 0.8347442746162415, 0.7458348274230957, 0.9577020406723022, 0.930323600769043, 0.8137890696525574, 0.9788968563079834, 0.964890718460083, 0.8735430240631104, 0.8921223878860474, 0.8455252051353455, 0.8676621317863464, 0.9147642254829407, 0.8358298540115356, 0.7687022686004639, 0.8344883918762207, 0.8052302002906799, 0.9273074269294739, 0.8216320872306824, 0.9913495182991028, 0.9160088896751404, 0.8909797668457031, 0.8120609521865845, 0.9083743095397949, 0.8777953386306763, 0.8830724954605103, 0.8239051103591919, 0.9083743095397949, 0.9703512191772461, 0.7913495898246765, 0.9255363941192627, 0.957970380783081, 0.9736620187759399, 0.927854061126709, 0.711635172367096, 0.8483083248138428, 0.9942033290863037, 0.9616332650184631, 0.7066553235054016, 0.9183411002159119, 0.9687759280204773, 0.771318256855011, 0.8524071574211121, 0.8088518977165222], "label": [1, 1, 1, 0, 0, 0, 0]}