{"text": ["XYZ Hospital", "123 tlealth Street,Wellness City", "Phone:+1-234.587-890", "Patlant Namx:Jano Davs", ":40", "Doctor: Dr. Smith", "Medicine", "Dosauge", "Frequency", "Duration", "Cap Pand", "10 tablets", "3mesday", "t4duys", "Tab Cyciomelf", "20 tablets", "2 um5  duy", "10days", "Tab Zole fcream", "20 tablets", "3tmesaduy", "10 duys", "Tab Neurobin Forte", "10tablets", "2 tmes a duy", "10days", "Cup Dilanun", "10tablets", "2 tmes a duy", "5days", "Cap Zovirax", "10tablets", "2 tmes a doy", "4days", "Syrup", "Dosapo", "Froquoncy", "Duratlon", "Syrup Fobrox plusd", "Sml", "3tms doy", "5 days", "Advico:", "-Tako tod rost", "Eat nsy-to-digest food like boiled dce with dnl", "Stoytydrated"], "confidence": [0.9489903450012207, 0.8472570776939392, 0.8531273007392883, 0.8158190250396729, 0.7442576289176941, 0.9642598628997803, 0.8897854089736938, 0.8137890696525574, 0.9790523052215576, 0.9623180627822876, 0.9195549488067627, 0.8778047561645508, 0.8458738923072815, 0.8546951413154602, 0.858433723449707, 0.8967920541763306, 0.7169803380966187, 0.8628065586090088, 0.8408189415931702, 0.8709948658943176, 0.8625564575195312, 0.8829830288887024, 0.9269669055938721, 0.9273074269294739, 0.7414012551307678, 0.8628065586090088, 0.8720016479492188, 0.9273074269294739, 0.7857459187507629, 0.8520981669425964, 0.9386158585548401, 0.9273074269294739, 0.8100890517234802, 0.9184122085571289, 0.9719002842903137, 0.8306710124015808, 0.9529516696929932, 0.9544193744659424, 0.9481344223022461, 0.927854061126709, 0.7066380381584167, 0.7886900901794434, 0.9678077101707458, 0.7586460113525391, 0.8593538999557495, 0.871784508228302], "label": [1, 1, 1, 0, 0, 0, 0]}