{"text": ["XYZ Hospital", "123 tlealth Street,Wellness City", "Phone:+1-234-587-890", "Patlont Nanx:Davd Willlams", "p:23", "Doctor:Dr.Johnson", "Medicine", "Dosuge", "Frequency", "Duration", "Tab Cyclopum", "15tablets", "20ms dey", "7 days", "Tab Neurobin Forte", "15tablets", "2 tm0s  duy", "7 days", "Cap Pan d", "15tablets", "2 tmes a day", "10 duys", "Tab Combinam", "10tablets", "2tmesa day", "7 days", "TabCluvum 025", "20tblets", "2 umes a duy", "5days", "Tab Evion", "5tablets", "3 tmesa dey", "t4days", "Syrup", "Dosago", "Froquoncy", "Duratlon", "Syrup Fobrox plus", "10ml", "3 tims doy", "14days", "Syrup Zodax", "Sml", "3timsday", "10day", "Advico:", "-Tako tod rst", "Eat nsy-to-digest food like boiled rice with dnl", "-Stytydrated"], "confidence": [0.9467313289642334, 0.8385964632034302, 0.8772509694099426, 0.845823347568512, 0.7894628047943115, 0.9583542943000793, 0.9246234893798828, 0.9427713751792908, 0.9905779957771301, 0.964890718460083, 0.876556932926178, 0.8927748799324036, 0.7692691087722778, 0.8594018816947937, 0.9185090661048889, 0.8927748799324036, 0.7051472663879395, 0.8452855944633484, 0.903003454208374, 0.8647039532661438, 0.7271961569786072, 0.8608991503715515, 0.9283056259155273, 0.9273074269294739, 0.8279486894607544, 0.8452855944633484, 0.8199764490127563, 0.9145114421844482, 0.7387182116508484, 0.8691898584365845, 0.9196940660476685, 0.8909797668457031, 0.8244291543960571, 0.8406792283058167, 0.988613486289978, 0.8360254764556885, 0.9466862082481384, 0.9895802140235901, 0.9925931096076965, 0.9702969789505005, 0.7524312138557434, 0.8673887848854065, 0.8478832840919495, 0.927854061126709, 0.7865440845489502, 0.8244808912277222, 0.9238536953926086, 0.7242653369903564, 0.8472199440002441, 0.9149673581123352], "label": [1, 1, 1, 0, 0, 0, 0]}