{"text": ["XYZ Hospital", "123 tlealth Street,Wellness City", "Phone:+1-234-587-890", "Patlant Nanx:Allco Davs", "p:38", "Doctor:Dr.Johnson", "Medicine", "Dosuge", "Frequency", "Duration", "TabFebrexplus", "20tblets", "20ms dey", "7 days", "Cap Cypon", "5tablets", "2tmesa dey", "7 days", "Tab Sumo cold", "10tablets", "3 tmesa doy", "4duys", "Tab Evlon", "10tablets", "3 tmes aday", "30 days", "Cup Omez", "5tablets", "3 tmesaday", "7 days", "TabAluhrocin 500", "5tablets", "3 tmesa dey", "10days", "Syrup", "Dosago", "Froquoncy", "Durotlon", "Syrup TusQ dx", "Sml", "2 tim doy", "5 days", "Syrup Fobrox plus", "10ml", "3timday", "7day", "Advico:", "-Tako tod rost", "Eat nsy-to-digest food like boiled rice with dal", "-Stytydrated"], "confidence": [0.9428637623786926, 0.8467555046081543, 0.8872672319412231, 0.8003919720649719, 0.6243124008178711, 0.9547677636146545, 0.925883412361145, 0.9427713751792908, 0.9902750849723816, 0.964890718460083, 0.9789425730705261, 0.9145114421844482, 0.7692691087722778, 0.8594018816947937, 0.9397250413894653, 0.8909797668457031, 0.7338863611221313, 0.861883819103241, 0.908774733543396, 0.9247161149978638, 0.7852831482887268, 0.9083743095397949, 0.9200665950775146, 0.9247161149978638, 0.8291342258453369, 0.8513266444206238, 0.74431312084198, 0.9093613624572754, 0.8251968622207642, 0.861883819103241, 0.7735408544540405, 0.8909797668457031, 0.8336135745048523, 0.924377977848053, 0.988613486289978, 0.8496239185333252, 0.9466862082481384, 0.9339734315872192, 0.9477811455726624, 0.9028758406639099, 0.7873589992523193, 0.8219525814056396, 0.995391309261322, 0.9357630014419556, 0.7871680855751038, 0.8532044887542725, 0.9698401689529419, 0.7632184028625488, 0.9021574854850769, 0.9027094841003418], "label": [1, 1, 1, 0, 0, 0, 0]}