{"text": ["XYZ Hospital", "123 tlealth Street,Wellness City", "Phone:+1-234.587-890", "Patlant Namx:Mla Whito", "Ap:57", "Doctor: Dr.Lao", "Medicine", "Dosuge", "Frequency", "Duration", "Cap Dilanun", "10tablets", "20ms dey", "7 days", "Tab Pan d", "5tablets", "3umesaday", "$ days", "TabAluhrodin 500", "20 tblets", "2 tmes dey", "10 days", "Cap Pan d", "10tablets", "3 tmesa dey", "5 days", "TabCyciopam", "20tablets", "3 tmesaday", "5days", "Syrup", "Dosapo", "Froquoncy", "Duratlon", "Syrup TusQ-dx", "10ml", "2timday", "30days", "Advico:", "-Tako tod rost", "Eat nsy-to-dlgest food like boiled dce with dal", "-Staytydrated"], "confidence": [0.9531888961791992, 0.8400601148605347, 0.8541738390922546, 0.8225659728050232, 0.770072877407074, 0.9044675827026367, 0.9335603713989258, 0.9375312328338623, 0.9838371276855469, 0.9564203023910522, 0.8760963678359985, 0.9273074269294739, 0.7692691087722778, 0.8594018816947937, 0.9305731654167175, 0.8716651201248169, 0.8489219546318054, 0.9359393119812012, 0.7435046434402466, 0.9185055494308472, 0.7602824568748474, 0.8690416216850281, 0.9062197208404541, 0.9273074269294739, 0.8120609521865845, 0.8334064483642578, 0.9082731008529663, 0.8978633880615234, 0.8478784561157227, 0.8882506489753723, 0.9720994234085083, 0.9315247535705566, 0.9624842405319214, 0.9871726036071777, 0.9553414583206177, 0.9483411312103271, 0.7550383806228638, 0.8138046264648438, 0.96775883436203, 0.7947360873222351, 0.9010859727859497, 0.937537431716919], "label": [1, 1, 1, 0, 0, 0, 0]}