{"text": ["XYZ Hospital", "123 tlealth Street,Wellness City", "Phone:+1-234.587-890", "Patlant Namxo:Davld Johnson", ":20", "Doctor: Dr. Millor", "Medicine", "Dosuge", "Frequency", "Duration", "Tab Combinam", "20 tblets", "3mesday", "5 days", "Tab Dolo650", "5tablets", "3umesaday", "4days", "Cap CoImmune", "15tablets", "3tmes day", "30 days", "Cap Zovirax", "15tablets", "2 tmesa dey", "t4days", "Tab Febrex plus", "15tablets", "2tmesaday", "4days", "Syrup", "Dosago", "Froquancy", "Duratlon", "Syrup TusQx", "10ml", "3tms doy", "10dny", "Syrup Brozodox", "Sml", "3 tims doy", "4 days", "Advico:", "-Tako tod rost", "Eat ensy-to-digest food like boiled rice with dnl", "Stoytydrated"], "confidence": [0.954616367816925, 0.8415265083312988, 0.8575018644332886, 0.8539250493049622, 0.8948600888252258, 0.9745986461639404, 0.9175625443458557, 0.9740098118782043, 0.9788968563079834, 0.964890718460083, 0.9396131038665771, 0.9135541915893555, 0.8458738923072815, 0.7393367886543274, 0.8539010882377625, 0.8861472606658936, 0.8479437828063965, 0.8935898542404175, 0.9039211273193359, 0.8913987278938293, 0.795462429523468, 0.8866694569587708, 0.9172304272651672, 0.8865651488304138, 0.8118886351585388, 0.8510770797729492, 0.9164559841156006, 0.8865651488304138, 0.8577829003334045, 0.9184122085571289, 0.9703512191772461, 0.8148204684257507, 0.9235289692878723, 0.9960426092147827, 0.9397844076156616, 0.9347427487373352, 0.7066380381584167, 0.6375325322151184, 0.9708676338195801, 0.9197258949279785, 0.7696221470832825, 0.8612959980964661, 0.96775883436203, 0.7351533770561218, 0.844878613948822, 0.8652937412261963], "label": [1, 1, 1, 0, 0, 0, 0]}