{"text": ["XYZ Hospital", "123 tlealth Street,Wellness City", "Phone:+1-234-587-890", "Patlont Namx:MlaJohnson", "Ap:51", "Doctor:Dr.Patol", "Medicine", "Dosage", "Frequency", "Duration", "Cup Pan d", "20 tblets", "20ms doy", "4 duys", "Tab Cyciomelf", "5tablets", "2mes  duy", "7days", "TabZole fcream", "t5tblets", "3 tmes a duy", "5 days", "Tab Evion", "t5tablets", "2 tm5 a doy", "7 days", "Syrup", "Dosago", "Froquancy", "Durntion", "Syrup Fobrox plus", "10ml", "3tims doy", "10day", "Advico:", "-Tako bod rst", "Eat nsy-to-dlgest food like boiled rice with dal", "-Stytydrated"], "confidence": [0.9504032135009766, 0.8392246961593628, 0.8917137980461121, 0.8664169311523438, 0.7588711380958557, 0.9458067417144775, 0.9318302869796753, 0.8897534012794495, 0.9788968563079834, 0.9623180627822876, 0.9225687384605408, 0.9135541915893555, 0.7529489994049072, 0.939846932888031, 0.8301360011100769, 0.8909797668457031, 0.7472155094146729, 0.9236086010932922, 0.8902066349983215, 0.8782268762588501, 0.8733134865760803, 0.7885099053382874, 0.9600751399993896, 0.8856318593025208, 0.7406336069107056, 0.8480218052864075, 0.970925509929657, 0.9117240309715271, 0.9354243874549866, 0.8845467567443848, 0.9835043549537659, 0.9658069610595703, 0.7523825764656067, 0.8418286442756653, 0.9260411858558655, 0.7285957932472229, 0.8857390284538269, 0.910991907119751], "label": [1, 0, 1, 0, 0, 0, 0]}