{"text": ["XYZ Hospital", "123 tlealth Street,Wellness City", "Phone:+1-234-587-890", "Patlont Nano:EvoJohnson", "p:34", "Doctor: Dr.Lao", "Medicine", "Dosage", "Frequency", "Duration", "Tab Cetine", "15tablets", "20ms doy", "7 duys", "TabClavum025", "10 tablets", "2tmesaday", "10days", "TabAllegra", "10 tablets", "3 tmesaday", "7days", "Cap Dilantn", "5tablets", "3 tmesadey", "10days", "Syrup", "Dosago", "Froquancy", "Duratlon", "Syrup Cypon", "Sml", "3tims doy", "10days", "Advico:", "-Takoto rost", "Eat nsy-to-dlgest food like boiled rice with dal", "-Stynydrated"], "confidence": [0.9437291026115417, 0.8392246961593628, 0.8882525563240051, 0.8629979491233826, 0.7649431824684143, 0.878334641456604, 0.930323600769043, 0.9028077125549316, 0.9838371276855469, 0.955414891242981, 0.9133591651916504, 0.8910351991653442, 0.7520666718482971, 0.8653728365898132, 0.8910408616065979, 0.8921223878860474, 0.8067965507507324, 0.8626441955566406, 0.9442430734634399, 0.8921223878860474, 0.8454127311706543, 0.9236086010932922, 0.8529943227767944, 0.8909797668457031, 0.7121106386184692, 0.924377977848053, 0.9908796548843384, 0.9117240309715271, 0.9584259390830994, 0.9500347375869751, 0.9527111649513245, 0.8684621453285217, 0.7417122721672058, 0.869358479976654, 0.9268304705619812, 0.7006180286407471, 0.8857390284538269, 0.8978815078735352], "label": [1, 1, 1, 0, 0, 0, 0]}