{"text": ["XYZ Hospital", "123 tlealth Street,Wellness City", "Phone:+1-234.587-890", "Patlant Nanx:Davld Smith", ":70", "DoctorDr.Smith", "Medicine", "Dosuge", "Frequency", "Duration", "Tab Dolonex dt", "10tablets", "20ms dey", "7 days", "Tab Combinam", "10 tablets", "2tmesa dey", "7 days", "Cap Cypon", "10 tablets", "2tmesa dey", "7 days", "TabFebrexplus", "10tablets", "3 tmesa dey", "5days", "Syrup", "Dosago", "Froquoncy", "Duration", "Syrup Zodax", "10ml", "2 tm doy", "7days", "SyrupCorax", "Sml", "2timday", "5doy", "Advico:", "-Tako tod rost", "Eat nsy-to-dlgest food like boiled dce with dal", "-Staytydrated"], "confidence": [0.9556874632835388, 0.8413002490997314, 0.8541738390922546, 0.7937507629394531, 0.8660268783569336, 0.974786639213562, 0.9142245054244995, 0.9349806904792786, 0.9838371276855469, 0.964890718460083, 0.9162435531616211, 0.9273074269294739, 0.7710025310516357, 0.8635157942771912, 0.9176445603370667, 0.9107781648635864, 0.7338863611221313, 0.8480218052864075, 0.9467299580574036, 0.8921223878860474, 0.8103421926498413, 0.8480218052864075, 0.9725704789161682, 0.9247161149978638, 0.8120609521865845, 0.886221706867218, 0.9747051000595093, 0.9593794941902161, 0.9034984111785889, 0.9605920314788818, 0.8843551278114319, 0.9410436153411865, 0.7824395895004272, 0.928950309753418, 0.9032772779464722, 0.9197258949279785, 0.8057705163955688, 0.7402545213699341, 0.9683253169059753, 0.7935783267021179, 0.9067167639732361, 0.9250409007072449], "label": [1, 1, 1, 0, 0, 0, 0]}