{"text": ["XYZ Hospital", "123 tlealth Street,Wellness City", "Phone:+1-234-587-890", "Patlont Namx:Graco Millor", ":24", "Doctor:Dr.Johnson", "Medicine", "Dosage", "Frequency", "Duration", "Tab Trtz", "5 tablets", "3mesaday", "$ days", "Tab Dolonexdt", "20 tablets", "3 tmesaday", "30 days", "TabDolo650", "20 tablets", "3 tmes a duy", "5 days", "Tab Cetine", "20 tblets", "2 tmes a doy", "10days", "Syrup", "Dosago", "Froquancy", "Duratlon", "Syrup Cypon", "Sml", "3tims doy", "14dy", "Advico:", "-Tako bod rost", "Eat nsy-to-dlgest food like boiled rice with dal", "-Stynydrated"], "confidence": [0.9533605575561523, 0.8484009504318237, 0.8798349499702454, 0.7990323901176453, 0.882969081401825, 0.9711378812789917, 0.9514597654342651, 0.8897534012794495, 0.9827504754066467, 0.964890718460083, 0.788279116153717, 0.8757308125495911, 0.7886044979095459, 0.837290346622467, 0.9404585361480713, 0.9054545164108276, 0.7629109621047974, 0.8867191672325134, 0.8932056427001953, 0.8967920541763306, 0.8733134865760803, 0.7990822196006775, 0.9218240976333618, 0.9086169004440308, 0.7674559950828552, 0.9213528037071228, 0.9728748202323914, 0.9191999435424805, 0.935694694519043, 0.9347891807556152, 0.9513744711875916, 0.9028758406639099, 0.7523825764656067, 0.9139397740364075, 0.9288334846496582, 0.7415408492088318, 0.8857390284538269, 0.8982799053192139], "label": [1, 0, 1, 0, 0, 0, 0]}