{"text": ["XYZ Hospital", "123 tlealth Street,Wellness City", "Phone:+1-234-587-890", "Patlnt Nan:Allco Brown", ":42", "Doctor: Dr. Tumor", "Medicine", "Dosuge", "Frequency", "Duration", "Tab Zole fcream", "10 tablets", "3mesdey", "4duys", "Tab Pan d", "20 tablets", "2 um05  duy", "5days", "Tab Neurobin Forte", "10tablets", "3 tmesa doy", "7days", "Cap Co-lmmune", "20 tblets", "2 tmesa day", "7 days", "Cap Zovirax", "15tablets", "3 tmesaday", "7 days", "Cap Pan d", "15tablets", "2 tmes a doy", "5 duys", "Syrup", "Dosapo", "Froquoncy", "Duratlon", "Syrup Fobrox plus", "10ml", "2 tim doy", "5 days", "Syrup Corox-dx", "10ml", "3timsday", "10day", "Advico:", "-Tako tod rost", "Eat nsy-to-digest food like boiled rice with dnl", "-Stytydrated"], "confidence": [0.9531888961791992, 0.8385964632034302, 0.8895711898803711, 0.839165449142456, 0.812186062335968, 0.9479814171791077, 0.930323600769043, 0.9375312328338623, 0.9902750849723816, 0.9621754884719849, 0.856916606426239, 0.8778047561645508, 0.8327884078025818, 0.9136894941329956, 0.9090089797973633, 0.8967920541763306, 0.7148935794830322, 0.8366293907165527, 0.9497210383415222, 0.9273074269294739, 0.7694242000579834, 0.9236086010932922, 0.8397871851921082, 0.9086169004440308, 0.805739164352417, 0.8767657279968262, 0.8877450823783875, 0.8647039532661438, 0.8438262939453125, 0.8434519171714783, 0.9695506691932678, 0.8990643620491028, 0.7914705872535706, 0.9175510406494141, 0.988613486289978, 0.8228013515472412, 0.9466862082481384, 0.9799938797950745, 0.9946247339248657, 0.9702969789505005, 0.7249144315719604, 0.795685350894928, 0.9713419675827026, 0.9599877595901489, 0.7849414348602295, 0.817059338092804, 0.9631933569908142, 0.7705491185188293, 0.8460922241210938, 0.8946594595909119], "label": [1, 1, 1, 0, 0, 0, 0]}