{"text": ["XYZ Hospital", "123 tlealth Street,Wellness City", "Phone:+1-234.587-890", "Patlant Namxo:JanoJohnson", ":30", "Doctor: Dr.Lao", "Medicine", "Dosuge", "Frequency", "Duration", "Tab Cetine", "20tblets", "20ms dey", "10days", "Tab Zole fcream", "5tablets", "2tmesa dey", "4duys", "TabCyclopam", "t5tablets", "2 tmes a duy", "7 days", "Cap Dilantn", "t5tablets", "3 tmesa dey", "4days", "Syrup", "Dosapo", "Froquancy", "Duratlon", "Syrup Corox", "10ml", "3 ts doy", "30 days", "SyrupTusx", "10ml", "2timday", "7day", "Advico:", "-Tako tod rost", "Eat nsy-to-digest food like boiled rice with dal", "-Staytydrated"], "confidence": [0.9556338787078857, 0.8386499881744385, 0.8577502369880676, 0.8624433279037476, 0.8725531697273254, 0.8863537907600403, 0.930323600769043, 0.9427713751792908, 0.9838371276855469, 0.9623180627822876, 0.9164716005325317, 0.9343926906585693, 0.7692691087722778, 0.8628065586090088, 0.8712989091873169, 0.8909797668457031, 0.7338863611221313, 0.9083743095397949, 0.8911712765693665, 0.8511607646942139, 0.8021218776702881, 0.8720644116401672, 0.8452138304710388, 0.8862625360488892, 0.7414395809173584, 0.9184122085571289, 0.9720994234085083, 0.8074707984924316, 0.9061452150344849, 0.8676162958145142, 0.890136182308197, 0.9658069610595703, 0.6967481374740601, 0.9518036246299744, 0.8749332427978516, 0.911413848400116, 0.8054354786872864, 0.8190528750419617, 0.9678854942321777, 0.7910183668136597, 0.9073290824890137, 0.9258518218994141], "label": [1, 1, 1, 0, 0, 0, 0]}