{"text": ["XYZ Hospital", "123 tlealth Street,Wellness City", "Phone:+1-234.587-890", "Patlont Namx:Charlo Wlson", "p:22", "Doctor: Dr.Johnson", "Medicine", "Dosuge", "Frequency", "Duration", "CapCypon", "10 tablets", "3mesday", "$ duys", "Tab Cetine", "10tablets", "2 um5  duy", "30 days", "Tab Suno cold", "20 tablets", "3 tmesaduy", "7 days", "Tab Trz", "20 tablets", "2tmesa day", "4duys", "TabCiplox500", "20 tblets", "3 tmesaday", "10days", "TabAllegra", "10tablets", "3 tmesa dey", "10days", "Syrup", "Dosago", "Froquoncy", "Duratlon", "Syrup TusQx", "Sml", "2tmdoy", "10dy", "Advico:", "-Takoto rst", "Eat nsy-to-digest food like boiled dce with dnl", "Stoytydrated"], "confidence": [0.9476857781410217, 0.836279034614563, 0.8581722378730774, 0.8577889800071716, 0.7705976963043213, 0.9731536507606506, 0.9307171702384949, 0.908909797668457, 0.9790523052215576, 0.964890718460083, 0.9766772985458374, 0.8778047561645508, 0.8203554749488831, 0.8634000420570374, 0.9177756309509277, 0.9273074269294739, 0.7476545572280884, 0.8479889631271362, 0.882146954536438, 0.8709948658943176, 0.8196805119514465, 0.8594018816947937, 0.9231915473937988, 0.8967920541763306, 0.8157480955123901, 0.9136894941329956, 0.8778741955757141, 0.9003804326057434, 0.8438262939453125, 0.8654675483703613, 0.9105583429336548, 0.9273074269294739, 0.7729131579399109, 0.9213528037071228, 0.9720994234085083, 0.958836555480957, 0.9429497122764587, 0.9921525120735168, 0.9335668683052063, 0.9028758406639099, 0.7008616924285889, 0.9338974952697754, 0.9678854942321777, 0.7509673833847046, 0.8616782426834106, 0.8412471413612366], "label": [1, 1, 1, 0, 0, 0, 0]}