{"text": ["XYZ Hospital", "123 tlealth Street,Wellness City", "Phone:+1-234-587-890", "Patlont Namx:Evo Smith", "0:27", "Doctor: Dr.Lao", "Medicine", "Dosuge", "Frequency", "Quraton", "Tab Allegra", "20 tblets", "3mesday", "30 duys", "TabCyciopom", "10 tablets", "2 ms  duy", "30 days", "Tab Pand", "5tablets", "3mesa duy", "4duys", "Tab Febrex plus", "5tablets", "2tmesa day", "4duys", "Tab Zole fcream", "5tablets", "3 tmesaday", "30 duys", "TabDolo650", "5tablets", "2tmesaday", "7 days", "Syrup", "Dosago", "Froquoncy", "Duration", "Syrup Grillnctus tm", "10ml", "3tims doy", "7days", "Syrup Fobrox plus", "10ml", "3timsday", "30dys", "Advico:", "-Tako tod rost", "Eat nsy-to-digest food like boiled rice with dal", "-Stytydrated"], "confidence": [0.9509110450744629, 0.8445388078689575, 0.8954404592514038, 0.8110023736953735, 0.7614759206771851, 0.8984259366989136, 0.8953059315681458, 0.9427713751792908, 0.9902750849723816, 0.818080484867096, 0.921038806438446, 0.8845076560974121, 0.8376972079277039, 0.9137939810752869, 0.9039579629898071, 0.8778047561645508, 0.7132995128631592, 0.8513266444206238, 0.9217784404754639, 0.9090673923492432, 0.7703293561935425, 0.9083743095397949, 0.9191535115242004, 0.9097566604614258, 0.7596670985221863, 0.9083743095397949, 0.8669539093971252, 0.9159331321716309, 0.8302282094955444, 0.9156034588813782, 0.887675404548645, 0.8909797668457031, 0.8467394709587097, 0.991462230682373, 0.988613486289978, 0.8496239185333252, 0.9474319815635681, 0.9799325466156006, 0.9912502765655518, 0.9702969789505005, 0.7382882833480835, 0.8676953315734863, 0.9938004612922668, 0.9599877595901489, 0.7318611145019531, 0.9068120121955872, 0.9631933569908142, 0.7658275961875916, 0.9021574854850769, 0.9000576138496399], "label": [1, 0, 1, 0, 0, 0, 0]}