{"text": ["XYZ Hospital", "123 tlealth Street,Wellness City", "Phone:+1-234.587-890", "PatlantNam:Jano Ro", "Ap:59", "Doctor: Dr. Millor", "Medidine", "Dosuge", "Frequency", "Duration", "Cap Pan d", "15tablets", "3mesday", "10days", "Tab Allegra", "15tablets", "20mesaday", "10days", "Tab Zole fcream", "15tablets", "2tmes day", "5 days", "Cap Cypon", "5tablets", "3tmesaday", "10days", "TabCyciopam", "15tablets", "3tmesaday", "5days", "Syrup", "Dosapo", "Froquancy", "Duratlon", "Syrup Brozodx", "Sml", "2mdoy", "10day", "Syrup TusQ-dx", "Sml", "2tims doy", "10dny", "Advico:", "-Tako tod rost", "Eat nsy-to-digest food like boiled rice with dnl", "Stoytydrated"], "confidence": [0.9566960334777832, 0.8420253992080688, 0.8575018644332886, 0.8222626447677612, 0.6531780362129211, 0.9687598347663879, 0.9153572916984558, 0.9427713751792908, 0.9838371276855469, 0.9629752039909363, 0.8757061958312988, 0.8913987278938293, 0.8458738923072815, 0.9148828983306885, 0.8720228672027588, 0.8913987278938293, 0.7241058349609375, 0.9213528037071228, 0.8778966665267944, 0.8913987278938293, 0.7530199289321899, 0.7600082755088806, 0.9462621212005615, 0.8861472606658936, 0.8757919669151306, 0.9213528037071228, 0.9045064449310303, 0.8865651488304138, 0.8785970211029053, 0.8746163249015808, 0.9788066744804382, 0.8614616990089417, 0.9235289692878723, 0.9921525120735168, 0.8769702315330505, 0.8684621453285217, 0.7373758554458618, 0.7993679046630859, 0.9619960188865662, 0.9197258949279785, 0.7041686773300171, 0.7591055631637573, 0.9687759280204773, 0.7198308706283569, 0.8504207730293274, 0.871784508228302], "label": [1, 1, 1, 0, 0, 0, 0]}