{"text": ["XYZ Hospital", "123 tlealth Street,Wellness City", "Phone:+1-234-587-890", "Patlont Namx:John Smith", ":42", "Doctor: Dr. Millor", "Medicine", "Dosage", "Frequency", "Duration", "Cap Dilunun", "20 tblets", "20ms doy", "$ duys", "Cap Pan d", "20 tablets", "2tmesa day", "30 days", "Tab Thiz", "20 tablets", "2 tmes a duy", "4 days", "TabCyciopom", "20 tblets", "2 tmes a doy", "5days", "Syrup", "Dosago", "Froquancy", "Duratlon", "Syrup Corx", "Sml", "3tims doy", "14 day", "Advico:", "-Takotorost", "Eat nsy-to-dlgest food like boiled rice with dal", "-Stynydrated"], "confidence": [0.9447755813598633, 0.8447699546813965, 0.887356162071228, 0.8517851829528809, 0.812186062335968, 0.9551150798797607, 0.8984020948410034, 0.8897534012794495, 0.9838371276855469, 0.964890718460083, 0.9267145395278931, 0.9135541915893555, 0.7558689117431641, 0.860700786113739, 0.9074792861938477, 0.9054545164108276, 0.7703806161880493, 0.8663529753684998, 0.8237869143486023, 0.8967920541763306, 0.7711687088012695, 0.8753823637962341, 0.9006716012954712, 0.9086169004440308, 0.7735598087310791, 0.8756504058837891, 0.9728748202323914, 0.9191999435424805, 0.9325470328330994, 0.9634062051773071, 0.9240598678588867, 0.9028758406639099, 0.7524159550666809, 0.7775042057037354, 0.9288334846496582, 0.6841716170310974, 0.8857390284538269, 0.8976470828056335], "label": [1, 1, 1, 0, 0, 0, 0]}