{"text": ["XYZ Hospital", "123 tlealth Street,Wellness City", "Phone:+1-234.587-890", "Patlant Namx:Davld Ro", "p:72", "Doctor: Dr. Tumor", "Medicine", "Dosage", "Frequency", "Duration", "TabDolo650", "20 tblets", "20ms dey", "7 duys", "Tab Cyciopam", "10tablets", "2tmesaday", "4duys", "TabClavum 025", "15tablets", "3 tmesa duy", "30 duys", "Tab Cyclomeff", "5tablets", "2tmesa dey", "5days", "TabCiplox500", "5tablets", "2 tmes a duy", "4days", "Tab Pand", "10tablets", "2 tmes a doy", "10days", "Syrup", "Dosago", "Froquoncy", "Duratlon", "Syrup TusQ dx", "Sml", "3tmsdoy", "7day", "Advico:", "-Tako to rost", "Eat nsy-to-digest food like boiled dce with dnl", "Stoybydrated"], "confidence": [0.9545212388038635, 0.847599446773529, 0.8531273007392883, 0.770664393901825, 0.8203001022338867, 0.9700412750244141, 0.930323600769043, 0.9033363461494446, 0.9790523052215576, 0.9564203023910522, 0.8913100957870483, 0.9003804326057434, 0.7692691087722778, 0.9828178286552429, 0.8486167788505554, 0.9273074269294739, 0.8067965507507324, 0.9083743095397949, 0.8249198198318481, 0.8647039532661438, 0.798012912273407, 0.9156034588813782, 0.8577137589454651, 0.9046000242233276, 0.8084509968757629, 0.8520981669425964, 0.9282515048980713, 0.9079194068908691, 0.7853452563285828, 0.9184122085571289, 0.9268008470535278, 0.9273074269294739, 0.7914690375328064, 0.8655838966369629, 0.9719002842903137, 0.9144992828369141, 0.9524527788162231, 0.9877357482910156, 0.943820595741272, 0.927854061126709, 0.7260910272598267, 0.940690815448761, 0.9678854942321777, 0.7605816721916199, 0.8616782426834106, 0.8271915912628174], "label": [1, 0, 1, 0, 0, 0, 0]}