{"text": ["XYZ Hospital", "123 tlealth Street,Wellness City", "Phone:+1-234-587-890", "Patlnt NanJano R", "p:73", "Doctor: Dr. Millor", "Medicine", "Dosuge", "Frequency", "Duration", "Tab Dolo 650", "10tablets", "3mesday", "7 duys", "Tab Triz", "5tablets", "3tmesaday", "30 days", "Cap Dilanun", "20 tablets", "3 tmes a duy", "4 days", "Tab Cyciomeff", "5tablets", "3 tmesa dey", "7 days", "Syrup", "Dosago", "Froquancy", "Duratlon", "Syrup TusQ dx", "Sml", "2tmdoy", "10day", "Advico:", "-Takoto rost", "Eat nsy-to-dlgest food like boiled rice with dal", "-Stynydrated"], "confidence": [0.948493480682373, 0.8395678997039795, 0.9014118313789368, 0.8159177303314209, 0.8352077603340149, 0.9522596001625061, 0.930323600769043, 0.9054610133171082, 0.9788968563079834, 0.964890718460083, 0.8347335457801819, 0.9273074269294739, 0.8427475690841675, 0.9750018119812012, 0.8993823528289795, 0.8909797668457031, 0.8034953474998474, 0.8663529753684998, 0.9047912359237671, 0.8709948658943176, 0.8568880558013916, 0.8902750611305237, 0.8470093607902527, 0.8909797668457031, 0.7263503670692444, 0.8767657279968262, 0.9728748202323914, 0.9144992828369141, 0.935694694519043, 0.9634062051773071, 0.9495356678962708, 0.9028758406639099, 0.7609524726867676, 0.841717541217804, 0.9288334846496582, 0.6763554215431213, 0.8857390284538269, 0.8969910144805908], "label": [1, 1, 1, 0, 0, 0, 0]}