{"text": ["XYZ Hospital", "123 tlealth Street,Wellness City", "Phone:+1-234.587-890", "PatlontNam:Evo D", "p:21", "Doctor: Dr.Pato1", "Medicine", "Dosuge", "Frequency", "Duration", "Cap Zovirax", "15tablets", "20ms doy", "4duys", "Tab Pan d", "10 tablets", "2 tms  dey", "4days", "Cap Pan d", "15tablets", "2 tmes aday", "30 days", "Tab Neurobin Forte", "5tblets", "2 tms a duy", "$ days", "Cap Omez", "5 tablets", "3 tmesaday", "10days", "Syrup", "Dosago", "Froquoncy", "Duratlon", "Syrup Corox-dx", "10ml", "2timdy", "Sday", "Advico:", "-Tako tod rost", "Eat nsy-to-digest food like boiled dce with dal", "-Staytydrated"], "confidence": [0.9524848461151123, 0.8413002490997314, 0.8577502369880676, 0.8179448843002319, 0.6957564949989319, 0.9181328415870667, 0.9307171702384949, 0.9420654773712158, 0.9838371276855469, 0.9623180627822876, 0.8720144033432007, 0.8927748799324036, 0.7482061982154846, 0.9136894941329956, 0.9305731654167175, 0.8921223878860474, 0.7005518078804016, 0.8935898542404175, 0.9141257405281067, 0.8647039532661438, 0.7311189770698547, 0.8853435516357422, 0.9362795352935791, 0.8720654249191284, 0.7090646624565125, 0.9325768351554871, 0.8941463828086853, 0.8494940996170044, 0.8335834741592407, 0.924377977848053, 0.9720994234085083, 0.8360254764556885, 0.9772065281867981, 0.910537838935852, 0.923812210559845, 0.9483411312103271, 0.8268892168998718, 0.7356988191604614, 0.9675191640853882, 0.8357309103012085, 0.8992130160331726, 0.9372954964637756], "label": [1, 1, 1, 0, 0, 0, 0]}