{"text": ["XYZ Hospital", "123 tlealth Street,Wellness City", "Phone:+1-234-587-890", "Patlont Nanx:John Wlllams", "Ap:58", "Doctor: Dr. Tumor", "Medicine", "Dosuge", "Frequency", "Duration", "TabFebrexplus", "15tablets", "20ms dey", "4duys", "Tab Evlon", "15tablets", "2 tm0s  duy", "10days", "Tab Neurobin Forte", "10tablets", "2 tmes a day", "4duys", "Tab Cyciopom", "15tablets", "2 tmesa day", "10days", "Cap Pan d", "5tablets", "3 tmesaday", "7 days", "Cap Cypon", "20 tblets", "3 tmesa dey", "$ days", "Syrup", "Dosapo", "Froquoncy", "Duratlon", "Syrup Cypon", "10ml", "2 tim doy", "14 day", "Syrup Grillnctus tm", "10ml", "3timsday", "Sday", "Advico:", "-Tako tod rost", "Eat nsy-to-digest food like boiled rice with dnl", "-Stytydrated"], "confidence": [0.9539773464202881, 0.8387157320976257, 0.8868597745895386, 0.8503124713897705, 0.5542054772377014, 0.9428221583366394, 0.930323600769043, 0.9427713751792908, 0.9905779957771301, 0.9623180627822876, 0.9782832860946655, 0.8927748799324036, 0.7692691087722778, 0.9136894941329956, 0.8229510188102722, 0.9092390537261963, 0.7051472663879395, 0.8628065586090088, 0.9436669945716858, 0.9273074269294739, 0.7271961569786072, 0.9136894941329956, 0.8588196635246277, 0.8647039532661438, 0.8068044185638428, 0.8654675483703613, 0.9105875492095947, 0.9079194068908691, 0.8251968622207642, 0.8452855944633484, 0.992451548576355, 0.8838595747947693, 0.8244291543960571, 0.9325768351554871, 0.988613486289978, 0.8228013515472412, 0.9466862082481384, 0.9913142919540405, 0.9880268573760986, 0.9702969789505005, 0.7249144315719604, 0.7830430865287781, 0.992320716381073, 0.9599877595901489, 0.7849414348602295, 0.7643508911132812, 0.9631933569908142, 0.7688633799552917, 0.8472650647163391, 0.8946594595909119], "label": [1, 1, 1, 0, 0, 0, 0]}