{"text": ["XYZ Hospital", "123 tlealth Street,Wellness City", "Phone:+1-234.587-890", "Patlant Nanx:Davld D", "40", "Doctor: Dr. Millor", "Medicine", "Dosuge", "Frequency", "Duration", "Tab Trtz", "5 tablets", "20ms doy", "30 duys", "TabDolo650", "10tablets", "20mes dey", "10days", "Cap Pan d", "10tablets", "2 tmsa duy", "7 days", "Cap Omez", "5tablets", "2tmesa dey", "10days", "Tab Pan d", "5tablets", "2 tmes a duy", "5days", "Cap CoImmune", "20 tblets", "3 tmesa dey", "$ days", "Syrup", "Dosago", "Froquoncy", "Duratlon", "Syrup Cypon", "10ml", "2tm doy", "5 day", "Advico:", "-Tako tod rost", "Eat nsy-to-digest food like boiled dce with dnl", "Stoybydrated"], "confidence": [0.9573611617088318, 0.8498444557189941, 0.8575018644332886, 0.7730590105056763, 0.7601802945137024, 0.9698774814605713, 0.8989495038986206, 0.979745090007782, 0.9803639650344849, 0.964890718460083, 0.804344654083252, 0.887381374835968, 0.7569583654403687, 0.9206424355506897, 0.8759233355522156, 0.9273074269294739, 0.7428823113441467, 0.8628065586090088, 0.9105875492095947, 0.9273074269294739, 0.7483718395233154, 0.8580665588378906, 0.8316292762756348, 0.9046000242233276, 0.8084509968757629, 0.8626441955566406, 0.8963916301727295, 0.9079194068908691, 0.7704176902770996, 0.8366293907165527, 0.8747482895851135, 0.8838595747947693, 0.8536535501480103, 0.9325768351554871, 0.9719002842903137, 0.958836555480957, 0.9633573889732361, 0.9843534231185913, 0.9899075031280518, 0.9717352390289307, 0.7230568528175354, 0.8135870099067688, 0.9678854942321777, 0.7592254281044006, 0.859613835811615, 0.8199408650398254], "label": [1, 1, 1, 0, 0, 0, 0]}