{"text": ["XYZ Hospital", "123 tlealth Street,Wellness City", "Phone:+1-234.587-890", "PatlantNam:EvoWlson", "4", "Doctor: Dr.Lao", "Medicine", "Dosage", "Frequency", "Duration", "TabDolo 650", "5tablets", "20ms doy", "5 days", "Cap Dilantn", "t5tablets", "2tmesa duy", "7 days", "TabCiplox500", "20 tablets", "2 tmes a duy", "30 days", "TabCyciomelf", "5tablets", "3 tmesa dey", "10days", "Syrup", "Dosago", "Froquancy", "Duratlon", "Syrup Corox-dx", "Sml", "3tmsdoy", "5 days", "SyrupBrozodax", "10ml", "3timsday", "30dy", "Advico:", "-Tako tod rost", "Eat nsy-to-dlgest food like boiled rice with dal", "-Staytydrated"], "confidence": [0.9555370807647705, 0.8380128741264343, 0.8541738390922546, 0.8669927716255188, 0.9781603217124939, 0.9062715172767639, 0.930323600769043, 0.9033363461494446, 0.9823358058929443, 0.964890718460083, 0.8762516379356384, 0.9079194068908691, 0.767784595489502, 0.7393367886543274, 0.8929407000541687, 0.8833587169647217, 0.7795726656913757, 0.8720644116401672, 0.9386849999427795, 0.8709948658943176, 0.8021218776702881, 0.8866694569587708, 0.8692243695259094, 0.8878754377365112, 0.7118796706199646, 0.948091983795166, 0.9728748202323914, 0.8239191174507141, 0.9169834852218628, 0.8653408288955688, 0.9750828146934509, 0.8684621453285217, 0.702323317527771, 0.8145861029624939, 0.8927822113037109, 0.911413848400116, 0.7859691381454468, 0.9695253372192383, 0.9688101410865784, 0.8324451446533203, 0.9003981947898865, 0.9319948554039001], "label": [1, 1, 1, 0, 0, 0, 0]}