{"text": ["XYZ Hospital", "123 tlealth Street,Wellness City", "Phone:+1-234.587-890", "PatlntNamx:Allco Brown", "80", "Doctor: Dr.Lao", "Medicine", "Dosuge", "Frequency", "Duration", "Cap CoImmune", "15tablets", "20ms dey", "t4days", "Tab Zole fcream", "15tablets", "20mesaday", "5days", "Cap Dilanun", "10 tablets", "2 tmes aday", "30 days", "TabAlurocin 500", "15tablets", "2 tmes adey", "5days", "TabCiplox 500", "5tablets", "2tmesaday", "10days", "Syrup", "Dosapo", "Froquancy", "Duratlon", "Syrup TusQ-dx", "Sml", "2mdoy", "14dy", "Syrup Corox-dx", "10ml", "2tims doy", "30days", "Advico:", "-Tako tod rost", "Eat nsy-to-digest food like boiled rice with dnl", "Stoytydrated"], "confidence": [0.9500798583030701, 0.8410260081291199, 0.8575018644332886, 0.7857122421264648, 0.7866202592849731, 0.8878427147865295, 0.9307171702384949, 0.9427713751792908, 0.9838371276855469, 0.9629472494125366, 0.8841769099235535, 0.8913987278938293, 0.7692691087722778, 0.8578319549560547, 0.882470428943634, 0.8913987278938293, 0.7241058349609375, 0.8691898584365845, 0.8928151726722717, 0.8921223878860474, 0.7674550414085388, 0.8866694569587708, 0.8194425106048584, 0.8865651488304138, 0.8046001195907593, 0.8691898584365845, 0.9211034774780273, 0.9057856798171997, 0.8577829003334045, 0.9213528037071228, 0.974157989025116, 0.9113816618919373, 0.934296727180481, 0.9594031572341919, 0.9506849050521851, 0.9197258949279785, 0.7373758554458618, 0.8365260362625122, 0.9816890954971313, 0.9380403757095337, 0.7041686773300171, 0.9039595127105713, 0.9689494371414185, 0.7110406756401062, 0.8504207730293274, 0.871784508228302], "label": [1, 1, 1, 0, 0, 0, 0]}