{"text": ["XYZ Hospital", "123 tlealth Street,Wellness City", "Phone:+1-234.587-890", "PatlontNamx:Graco Wlllams", ":30", "Doctor: Dr.Lao", "Medicine", "Dosauge", "Frequency", "Duration", "Tab Evlon", "10tablets", "20ms dey", "7 days", "Cap Cypon", "20 tblets", "20mes dey", "30 days", "TabClavum 25", "15tablets", "3tmes day", "30 days", "Tab Neurobin Forte", "15tablets", "3 tmesa dey", "30 days", "Cap Omez", "15tablets", "3tmesaday", "7 days", "Syrup", "Dosapo", "Froquancy", "Duratlon", "Syrup TusQx", "Sml", "3 tms doy", "5day", "Syrup TusQ dx", "Sml", "2 tims doy", "7days", "Advico:", "-Tako tod rost", "Eat nsy-to-digest food like boiled rice with dnl", "Stoytydrated"], "confidence": [0.9526641368865967, 0.8544544577598572, 0.8499292135238647, 0.8448182940483093, 0.8779355883598328, 0.8870828747749329, 0.930323600769043, 0.8137890696525574, 0.9788968563079834, 0.964890718460083, 0.9264383316040039, 0.9273074269294739, 0.7692691087722778, 0.9877565503120422, 0.9202293753623962, 0.9248446226119995, 0.7687022686004639, 0.8663529753684998, 0.8447479605674744, 0.8913987278938293, 0.795462429523468, 0.8833222985267639, 0.9480300545692444, 0.8871575593948364, 0.8120609521865845, 0.8853435516357422, 0.9057924747467041, 0.8871575593948364, 0.8785970211029053, 0.8767657279968262, 0.9728748202323914, 0.9054598808288574, 0.9114760160446167, 0.9963582158088684, 0.9398233294487, 0.8684621453285217, 0.7108118534088135, 0.7321327924728394, 0.9823485612869263, 0.9197258949279785, 0.731744647026062, 0.9060519337654114, 0.9662078022956848, 0.7315886616706848, 0.8501596450805664, 0.8308239579200745], "label": [1, 1, 1, 0, 0, 0, 0]}