{"text": ["XYZ Hospital", "123 tlealth Street,Wellness City", "Phone:+1-234.587-890", "Patlant Namxo:John Wlllams", "Ap:58", "Doctor: Dr.Lo", "Medicine", "Dosuge", "Frequency", "Duration", "Tab Combinam", "10tablets", "3mesday", "5 days", "Tab Triz", "5tablets", "2tmesaday", "7 days", "Tab Cyciopum", "10 tablets", "2 tmes aduy", "5 days", "Tab Neurobin Forte", "20tblets", "3tmes aday", "7 days", "Cap Cypon", "20 tblets", "3 tmesaday", "30 days", "TabAllegr", "10tablets", "2 tms a doy", "7 days", "Syrup", "Dosago", "Froquoncy", "Duratlon", "Syrup TusQx", "Sml", "3tmsdoy", "14days", "Advico:", "-Tako to rst", "Eat nsy-to-digest food like boiled dce with dnl", "Stoybydrated"], "confidence": [0.9539994597434998, 0.8387157320976257, 0.8581722378730774, 0.8273168802261353, 0.5542054772377014, 0.9271272420883179, 0.930411696434021, 0.908909797668457, 0.977314293384552, 0.964890718460083, 0.9184932112693787, 0.9273074269294739, 0.8467262983322144, 0.7547540068626404, 0.9181328415870667, 0.9046000242233276, 0.8067965507507324, 0.8401936888694763, 0.8592965006828308, 0.8921223878860474, 0.7543216347694397, 0.7493965029716492, 0.9515748620033264, 0.9412925839424133, 0.8575385212898254, 0.8452855944633484, 0.9308677315711975, 0.9003804326057434, 0.8371230363845825, 0.8833222985267639, 0.9359873533248901, 0.9273074269294739, 0.8110769391059875, 0.8404199481010437, 0.9720994234085083, 0.9641801714897156, 0.9529516696929932, 0.9877357482910156, 0.9355440735816956, 0.9028758406639099, 0.7260910272598267, 0.8428124785423279, 0.9678854942321777, 0.7280141711235046, 0.8616782426834106, 0.8416121602058411], "label": [1, 1, 1, 0, 0, 0, 0]}