{"text": ["XYZ Hospital", "123 tlealth Street,Wellness City", "Phone:+1-234-587-890", "Patlant Nanx:Jano Whito", "02", "Doctor: Dr.Smith", "Medicine", "Dosage", "Frequency", "Duration", "Tab Dolonex dt", "20 tblets", "3mesday", "10duys", "TabCyclopam", "5tablets", "2tmes  duy", "4days", "Cap Colmmune", "10tblets", "3 tmes a duy", "7 days", "Cap Cypon", "10tablets", "2 tm5 dey", "5days", "Syrup", "Dosago", "Froquancy", "Duratlon", "Syrup Grillnctus tm.", "Sml", "3tims doy", "5days", "Advico:", "-Tako tod rost", "Eat nsy-to-dlgest food like boiled rice with dal", "-Stynydrated"], "confidence": [0.9428961873054504, 0.8450579047203064, 0.888440728187561, 0.8356480002403259, 0.7370598316192627, 0.9552756547927856, 0.9286406636238098, 0.8897534012794495, 0.9788968563079834, 0.9623180627822876, 0.9178504943847656, 0.9135541915893555, 0.8284878134727478, 0.9152160286903381, 0.9213007092475891, 0.8909797668457031, 0.7222400307655334, 0.8935898542404175, 0.8565149307250977, 0.9084895849227905, 0.8647356629371643, 0.8720644116401672, 0.9546816945075989, 0.9273074269294739, 0.7426508665084839, 0.8950570225715637, 0.9825723767280579, 0.9117240309715271, 0.9600293040275574, 0.9304819703102112, 0.9557056427001953, 0.8684621453285217, 0.7645493149757385, 0.8675468564033508, 0.9288334846496582, 0.7389706969261169, 0.8857390284538269, 0.8869752883911133], "label": [1, 1, 1, 0, 0, 0, 0]}