{"text": ["XYZ Hospital", "123 tlealth Street,Wellness City", "Phone:+1-234.587-890", "Patlant Namx:GracoWlllams", ":34", "Doctor:Dr.Johnson", "Medicine", "Dosage", "Frequency", "Duration", "Cap Colmmune", "5tablets", "3tmesaday", "4days", "Tab Pan d", "15tablets", "20mes dey", "5days", "Cap Dilanun", "10 tablets", "3 tmes dey", "7 days", "Tab Allegra", "20 toblets", "2 tms a day", "5days", "Tab Sumo cold", "20tablets", "2tmesaday", "5days", "Syrup", "Dosapo", "Froquoncy", "Duratlon", "Syrup TusQ-dx", "Sml", "3timsday", "14day", "Advico:", "-Tako tod rost", "Eat nsy-to-dlgest food like boiled dce with dal", "-Staytydrated"], "confidence": [0.9549286961555481, 0.8514718413352966, 0.8465229868888855, 0.8393023610115051, 0.815741240978241, 0.9596983790397644, 0.925094723701477, 0.9033363461494446, 0.986274003982544, 0.9622949361801147, 0.8848474621772766, 0.9079194068908691, 0.7435550093650818, 0.9607241749763489, 0.9305731654167175, 0.8647039532661438, 0.7744828462600708, 0.8691898584365845, 0.9371320605278015, 0.8921223878860474, 0.7872068881988525, 0.8767657279968262, 0.9261998534202576, 0.8743324279785156, 0.8000491857528687, 0.886221706867218, 0.9146719574928284, 0.8978633880615234, 0.8579052090644836, 0.8882506489753723, 0.9720994234085083, 0.8742751479148865, 0.9624842405319214, 0.8995916843414307, 0.9582335948944092, 0.9197258949279785, 0.7440491914749146, 0.7760825753211975, 0.96775883436203, 0.7908543944358826, 0.9010121822357178, 0.937537431716919], "label": [1, 1, 1, 0, 0, 0, 0]}