{"text": ["XYZ Hospital", "123 tlealth Street,Wellness City", "Phone:+1-234-587-890", "Patlant Namx:Jano Johnson", ":74", "Doctor: Dr.Lao", "Medicine", "Dosuge", "Frequency", "Duration", "Tab Allegra", "5 tablets", "3mesday", "7 duys", "Tab Triz", "10 tablets", "3tmesaday", "4duys", "Tab Sumo cold", "t5tablets", "2 tmes a duy", "4 duys", "TabClavum 025", "10tablets", "2 tmes a doy", "4days", "Syrup", "Dosago", "Froquancy", "Ouration", "Syrup TusQ dx", "Sml", "2 tim doy", "5days", "Advico:", "-Tako bod rost", "Eat nsy-to-dlgest food like boiled rice with dal", "-Stynydrated"], "confidence": [0.950993537902832, 0.8392246961593628, 0.8868597745895386, 0.85282301902771, 0.8511033058166504, 0.9028307199478149, 0.930323600769043, 0.9030749201774597, 0.9859857559204102, 0.955414891242981, 0.8746972680091858, 0.8757308125495911, 0.843670666217804, 0.9828178286552429, 0.9866247177124023, 0.8921223878860474, 0.8201786875724792, 0.9083743095397949, 0.9073253870010376, 0.8833587169647217, 0.7958745360374451, 0.9335014224052429, 0.8332289457321167, 0.9273074269294739, 0.769815981388092, 0.9184122085571289, 0.9728748202323914, 0.9117240309715271, 0.9354243874549866, 0.9101769924163818, 0.9520286321640015, 0.8684621453285217, 0.7463570237159729, 0.8856489062309265, 0.9288334846496582, 0.7142534255981445, 0.8857390284538269, 0.8987074494361877], "label": [1, 0, 1, 0, 0, 0, 0]}