{"text": ["XYZ Hospital", "123 tlealth Street,Wellnes City", "Phone:+1-234.587-890", "Patlant Namx:Mla Millor", ":20", "Doctor: Dr. Millor", "Medicine", "Dosuge", "Frequency", "Duration", "Tab Dolonex dt", "10 tablets", "3mesday", "4duys", "Tab Combinam", "10tablets", "3 umes duy", "5days", "Cap Zovirax", "5tablets", "2mes aduy", "4 duys", "Tab Evlon", "10tablets", "3tmes aday", "4duys", "Tab Trtz", "20 tblets", "3 tmesaday", "5days", "Tab Pan d", "20 tablets", "3 tmesa dey", "10days", "Syrup", "Dosago", "Froquoncy", "Duratlon", "Syrup Corox", "Sml", "2tmdoy", "14dy", "Advico:", "-Tako tod rost", "Eat nsy-to-digest food like boiled dce with dnl", "Stoybydrated"], "confidence": [0.9544651508331299, 0.8523237705230713, 0.8575018644332886, 0.7966660857200623, 0.852616012096405, 0.9698774814605713, 0.930323600769043, 0.9415733814239502, 0.9790523052215576, 0.9618746042251587, 0.9193906784057617, 0.8778047561645508, 0.8203554749488831, 0.9136894941329956, 0.88734370470047, 0.9273074269294739, 0.7057475447654724, 0.8520981669425964, 0.8511426448822021, 0.916618824005127, 0.7659589648246765, 0.939846932888031, 0.9146842956542969, 0.9273074269294739, 0.852321445941925, 0.9083743095397949, 0.785164475440979, 0.9003804326057434, 0.8438262939453125, 0.8520981669425964, 0.9847899675369263, 0.8797799944877625, 0.8265670537948608, 0.8655838966369629, 0.9719002842903137, 0.9641801714897156, 0.8976813554763794, 0.9921525120735168, 0.8861015439033508, 0.927854061126709, 0.7008616924285889, 0.932861328125, 0.9678854942321777, 0.7592254281044006, 0.859613835811615, 0.8199408650398254], "label": [1, 1, 1, 0, 0, 0, 0]}