{"text": ["XYZ Hospital", "123 tlealth Street,Wellness City", "Phone:+1-234.587-890", "PatlantNamx:Bob Smith", ":07", "DoctorDr.Johnson", "Medicine", "Dosuge", "Frequency", "Duration", "TabCiplox500", "5 tablets", "3mesa day", "5 days", "Tab Clavum 025", "t5tablets", "3 tmes duy", "$ days", "TabAluhrodin 500", "20 tblets", "2 tmes a duy", "10 duys", "Tab Cetine", "20 tablets", "3 tmesa dey", "10days", "Syrup", "Dosago", "Froquoncy", "Duratlon", "Syrup TusQ-dx", "Sml", "3tms doy", "30 day", "SyrupTus dx", "Sml", "2timday", "30dy", "Advico:", "-Tako tod rost", "Eat nsy-to-dlgest food like boiled dce with dal", "-Stayhydrated"], "confidence": [0.9565796852111816, 0.8350533843040466, 0.8465229868888855, 0.8561295866966248, 0.8011953830718994, 0.9608418941497803, 0.9286406636238098, 0.9427713751792908, 0.9860424399375916, 0.964890718460083, 0.8865415453910828, 0.8638057708740234, 0.7508084774017334, 0.7393367886543274, 0.8353397250175476, 0.8833587169647217, 0.7145172357559204, 0.9286584258079529, 0.7435046434402466, 0.9248446226119995, 0.8021218776702881, 0.8914344906806946, 0.9146391153335571, 0.8983814120292664, 0.7739810347557068, 0.948091983795166, 0.9747051000595093, 0.8496239185333252, 0.9251506328582764, 0.9347891807556152, 0.9692877531051636, 0.8684621453285217, 0.7077493667602539, 0.7933688163757324, 0.8755853772163391, 0.9197258949279785, 0.7565017938613892, 0.9695253372192383, 0.96641606092453, 0.7826339602470398, 0.9047735333442688, 0.8822523355484009], "label": [1, 0, 1, 0, 0, 0, 0]}