{"text": ["XYZ Hospital", "123 tlealth Street,Wellness City", "Phone:+1-234-587-890", "Patlont Nanx:Groco Millor", "p:78", "Doctor: Dr. Tumor", "Medicine", "Dosuge", "Frequency", "Duration", "Tab Pan d", "5 tablets", "20ms doy", "$ days", "Cap Dilanun", "5 tablets", "3tmesaday", "10days", "Cap Colmmune", "5tblets", "3 tmes a duy", "10 days", "TabClavum 025", "t5tablets", "3 tmesa dey", "7 days", "Syrup", "Dosago", "Froquancy", "Duration", "Syrup TusQ-dx", "10ml", "3tims doy", "7 days", "Advico:", "-Tako bod rost", "Eat nsy-to-dlgest food like boiled rice with dal", "-Stytydrated"], "confidence": [0.9533605575561523, 0.8484009504318237, 0.8798349499702454, 0.7847707867622375, 0.7854874134063721, 0.959972620010376, 0.9200336337089539, 0.9030749201774597, 0.9815905094146729, 0.964890718460083, 0.898218035697937, 0.863848865032196, 0.7529489994049072, 0.837290346622467, 0.9363678097724915, 0.8665355443954468, 0.8201786875724792, 0.9015160202980042, 0.9014390110969543, 0.9190265536308289, 0.8619096875190735, 0.8611816167831421, 0.822622537612915, 0.8856318593025208, 0.7706842422485352, 0.8767657279968262, 0.970925509929657, 0.9117240309715271, 0.9325470328330994, 0.8712384700775146, 0.9570626020431519, 0.9658069610595703, 0.7523825764656067, 0.963207483291626, 0.9288334846496582, 0.7142534255981445, 0.8857390284538269, 0.9112634658813477], "label": [1, 1, 1, 0, 0, 0, 0]}