{"text": ["XYz Hospital", "123 tlealth Street,Wellness City", "Phone:+1-234.587-890", "Patlont Namx:Chadlo Wlllams", "p:21", "Doctor: Dr.Lao", "Medicine", "Dosuge", "Frequency", "Duration", "Cap Dilanun", "5 tablets", "20ms dey", "7 duys", "Tab Evion", "10tablets", "3tmesaday", "5days", "Tab Dolonex dt", "5tablets", "2tmes doy", "30 days", "Cap Pan d", "20 toblets", "3tmesaday", "7 days", "Cup Colmmune", "t5tablets", "2tmesaday", "10 days", "Syrup", "Dosapo", "Froquancy", "Duratlon", "Syrup Fobroxplus", "10ml", "2tdoy", "14dy", "Syrup TusQ-dx", "10ml", "3tims doy", "10dny", "Advico:", "-Tako tod rost", "Eat ensy-to-digest food like boiled rice with dnl", "Stoytydrated"], "confidence": [0.9347572326660156, 0.8416517972946167, 0.8589719533920288, 0.8382017612457275, 0.6957564949989319, 0.8749284148216248, 0.9318302869796753, 0.979745090007782, 0.9821071624755859, 0.9564203023910522, 0.8760963678359985, 0.887381374835968, 0.7692691087722778, 0.9828178286552429, 0.9283020496368408, 0.9273074269294739, 0.8156739473342896, 0.7988810539245605, 0.9153990149497986, 0.913161039352417, 0.7579528093338013, 0.8866694569587708, 0.9071983695030212, 0.8586471676826477, 0.8846117854118347, 0.8720644116401672, 0.8536850810050964, 0.8830724954605103, 0.8577829003334045, 0.9762253761291504, 0.9703512191772461, 0.9139150977134705, 0.8954519629478455, 0.9594031572341919, 0.8666995763778687, 0.9483411312103271, 0.698294997215271, 0.8365260362625122, 0.9664191603660583, 0.9150266051292419, 0.7417122721672058, 0.7591055631637573, 0.96775883436203, 0.7183167338371277, 0.844878613948822, 0.8300042748451233], "label": [1, 1, 1, 0, 0, 0, 0]}