{"text": ["XYZ Hospital", "123 tlealth Street,Wellness City", "Phone:+1-234.587-890", "Patlnt Nam:EvoJohnson", "p:20", "Doctor: Dr. Smith", "Medicine", "Dosuge", "Frequency", "Duration", "TabZole fcream", "10tablets", "3mesday", "5 days", "Tab Cyclopam", "15tablets", "2 tmes  duy", "7 days", "TabCiplox500", "15tablets", "3tmesaday", "5days", "Cap Co-lmmune", "t5tablets", "2 tms a doy", "5 days", "Syrup", "Dosago", "Froquoncy", "Duratlon", "Syrup Cypon", "10ml", "3tms doy", "30 days", "SyrupCorox-dx", "Sml", "2timday", "14dy", "Advico:", "-Tako tod rost", "Eat nsy-to-dlgest food like boiled dce with dal", "-Stayhydrated"], "confidence": [0.9535693526268005, 0.8386499881744385, 0.8541738390922546, 0.8611977100372314, 0.7696038484573364, 0.9434782862663269, 0.930323600769043, 0.9349806904792786, 0.9838371276855469, 0.964890718460083, 0.8823711276054382, 0.9273074269294739, 0.8448235392570496, 0.7393367886543274, 0.8869264125823975, 0.8927748799324036, 0.6957605481147766, 0.8720644116401672, 0.9463616013526917, 0.8927748799324036, 0.8785970211029053, 0.8950570225715637, 0.8856515884399414, 0.8862625360488892, 0.7901976108551025, 0.8369717597961426, 0.9728748202323914, 0.8496239185333252, 0.9308472871780396, 0.8947022557258606, 0.9516541957855225, 0.9410436153411865, 0.6877938508987427, 0.9535742402076721, 0.8799496293067932, 0.9197258949279785, 0.8069747090339661, 0.8365260362625122, 0.9688101410865784, 0.8257220983505249, 0.9003587961196899, 0.8880754113197327], "label": [1, 1, 1, 0, 0, 0, 0]}