{"text": ["XYZ Hospital", "123 tlealth Street,Wellness City", "Phone:+1-234.587-890", "PatlontNamx:Allco Wlson", "p:45", "DoctorDr.Tumor", "Medicine", "Dosuge", "Frequency", "Duration", "Cap Zovirax", "10tablets", "20ms day", "10days", "Tab Cetine", "15tablets", "3 0ms dey", "4days", "TabDolo 650", "15tablets", "3 tmesa day", "7 days", "Tab Febrex plus", "10 tablets", "3 tmesa dey", "10days", "Tab Combinam", "15tablets", "2tmesaday", "7 days", "Syrup", "Dosapo", "Froquoncy", "Duratlon", "Syrup Fobrxplus", "10ml", "3timsday", "Sday", "Advico:", "-Tako tod rost", "Eat nsy-to-dlgest food like boiled dce with dal", "-Stayhydrated"], "confidence": [0.951866626739502, 0.8402663469314575, 0.8577502369880676, 0.8316385746002197, 0.7807413339614868, 0.9667707681655884, 0.9286406636238098, 0.9375312328338623, 0.9838371276855469, 0.9623180627822876, 0.8703895807266235, 0.9273074269294739, 0.7605679631233215, 0.8628065586090088, 0.9344251751899719, 0.8927748799324036, 0.7231447696685791, 0.8935898542404175, 0.8511409759521484, 0.8913987278938293, 0.7573702335357666, 0.8720644116401672, 0.9224916100502014, 0.901634693145752, 0.7729131579399109, 0.924377977848053, 0.9366819262504578, 0.8865651488304138, 0.8620349168777466, 0.8720644116401672, 0.9720994234085083, 0.8673691749572754, 0.9624842405319214, 0.910537838935852, 0.8471513390541077, 0.9347427487373352, 0.7220712900161743, 0.7356988191604614, 0.9687759280204773, 0.8077505826950073, 0.901470422744751, 0.8786836266517639], "label": [1, 1, 1, 0, 0, 0, 0]}