{"text": ["XYZ Hospital", "123 tlealth Street,Wellness City", "Phone:+1-234-587-890", "Patlont Nanx:Bob Whito", ":44", "Doctor:Dr.Patol", "Medicine", "Dosuge", "Frequency", "Duration", "Cap Omez", "5 tablets", "20ms dey", "7 duys", "Tab Cetine", "t5tablets", "2tmes  duy", "4days", "Cap Cypon", "20 tablets", "3 tmes a duy", "30 days", "Tab Trz", "20 tblets", "2 tms a day", "4days", "Syrup", "Dosago", "Froquancy", "Duration", "Syrup Cypon", "Sml", "3 tims doy", "30day", "Advico:", "-Takoto rost", "Eat nsy-to-dlgest food like boiled rice with dal", "-Stynydrated"], "confidence": [0.9506902694702148, 0.8450579047203064, 0.8947347402572632, 0.8414978384971619, 0.8580889701843262, 0.9357194304466248, 0.9323613047599792, 0.9030749201774597, 0.9821071624755859, 0.9623180627822876, 0.9102836847305298, 0.8757308125495911, 0.7692691087722778, 0.9796134829521179, 0.9264196157455444, 0.8833587169647217, 0.7212098836898804, 0.8935898542404175, 0.9456461668014526, 0.8967920541763306, 0.8733134865760803, 0.8866694569587708, 0.8342235684394836, 0.9086169004440308, 0.8000491857528687, 0.9184122085571289, 0.9728748202323914, 0.9191999435424805, 0.935694694519043, 0.9527572989463806, 0.9539554715156555, 0.8684621453285217, 0.7786852121353149, 0.8759253621101379, 0.9288334846496582, 0.7081831097602844, 0.8857390284538269, 0.897493839263916], "label": [1, 1, 1, 0, 0, 0, 0]}