{"text": ["XYZ Hospital", "123 tlealth Street,Wellness City", "Phone:+1-234-587-890", "Patlant Nanx:Graco Johnson", "1", "Doctor:Dr.Smith", "Medicine", "Dosuge", "Frequency", "Duration", "Tab Cetine", "15tblets", "20ms dey", "4duys", "TabClavum025", "5tablets", "3 tmes doy", "5days", "Tab Combinam", "10tablets", "3 tmesa doy", "7 days", "Tab Cyciomelf", "20 tblets", "2 tmesa day", "10days", "Tab Pan d", "10tablets", "2 umes a duy", "t4duys", "Cap Dilanun", "5tablets", "2 tmesa dey", "7 days", "Syrup", "Dosago", "Froquoncy", "Duratlon", "Syrup Grillnctus tm", "Sml", "3tims doy", "30days", "Syrup TusQx", "10ml", "2timday", "7day", "Advico:", "-Tako tod rost", "Eat nsy-to-digest food like boiled rice with dal", "-Stytydrated"], "confidence": [0.9468221664428711, 0.8483598232269287, 0.8675873875617981, 0.8269161581993103, 0.9054326415061951, 0.9754370450973511, 0.9323613047599792, 0.9420654773712158, 0.9902750849723816, 0.9618746042251587, 0.9240542650222778, 0.9046850204467773, 0.7692691087722778, 0.9136894941329956, 0.9034505486488342, 0.9046000242233276, 0.7507402896881104, 0.8520981669425964, 0.95379239320755, 0.9273074269294739, 0.7852831482887268, 0.8425600528717041, 0.8541072010993958, 0.9086169004440308, 0.8068044185638428, 0.8626441955566406, 0.8963916301727295, 0.9273074269294739, 0.7387182116508484, 0.8104643225669861, 0.9378278255462646, 0.8909797668457031, 0.8188995718955994, 0.8767657279968262, 0.9882689714431763, 0.8496239185333252, 0.9466862082481384, 0.9693984985351562, 0.9913018941879272, 0.9028758406639099, 0.7321480512619019, 0.8162443041801453, 0.9398233294487, 0.9357630014419556, 0.8154367208480835, 0.8754475712776184, 0.9237281680107117, 0.7643114328384399, 0.9020175933837891, 0.9000576138496399], "label": [1, 1, 1, 0, 0, 0, 0]}