{"text": ["XYZ Hospital", "123 tlealth Street,Wellness City", "Phone:+1-234.587-890", "Patlant Namx:John Smith", "p:43", "Doctor: Dr. Millor", "Medicine", "Dosuge", "Frequency", "Duration", "Tab Sumo cold", "15tablets", "20ms dey", "5 days", "Tab Dolonexdt", "20 tablets", "3umesaday", "5days", "Tab Zole fcream", "20 tblets", "3tmes day", "5 days", "Tab Neurobin Forte", "20 tablets", "2 tmesa dey", "7 days", "Cap Zovirax", "10 tablets", "3 tmesaday", "5days", "Syrup", "Dosapo", "Froquancy", "Duratlon", "Syrup Fobroxplus", "Sml", "3 tms doy", "4dy", "Syrup Grillnctus bm", "Sml", "2tims doy", "5 days", "Advico:", "-Tako tod rost", "Eat nsy-to-digest food like boiled rice with dnl", "Stoybydrated"], "confidence": [0.9527519345283508, 0.8472376465797424, 0.8575018644332886, 0.8667402863502502, 0.7557733058929443, 0.9621197581291199, 0.9286406636238098, 0.9427713751792908, 0.9788968563079834, 0.964890718460083, 0.9102664589881897, 0.8913987278938293, 0.7692691087722778, 0.7393367886543274, 0.9411722421646118, 0.9054545164108276, 0.8516099452972412, 0.8756504058837891, 0.8447631001472473, 0.9248446226119995, 0.795462429523468, 0.802062451839447, 0.9533119201660156, 0.8863240480422974, 0.8118886351585388, 0.8720644116401672, 0.8855373859405518, 0.901634693145752, 0.8439608812332153, 0.8882506489753723, 0.974157989025116, 0.8934853076934814, 0.9114760160446167, 0.9950222373008728, 0.8503537178039551, 0.9197258949279785, 0.7108118534088135, 0.962104082107544, 0.9720485806465149, 0.9197258949279785, 0.7016997933387756, 0.8086541295051575, 0.96775883436203, 0.748572826385498, 0.8504207730293274, 0.8407240509986877], "label": [1, 1, 1, 0, 0, 0, 0]}