{"text": ["XYZ Hospital", "123 tlealth Street,Wellness City", "Phone:+1-234-587-890", "Patlont Nanx:Mla Brown", "p:78", "Doctor: Dr. Millor", "Medicine", "Dosage", "Frequency", "Duration", "Tab Cetine", "15tablets", "3mesday", "30 days", "Tab Triz", "t5tablets", "3tmesaday", "5days", "Tab Neurobin Forte", "10tablets", "3 tmes a duy", "5 days", "Tab Cyciomeff", "5tablets", "2 tm5 a doy", "30 days", "Syrup", "Dosago", "Froquancy", "Duratlon", "Syrup Grillnctus tm", "Sml", "3tims doy", "5days", "Advico:", "-Tako bod rost", "Eat nsy-to-dlgest food like boiled rice with dal", "-Stytydrated"], "confidence": [0.9535403847694397, 0.8450579047203064, 0.8941647410392761, 0.8212848901748657, 0.7854874134063721, 0.9609666466712952, 0.9286406636238098, 0.8897534012794495, 0.9788968563079834, 0.964890718460083, 0.9220861196517944, 0.8927748799324036, 0.8407676815986633, 0.8676621317863464, 0.8993823528289795, 0.8833587169647217, 0.8034953474998474, 0.8691898584365845, 0.9289100170135498, 0.9273074269294739, 0.8768436908721924, 0.7990822196006775, 0.8462730646133423, 0.8909797668457031, 0.7406336069107056, 0.8500292897224426, 0.9747051000595093, 0.9117240309715271, 0.9354243874549866, 0.8705026507377625, 0.9902550578117371, 0.8684621453285217, 0.7523825764656067, 0.8675468564033508, 0.9288334846496582, 0.7142534255981445, 0.8857390284538269, 0.9112634658813477], "label": [1, 0, 1, 0, 0, 0, 0]}