{"text": ["XYZ Hospital", "123 tlealth Street,Wellness City", "Phone:+1-234.587-890", "PatlantNam:Llam Brown", "Ap:33", "Doctor: Dr.Tumor", "Medicine", "Dosauge", "Frequency", "Duration", "Cap Omez", "10tablets", "3mesday", "30 days", "Tab Triz", "20 tablets", "2 ums  doy", "10days", "Tab Pand", "20 tablets", "3 tmesa day", "10 days", "Tab Sumo cold", "15tablets", "3 tmesa dey", "7 days", "Tab Zole fcream", "10 tablets", "2tmesaday", "10days", "Syrup", "Dosago", "Froquoncy", "Duratlon", "SyrupGrillnctus tm", "10ml", "2timdy", "7day", "Advico:", "-Tako tod rost", "Eat nsy-to-dlgest food like boiled dce with dal", "-Stayhydrated"], "confidence": [0.9558648467063904, 0.8380128741264343, 0.8541738390922546, 0.8655001521110535, 0.7616316080093384, 0.9488447904586792, 0.9263918399810791, 0.8137890696525574, 0.9838371276855469, 0.965709924697876, 0.8538964986801147, 0.9273074269294739, 0.8203554749488831, 0.8676621317863464, 0.9866247177124023, 0.9054545164108276, 0.7034355998039246, 0.9213528037071228, 0.928550660610199, 0.9054545164108276, 0.7573702335357666, 0.8690416216850281, 0.887817919254303, 0.8865138292312622, 0.7729131579399109, 0.8767657279968262, 0.88272625207901, 0.901634693145752, 0.8574197292327881, 0.9213528037071228, 0.9720994234085083, 0.8300634026527405, 0.9781176447868347, 0.8988408446311951, 0.9102516174316406, 0.9347427487373352, 0.8253448009490967, 0.8434621095657349, 0.9678854942321777, 0.7691553831100464, 0.901470422744751, 0.8774308562278748], "label": [1, 1, 1, 0, 0, 0, 0]}