{"text": ["XYZ Hospital", "123 tlealth Street,Wellness City", "Phone:+1-234.587-890", "PatlontNan:Jan D", "Doctor: Dr. Millor", "Medicine", "Dosauge", "Frequency", "Duration", "Cap Omez", "10tablets", "3mesday", "7 days", "Cap Colmmune", "20 tblets", "3 umes doy", "7 days", "Cap Cypon", "10 tablets", "2 tms day", "10 days", "TabA1urocin 500", "20 tablets", "3tmesaday", "t4days", "TabCiplox 500", "20tablets", "3 tmesaday", "30 days", "Syrup", "Dosapo", "Froquancy", "Duratlon", "Syrup TusQx", "Sml", "2tmdoy", "10day", "Syrup TusQ-dx", "Sml", "2tims doy", "30days", "Advico:", "-Tako tod rost", "Eat ensy-to-digest food like boiled rice with dnl", "Stoytydrated"], "confidence": [0.953843355178833, 0.8420253992080688, 0.8575018644332886, 0.8321114778518677, 0.9658615589141846, 0.9244649410247803, 0.8137890696525574, 0.9838371276855469, 0.965709924697876, 0.8072413206100464, 0.9273074269294739, 0.8458738923072815, 0.8635157942771912, 0.8867103457450867, 0.9248446226119995, 0.6744430065155029, 0.8720644116401672, 0.9449915289878845, 0.8921223878860474, 0.7628087401390076, 0.8690416216850281, 0.8347694277763367, 0.8863240480422974, 0.8878806829452515, 0.8406792283058167, 0.9211034774780273, 0.8978633880615234, 0.8439608812332153, 0.8867191672325134, 0.9703512191772461, 0.9054598808288574, 0.8946319222450256, 0.9916149973869324, 0.9397844076156616, 0.8684621453285217, 0.7434632182121277, 0.7979649305343628, 0.9664191603660583, 0.9197258949279785, 0.7041686773300171, 0.9039595127105713, 0.96775883436203, 0.7207894921302795, 0.844878613948822, 0.8652937412261963], "label": [1, 1, 1, 0, 0, 0, 0]}