{"text": ["XYZ Hospital", "123 tlealth Street,Wellness City", "Phone:+1-234.587-890", "Patlant Namx:Jano Davs", ":30", "Doctor: Dr.Patol", "Medicine", "Dosuge", "Frequency", "Duration", "Tab Evlon", "20tblets", "3mesday", "10days", "Tab Zole fcream", "20 tblets", "3 tmes duy", "10days", "Tab Combinam", "5tablets", "2 tmes a duy", "7 days", "CapCypon", "20 tablets", "2 tm5 a doy", "5 days", "Syrup", "Dosago", "Froquancy", "Duratlon", "Syrup Cypon", "10ml", "2 tm doy", "5days", "Syrup Brozodax", "10ml", "2timday", "7day", "Advico:", "-Tako tod rost", "Eat nsy-to-dlgest food like boiled rice with dal", "-Staytydrated"], "confidence": [0.9551815986633301, 0.8467555046081543, 0.8541738390922546, 0.8260185718536377, 0.8873375058174133, 0.9450865983963013, 0.9318302869796753, 0.9427713751792908, 0.9838371276855469, 0.9623180627822876, 0.9150912761688232, 0.9343926906585693, 0.8170825242996216, 0.8628065586090088, 0.8712989091873169, 0.9185055494308472, 0.7485857605934143, 0.9015160202980042, 0.9491941928863525, 0.8878754377365112, 0.7834978699684143, 0.8720644116401672, 0.9627505540847778, 0.8983814120292664, 0.7343096137046814, 0.7932131886482239, 0.9720994234085083, 0.8239191174507141, 0.9061452150344849, 0.9498113989830017, 0.9516541957855225, 0.9483411312103271, 0.7102198600769043, 0.8669117093086243, 0.8913423418998718, 0.911413848400116, 0.8025859594345093, 0.8483083248138428, 0.9677251577377319, 0.833768904209137, 0.9003981947898865, 0.9332470297813416], "label": [1, 1, 1, 0, 0, 0, 0]}