{"text": ["XYZ Hospital", "123 tlealth Street,Wellness City", "Phone:+1-234.587-890", "Patlant Namx:Llam Millor", "p:03", "Doctor: Dr.Pato1", "Medicine", "Dosuge", "Frequency", "Duration", "Tab Sumo cold", "15tablets", "3mesday", "10duys", "Tab Evlon", "20 tablets", "2tmesa duy", "5days", "Tab Combinam", "10tablets", "3 tmesa duy", "7 days", "Cap Omez", "5tablets", "2 tmes a duy", "5days", "Tab Pan d", "10tablets", "2 tmes a duy", "5days", "Cup Cypon", "5tablets", "2 tmes a doy", "10days", "Syrup", "Dosago", "Froquoncy", "Duratlon", "Syrup Brozodox", "10ml", "2tmsdoy", "30 dny", "Advico:", "-Tako tod rost", "Eat nsy-to-digest food like boiled dce with dnl", "-Stytydrated"], "confidence": [0.9530686736106873, 0.8474778532981873, 0.8575018644332886, 0.8498048186302185, 0.741835355758667, 0.917064905166626, 0.930323600769043, 0.9427713751792908, 0.977314293384552, 0.9623180627822876, 0.8855313062667847, 0.8647039532661438, 0.8345361948013306, 0.9106659889221191, 0.8989055156707764, 0.8967920541763306, 0.782965898513794, 0.8366293907165527, 0.9494378566741943, 0.9273074269294739, 0.814317524433136, 0.8401936888694763, 0.8639688491821289, 0.9046000242233276, 0.7414012551307678, 0.8520981669425964, 0.897170901298523, 0.9273074269294739, 0.7857459187507629, 0.8520981669425964, 0.9472620487213135, 0.8909797668457031, 0.8024178147315979, 0.8654675483703613, 0.9719002842903137, 0.958836555480957, 0.9637989401817322, 0.9835640788078308, 0.9569897055625916, 0.9717352390289307, 0.6649249196052551, 0.7926518321037292, 0.9667397141456604, 0.8048232793807983, 0.859491229057312, 0.9325764775276184], "label": [1, 1, 1, 0, 0, 0, 0]}