{"text": ["XYZ Hospital", "123 tlealth Street,Wellness City", "Phone:+1-234.587-890", "PatlntNam:Evo D", "Ap:57", "Doctor: Dr. Tumor", "Medicine", "Dosage", "Frequency", "Duration", "Tab Sumo cold", "20 tblets", "20ms doy", "10days", "Cap Dilanun", "10 tablets", "20mes dey", "7days", "TabCombinam", "10 tablets", "3tmes day", "$ days", "Tab Febrexplus", "5tablets", "3 tmesa dey", "4days", "Tab Evion", "15tablets", "2tmesaday", "7 days", "Syrup", "Dosapo", "Froquancy", "Duratlon", "Syrup TusQx", "Sml", "3tms doy", "7day", "Syrup Corox", "Sml", "2tims doy", "10day", "Advico:", "-Tako tod rost", "Eat ensy-to-digest food like boiled rice with dnl", "Stoytydrated"], "confidence": [0.9511651992797852, 0.8444339036941528, 0.8589719533920288, 0.8294471502304077, 0.770072877407074, 0.9752182960510254, 0.9286406636238098, 0.9033363461494446, 0.9788968563079834, 0.9623180627822876, 0.9131051301956177, 0.9135541915893555, 0.7523245811462402, 0.8628065586090088, 0.9253577589988708, 0.8921223878860474, 0.7687022686004639, 0.9236086010932922, 0.9854950308799744, 0.8921223878860474, 0.8064771294593811, 0.724358081817627, 0.9463688135147095, 0.8861472606658936, 0.7711530923843384, 0.9184122085571289, 0.9574010372161865, 0.8623680472373962, 0.8577829003334045, 0.8720644116401672, 0.9703512191772461, 0.90386563539505, 0.9319033026695251, 0.9627294540405273, 0.938771665096283, 0.8684621453285217, 0.7066380381584167, 0.830951988697052, 0.8948759436607361, 0.9197258949279785, 0.7041686773300171, 0.7729455232620239, 0.9671232104301453, 0.7159023880958557, 0.844878613948822, 0.8652937412261963], "label": [1, 1, 1, 0, 0, 0, 0]}