{"text": ["XYZ Hospital", "123 tlealth Street,Wellness City", "Phone:+1-234.587-890", "Patlont Nam:Mla D", ":47", "Doctor: Dr.Patol", "Medicine", "Dosauge", "Frequency", "Duration", "Tab Cyclopam", "10tablets", "3mesday", "30 days", "Cap Colmmune", "5tablets", "20mes dey", "5days", "Tab Thiz", "10 tablets", "3tmes day", "10 days", "Tab Dolo 650", "20 tablets", "3 tmesa dey", "5days", "Tab Cetine", "10 tablets", "3 tmesaday", "5days", "Syrup", "Dosapo", "Froquancy", "Duratlon", "Syrup Cypon", "Sml", "2tmsdoy", "10dny", "Syrup Corox-dx", "Sml", "3tims doy", "4 days", "Advico:", "-Tako tod rost", "Eat nsy-to-digest food like boiled rice with dnl", "Stoybydrated"], "confidence": [0.9535548686981201, 0.8416517972946167, 0.8589719533920288, 0.8108541965484619, 0.8488302230834961, 0.9426735639572144, 0.8984020948410034, 0.8137890696525574, 0.9838371276855469, 0.965709924697876, 0.8578112721443176, 0.9273074269294739, 0.8442182540893555, 0.8676621317863464, 0.8902490139007568, 0.8669136762619019, 0.7687022686004639, 0.8756504058837891, 0.8297414183616638, 0.8921223878860474, 0.7961065769195557, 0.8690416216850281, 0.8153249621391296, 0.8967920541763306, 0.7739810347557068, 0.8882506489753723, 0.9154947400093079, 0.901634693145752, 0.8439608812332153, 0.8882506489753723, 0.9703512191772461, 0.9054598808288574, 0.9316151738166809, 0.9921525120735168, 0.9832866787910461, 0.8684621453285217, 0.6669524312019348, 0.6276463270187378, 0.9816890954971313, 0.9197258949279785, 0.7613676190376282, 0.8612959980964661, 0.9687759280204773, 0.7491595149040222, 0.8504207730293274, 0.8376865386962891], "label": [1, 1, 1, 0, 0, 0, 0]}