{"text": ["XYZ Hospital", "123 tlealth Street,Wellness City", "Phone:+1-234-587-890", "Patlnt Nan:Allco D", "p:31", "Doctor: Dr.Johnson", "Medicine", "Dosuge", "Frequency", "Duration", "Tab Cyclopum", "5 tablets", "20ms doy", "10 days", "Cup Omez", "5tablets", "3tmesaday", "4days", "Tab Cetine", "10tblets", "3 tmes a duy", "10 days", "TabCiplox500", "t5tablets", "2 tm5 a doy", "10days", "Syrup", "Dosago", "Froquancy", "Duratlon", "Syrup TusQ dx", "10ml", "3tims doy", "14 day", "Advico:", "-Tako bod rost", "Eat nsy-to-dlgest food like boiled rice with dal", "-Stynydrated"], "confidence": [0.9430069327354431, 0.8482159376144409, 0.9056805372238159, 0.7677533030509949, 0.739750325679779, 0.9533560276031494, 0.9554219245910645, 0.9030749201774597, 0.9810009002685547, 0.9623180627822876, 0.881780207157135, 0.8705056309700012, 0.7529489994049072, 0.948471188545227, 0.826431155204773, 0.8909797668457031, 0.8201786875724792, 0.8935898542404175, 0.9355701208114624, 0.9008221626281738, 0.8619096875190735, 0.8690416216850281, 0.9145707488059998, 0.8856318593025208, 0.7406336069107056, 0.924377977848053, 0.9728748202323914, 0.9117240309715271, 0.9354243874549866, 0.9347891807556152, 0.9520286321640015, 0.9658069610595703, 0.7523825764656067, 0.7775042057037354, 0.9288334846496582, 0.7142534255981445, 0.8857390284538269, 0.8972119688987732], "label": [1, 0, 1, 0, 0, 0, 0]}