{"text": ["XYZ Hospital", "123 tlealth Street,Wellness City", "Phone:+1-234.587-890", "Patlont Nam:Chadlo Millr", ":07", "Doctor: Dr. Millor", "Medidine", "Dosuge", "Frequency", "Duration", "Cap Pan d", "20 tblets", "3mesday", "30 days", "Tab Neurobin Forte", "10 tablets", "2 tm0s  duy", "7 days", "Tab Triz", "10tablets", "3 tmesaday", "5days", "TabAllegra", "20 tablets", "2 tms a day", "t4days", "Syrup", "Dosago", "Froquoncy", "Duratlon", "Syrup Grillnctus bm", "Sml", "3 tms doy", "5 days", "Syrup Cypon", "10ml", "2timday", "7day", "Advico:", "-Tako bod rost", "Eat nsy-to-digest food like boiled rice with dal", "-Stayhydrated"], "confidence": [0.9544928669929504, 0.8384838700294495, 0.8577502369880676, 0.7802548408508301, 0.8373406529426575, 0.9504101276397705, 0.9153572916984558, 0.9427713751792908, 0.9838371276855469, 0.964890718460083, 0.8757061958312988, 0.9135541915893555, 0.8383733034133911, 0.8676621317863464, 0.9274117350578308, 0.8921223878860474, 0.7051472663879395, 0.8720644116401672, 0.9694429636001587, 0.9273074269294739, 0.8439608812332153, 0.8950570225715637, 0.9598310589790344, 0.8983814120292664, 0.8000491857528687, 0.8406792283058167, 0.9747051000595093, 0.8496239185333252, 0.9308472871780396, 0.9498113989830017, 0.9735334515571594, 0.8684621453285217, 0.7070752382278442, 0.8339796662330627, 0.9280782341957092, 0.911413848400116, 0.7986935377120972, 0.8483083248138428, 0.967370867729187, 0.8230072855949402, 0.8990753293037415, 0.8757689595222473], "label": [1, 1, 1, 0, 0, 0, 0]}