{"text": ["XYZ Hospital", "123 tlealth Street,Wellness City", "Phone:+1-234-587-890", "Patlnt Nan:Allco Brown", ":80", "Doctor: Dr. Tumor", "Medicine", "Dosuge", "Frequency", "Duration", "TabZole fcream", "10tablets", "3mesday", "5days", "Cap Dilanun", "5tablets", "2 tms  duy", "10days", "TabAllegra", "10tablets", "3 tmesa duy", "10days", "Cap Colmnune", "15tablets", "3 tmes aday", "7 days", "Tab Combinam", "20tblets", "3 tmesaday", "5days", "Tab Pand", "5tablets", "2 tmes a doy", "t4 days", "Syrup", "Dosago", "Froquoncy", "Duratlon", "Syrup TusQx", "10ml", "2 tim doy", "10days", "Syrup Corox", "10ml", "3timsday", "10days", "Advico:", "-Tako tod rost", "Eat nsy-to-digest food like boiled rice with dnl", "-Stytydrated"], "confidence": [0.9505276679992676, 0.8385964632034302, 0.8895711898803711, 0.8438171744346619, 0.7917329668998718, 0.9531000852584839, 0.930323600769043, 0.9422492384910583, 0.9902750849723816, 0.964890718460083, 0.8894996643066406, 0.9273074269294739, 0.8449034690856934, 0.8641525506973267, 0.8591344952583313, 0.9046000242233276, 0.7418817281723022, 0.8628065586090088, 0.9189688563346863, 0.9247161149978638, 0.8044043183326721, 0.8654675483703613, 0.8388435244560242, 0.8671495914459229, 0.8218534588813782, 0.861883819103241, 0.947843074798584, 0.9145114421844482, 0.8304389119148254, 0.8520981669425964, 0.9204728007316589, 0.8909797668457031, 0.8000494837760925, 0.8135213851928711, 0.988613486289978, 0.8496239185333252, 0.9466862082481384, 0.9896453619003296, 0.9349162578582764, 0.9702969789505005, 0.7471926212310791, 0.8172560334205627, 0.8918397426605225, 0.9599877595901489, 0.7901103496551514, 0.8326132893562317, 0.9625285863876343, 0.7628422379493713, 0.8460922241210938, 0.902330219745636], "label": [1, 1, 1, 0, 0, 0, 0]}