{"text": ["XYZ Hospital", "123 tlealth Street,Wellness City", "Phone:+1-234.587-890", "Patlant Namx:JanoJohnson", "p:21", "Doctor: Dr.Lao", "Medidine", "Dosauge", "Frequency", "Duration", "Cap Pan d", "10 tablets", "3mesday", "7 days", "Tab Alurocin 500", "10 tablets", "3 umes dey", "7 days", "TabDolo 650", "5tablets", "2 tmes aday", "30 days", "Tab Febrexplus", "5tablets", "3tmesaday", "5days", "Tab Zole fcream", "t5tablets", "2tmesaday", "4days", "Syrup", "Dosapo", "Froquoncy", "Duratlon", "Syrup Cypon", "Sml", "3tms doy", "10dny", "Syrup Grillnctus tm", "Sml", "2tims doy", "4 days", "Advico:", "-Tako tod rost", "Eat nsy-to-digest food like boiled rice with dnl", "Stoytydrated"], "confidence": [0.952586829662323, 0.8416517972946167, 0.8589719533920288, 0.8829938769340515, 0.6957564949989319, 0.8967886567115784, 0.9209678173065186, 0.8137890696525574, 0.9788968563079834, 0.965709924697876, 0.8757061958312988, 0.8921223878860474, 0.8458738923072815, 0.9877565503120422, 0.7912592887878418, 0.8921223878860474, 0.7338784337043762, 0.8767657279968262, 0.8497647643089294, 0.9106838703155518, 0.7499434947967529, 0.8866694569587708, 0.9462040662765503, 0.8909797668457031, 0.8797613978385925, 0.8691898584365845, 0.8802669048309326, 0.8830724954605103, 0.8239051103591919, 0.9184122085571289, 0.9703512191772461, 0.8614616990089417, 0.9255363941192627, 0.9594031572341919, 0.9832866787910461, 0.9197258949279785, 0.7066380381584167, 0.6375325322151184, 0.971705973148346, 0.9197258949279785, 0.7041686773300171, 0.8612959980964661, 0.9687759280204773, 0.7201432585716248, 0.8504207730293274, 0.871784508228302], "label": [1, 1, 1, 0, 0, 0, 0]}