{"text": ["XYZ Hospital", "123 tlealth Street,Wellness City", "Phone:+1-234.587-890", "Patlant Namx:Bob Whito", ":42", "DoctorDr.Johnson", "Medicine", "Dosauge", "Frequency", "Duration", "TabCiplox 500", "10 tablets", "3mesday", "7 days", "Tab Neurobin Forte", "5 tablets", "3umesaday", "7 days", "Tab Febrexplus", "10 tablets", "2 tmes adey", "10 days", "Tab Combinam", "15tablets", "3tmes adey", "10days", "TabClavum 025", "5tablets", "3 tmesaday", "t4days", "Syrup", "Dosapo", "Froquoncy", "Duratlon", "SyrupCorox-dx", "Sml", "2tmdoy", "Sday", "Syrup Fobrox plus", "Sml", "3tims doy", "30day", "Advico:", "-Tako tod rost", "Eat ensy-to-digest food like boiled rice with dnl", "Stoy bydrated"], "confidence": [0.9432012438774109, 0.8474778532981873, 0.8575018644332886, 0.8435435891151428, 0.812186062335968, 0.9804741144180298, 0.9286406636238098, 0.8137890696525574, 0.9788968563079834, 0.964890718460083, 0.9095386862754822, 0.8921223878860474, 0.8203554749488831, 0.8635157942771912, 0.946837842464447, 0.8358298540115356, 0.8522908091545105, 0.8720644116401672, 0.9473696947097778, 0.8921223878860474, 0.7663896679878235, 0.8690416216850281, 0.9188961386680603, 0.8871575593948364, 0.8477534055709839, 0.924377977848053, 0.8033509850502014, 0.9079194068908691, 0.8432919383049011, 0.8406792283058167, 0.9703512191772461, 0.8614616990089417, 0.9345409870147705, 0.9960426092147827, 0.8719779253005981, 0.8684621453285217, 0.7008616924285889, 0.7331788539886475, 0.9943944215774536, 0.9197258949279785, 0.7592406868934631, 0.8754482269287109, 0.96775883436203, 0.7493335008621216, 0.844878613948822, 0.7989788055419922], "label": [1, 0, 1, 0, 0, 0, 0]}