{"text": ["XYZ Hospital", "123 tlealth Street,Wellness City", "Phone:+1-234.587-890", "Patlant Namo:Jano Davs", ":20", "Doctor: Dr.Tumor", "Medicine", "Dosuge", "Frequency", "Duration", "Cup Cypon", "20 tblets", "20ms dey", "4duys", "Tab Cetine", "10 tablets", "2 um05  duy", "7 days", "Tab Pand", "10tablets", "3 tmesaday", "10 days", "Tab Trz", "t5tablets", "3 tmesa dey", "7days", "Syrup", "Dosago", "Froquoncy", "Duratlon", "Syrup Zodax", "10ml", "3tms doy", "7days", "SyrupTus dx", "10ml", "2timday", "5doy", "Advico:", "-Tako tod rost", "Eat nsy-to-dlgest food like boiled rice with dal", "-Staytydrated"], "confidence": [0.9555370807647705, 0.8467555046081543, 0.8541738390922546, 0.815747857093811, 0.8948600888252258, 0.943675696849823, 0.9246234893798828, 0.9427713751792908, 0.9838371276855469, 0.9623180627822876, 0.8852145075798035, 0.9135541915893555, 0.7710025310516357, 0.9083743095397949, 0.9264196157455444, 0.8921223878860474, 0.7148935794830322, 0.8720644116401672, 0.9204728007316589, 0.9273074269294739, 0.8439608812332153, 0.8709873557090759, 0.8257123827934265, 0.8862625360488892, 0.7700328230857849, 0.9342161417007446, 0.9720994234085083, 0.8496239185333252, 0.9591872096061707, 0.9490550756454468, 0.9834193587303162, 0.9347427487373352, 0.7002562880516052, 0.9263079762458801, 0.8778020739555359, 0.9165780544281006, 0.8054354786872864, 0.7402545213699341, 0.96641606092453, 0.7950741052627563, 0.9056201577186584, 0.932716965675354], "label": [1, 0, 1, 0, 0, 0, 0]}