{"text": ["XYZ Hospital", "123 tlealth Street,Wellness City", "Phone:+1-234-587-890", "Patlant Nanx:Jano Millor", "Ap:25", "Doctor: Dr. Millor", "Medicine", "Dosuge", "Frequency", "Duration", "Cup Cypon", "5 tablets", "3mesaday", "5 days", "Tab Cyclopam", "20 tblets", "2tmes  duy", "7 days", "Tab Evion", "S tablets", "3 tmes a duy", "30 duys", "Tab Dolonex dt", "t5tablets", "2 tm5 a doy", "4days", "Syrup", "Dosago", "Froquancy", "Duration", "Syrup TusQx", "Sml", "3mday", "30day", "Advico:", "-Tako bod rost", "Eat nsy-to-dlgest food like boiled rice with dal", "-Stynydrated"], "confidence": [0.9440207481384277, 0.8450579047203064, 0.888440728187561, 0.8451828956604004, 0.761734664440155, 0.9576794505119324, 0.9307171702384949, 0.9740098118782043, 0.9859857559204102, 0.964890718460083, 0.9437694549560547, 0.887381374835968, 0.7886044979095459, 0.7393367886543274, 0.889768660068512, 0.9086169004440308, 0.7180284857749939, 0.8480218052864075, 0.9258222579956055, 0.8312456011772156, 0.8733134865760803, 0.9196853041648865, 0.9154195785522461, 0.8862625360488892, 0.7780935168266296, 0.9184122085571289, 0.9825723767280579, 0.9117240309715271, 0.9354243874549866, 0.9527572989463806, 0.9429664611816406, 0.8684621453285217, 0.8066997528076172, 0.8759253621101379, 0.9288334846496582, 0.7142534255981445, 0.8857390284538269, 0.8976953029632568], "label": [1, 0, 1, 0, 0, 0, 0]}