{"text": ["XYZ Hospital", "123 tlealth Street,Wellness City", "Phone:+1-234.587-890", "Patlant Namxo:John Whito", "p:31", "Doctor: Dr. Smith", "Medicine", "Dosauge", "Frequency", "Duration", "Tab Combinam", "10tablets", "20ms day", "7 duys", "Tab Cetine", "10 tablets", "20mesaday", "10days", "Cap Cypon", "15tablets", "2 tmes dey", "30 days", "Cap Pan d", "15tablets", "3tmes adey", "t4days", "TabCiplox500", "15tablets", "3 tmesaday", "7days", "Syrup", "Dosapo", "Froquancy", "Duratlon", "Syrup Corox", "10ml", "3tms doy", "10dny", "Syrup Corox-dx", "10ml", "3tims doy", "30days", "Advico:", "-Tako tod rost", "Eat nsy-to-digest food like boiled rice with dnl", "Stoybydrated"], "confidence": [0.9549444317817688, 0.8474778532981873, 0.8575018644332886, 0.8530922532081604, 0.739750325679779, 0.9437006711959839, 0.930323600769043, 0.8137890696525574, 0.9788968563079834, 0.9564203023910522, 0.9247114062309265, 0.9273074269294739, 0.7605679631233215, 0.8653728365898132, 0.9309176206588745, 0.8921223878860474, 0.7708227634429932, 0.9015160202980042, 0.9428660273551941, 0.8913987278938293, 0.7422879934310913, 0.8833222985267639, 0.9048255085945129, 0.8865138292312622, 0.8477534055709839, 0.8406792283058167, 0.945624828338623, 0.8865651488304138, 0.8430861234664917, 0.9444330930709839, 0.9719002842903137, 0.8934853076934814, 0.9016490578651428, 0.9916149973869324, 0.9768287539482117, 0.9347427487373352, 0.7197035551071167, 0.6375325322151184, 0.9783080816268921, 0.9604064226150513, 0.7592406868934631, 0.9039595127105713, 0.9678077101707458, 0.7849678993225098, 0.8524071574211121, 0.8402068614959717], "label": [1, 1, 1, 0, 0, 0, 0]}