{"text": ["XYZ Hospital", "123 tlealth Street,Wellness City", "Phone:+1-234.587-890", "PatlantNamx:GracoWlson", "p:21", "DoctorDr.Johnson", "Medicine", "Dosuge", "Frequency", "Duration", "Cap Dilanun", "10tablets", "20ms doy", "4duys", "TabA1urodin500", "15tablets", "3 umes duy", "4days", "Tab Dolo 650", "10 tablets", "3 tmesaday", "7days", "TabClovum 025", "10tablets", "3 tmesa dey", "7 days", "Syrup", "Dosago", "Froquoncy", "Duration", "Syrup TusQx", "Sml", "2 tm doy", "10days", "Syrup Brozodax", "10ml", "3timsday", "10day", "Advico:", "-Tako tod rost", "Eat nsy-to-dlgest food like boiled rice with dal", "-Stayhydrated"], "confidence": [0.9565796852111816, 0.8517599105834961, 0.8465229868888855, 0.8426252603530884, 0.6957564949989319, 0.9636654257774353, 0.9286406636238098, 0.9349806904792786, 0.9905779957771301, 0.9623180627822876, 0.8823027014732361, 0.9273074269294739, 0.7707927227020264, 0.9136894941329956, 0.8130847215652466, 0.8927748799324036, 0.6979562044143677, 0.8935898542404175, 0.8071846961975098, 0.8921223878860474, 0.8477917909622192, 0.9236086010932922, 0.8127683997154236, 0.9247161149978638, 0.7739810347557068, 0.8767657279968262, 0.9728748202323914, 0.8496239185333252, 0.8970111012458801, 0.9566436409950256, 0.9582244753837585, 0.8684621453285217, 0.7152940034866333, 0.8743026256561279, 0.8725858330726624, 0.9165780544281006, 0.7860556840896606, 0.7979649305343628, 0.9688101410865784, 0.8235440850257874, 0.9003981947898865, 0.8812844157218933], "label": [1, 1, 1, 0, 0, 0, 0]}