{"text": ["XYZ Hospital", "123 tlealth Street,Wellness City", "Phone:+1-234.587-890", "Patlant Namx:AllcoJohnson", "Ap:5", "Doctor: Dr.Johnson", "Medicine", "Dosage", "Frequency", "Duration", "TabA1urodn 500", "20tblets", "3mesday", "30 duys", "Tab Cyclopam", "5tablets", "20mesaday", "7 days", "Tab Cetine", "5tablets", "3tmesaduy", "30 duys", "Cap Cypon", "20 tblets", "2 tmes a duy", "5days", "Tab Sumo cold", "15tablets", "3 tmesaday", "10days", "Tab Evion", "5tablets", "3 tmesa dey", "10days", "Syrup", "Dosago", "Froquoncy", "Duratlon", "Syrup Cypon", "Sml", "2tmdoy", "14dy", "Advico:", "-Tako to rost", "Eat nsy-to-digest food like boiled dce with dnl", "Stoybydrated"], "confidence": [0.9513852596282959, 0.8408339023590088, 0.8581722378730774, 0.856341540813446, 0.5248637199401855, 0.9653756618499756, 0.930323600769043, 0.9033363461494446, 0.9790523052215576, 0.964890718460083, 0.8323246836662292, 0.9145114421844482, 0.8480373024940491, 0.9137939810752869, 0.8874955177307129, 0.8909797668457031, 0.7633301019668579, 0.861883819103241, 0.9413760304450989, 0.8238018751144409, 0.856270968914032, 0.8944264054298401, 0.9176100492477417, 0.9086169004440308, 0.7442622184753418, 0.8520981669425964, 0.8778015971183777, 0.8647039532661438, 0.849814236164093, 0.8654675483703613, 0.9499837160110474, 0.8909797668457031, 0.8182482123374939, 0.924377977848053, 0.9719002842903137, 0.9144992828369141, 0.9529516696929932, 0.9843534231185913, 0.9878482818603516, 0.927854061126709, 0.6937844753265381, 0.932861328125, 0.9678854942321777, 0.7472838163375854, 0.861255407333374, 0.8231545090675354], "label": [1, 1, 1, 0, 0, 0, 0]}