{"text": ["XYZ Hospital", "123 tlealth Street,Wellness City", "Phone:+1-234.587-890", "Patlant Namx:Bob Millor", "p:28", "Doctor: Dr. Millor", "Medicine", "Dosuge", "Frequency", "Duration", "Cap CoImmune", "10tablets", "3mesday", "4days", "Tab Zole fcreum", "5tablets", "20mes dey", "30 days", "Cap Pan d", "10tablets", "3tmes day", "10 days", "Tab Cetine", "15tablets", "3 tmesa dey", "t4days", "Cap Cypon", "10 tablets", "2tmesaday", "5days", "Syrup", "Dosapo", "Froquancy", "Duratlon", "Syrup Fobrox plus", "Sml", "2mdoy", "7day", "Syrup TusQ dx", "Sml", "2tims doy", "4 day", "Advico:", "-Tako tod rost", "Eat nsy-to-digest food like boiled rice with dnl", "Stoytydrated"], "confidence": [0.9520048499107361, 0.8430553674697876, 0.8575018644332886, 0.8653443455696106, 0.7335016131401062, 0.9787518978118896, 0.9307171702384949, 0.9054610133171082, 0.9838371276855469, 0.9629752039909363, 0.8974206447601318, 0.9273074269294739, 0.8458738923072815, 0.9657290577888489, 0.8863781094551086, 0.8716651201248169, 0.7687022686004639, 0.8663529753684998, 0.9062197208404541, 0.9273074269294739, 0.8064771294593811, 0.8622841835021973, 0.921965479850769, 0.8865651488304138, 0.7711530923843384, 0.8406792283058167, 0.9226290583610535, 0.901634693145752, 0.8577829003334045, 0.8882506489753723, 0.974157989025116, 0.8843854069709778, 0.934880256652832, 0.9915322065353394, 0.9934337735176086, 0.9197258949279785, 0.7373758554458618, 0.8639349937438965, 0.9829253554344177, 0.9197258949279785, 0.7041686773300171, 0.7794343829154968, 0.96775883436203, 0.7249441146850586, 0.8504207730293274, 0.871784508228302], "label": [1, 1, 1, 0, 0, 0, 0]}