{"text": ["XYZ Hospital", "123 tlealth Street,Wellness City", "Phone:+1-234.587-890", "Patlant Namx:Jano Wilson", ":74", "Doctor: Dr.Patol", "Medidine", "Dosage", "Frequency", "Duration", "Tab Evlon", "20 tblets", "3mesday", "7 days", "Cap Dilanun", "20 tablets", "3umesaday", "5days", "TabClavum 025", "10 tablets", "3tmes day", "30 days", "Tab Cyciopam", "20 toblets", "3tmesaday", "7 days", "Tab Dolonex dt", "5tablets", "2tmesaday", "7days", "Syrup", "Dosapo", "Froquancy", "Duratlon", "SyrupTusdx", "Sml", "2tm doy", "30 dny", "Syrup Brozodox", "10ml", "3 tims doy", "30 day", "Advico:", "-Tako tod rost", "Eat nsy-to-digest food like boiled rice with dnl", "Stoytydrated"], "confidence": [0.9512086510658264, 0.8445711135864258, 0.8589719533920288, 0.8405830264091492, 0.8511033058166504, 0.9599166512489319, 0.9121856689453125, 0.8897534012794495, 0.9788968563079834, 0.9564203023910522, 0.9259993433952332, 0.9135541915893555, 0.8458738923072815, 0.8594018816947937, 0.9459823966026306, 0.9054545164108276, 0.8479437828063965, 0.8691898584365845, 0.8190051317214966, 0.8921223878860474, 0.795462429523468, 0.8866694569587708, 0.8815881609916687, 0.8586471676826477, 0.8878806829452515, 0.8720644116401672, 0.9192513227462769, 0.9057856798171997, 0.8577829003334045, 0.9444330930709839, 0.974157989025116, 0.7913495898246765, 0.8954519629478455, 0.9771834015846252, 0.8981562852859497, 0.9197258949279785, 0.7230568528175354, 0.7861705422401428, 0.9708676338195801, 0.94232577085495, 0.7696221470832825, 0.7859539985656738, 0.9687759280204773, 0.73013836145401, 0.8504207730293274, 0.871784508228302], "label": [1, 1, 1, 0, 0, 0, 0]}