{"text": ["XYZ Hospital", "123 tlealth Street,Wellness City", "Phone:+1-234.587-890", "Patlant Namx:Charlo Davs", ":70", "Doctor: Dr. Tumor", "Medicine", "Dosuge", "Frequency", "Duration", "TabCiplox500", "20 tblets", "20ms day", "7 duys", "Tab Combinam", "20 tablets", "20mesaday", "10days", "Tab Evion", "15tablets", "3 tmesa day", "7 days", "TabA1urodin500", "5tablets", "3 tmesa dey", "5 days", "Cap Oilantn", "15tablets", "3 tmesaday", "7 days", "Syrup", "Dosapo", "Froquoncy", "Duratlon", "SyrupGrillnctus tm", "Sml", "3timsday", "10day", "Advico:", "-Tako tod rost", "Eat nsy-to-dlgest food like boiled dce with dal", "-Staytydrated"], "confidence": [0.9554066061973572, 0.838995099067688, 0.8577502369880676, 0.8129415512084961, 0.7153405547142029, 0.9463377594947815, 0.9286406636238098, 0.9427713751792908, 0.9838371276855469, 0.955414891242981, 0.88584303855896, 0.9135541915893555, 0.7605679631233215, 0.9828178286552429, 0.9234854578971863, 0.9054545164108276, 0.7708227634429932, 0.8626441955566406, 0.9258222579956055, 0.8913987278938293, 0.7573702335357666, 0.8720644116401672, 0.8130847215652466, 0.8846966028213501, 0.7729131579399109, 0.8289110660552979, 0.851353108882904, 0.8730565309524536, 0.8482871055603027, 0.8720644116401672, 0.9720994234085083, 0.8685808181762695, 0.9624842405319214, 0.8995916843414307, 0.9102516174316406, 0.9197258949279785, 0.7220712900161743, 0.8202261924743652, 0.9678854942321777, 0.7658414244651794, 0.9014807939529419, 0.8775733709335327], "label": [1, 1, 1, 0, 0, 0, 0]}