{"text": ["XYZ Hospital", "123 tlealth Street,Wellness City", "Phone:+1-234-587-890", "Patlant Namx:John D", "p:72", "Doctor: Dr. Millor", "Medicine", "Dosuge", "Frequency", "Duration", "Tab Combinam", "20 tblets", "20ms doy", "7 duys", "TabA1urocin 500", "20 tblets", "2tmesa dey", "10days", "Tab Thiz", "5 tablets", "2tmsa day", "10 days", "Tab Sumo cold", "10 tablets", "3tmesaday", "10days", "Tab Pand", "5 tablets", "2tmesaday", "7days", "Syrup", "Dosapo", "Froquoncy", "Duratlon", "Syrup Brozodax", "10ml", "2tmdoy", "7day", "Syrup TusQx", "10ml", "3tims doy", "4 day", "Advico:", "-Tako tod rost", "Eat ensy-to-digest food like boiled rice with dnl", "Stoytydrated"], "confidence": [0.9554066061973572, 0.841896653175354, 0.8676124811172485, 0.8269966244697571, 0.7978620529174805, 0.9676983952522278, 0.9009021520614624, 0.9427713751792908, 0.9788968563079834, 0.9564203023910522, 0.9271990656852722, 0.9135541915893555, 0.7523245811462402, 0.8653728365898132, 0.8253230452537537, 0.9248446226119995, 0.7638556957244873, 0.9015160202980042, 0.8297414183616638, 0.8758335113525391, 0.7672569751739502, 0.8622841835021973, 0.8823456168174744, 0.901634693145752, 0.8678804039955139, 0.924377977848053, 0.9250138998031616, 0.8494940996170044, 0.8281590342521667, 0.9444330930709839, 0.9654706716537476, 0.9139150977134705, 0.9496034979820251, 0.9915322065353394, 0.9605389833450317, 0.9483411312103271, 0.7179483771324158, 0.8639349937438965, 0.9367538690567017, 0.9604064226150513, 0.7529909014701843, 0.7794343829154968, 0.96775883436203, 0.7262329459190369, 0.844878613948822, 0.8652937412261963], "label": [1, 0, 1, 0, 0, 0, 0]}