{"text": ["XYZ Hospital", "123 tlealth Street,Wellness City", "Phone:+1-234.587-890", "Patlant Namx:Davld Millar", "Apo:55", "Doctor: Dr. Millor", "Medicine", "Dosuge", "Frequency", "Duration", "Tab Cetine", "10tablets", "20ms dey", "4duys", "Cup Omez", "15tablets", "20mes dey", "10days", "TabCyclopam", "10 tablets", "3 tmesaday", "30 days", "Tab Evion", "20 toblets", "3tmes aday", "4days", "Tab Sumo cold", "10 tablets", "2tmesaday", "4days", "Syrup", "Dosopo", "Froquoncy", "Duratlon", "Syrup Corox", "10ml", "2timday", "14day", "Advico:", "-Tako tod rost", "Eat nsy-to-digest food like boiled dce with dal", "-Staytydrated"], "confidence": [0.9555370807647705, 0.8380128741264343, 0.8541738390922546, 0.8535218834877014, 0.7298091053962708, 0.9567816853523254, 0.9259157180786133, 0.9349806904792786, 0.9905779957771301, 0.9623180627822876, 0.9128592610359192, 0.9273074269294739, 0.7692691087722778, 0.9136894941329956, 0.826431155204773, 0.8927748799324036, 0.7687022686004639, 0.9015160202980042, 0.9061527848243713, 0.8921223878860474, 0.8129498362541199, 0.8853435516357422, 0.929967999458313, 0.8743324279785156, 0.8475948572158813, 0.9184122085571289, 0.8862866759300232, 0.901634693145752, 0.8579052090644836, 0.9184122085571289, 0.9720994234085083, 0.7710023522377014, 0.9546997547149658, 0.9654592275619507, 0.9607416391372681, 0.9347427487373352, 0.7550383806228638, 0.7760825753211975, 0.9675191640853882, 0.8345187902450562, 0.8992130160331726, 0.9372954964637756], "label": [1, 0, 1, 0, 0, 0, 0]}