{"text": ["XYZ Hospital", "123 tlealth Street,Wellness City", "Phone:+1-234-587-890", "Patlant Namx:Allco Whito", ":54", "Doctor: Dr. Millor", "Medicine", "Dosage", "Frequency", "Duration", "TabCyciomelf", "20 tblets", "20ms dey", "$ days", "Tab Febrex plus", "20 tablets", "3tmesaday", "4days", "TabDolo650", "10tablets", "3 tmesaday", "7 days", "Cap Colnmune", "5tablets", "2 tm5 a day", "7 days", "Syrup", "Dosago", "Froquancy", "Duration", "Syrup Brozodax", "Sml", "2 tim doy", "5 days", "Advico:", "-Tako bod rost", "Eat nsy-to-dlgest food like boiled rice with dal", "-Stytydrated"], "confidence": [0.9428637623786926, 0.8378421068191528, 0.8872672319412231, 0.8187143206596375, 0.8006799817085266, 0.9568005800247192, 0.954825758934021, 0.8897534012794495, 0.9838311672210693, 0.964890718460083, 0.8719874024391174, 0.9135541915893555, 0.7710025310516357, 0.837290346622467, 0.9145443439483643, 0.9054545164108276, 0.8161150813102722, 0.9184122085571289, 0.8932056427001953, 0.9273074269294739, 0.8532909154891968, 0.8767657279968262, 0.8695483207702637, 0.8909797668457031, 0.7431930899620056, 0.8434519171714783, 0.9852066040039062, 0.9191999435424805, 0.9373424053192139, 0.9527572989463806, 0.9873327612876892, 0.8684621453285217, 0.7463570237159729, 0.7771541476249695, 0.9288334846496582, 0.7142534255981445, 0.8857390284538269, 0.9112634658813477], "label": [1, 1, 1, 0, 0, 0, 0]}