{"text": ["XYZ Hospital", "123 tlealth Street,Wellness City", "Phone:+1-234-587-890", "Patlont Nanx:Graco Whito", "Ap:53", "Doctor: Dr.Lao", "Medicine", "Dosage", "Frequency", "Duration", "Tab Cyclopam", "5tablets", "3mes doy", "10days", "Tab Cetine", "20 tablets", "3 tmes doy", "5days", "TabAllegra", "15tablets", "2mes aday", "7 days", "Cup Cypon", "15tablets", "2tmesa day", "7 days", "Tab Febrexplus", "15tablets", "2 tmes a duy", "7 days", "Tab Dolonex dt", "20 tablets", "3 tmesa dey", "t4duys", "Syrup", "Dosapo", "Froquoncy", "Durotlon", "Syrup TusQ-dx", "Sml", "2 tim doy", "14day", "Syrup Zodox", "Sml", "3timsday", "7day", "Advico:", "-Takoto rost", "Eat nsy-to-digest food like boiled rice with dal", "-Stynydrated"], "confidence": [0.9534645676612854, 0.8478810787200928, 0.8794944882392883, 0.8123627305030823, 0.7789907455444336, 0.9061760902404785, 0.9315592050552368, 0.9033363461494446, 0.986274003982544, 0.9629752039909363, 0.8362151980400085, 0.901167631149292, 0.7834863662719727, 0.8628065586090088, 0.9149308204650879, 0.8967920541763306, 0.7266961336135864, 0.8366293907165527, 0.9189688563346863, 0.8647039532661438, 0.7745811939239502, 0.8401936888694763, 0.9104447960853577, 0.8959775567054749, 0.7996856570243835, 0.8480218052864075, 0.9403867721557617, 0.8647039532661438, 0.7853452563285828, 0.8767657279968262, 0.9234243631362915, 0.8797799944877625, 0.7826222777366638, 0.8394883275032043, 0.9882689714431763, 0.8228013515472412, 0.9466862082481384, 0.935204803943634, 0.9452909827232361, 0.860496461391449, 0.7234081029891968, 0.8130840063095093, 0.9223028421401978, 0.927854061126709, 0.7527403235435486, 0.8532044887542725, 0.9699703454971313, 0.7237251400947571, 0.9021574854850769, 0.8896828293800354], "label": [1, 0, 1, 0, 0, 0, 0]}