{"text": ["XYZ Hospital", "123 tlealth Street,Wellness City", "Phone:+1-234-587-890", "Patlont Nanx:Charlo Brown", "Apo:55", "Doctor: Dr.Smith", "Medicine", "Dosage", "Frequency", "Duration", "TabA1urodin500", "10 tablets", "20ms doy", "10duys", "Cap Pan d", "15tablets", "3tmesaday", "4days", "Tab Cetine", "20 tablets", "3 tmes a duy", "7 days", "TabDolo 650", "5tablets", "3 tmesadey", "5days", "Syrup", "Dosapo", "Froquancy", "Duration", "Syrup Corox-dx", "10ml", "3tims doy", "14days", "Advico:", "-Tako bod rost", "Eat nsy-to-dlgest food like boiled rice with dal", "-Stynydrated"], "confidence": [0.9532102942466736, 0.8392246961593628, 0.8858763575553894, 0.8289612531661987, 0.7298091053962708, 0.9480910897254944, 0.9556780457496643, 0.9027800559997559, 0.9788968563079834, 0.9623180627822876, 0.827596127986908, 0.901634693145752, 0.7564270496368408, 0.9152160286903381, 0.9074792861938477, 0.9037178754806519, 0.8034953474998474, 0.8935898542404175, 0.9146391153335571, 0.8709948658943176, 0.8768436908721924, 0.8720644116401672, 0.8562411665916443, 0.8909797668457031, 0.7185487747192383, 0.8950570225715637, 0.9728748202323914, 0.7913495898246765, 0.9338104724884033, 0.9758866429328918, 0.9220624566078186, 0.9658069610595703, 0.7523825764656067, 0.8842740058898926, 0.9288334846496582, 0.7142534255981445, 0.8857390284538269, 0.8987491726875305], "label": [1, 1, 1, 0, 0, 0, 0]}