{"text": ["XYZ Hospital", "123 tlealth Street,Wellness City", "Phone:+1-234-587-890", "Patlont Nanx:Davld Wlllams", "p:45", "Doctor:Dr.Patol", "Medicine", "Dosage", "Frequency", "Duration", "Tab Dolonex dt", "10tablets", "20ms doy", "t4 days", "Tab Neurobin Forte", "5tablets", "3tmesaday", "4days", "Tab Cyciopam", "20 tablets", "2 tmes a duy", "4 days", "TabAllegra", "20 tblets", "2 tm5 dey", "30 days", "Syrup", "Dosago", "Froquancy", "Duratlon", "Syrup Corox-dx", "Sml", "2 tm doy", "14dy", "Advico:", "-Tako bod rost", "Eat nsy-to-dlgest food like boiled rice with dal", "-Stytydrated"], "confidence": [0.9466513991355896, 0.8385964632034302, 0.8772509694099426, 0.8244657516479492, 0.7807413339614868, 0.9432284235954285, 0.9556780457496643, 0.8886480927467346, 0.9832684397697449, 0.9623180627822876, 0.9152575135231018, 0.9273074269294739, 0.7564270496368408, 0.9380125999450684, 0.939680814743042, 0.8909797668457031, 0.8181862235069275, 0.8935898542404175, 0.8573446273803711, 0.8709948658943176, 0.8903548717498779, 0.8902750611305237, 0.9461941719055176, 0.9086169004440308, 0.7426508665084839, 0.8500292897224426, 0.9728748202323914, 0.9144992828369141, 0.9600293040275574, 0.9347891807556152, 0.9238994717597961, 0.9028758406639099, 0.7225327491760254, 0.9139397740364075, 0.9288334846496582, 0.7142534255981445, 0.8857390284538269, 0.9112634658813477], "label": [1, 0, 1, 0, 0, 0, 0]}