{"text": ["XYZ Hospital", "123 tlealth Street,Wellness City", "Phone:+1-234-587-890", "Patlont Namx:Mla Ro", "Ap:65", "Doctor: Dr. Smith", "Medicine", "Dosuge", "Frequency", "Duration", "TabClavum 025", "10 tablets", "20ms doy", "5 days", "Tab Sumo cold", "15tablets", "3tmesaday", "30 days", "Cup Omez", "20 tablets", "2 tmes a duy", "10 days", "TabAllegra", "10tablets", "3 tmesa dey", "10days", "Syrup", "Dosago", "Froquancy", "Duratlon", "Syrup Grillnctus tm", "10ml", "2 tim doy", "14 day", "Advico:", "-Tako bod rost", "Eat nsy-to-dlgest food like boiled rice with dal", "-Stytydrated"], "confidence": [0.9510087966918945, 0.8392246961593628, 0.9123506546020508, 0.7747451066970825, 0.6137485504150391, 0.9363871812820435, 0.930323600769043, 0.9054610133171082, 0.9838371276855469, 0.964890718460083, 0.8233298659324646, 0.901634693145752, 0.7564270496368408, 0.7393367886543274, 0.9211623072624207, 0.9092390537261963, 0.8034953474998474, 0.8853435516357422, 0.8411909341812134, 0.9054545164108276, 0.9000213742256165, 0.8690416216850281, 0.9628683924674988, 0.9273074269294739, 0.7706842422485352, 0.8655838966369629, 0.9728748202323914, 0.9117240309715271, 0.935694694519043, 0.9347891807556152, 0.9904271364212036, 0.9658069610595703, 0.7463570237159729, 0.7775042057037354, 0.9288334846496582, 0.7142534255981445, 0.8857390284538269, 0.9112634658813477], "label": [1, 0, 1, 0, 0, 0, 0]}