{"text": ["XYZ Hospital", "123 tlealth Street,Wellness City", "Phone:+1-234.587-890", "Patlant Namx:John Wilson", "Ap:32", "Doctor: Dr.Patol", "Medicine", "Dosuge", "Frequency", "Duration", "Tab Dolonex dt", "t5tablets", "20ms doy", "4duys", "Tab Zole fcream", "t5tablets", "2 tmes  duy", "7days", "Tab Sumo cold", "20 tablets", "2tmesaduy", "14days", "TabClavum025", "t5tablets", "2 tms a dey", "7days", "Syrup", "Dosago", "Froquoncy", "Duratlon", "Syrup Corox-dx", "10ml", "3tm doy", "30 days", "Syrup Cypon", "10ml", "2timday", "30dy", "Advico:", "-Tako bod rost", "Eat nsy-to-digest food like boiled rice with dal", "-Stayhydrated"], "confidence": [0.9544928669929504, 0.8386499881744385, 0.8577502369880676, 0.8771138191223145, 0.7324033975601196, 0.9494669437408447, 0.9286406636238098, 0.9427713751792908, 0.9832684397697449, 0.9623180627822876, 0.9172925353050232, 0.8793861865997314, 0.7707927227020264, 0.9136894941329956, 0.8712989091873169, 0.8836497068405151, 0.681406557559967, 0.9236086010932922, 0.8923825621604919, 0.8911951780319214, 0.8289502263069153, 0.8413376212120056, 0.8543817400932312, 0.8862625360488892, 0.7383468747138977, 0.9421157836914062, 0.9728748202323914, 0.8496239185333252, 0.9103906154632568, 0.9518309235572815, 0.9647474884986877, 0.9347427487373352, 0.7214878797531128, 0.9535742402076721, 0.9277707934379578, 0.911413848400116, 0.7565017938613892, 0.9695253372192383, 0.967370867729187, 0.8230072855949402, 0.8990753293037415, 0.8757689595222473], "label": [1, 0, 1, 0, 0, 0, 0]}