{"text": ["XYZ Hospital", "123 tlealth Street,Wellness City", "Phone:+1-234.587-890", "PatlntNam:GracoRo", ":00", "Doctor: Dr.Lo", "Medicine", "Dosage", "Frequency", "Duration", "Tab Cetine", "5tablets", "20ms day", "10duys", "Tab Dolo 650", "20 tblets", "3tmesadey", "5days", "Cup Cypon", "20 tablets", "3 tmesa day", "7 days", "Tab Combinam", "20 toblets", "3 tmesa dey", "10days", "TabClavum 025", "5 tablets", "2tmesaday", "30 days", "Syrup", "Dosapo", "Froquoncy", "Duratlon", "Syrup Fobrox plus", "Sml", "3timsday", "Sday", "Advico:", "-Tako tod rost", "Eat nsy-to-dlgest food like boiled dce with dal", "-Staytydrated"], "confidence": [0.9539773464202881, 0.843846321105957, 0.8465229868888855, 0.7827001810073853, 0.5022435784339905, 0.9281219840049744, 0.9259157180786133, 0.8897534012794495, 0.9560942053794861, 0.9629752039909363, 0.9062473177909851, 0.9057856798171997, 0.7605679631233215, 0.9106659889221191, 0.814837634563446, 0.9086169004440308, 0.7950026392936707, 0.8691898584365845, 0.9027765989303589, 0.8957331776618958, 0.7573702335357666, 0.8767657279968262, 0.9099093079566956, 0.8743324279785156, 0.7729131579399109, 0.9213528037071228, 0.7968597412109375, 0.8480369448661804, 0.8574197292327881, 0.8853435516357422, 0.9720994234085083, 0.9147474765777588, 0.9624842405319214, 0.8988408446311951, 0.9930053949356079, 0.9197258949279785, 0.7406063079833984, 0.7356988191604614, 0.9687759280204773, 0.8118053078651428, 0.9014807939529419, 0.9258518218994141], "label": [1, 0, 1, 0, 0, 0, 0]}