{"text": ["XYZ Hospital", "123 tlealth Street,Wellness City", "Phone:+1-234-587-890", "Patlant Namxo:John Davs", "p:9", "Doctor: Dr.Johnson", "Medicine", "Dosuge", "Frequency", "Duration", "Tab Neurobin Forte", "20 tblets", "20ms day", "7 duys", "Cap Dilanun", "5tablets", "2tmesaday", "30 days", "Tab Cetine", "10tablets", "2 tmes a duy", "5 days", "TabDolo650", "15tablets", "3 tmes aday", "10days", "Cup Omez", "5tablets", "3 tmesaday", "5 days", "Cap Zovirax", "15tablets", "2 tms a doy", "7 days", "Syrup", "Dosago", "Froquoncy", "Duratlon", "Syrup TusQ dx", "10ml", "3tms doy", "7day", "Advico:", "-Tako to rost", "Eat nsy-to-digest food like boiled dce with dnl", "Stoybydrated"], "confidence": [0.9478399157524109, 0.8472570776939392, 0.8653600811958313, 0.8290659785270691, 0.5035769939422607, 0.9735805988311768, 0.9450828433036804, 0.9427713751792908, 0.9790523052215576, 0.964890718460083, 0.922204315662384, 0.9003804326057434, 0.7605679631233215, 0.9828178286552429, 0.905036211013794, 0.8909797668457031, 0.8111010789871216, 0.8513266444206238, 0.9412223696708679, 0.9273074269294739, 0.7192685604095459, 0.7493965029716492, 0.8671877980232239, 0.8647039532661438, 0.8218534588813782, 0.8654675483703613, 0.7619751691818237, 0.9079194068908691, 0.8289969563484192, 0.7517222762107849, 0.9386158585548401, 0.9037178754806519, 0.7748550772666931, 0.8767657279968262, 0.9755377769470215, 0.958836555480957, 0.8976813554763794, 0.9843534231185913, 0.9360784888267517, 0.9717352390289307, 0.7197035551071167, 0.940690815448761, 0.9678854942321777, 0.7507117390632629, 0.8616782426834106, 0.8281932473182678], "label": [1, 1, 1, 0, 0, 0, 0]}