{"text": ["XYZ Hospital", "123 tlealth Street,Wellness City", "Phone:+1-234.587-890", "PatlantNamx:GracoWlson", ":70", "Doctor: Dr. Smith", "Medicine", "Dosuge", "Frequency", "Duration", "TabCiplox500", "5 tablets", "3mesday", "5 days", "Tab Cyciomelf", "5tablets", "3mesaday", "7 days", "Cap Dilantn", "15tablets", "2 tmesa duy", "5 days", "Tab Dolo 650", "15tablets", "2tmesa day", "30 days", "Cap Zovirax", "5tablets", "2 tmes a duy", "30days", "Cap Omez", "15tablets", "3 tmesa dey", "7 days", "Syrup", "Dosago", "Froquoncy", "Duratlon", "SyrupZodax", "Sml", "2tmsdoy", "7days", "Advico:", "-Tako tod rost", "Eat nsy-to-digest food like boiled dce with dnl", "Stoybydrated"], "confidence": [0.954705536365509, 0.8522793054580688, 0.846886157989502, 0.8542541861534119, 0.8835301399230957, 0.9386443495750427, 0.930323600769043, 0.9740098118782043, 0.98100346326828, 0.965709924697876, 0.8892951607704163, 0.887381374835968, 0.8198036551475525, 0.7547540068626404, 0.8486624360084534, 0.8909797668457031, 0.8774848580360413, 0.861883819103241, 0.9066237807273865, 0.867788553237915, 0.7515864968299866, 0.7493965029716492, 0.7981350421905518, 0.9037178754806519, 0.8140667080879211, 0.8853435516357422, 0.887336790561676, 0.9079194068908691, 0.753273069858551, 0.9184828400611877, 0.9410204887390137, 0.9037178754806519, 0.783704936504364, 0.8767657279968262, 0.9719002842903137, 0.9144992828369141, 0.9637989401817322, 0.9843534231185913, 0.8556957244873047, 0.927854061126709, 0.6669524312019348, 0.8544028401374817, 0.9678854942321777, 0.7538960576057434, 0.8616782426834106, 0.8264799118041992], "label": [1, 1, 1, 0, 0, 0, 0]}