{"text": ["XYZ Hospital", "123 tlealth Street,Wellness City", "Phone:+1-234.587-890", "Patlnt Nam:EvoJohnson", ":8", "Doctor: Dr.Lo", "Medicine", "Dosuge", "Frequency", "Duration", "TabClavum 025", "10 tablets", "20ms day", "7 duys", "Tab Cyciomeff", "10 tablets", "2 ums  doy", "10days", "TabAluhrodin500", "15tablets", "2 tmes aday", "4days", "Tab Combinam", "5tablets", "3 tmesa dey", "10days", "Cap Pand", "20tablets", "2tmesaday", "5days", "Syrup", "Dosago", "Froquoncy", "Duratlon", "Syrup Corox", "10ml", "3timsday", "Sday", "Advico:", "-Tako tod rost", "Eat nsy-to-digest food like boiled dce with dal", "-Stayhydrated"], "confidence": [0.9532526135444641, 0.8386499881744385, 0.8541738390922546, 0.8656562566757202, 0.6136865615844727, 0.9291847944259644, 0.930323600769043, 0.9375312328338623, 0.9838371276855469, 0.9564203023910522, 0.8387304544448853, 0.8921223878860474, 0.7605679631233215, 0.9828178286552429, 0.8447007536888123, 0.8921223878860474, 0.7034355998039246, 0.9015160202980042, 0.7801852822303772, 0.8913987278938293, 0.762387216091156, 0.9184122085571289, 0.9125607013702393, 0.8933669328689575, 0.7729131579399109, 0.924377977848053, 0.9235751628875732, 0.8978633880615234, 0.8561273813247681, 0.8691898584365845, 0.9747051000595093, 0.8300634026527405, 0.9749724864959717, 0.9097633361816406, 0.9028828144073486, 0.9483411312103271, 0.7220712900161743, 0.7356988191604614, 0.9675191640853882, 0.8316531181335449, 0.8992130160331726, 0.88934326171875], "label": [1, 1, 1, 0, 0, 0, 0]}