{"text": ["XYZ Hospital", "123 tlealth Street,Wellness City", "Phone:+1-234.587-890", "PatlantNamx:Evo Brown", "Ap:33", "Doctor: Dr.Johnson", "Medicine", "Dosuge", "Frequency", "Duration", "Tab Sumo cold", "5 tablets", "3tmesday", "10duys", "Tab Clavum025", "5tablets", "20mes dey", "t4duys", "Tab Cyclopum", "5tablets", "3 tmesa doy", "30 duys", "Tab Neurobin Forte", "10tablets", "3tmesaday", "4days", "Tab Zole fcreum", "5tablets", "3 tmesaday", "30 days", "Cap Zovirax", "20tblets", "2 tmes a doy", "10days", "Syrup", "Dosago", "Froquoncy", "Duratlon", "Syrup Brozodax", "Sml", "2tm doy", "14days", "Advico:", "-Tako bod rst", "Eat nsy-to-digest food like boiled dce with dnl", "Stoy bydrated"], "confidence": [0.9478399157524109, 0.8410260081291199, 0.8575018644332886, 0.8354803919792175, 0.7616316080093384, 0.9653306603431702, 0.930323600769043, 0.9740098118782043, 0.98100346326828, 0.9629752039909363, 0.9135504364967346, 0.887381374835968, 0.7604060173034668, 0.9152160286903381, 0.8279225826263428, 0.901167631149292, 0.7428823113441467, 0.8104643225669861, 0.8387541770935059, 0.9159331321716309, 0.7694242000579834, 0.9069848656654358, 0.9225685596466064, 0.9247161149978638, 0.8903350830078125, 0.9184122085571289, 0.8778178691864014, 0.9079194068908691, 0.8478784561157227, 0.8853435516357422, 0.8536945581436157, 0.9145114421844482, 0.7914690375328064, 0.8654675483703613, 0.9719002842903137, 0.9144992828369141, 0.8976813554763794, 0.9877357482910156, 0.9598060250282288, 0.927854061126709, 0.7230568528175354, 0.8428124785423279, 0.9667397141456604, 0.7890586853027344, 0.8601347208023071, 0.806763768196106], "label": [1, 1, 1, 0, 0, 0, 0]}