{"text": ["XYZ Hospital", "123 tlealth Street,Wellness City", "Phone:+1-234-587-890", "Patlant Nam:Mla Wilson", ":31", "Doctor: Dr. Millor", "Medicine", "Dosuge", "Frequency", "Duration", "Cap Pan d", "15tablets", "20ms dey", "30 duys", "Tab Dolonex dt", "5tablets", "3 tmes doy", "7 days", "Tab Sumo cold", "15tablets", "2tmesa dey", "30 duys", "TabAlurocin 500", "20 tblets", "2 tmesa day", "4duys", "Cap Dilantn", "10tablets", "3 tmesaday", "5days", "TabFebrexplus", "5tablets", "2 tmes a doy", "10days", "Syrup", "Dosago", "Froquoncy", "Durotlon", "Syrup TusQx", "10ml", "3tims doy", "7days", "Syrup TusQ-dx", "10ml", "2timday", "14day", "Advico:", "-Tako tod rost", "Eat nsy-to-digest food like boiled rice with dnl", "-Stytydrated"], "confidence": [0.9531888961791992, 0.8385964632034302, 0.8928923606872559, 0.8131597638130188, 0.8542735576629639, 0.9538497924804688, 0.9372200965881348, 0.9420654773712158, 0.9902750849723816, 0.964890718460083, 0.8857836127281189, 0.8647039532661438, 0.7692691087722778, 0.9137939810752869, 0.9279485940933228, 0.9046000242233276, 0.7507402896881104, 0.861883819103241, 0.8844870328903198, 0.86665940284729, 0.8071712255477905, 0.9156034588813782, 0.7982584238052368, 0.9086169004440308, 0.8068044185638428, 0.9083743095397949, 0.8771684765815735, 0.9273074269294739, 0.8251968622207642, 0.8520981669425964, 0.9747633337974548, 0.8909797668457031, 0.8046655058860779, 0.9213528037071228, 0.9883453249931335, 0.8496239185333252, 0.9466862082481384, 0.9339734315872192, 0.9381473064422607, 0.9702969789505005, 0.737549364566803, 0.8807341456413269, 0.9553414583206177, 0.9599877595901489, 0.8103267550468445, 0.7463439702987671, 0.9699703454971313, 0.7723420858383179, 0.8460922241210938, 0.8946594595909119], "label": [1, 1, 1, 0, 0, 0, 0]}