{"text": ["XYZ Hospital", "123 tlealth Street,Wellness City", "Phone:+1-234.587-890", "Patlant Namx:Charl Do", "1", "Doctor:Dr.Smith", "Medicine", "Dosuge", "Frequency", "Duration", "Tab Trtz", "20tblets", "3mesday", "10duys", "Cap Pan d", "5tablets", "2tmesa dey", "7days", "TabDolo 650", "5tablets", "2 tmes a duy", "5days", "Cap Cypon", "10 tablets", "2 tms  doy", "10days", "Syrup", "Dosago", "Froquoncy", "Duratlon", "Syrup Cypon", "10ml", "3tms doy", "30 days", "SyrupGrillnctus tm", "Sml", "3mday", "10day", "Advico:", "-Tako tod rost", "Eat nsy-to-digest food like boiled dce with dal", "-Stayhydrated"], "confidence": [0.9544928669929504, 0.8356792330741882, 0.8577502369880676, 0.7764822840690613, 0.9231669902801514, 0.9709880948066711, 0.9142245054244995, 0.9427713751792908, 0.9838371276855469, 0.9623180627822876, 0.788279116153717, 0.9343926906585693, 0.8383733034133911, 0.9106659889221191, 0.9048255085945129, 0.895728349685669, 0.7338863611221313, 0.9236086010932922, 0.860056459903717, 0.8909797668457031, 0.7841776013374329, 0.8882506489753723, 0.9557991027832031, 0.8958706855773926, 0.7158662676811218, 0.948091983795166, 0.9728748202323914, 0.8239191174507141, 0.9104382991790771, 0.8653408288955688, 0.9901718497276306, 0.9410436153411865, 0.7202708125114441, 0.9702292084693909, 0.9094856977462769, 0.9197258949279785, 0.8171108961105347, 0.7979649305343628, 0.9678854942321777, 0.7801290154457092, 0.9067122340202332, 0.8786836266517639], "label": [1, 1, 1, 0, 0, 0, 0]}