{"text": ["XYZ Hospital", "123 tlealth Street,Wellness City", "Phone:+1-234.587-890", "Patlnt Namx:Evo Millor", "Ap:5", "Doctor: Dr.Johnson", "Medicine", "Dosauge", "Frequency", "Duration", "Tab Allegra", "10 tablets", "3mesday", "10days", "Cap Dilanun", "10tablets", "20mesaday", "5days", "Tab Zole fcreum", "15tablets", "2 tmes aduy", "5 days", "Tab Cetine", "10tablets", "3tmes aday", "5days", "Tab Pan d", "20 tblets", "2 tmes a duy", "5days", "Tab Dolonex dt", "15tablets", "3 tmesa dey", "t4days", "Syrup", "Dosago", "Froquoncy", "Duratlon", "Syrup Corox-dx", "Sml", "2tmdoy", "7day", "Advico:", "-Tako to rost", "Eat nsy-to-digest food like boiled dce with dnl", "Stoybydrated"], "confidence": [0.9441642761230469, 0.8406103849411011, 0.8531273007392883, 0.8013920187950134, 0.5248637199401855, 0.9731100797653198, 0.897479772567749, 0.8137890696525574, 0.9790523052215576, 0.9623180627822876, 0.921038806438446, 0.8778047561645508, 0.8203554749488831, 0.8628065586090088, 0.9056165218353271, 0.9273074269294739, 0.7667410373687744, 0.8366293907165527, 0.825821042060852, 0.8671495914459229, 0.7138233184814453, 0.7493965029716492, 0.9416799545288086, 0.9273074269294739, 0.852321445941925, 0.8520981669425964, 0.8942930698394775, 0.9003804326057434, 0.7857459187507629, 0.8520981669425964, 0.919963538646698, 0.9037178754806519, 0.7729131579399109, 0.8406792283058167, 0.9719002842903137, 0.9144992828369141, 0.9529516696929932, 0.9843534231185913, 0.9669713377952576, 0.927854061126709, 0.7008616924285889, 0.940690815448761, 0.9678854942321777, 0.7480148077011108, 0.8616782426834106, 0.8277963995933533], "label": [1, 1, 1, 0, 0, 0, 0]}