{"text": ["XYZ Hospital", "123 tlealth Street,Wellness City", "Phone:+1-234.587-890", "Patlant Namx:Charlo Davs", ":74", "Doctor: Dr.Patol", "Medicine", "Dosage", "Frequency", "Duration", "TabA1uhrodn500", "5tablets", "3mesa day", "30 duys", "Cap Pan d", "10 tablets", "2tmesa duy", "4days", "Cap Coimmune", "20 tablets", "3 tmesaday", "7days", "TabZole fcreum", "t5tablets", "2 tms a doy", "10days", "Syrup", "Dosago", "Froquoncy", "Duration", "Syrup TusQ dx", "10ml", "3tms doy", "14days", "SyrupCorox-dx", "10ml", "2timday", "10day", "Advico:", "-Tako tod rost", "Eat nsy-to-dlgest food like boiled rice with dal", "-Stayhydrated"], "confidence": [0.9544928669929504, 0.838995099067688, 0.8577502369880676, 0.8223726153373718, 0.8511033058166504, 0.9561673998832703, 0.9273771047592163, 0.9033363461494446, 0.9860424399375916, 0.964890718460083, 0.812574028968811, 0.901167631149292, 0.7508084774017334, 0.9156034588813782, 0.9074792861938477, 0.8921223878860474, 0.7649374008178711, 0.8935898542404175, 0.883570671081543, 0.8709948658943176, 0.8519014120101929, 0.9236086010932922, 0.9018558263778687, 0.8862625360488892, 0.7203025221824646, 0.9470896124839783, 0.9701129198074341, 0.8496239185333252, 0.9308472871780396, 0.9566436409950256, 0.9869900941848755, 0.9347427487373352, 0.7036243677139282, 0.768261730670929, 0.8791417479515076, 0.911413848400116, 0.7565017938613892, 0.7979649305343628, 0.9688101410865784, 0.8293460011482239, 0.9003981947898865, 0.8834782838821411], "label": [1, 1, 1, 0, 0, 0, 0]}