{"text": ["XYZ Hospital", "123 tlealth Street,Wellness City", "Phone:+1-234.587-890", "Patlant Namx:Charlo Do", "p:22", "DoctorDr.Smith", "Medicine", "Dosuge", "Frequency", "Duration", "Tab Dolonex dt", "15tablets", "3mesday", "30 days", "Cap CoImmune", "5tablets", "2tmesa duy", "5 duys", "TabZole fcream", "5tablets", "3 tmesaday", "30 duys", "Tab Trz", "10tablets", "3 tmes doy", "10days", "Syrup", "Dosago", "Froquoncy", "Duration", "Syrup Cypon", "10ml", "2tmdoy", "30 day", "Syrup Fobroxplus", "10ml", "3mday", "14dy", "Advico:", "-Tako tod rost", "Eat nsy-to-dlgest food like boiled rice with dal", "-Staytydrated"], "confidence": [0.9558648467063904, 0.8356792330741882, 0.8577502369880676, 0.7719905376434326, 0.7944168448448181, 0.980268120765686, 0.8984020948410034, 0.975483238697052, 0.9838371276855469, 0.964890718460083, 0.9133886694908142, 0.8927748799324036, 0.8416870832443237, 0.8676621317863464, 0.9038047790527344, 0.895728349685669, 0.7876779437065125, 0.9158236980438232, 0.8823711276054382, 0.9079194068908691, 0.8464710116386414, 0.9196853041648865, 0.8342235684394836, 0.9247161149978638, 0.7171288728713989, 0.9470896124839783, 0.9720994234085083, 0.8239191174507141, 0.9308472871780396, 0.9667842388153076, 0.9897556304931641, 0.9347427487373352, 0.7560526728630066, 0.7933688163757324, 0.8312637805938721, 0.911413848400116, 0.8256782293319702, 0.8365260362625122, 0.9677251577377319, 0.822932243347168, 0.9003981947898865, 0.8817411661148071], "label": [1, 1, 1, 0, 0, 0, 0]}