{"text": ["XYZ Hospital", "123 tlealth Street,Wellness City", "Phone:+1-234-587-890", "Patlant Namx:John Millar", ":70", "DoctorDr.Smith", "Medicine", "Dosuge", "Frequency", "Duration", "Cap Dilanun", "5tablets", "3mesaday", "10duys", "Cap CoImmune", "10 tablets", "2tmesa dey", "5days", "Tab Cetine", "t5tablets", "2tmesa dey", "10days", "Tab Febrexplus", "15tablets", "3 tmesa dey", "7days", "Syrup", "Dosago", "Froquoncy", "Duratlon", "Syrup TusQx", "Sml", "3tms doy", "10day", "SyrupZodax", "Sml", "3timsday", "7day", "Advico:", "-Tako bod rost", "Eat nsy-to-digest food like boiled dce with dal", "-Staytydrated"], "confidence": [0.9549286961555481, 0.8450297117233276, 0.8651002049446106, 0.8727986812591553, 0.8660268783569336, 0.974786639213562, 0.8984020948410034, 0.9427713751792908, 0.9860424399375916, 0.9623180627822876, 0.8740798830986023, 0.901167631149292, 0.7852119207382202, 0.9106659889221191, 0.9036759734153748, 0.8921223878860474, 0.729718804359436, 0.8343985676765442, 0.9146391153335571, 0.8833587169647217, 0.8326894044876099, 0.9239731431007385, 0.9422608613967896, 0.898794412612915, 0.7414395809173584, 0.9454089403152466, 0.9728748202323914, 0.8496239185333252, 0.9308472871780396, 0.8947022557258606, 0.9641700387001038, 0.8684621453285217, 0.7202708125114441, 0.7873427867889404, 0.8919841051101685, 0.9197258949279785, 0.7852563858032227, 0.8190528750419617, 0.967370867729187, 0.822790801525116, 0.9078223705291748, 0.9250409007072449], "label": [1, 1, 1, 0, 0, 0, 0]}