{"text": ["XYZ Hospital", "123 tlealth Street,Wellness City", "Phone:+1-234-587-890", "Patlant Nanx:John Ro", ":52", "Doctor: Dr. Millor", "Medicine", "Dosuge", "Frequency", "Quraton", "Tab Sumo cold", "15tblets", "3mesdey", "30 duys", "Tab Cyclomeff", "10tablets", "3 tmes doy", "7 days", "Tab Evion", "5tablets", "3 tmesa doy", "30 days", "TabClavum025", "5tablets", "3 tmes aday", "30 days", "TabAllegra", "10tablets", "3 tmesaday", "5days", "TabAluhrodin500", "20 tblets", "3 tmesa dey", "10days", "Syrup", "Dosago", "Froquoncy", "Duratlon", "Syrup TusQx", "Sml", "2 tim doy", "7days", "Syrup Cypon", "10ml", "2timday", "14day", "Advico:", "-Tako tod rost", "Eat nsy-to-dlgest food like boiled rice with dal", "-Stytydrated"], "confidence": [0.9475247859954834, 0.8388950228691101, 0.9064761400222778, 0.8222624659538269, 0.8307583928108215, 0.9554911851882935, 0.930323600769043, 0.9420654773712158, 0.9902750849723816, 0.8290681838989258, 0.9133632183074951, 0.9046850204467773, 0.8327884078025818, 0.9051676392555237, 0.8610597848892212, 0.9273074269294739, 0.7507402896881104, 0.8401936888694763, 0.9265937805175781, 0.916618824005127, 0.7852831482887268, 0.8833222985267639, 0.8801045417785645, 0.9046000242233276, 0.8287675380706787, 0.8867191672325134, 0.938199520111084, 0.9273074269294739, 0.8309677243232727, 0.8756504058837891, 0.8083142042160034, 0.8838595747947693, 0.8336135745048523, 0.8655838966369629, 0.988613486289978, 0.8285646438598633, 0.9466862082481384, 0.9895802140235901, 0.9349162578582764, 0.860496461391449, 0.7873589992523193, 0.9066702127456665, 0.9619796872138977, 0.9357630014419556, 0.8109803199768066, 0.7463439702987671, 0.9686400294303894, 0.7708404660224915, 0.9009497165679932, 0.9096242785453796], "label": [1, 0, 1, 0, 0, 0, 0]}