{"text": ["XYZ Hospital", "123 tlealth Street,Wellness City", "Phone:+1-234-587-890", "Patlont Namx:Jano Smith", ":39", "Doctor:Dr.Smith", "Medicine", "Dosuge", "Frequency", "Duration", "Tab Dolonex dt", "20 tblets", "20ms day", "t4duys", "TabCyclopum", "10tablets", "2 um5  duy", "4duys", "Tab Cetine", "15tablets", "2mes aduy", "7 days", "Tab Evlon", "20 tblets", "3tmes aday", "4duys", "Tab Zole fcreum", "10tablets", "3 tmesaday", "4duys", "TabClavum 025", "15tablets", "3 tmesa dey", "4days", "Syrup", "Dosapo", "Froquoncy", "Duratlon", "Syrup Brozodax", "10ml", "2 tim doy", "10day", "Syrup TusQ dx", "Sml", "3timday", "7day", "Advico:", "-Tako tod rost", "Eat nsy-to-digest food like boiled rice with dnl", "-Stytydrated"], "confidence": [0.9436566829681396, 0.8447699546813965, 0.887356162071228, 0.8281006813049316, 0.8398079872131348, 0.9435045123100281, 0.930323600769043, 0.9427713751792908, 0.9902750849723816, 0.9623180627822876, 0.9117113947868347, 0.9003804326057434, 0.7605679631233215, 0.8546951413154602, 0.877650797367096, 0.9273074269294739, 0.7476545572280884, 0.9136894941329956, 0.9438446164131165, 0.8647039532661438, 0.7659589648246765, 0.8594018816947937, 0.9146842956542969, 0.9086169004440308, 0.852321445941925, 0.9136894941329956, 0.8442842960357666, 0.9273074269294739, 0.8438262939453125, 0.9083743095397949, 0.7871159911155701, 0.9037178754806519, 0.7889118194580078, 0.9184122085571289, 0.988613486289978, 0.8228013515472412, 0.9466862082481384, 0.9893155694007874, 0.9582242965698242, 0.9702969789505005, 0.7471926212310791, 0.8418286442756653, 0.9453410506248474, 0.927854061126709, 0.7879209518432617, 0.8654559254646301, 0.9210488200187683, 0.7662091851234436, 0.8472199440002441, 0.9142104983329773], "label": [1, 0, 1, 0, 0, 0, 0]}