{"text": ["XYZ Hospital", "123 tlealth Street,Wellness City", "Phone:+1-234.587-890", "Patlant Namx:Graco Millar", "p:43", "Doctor: Dr.Patol", "Medicine", "Dosage", "Frequency", "Duration", "Tab Febrexplus", "5tablets", "3mesday", "30 days", "TabCiplox500", "5tablets", "3tmesaday", "30 days", "Cap Pan d", "20 tblets", "2tmesaday", "t4days", "Cap Omez", "5tablets", "2 tms  doy", "5 days", "Syrup", "Dosago", "Froquoncy", "Duratlon", "Syrup Brozodox", "Sml", "3tm doy", "7days", "SyrupGrillnctus tm", "10ml", "mday", "30dy", "Advico:", "-Tako tod rost", "Eat nsy-to-dlgest food like boiled rice with dal", "-Staytydrated"], "confidence": [0.9549286961555481, 0.8478810787200928, 0.8465229868888855, 0.8124452233314514, 0.7557733058929443, 0.956055760383606, 0.9286406636238098, 0.9033363461494446, 0.9860424399375916, 0.964890718460083, 0.9433144927024841, 0.9079194068908691, 0.8203554749488831, 0.8833222985267639, 0.928394615650177, 0.8909797668457031, 0.8251487016677856, 0.8663529753684998, 0.8972174525260925, 0.9086169004440308, 0.8561273813247681, 0.8406792283058167, 0.8797640800476074, 0.8878754377365112, 0.7009269595146179, 0.8235217928886414, 0.9728748202323914, 0.8239191174507141, 0.9308472871780396, 0.9370599985122681, 0.9748592972755432, 0.9028758406639099, 0.7288550138473511, 0.914350688457489, 0.9094856977462769, 0.911413848400116, 0.8348022699356079, 0.9695253372192383, 0.967370867729187, 0.7935783267021179, 0.9067288041114807, 0.9250409007072449], "label": [1, 1, 1, 0, 0, 0, 0]}