{"text": ["XYZ Hospital", "123 tlealth Street,Wellness City", "Phone:+1-234-587-890", "Patlant Nanx:John Davs", ":47", "Doctor: Dr.Lao", "Medicine", "Dosuge", "Frequency", "Duration", "TabNeurobin Forte", "10 tablets", "3mesa day", "5days", "TabDolo650", "20 tablets", "3 umes duy", "30 days", "TabClavum 025", "20 tablets", "2 tmes aduy", "7 days", "Cap Zovirax", "15tablets", "2tmesa duy", "5days", "Tab Evlon", "20 tblets", "2 tmes a duy", "10days", "TabAluhrocin 500", "20 tablets", "2tmesa day", "$ duys", "Syrup", "Dosapo", "Froquoncy", "Duratlon", "Syrup Brozodox", "10ml", "2 tim doy", "30days", "Syrup Fobrox plus", "10ml", "2timday", "5doys", "Advico:", "-Tako tod rost", "Eat nsy-to-dlgest food like boiled rice with dal", "-Stytydrated"], "confidence": [0.9474150538444519, 0.8467555046081543, 0.8803019523620605, 0.8291428089141846, 0.8488302230834961, 0.9054750800132751, 0.9271574020385742, 0.9375312328338623, 0.9898338317871094, 0.964890718460083, 0.9559025764465332, 0.8778047561645508, 0.7538517117500305, 0.8641525506973267, 0.8769392967224121, 0.8967920541763306, 0.7060258984565735, 0.8513266444206238, 0.828355073928833, 0.8709948658943176, 0.7138233184814453, 0.8580665588378906, 0.8465855121612549, 0.8671495914459229, 0.8319151997566223, 0.8520981669425964, 0.9103162288665771, 0.9003804326057434, 0.7857459187507629, 0.8654675483703613, 0.7740960121154785, 0.8797799944877625, 0.8286117315292358, 0.9236800670623779, 0.988613486289978, 0.8228013515472412, 0.9474319815635681, 0.9673064351081848, 0.9569897055625916, 0.9702969789505005, 0.7383143901824951, 0.8151836395263672, 0.995760977268219, 0.9599877595901489, 0.8147273659706116, 0.7227104306221008, 0.9686400294303894, 0.7775130867958069, 0.9009497165679932, 0.9027094841003418], "label": [1, 1, 1, 0, 0, 0, 0]}