{"text": ["XYZ Hospital", "123 tlealth Street,Wellness City", "Phone:+1-234.587-890", "Patlant Namx:Chorlo Davs", ":20", "Doctor: Dr. Millor", "Medicine", "Dosuge", "Frequency", "Duration", "TabCyclopum", "5 tablets", "20ms day", "4 duys", "Tab Allegra", "10 tablets", "3tmesadey", "7days", "Tab Pan d", "t5tablets", "2 tmes adey", "5 days", "Tab Neurobin Forte", "5tablets", "2tmesaday", "7 days", "Cap Pan d", "20tablets", "2tmesaday", "7 days", "Syrup", "Dosapo", "Froquancy", "Duratlon", "Syrup TusQx", "10ml", "2tmdoy", "30 dny", "Syrup Corox", "10ml", "3tims doy", "30 day", "Advico:", "-Tako to rost", "Eat ensy-to-digest food like boiled rice with dnl", "Stoytydrated"], "confidence": [0.9526641368865967, 0.8420253992080688, 0.8589719533920288, 0.8183065056800842, 0.852616012096405, 0.963069498538971, 0.9286406636238098, 0.979745090007782, 0.9821071624755859, 0.9623180627822876, 0.8855748772621155, 0.8705056309700012, 0.7605679631233215, 0.939846932888031, 0.8737680315971375, 0.8921223878860474, 0.7950026392936707, 0.9236086010932922, 0.8942930698394775, 0.8831853270530701, 0.7663896679878235, 0.7472350001335144, 0.9541727900505066, 0.8933669328689575, 0.8574033379554749, 0.8720644116401672, 0.8857836127281189, 0.8978633880615234, 0.8482097387313843, 0.8720644116401672, 0.9656500816345215, 0.9161680340766907, 0.9368769526481628, 0.9863218069076538, 0.9368862509727478, 0.9483411312103271, 0.7008616924285889, 0.7861705422401428, 0.895393967628479, 0.9604064226150513, 0.7592406868934631, 0.7859539985656738, 0.9671232104301453, 0.7236803770065308, 0.844878613948822, 0.7941193580627441], "label": [1, 1, 1, 0, 0, 0, 0]}