{"text": ["XYZ Hospital", "123 tlealth Street,Wellness City", "Phone:+1-234-587-890", "Patlant Nanx:Jano Brown", ":44", "Doctor: Dr. Tumor", "Medicine", "Dosage", "Frequency", "Duration", "Cap Omez", "5 tablets", "3mesaday", "30 days", "Cap Cypon", "10tablets", "2tmes  duy", "5days", "Cap Dilanun", "5tablets", "2 tmes a duy", "5 days", "TabAluhrodin 500", "20 tablets", "3 tmesa dey", "7days", "Syrup", "Dosago", "Froquancy", "Duration", "Syrup Zodax", "Sml", "2mday", "7 days", "Advico:", "-Tako bod rost", "Eat nsy-to-dlgest food like boiled rice with dal", "-Stynydrated"], "confidence": [0.9541555047035217, 0.8385964632034302, 0.8895711898803711, 0.8369473814964294, 0.8580889701843262, 0.9433810114860535, 0.9009021520614624, 0.8897534012794495, 0.9859857559204102, 0.964890718460083, 0.8553177118301392, 0.887381374835968, 0.7886044979095459, 0.8676621317863464, 0.9561914801597595, 0.9273074269294739, 0.7180284857749939, 0.8383257985115051, 0.9344105124473572, 0.9093613624572754, 0.8907971978187561, 0.7990822196006775, 0.7891232967376709, 0.8983814120292664, 0.7049140334129333, 0.9444330930709839, 0.9728748202323914, 0.9117240309715271, 0.9354243874549866, 0.9527572989463806, 0.8555866479873657, 0.8684621453285217, 0.8186410069465637, 0.8708378672599792, 0.9288334846496582, 0.7142534255981445, 0.8857390284538269, 0.8982930779457092], "label": [1, 1, 1, 0, 0, 0, 0]}