{"text": ["XYZ Hospital", "123 tlealth Street,Wellness City", "Phone:+1-234.587-890", "Patlont Namx:Charlo Smith", "Apo:77", "Doctor: Dr. Smith", "Medicine", "Dosage", "Frequency", "Duration", "Tab Allegra", "20tblets", "3mesday", "14duys", "Tab Cetine", "5tablets", "20mesa duy", "10days", "TabCiplox500", "20 tablets", "3tmesaduy", "7 days", "Tab Combinam", "15tablets", "3 tmesa doy", "10days", "Cup Cypon", "10tablets", "3 tmesaday", "30 days", "TabClavum 025", "20 tablets", "3 tmesa dey", "30 days", "Syrup", "Dosago", "Froquoncy", "Duratlon", "Syrup TusQx", "10ml", "3tms doy", "14days", "Advico:", "-Tako to rst", "Eat nsy-to-digest food like boiled dce with dnl", "Stoytydrated"], "confidence": [0.9549444317817688, 0.8420253992080688, 0.8589719533920288, 0.8284599781036377, 0.7262139916419983, 0.9411486387252808, 0.9258362054824829, 0.8897534012794495, 0.9840719699859619, 0.9629752039909363, 0.9225680828094482, 0.9145114421844482, 0.8458738923072815, 0.8650357723236084, 0.9325478672981262, 0.8909797668457031, 0.7259731888771057, 0.8626441955566406, 0.9527390599250793, 0.8709948658943176, 0.8625564575195312, 0.8401936888694763, 0.9441553950309753, 0.8647039532661438, 0.8013067245483398, 0.9213528037071228, 0.898982584476471, 0.9273074269294739, 0.8478784561157227, 0.8853435516357422, 0.7931808829307556, 0.8797799944877625, 0.7711530923843384, 0.8513266444206238, 0.9720994234085083, 0.958836555480957, 0.8976813554763794, 0.9877357482910156, 0.9340599179267883, 0.9717352390289307, 0.7066380381584167, 0.8428124785423279, 0.9678854942321777, 0.7537227272987366, 0.8601347208023071, 0.871784508228302], "label": [1, 0, 1, 0, 0, 0, 0]}