{"text": ["XYZ Hospital", "123 tlealth Street,Wellness City", "Phone:+1-234.587-890", "Patlant Namx:Llam Millor", "p:78", "Doctor: Dr. Smith", "Medicine", "Dosuge", "Frequency", "Duration", "Cap Cypon", "5 tablets", "20ms day", "10duys", "Tab Sumo cold", "15tablets", "20mesaday", "4days", "Cap Zovirax", "15tablets", "2tms day", "7 days", "Cap Dilantn", "15tablets", "3tmes adey", "7 days", "Tab Dolonex dt", "15tablets", "3tmesaday", "7 days", "Syrup", "Dosapo", "Froquancy", "Duratlon", "Syrup TusQ-dx", "Sml", "3tms doy", "7day", "Syrup Zodox", "Sml", "3tims doy", "5 days", "Advico:", "-Tako tod rost", "Eat ensy-to-digest food like boiled rice with dnl", "Stoytydrated"], "confidence": [0.9549444317817688, 0.8474778532981873, 0.8575018644332886, 0.8490962982177734, 0.7078232169151306, 0.9437006711959839, 0.9286406636238098, 0.979745090007782, 0.9821071624755859, 0.9623180627822876, 0.9236605763435364, 0.8705056309700012, 0.7605679631233215, 0.9152160286903381, 0.8854086399078369, 0.8623680472373962, 0.7784956693649292, 0.8935898542404175, 0.9156240820884705, 0.8927748799324036, 0.782308042049408, 0.8720644116401672, 0.9169216156005859, 0.8866697549819946, 0.8477534055709839, 0.8720644116401672, 0.9187597632408142, 0.8871575593948364, 0.8785970211029053, 0.8767657279968262, 0.9703512191772461, 0.9054598808288574, 0.9114760160446167, 0.9963582158088684, 0.9556137919425964, 0.8684621453285217, 0.7197035551071167, 0.8866479396820068, 0.9601495265960693, 0.9197258949279785, 0.7592406868934631, 0.8278443217277527, 0.9662078022956848, 0.75249183177948, 0.844878613948822, 0.8286395072937012], "label": [1, 1, 1, 0, 0, 0, 0]}