{"text": ["XYZ Hospital", "123 tlealth Street,Wellness City", "Phone:+1-234-587-890", "Patlant Nanx:Jano Brown", "p:22", "Doctor:Dr.Patol", "Medicine", "Dosuge", "Frequency", "Duration", "Cap Dilanun", "5tablets", "3mes doy", "10days", "Tab Cyciomelf", "5tablets", "2 m0s  duy", "5days", "Tab Cetine", "5tablets", "2 tmes a day", "7 days", "Tab Sumo cold", "20 tblets", "2 tmesa day", "30 days", "Tab Zole fcreum", "20tblets", "3 tmesaday", "4duys", "TabNeurobin Forte", "15tablets", "3 tmes aday", "7 days", "Syrup", "Dosago", "Froquoncy", "Duratlon", "Syrup Zodax", "10ml", "2 tim doy", "30dy", "Syrup TusQ dx", "Sml", "3timday", "7day", "Advico:", "-Tako tod rst", "Eat nsy-to-digest food like boiled rice with dal", "-Stytydrated"], "confidence": [0.9541555047035217, 0.8380128741264343, 0.8895711898803711, 0.8369473814964294, 0.7944168448448181, 0.9470792412757874, 0.930323600769043, 0.9740098118782043, 0.9852608442306519, 0.9623180627822876, 0.9011436104774475, 0.901167631149292, 0.7750561833381653, 0.8628065586090088, 0.858038067817688, 0.8909797668457031, 0.7353242039680481, 0.8520981669425964, 0.9377728700637817, 0.916618824005127, 0.7271961569786072, 0.861883819103241, 0.9348776936531067, 0.9086169004440308, 0.8068044185638428, 0.8513266444206238, 0.8743507266044617, 0.9145114421844482, 0.8251968622207642, 0.9083743095397949, 0.9590079188346863, 0.8990643620491028, 0.8056284189224243, 0.8767657279968262, 0.988613486289978, 0.8285646438598633, 0.9466862082481384, 0.9693984985351562, 0.9197816848754883, 0.9702969789505005, 0.7873589992523193, 0.9722570776939392, 0.952340841293335, 0.927854061126709, 0.7877011895179749, 0.8754475712776184, 0.9699703454971313, 0.7242653369903564, 0.9021574854850769, 0.9058265686035156], "label": [1, 1, 1, 0, 0, 0, 0]}