{"text": ["XYZ Hospital", "123 tlealth Street,Wellness City", "Phone:+1-234-587-890", "Patlont Nanx:Bob Whito", "Ap:57", "Doctor:Dr.Patol", "Medicine", "Dosuge", "Frequency", "Duration", "Tab Trtz", "15tablets", "20ms dey", "7 days", "Cap Pan d", "20 tablets", "2 um05  duy", "30 days", "TabClavum 25", "20 tablets", "3 tmesa doy", "5days", "TabA1urodn 500", "15tablets", "3 tmes aday", "5days", "Tab Pan d", "15tablets", "3 tmesaday", "30 days", "Cup Dilanun", "15tablets", "3 tmesa dey", "7 days", "Syrup", "Dosapo", "Froquoncy", "Durotlon", "Syrup TusQ dx", "10ml", "2 timdoy", "7days", "Syrup Cypon", "Sml", "3timsday", "14day", "Advico:", "-Tako tod rst", "Eat nsy-to-digest food like boiled rice with dal", "-Stytydrated"], "confidence": [0.9506902694702148, 0.8445388078689575, 0.8947347402572632, 0.8380079865455627, 0.770072877407074, 0.9542239904403687, 0.9250409603118896, 0.9427713751792908, 0.9902750849723816, 0.965709924697876, 0.804344654083252, 0.8647039532661438, 0.7692691087722778, 0.8594018816947937, 0.911133348941803, 0.8967920541763306, 0.7148935794830322, 0.8513266444206238, 0.8522074222564697, 0.8709948658943176, 0.7694242000579834, 0.8366293907165527, 0.8061845898628235, 0.8647039532661438, 0.8281913995742798, 0.8520981669425964, 0.8963916301727295, 0.8647039532661438, 0.8439608812332153, 0.8853435516357422, 0.9158807396888733, 0.8990643620491028, 0.8322397470474243, 0.8720644116401672, 0.9879225492477417, 0.8240053653717041, 0.9466862082481384, 0.9339734315872192, 0.9477811455726624, 0.9702969789505005, 0.7554259300231934, 0.9066702127456665, 0.9859132766723633, 0.927854061126709, 0.7865440845489502, 0.7463439702987671, 0.9374408721923828, 0.7242653369903564, 0.9021574854850769, 0.9058265686035156], "label": [1, 1, 1, 0, 0, 0, 0]}