{"text": ["XYZ Hospital", "123 tlealth Street,Wellness City", "Phone:+1-234.587-890", "PatlantNamx:Bob Ro", ":24", "Doctor: Dr.Johnson", "Medicine", "Dosuge", "Frequency", "Duration", "Cap Dilanun", "10tablets", "20ms dey", "10duys", "Tab Thz", "10 tablets", "20mes dey", "7days", "Tab Cetine", "5tablets", "3tmesaday", "7 days", "Tab Neurobin Forte", "20 tablets", "2 tmesa dey", "7 days", "Cap Zovirax", "10 tablets", "2tmesaday", "t4 days", "Syrup", "Dosapo", "Froquancy", "Duratlon", "Syrup Corox", "Sml", "3 tms doy", "7day", "Syrup Cypon", "10ml", "3 tims doy", "7day", "Advico:", "-Tako to rost", "Eat ensy-to-digest food like boiled rice with dnl", "Stoytydrated"], "confidence": [0.9451872706413269, 0.8415265083312988, 0.8575018644332886, 0.8007270693778992, 0.882969081401825, 0.9669095277786255, 0.9314273595809937, 0.9054610133171082, 0.9788968563079834, 0.9623180627822876, 0.8949346542358398, 0.9273074269294739, 0.7692691087722778, 0.9106659889221191, 0.7816287279129028, 0.8921223878860474, 0.7687022686004639, 0.9236086010932922, 0.9371212124824524, 0.9106838703155518, 0.8476464748382568, 0.8720644116401672, 0.95106041431427, 0.8863240480422974, 0.8118886351585388, 0.8720644116401672, 0.8703895807266235, 0.901634693145752, 0.8482097387313843, 0.9714368581771851, 0.9719002842903137, 0.9121663570404053, 0.934296727180481, 0.9963582158088684, 0.9759426712989807, 0.9197258949279785, 0.7108118534088135, 0.8866479396820068, 0.9885944724082947, 0.9401394128799438, 0.7696221470832825, 0.940690815448761, 0.96775883436203, 0.7243521809577942, 0.844878613948822, 0.8325924277305603], "label": [1, 1, 1, 0, 0, 0, 0]}