{"text": ["XYZ Hospital", "123 tlealth Street,Wellness City", "Phone:+1-234.587-890", "Patlant Nanx:Davld Whito", ":40", "Doctor: Dr. Millor", "Medicine", "Dosuge", "Frequency", "Duration", "Cap Omez", "5 tablets", "3mesaday", "7 days", "Cap Dilanun", "15tablets", "3tmesaday", "30 days", "Tab Evion", "10 tablets", "3tmes day", "4 days", "Cap Zovirax", "10 tablets", "2 tmes adey", "5days", "Cap CoImmune", "20 tablets", "3 tmesaday", "10days", "Syrup", "Dosapo", "Froquancy", "Duratlon", "Syrup TusQx", "Sml", "2tmdoy", "7day", "Syrup Corox", "Sml", "3tims doy", "30day", "Advico:", "-Tako tod rost", "Eat ensy-to-digest food like boiled rice with dnl", "Stoytydrated"], "confidence": [0.9573611617088318, 0.8410260081291199, 0.8589719533920288, 0.8336816430091858, 0.7442576289176941, 0.9689410328865051, 0.9323613047599792, 0.979745090007782, 0.9829168319702148, 0.965709924697876, 0.8940621614456177, 0.8940432071685791, 0.8035884499549866, 0.9877565503120422, 0.9127463698387146, 0.8623680472373962, 0.8157056570053101, 0.8853435516357422, 0.9269810914993286, 0.8921223878860474, 0.797487735748291, 0.8902750611305237, 0.913591206073761, 0.901634693145752, 0.8098935484886169, 0.8756504058837891, 0.8828930854797363, 0.8974159359931946, 0.8432919383049011, 0.9213528037071228, 0.9703512191772461, 0.8843854069709778, 0.9510630369186401, 0.9908849000930786, 0.9398786425590515, 0.8684621453285217, 0.7008616924285889, 0.8483083248138428, 0.895393967628479, 0.9197258949279785, 0.7592406868934631, 0.8754482269287109, 0.9671232104301453, 0.7354203462600708, 0.844878613948822, 0.8262820839881897], "label": [1, 1, 1, 0, 0, 0, 0]}