{"text": ["XYZ Hospital", "123 tlealth Street,Wellness City", "Phone:+1-234.587-890", "Patlant Namxo:Allco Whito", "p:50", "Doctor: Dr. Smith", "Medicine", "Dosauge", "Frequency", "Duration", "Tab Febrexplus", "10tablets", "20ms dey", "10days", "TabCiplox500", "20 tablets", "3umesaday", "7days", "Tab Zole fcream", "10tablets", "3tmes day", "7 days", "Tab Combinam", "5tablets", "3 tmesa dey", "5days", "TabDolo650", "15tablets", "2tmesaday", "10days", "Syrup", "Dosapo", "Froquancy", "Duratlon", "Syrup TusQx", "Sml", "3tms doy", "10dny", "Syrup Corox", "Sml", "2 tims doy", "30days", "Advico:", "-Tako tod rost", "Eat ensy-to-digest food like boiled rice with dnl", "Stoy bydrated"], "confidence": [0.9538541436195374, 0.8402389287948608, 0.8575018644332886, 0.8282853960990906, 0.7119712829589844, 0.9692823886871338, 0.9314273595809937, 0.8137890696525574, 0.9788968563079834, 0.9623180627822876, 0.9303096532821655, 0.9273074269294739, 0.7692691087722778, 0.8628065586090088, 0.931222677230835, 0.8709948658943176, 0.8508873581886292, 0.9236086010932922, 0.8768633604049683, 0.9273074269294739, 0.8061782717704773, 0.8720644116401672, 0.9202360510826111, 0.8861472606658936, 0.8120609521865845, 0.8756504058837891, 0.9055817723274231, 0.8865651488304138, 0.8577829003334045, 0.924377977848053, 0.9703512191772461, 0.9054598808288574, 0.8954519629478455, 0.9960426092147827, 0.938771665096283, 0.8684621453285217, 0.7060664892196655, 0.6375325322151184, 0.8967664837837219, 0.9197258949279785, 0.731744647026062, 0.9039595127105713, 0.9671232104301453, 0.7193099856376648, 0.844878613948822, 0.7955535054206848], "label": [1, 0, 1, 0, 0, 0, 0]}