{"text": ["XYZ Hospital", "123 tlealth Street,Wellness City", "Phone:+1-234.587-890", "Patlant Namxo:John Wlllams", "p:23", "Doctor: Dr. Smith", "Medicine", "Dosuge", "Frequency", "Duration", "Tab Dolonex dt", "5 tablets", "3mesa duy", "t4 duys", "Tab Cyclomeff", "20 tablets", "3 tmes doy", "7 days", "TabAluhrocin 500", "20 tablets", "3 tmesa duy", "4 duys", "Tab Evlon", "5tablets", "3tmes aday", "30 days", "Cap Zovirax", "15tablets", "2 tmes a duy", "10 duys", "Cup Cypon", "15tablets", "2 tmes a doy", "$ days", "Syrup", "Dosago", "Froquoncy", "Duratlon", "Syrup Brozodax", "Sml", "2tdoy", "14dy", "Advico:", "-Tako tod rost", "Eat nsy-to-digest food like boiled dce with dnl", "Stoybydrated"], "confidence": [0.9541720747947693, 0.8411437273025513, 0.8589719533920288, 0.8314059376716614, 0.7894628047943115, 0.9639005064964294, 0.9246234893798828, 0.979745090007782, 0.98100346326828, 0.9623180627822876, 0.9277991056442261, 0.887381374835968, 0.757326066493988, 0.8655126690864563, 0.8612697124481201, 0.8709948658943176, 0.7266961336135864, 0.861883819103241, 0.7722307443618774, 0.8709948658943176, 0.798012912273407, 0.9403669238090515, 0.9150547385215759, 0.9046000242233276, 0.8575385212898254, 0.8513266444206238, 0.8504308462142944, 0.8647039532661438, 0.7853452563285828, 0.8863319754600525, 0.9502885341644287, 0.9037178754806519, 0.7914690375328064, 0.9325768351554871, 0.9719002842903137, 0.9641801714897156, 0.9638596773147583, 0.9921525120735168, 0.9629725217819214, 0.927854061126709, 0.698294997215271, 0.932861328125, 0.9667397141456604, 0.7623090147972107, 0.8601347208023071, 0.8426056504249573], "label": [1, 1, 1, 0, 0, 0, 0]}