{"text": ["XYZ Hospital", "123 tlealth Street,Wellness City", "Phone:+1-234-587-890", "Patlant Namxo:John Johnson", "Ap:57", "Doctor: Dr.Patol", "Medicine", "Dosuge", "Frequency", "Duration", "Cap CoImmune", "15tablets", "3mesday", "10duys", "Tab Dolonex dt", "15tablets", "3 umes dey", "4days", "TabClavum 025", "10 tablets", "3tmes day", "10 days", "Tab Evion", "15tablets", "2 tmsa doy", "30 days", "Cap Pand", "15tablets", "3 tmesaday", "4days", "Syrup", "Dosapo", "Froquancy", "Duratlon", "Syrup Fobrox plus", "10ml", "2tmdoy", "Sday", "Syrup TusQx", "Sml", "2tims doy", "4 day", "Advico:", "-Tako bod rost", "Eat ensy-to-digest food like boiled rice with dnl", "Stoy bydrated"], "confidence": [0.9565640091896057, 0.8416517972946167, 0.8715014457702637, 0.8744345307350159, 0.770072877407074, 0.9605637788772583, 0.9554219245910645, 0.9427713751792908, 0.9838371276855469, 0.9623180627822876, 0.9041283130645752, 0.8913987278938293, 0.843670666217804, 0.9152160286903381, 0.9167208075523376, 0.9090301990509033, 0.7338784337043762, 0.8935898542404175, 0.8190051317214966, 0.8921223878860474, 0.795462429523468, 0.8472437858581543, 0.9331890940666199, 0.8865651488304138, 0.7945432662963867, 0.8853435516357422, 0.9219809770584106, 0.8865651488304138, 0.8439608812332153, 0.9184122085571289, 0.9703512191772461, 0.8934853076934814, 0.8946319222450256, 0.957970380783081, 0.9926292300224304, 0.9347427487373352, 0.7404336333274841, 0.7331788539886475, 0.9367538690567017, 0.9197258949279785, 0.7010757923126221, 0.7794343829154968, 0.96775883436203, 0.7340273261070251, 0.844878613948822, 0.7955535054206848], "label": [1, 1, 1, 0, 0, 0, 0]}