{"text": ["XYZ Hospital", "123 tlealth Street,Wellness City", "Phone:+1-234.587-890", "Patlnt Namx:EvoJohnson", "p:02", "Doctor: Dr.Johnson", "Medicine", "Dosuge", "Frequency", "Duration", "Tab Combinam", "20 tblets", "20ms doy", "$ days", "Tab Pan d", "t5tablets", "2tmesaday", "30 days", "Tab Dolonex dt", "20 tablets", "2 tmesa dey", "4 days", "Cap Dilanun", "5tablets", "2umesaday", "t4days", "Tab Sumo cold", "5 tablets", "3 tmesaday", "4days", "Syrup", "Dosapo", "Froquoncy", "Duratlon", "Syrup Corox", "10ml", "2tmdoy", "14dy", "Syrup TusQ", "10ml", "3tims doy", "30days", "Advico:", "-Tako to rost", "Eat ensy-to-digest food like boiled rice with dnl", "Stoytydrated"], "confidence": [0.9451872706413269, 0.8416517972946167, 0.8589719533920288, 0.8464002013206482, 0.5924407243728638, 0.9664130806922913, 0.930323600769043, 0.9740098118782043, 0.9788968563079834, 0.965709924697876, 0.9449803829193115, 0.9135541915893555, 0.7523245811462402, 0.837290346622467, 0.9305731654167175, 0.8831853270530701, 0.8110752701759338, 0.8663529753684998, 0.9169400334358215, 0.8863240480422974, 0.7692209482192993, 0.8880710601806641, 0.9355148077011108, 0.8669136762619019, 0.8129724264144897, 0.8510770797729492, 0.8986619710922241, 0.8480369448661804, 0.8321623802185059, 0.9184122085571289, 0.9719002842903137, 0.7913495898246765, 0.9507405757904053, 0.9907678961753845, 0.9724823236465454, 0.9483411312103271, 0.7179483771324158, 0.8365260362625122, 0.9794458150863647, 0.9604064226150513, 0.7529909014701843, 0.9039595127105713, 0.9671232104301453, 0.7243521809577942, 0.844878613948822, 0.8652937412261963], "label": [1, 1, 1, 0, 0, 0, 0]}