{"text": ["XYZ Hospital", "123 tlealth Street,Wellness City", "Phone:+1-234.587-890", "Patlant Namx:MlaJohnson", "p:78", "Doctor: Dr.Lao", "Medicine", "Dosuge", "Frequency", "Duration", "Tab Febrexplus", "5 tablets", "20ms doy", "10 days", "TabCiplox500", "5tablets", "3tmesaday", "7 days", "Cap Cypon", "20 tblets", "3tmes day", "30 days", "Cap Dilanun", "10 tablets", "2tmes adey", "4days", "Tab Cetine", "10 tablets", "3 tmesaday", "5days", "Syrup", "Dosopo", "Froquancy", "Duratlon", "Syrup Grillnctus tm", "10ml", "3tmsdoy", "7day", "Syrup TusQx", "Sml", "2tims doy", "30days", "Advico:", "-Tako tod rost", "Eat ensy-to-digest food like boiled rice with dnl", "Stoybydrated"], "confidence": [0.9527682662010193, 0.8416517972946167, 0.8589719533920288, 0.8724144697189331, 0.7078232169151306, 0.8737365007400513, 0.9587121605873108, 0.979745090007782, 0.9815905094146729, 0.9629752039909363, 0.9398561716079712, 0.8691415786743164, 0.7485461831092834, 0.9802390336990356, 0.9359064102172852, 0.8909797668457031, 0.8156739473342896, 0.8720644116401672, 0.94162917137146, 0.9248446226119995, 0.795462429523468, 0.8866694569587708, 0.9253751635551453, 0.901634693145752, 0.8291624188423157, 0.9184122085571289, 0.9139901995658875, 0.901634693145752, 0.8439608812332153, 0.8882506489753723, 0.9781457185745239, 0.8205359578132629, 0.9368769526481628, 0.9921525120735168, 0.9824076294898987, 0.9483411312103271, 0.7260910272598267, 0.8483083248138428, 0.9367538690567017, 0.9197258949279785, 0.6940467357635498, 0.9183411002159119, 0.96775883436203, 0.7336597442626953, 0.844878613948822, 0.8257042765617371], "label": [1, 1, 1, 0, 0, 0, 0]}