{"text": ["XYZ Hospital", "123 tlealth Street,Wellness City", "Phone:+1-234.587-890", "Patlant Namx:Mla D", ":70", "Doctor: Dr. Smith", "Medicine", "Dosuge", "Frequency", "Duration", "TabCiplox500", "15tablets", "3mesday", "4duys", "Tab Combinam", "15tablets", "20mesa duy", "5days", "Tab Cetine", "15tablets", "2 tmes aduy", "7 days", "TabA1urodn 500", "5tablets", "3 tmesaday", "7 days", "Tab Evlon", "10tablets", "3 tmesaday", "4days", "Cup Cypon", "15tablets", "3 tmesa dey", "4days", "Syrup", "Dosago", "Froquoncy", "Duratlon", "Syrup Zodax", "Sml", "3tms doy", "14days", "Advico:", "-Tako to rost", "Eat nsy-to-digest food like boiled dce with dnl", "Stoytydrated"], "confidence": [0.951496422290802, 0.8392246961593628, 0.8581722378730774, 0.7810868620872498, 0.7153405547142029, 0.9709580540657043, 0.930323600769043, 0.9427713751792908, 0.9790523052215576, 0.9618746042251587, 0.9034168720245361, 0.8647039532661438, 0.8458738923072815, 0.9136894941329956, 0.9197220206260681, 0.8647039532661438, 0.7259731888771057, 0.8366293907165527, 0.9266406893730164, 0.8647039532661438, 0.7483043074607849, 0.8401936888694763, 0.8460953831672668, 0.9046000242233276, 0.8438262939453125, 0.8452855944633484, 0.9146842956542969, 0.9273074269294739, 0.8438262939453125, 0.9184122085571289, 0.9472620487213135, 0.8990643620491028, 0.8179402947425842, 0.9184122085571289, 0.9719002842903137, 0.9641801714897156, 0.8976813554763794, 0.9845994710922241, 0.9083108901977539, 0.9028758406639099, 0.7066380381584167, 0.8428124785423279, 0.9678854942321777, 0.7632261514663696, 0.8616782426834106, 0.8621355891227722], "label": [1, 0, 1, 0, 0, 0, 0]}