{"text": ["XYZ Hospital", "123 tlealth Street,Wellness City", "Phone:+1-234-587-890", "Patlant Nanx:Allco Millor", "p:72", "Doctor:Dr.Johnson", "Medicine", "Dosage", "Frequency", "Duration", "Tab Febrex plus", "5 tablets", "20ms doy", "10duys", "Tab Cyclopam", "5tablets", "2mes  duy", "4days", "Cup Omez", "10tblets", "3 tmesaday", "30 days", "Tab Suno cold", "10tablets", "2 tm5 a doy", "t4duys", "Syrup", "Dosago", "Froquancy", "Duratlon", "Syrup Cypon", "10ml", "2 tm doy", "10day", "Advico:", "-Tako bod rost", "Eat nsy-to-dlgest food like boiled rice with dal", "-Stytydrated"], "confidence": [0.9428961873054504, 0.8440488576889038, 0.888440728187561, 0.8283830285072327, 0.7812924385070801, 0.9705281853675842, 0.930323600769043, 0.8897534012794495, 0.9816504716873169, 0.9623180627822876, 0.9234930872917175, 0.887381374835968, 0.7529489994049072, 0.9152160286903381, 0.8925850987434387, 0.9079194068908691, 0.7472155094146729, 0.8935898542404175, 0.8411909341812134, 0.9008221626281738, 0.8477917909622192, 0.8833222985267639, 0.8661871552467346, 0.9273074269294739, 0.7406336069107056, 0.8394883275032043, 0.9825723767280579, 0.9117240309715271, 0.9354243874549866, 0.8653408288955688, 0.9513744711875916, 0.9658069610595703, 0.7225327491760254, 0.8418286442756653, 0.9288334846496582, 0.7415408492088318, 0.8857390284538269, 0.910991907119751], "label": [1, 0, 1, 0, 0, 0, 0]}