{"text": ["XYZ Hospital", "123 tlealth Street,Wellness City", "Phone:+1-234-587-890", "Patlnt NanJan Ro", "p:33", "Doctor: Dr.Lao", "Medicine", "Dosage", "Frequency", "Duration", "TabAluhrocin 500", "15tablets", "3mesday", "5 days", "Tab Evion", "t5tablets", "2tmesa day", "7 days", "Tab Cyciomelf", "20 tablets", "2 tmes a duy", "5 days", "Tab Suno cold", "t5tablets", "2 tms a dey", "t4duys", "Syrup", "Dosago", "Froquancy", "Duratlon", "Syrup Cypon", "Sml", "3tims doy", "7days", "Advico:", "-Tako bod rost", "Eat nsy-to-dlgest food like boiled rice with dal", "-Stynydrated"], "confidence": [0.9484565258026123, 0.8395678997039795, 0.9048346281051636, 0.8369934558868408, 0.8159250020980835, 0.9028307199478149, 0.951400876045227, 0.8897534012794495, 0.9772398471832275, 0.964890718460083, 0.7754671573638916, 0.8927748799324036, 0.8407676815986633, 0.7393367886543274, 0.9237654805183411, 0.8853757381439209, 0.7311515808105469, 0.8720644116401672, 0.8515204787254333, 0.8967920541763306, 0.8552422523498535, 0.802062451839447, 0.8647974729537964, 0.8856318593025208, 0.7383468747138977, 0.8394883275032043, 0.9852066040039062, 0.9191999435424805, 0.9318037033081055, 0.8827411532402039, 0.9501504898071289, 0.8684621453285217, 0.7522122859954834, 0.8673211336135864, 0.9288334846496582, 0.7415408492088318, 0.8857390284538269, 0.8967792987823486], "label": [1, 0, 1, 0, 0, 0, 0]}