{"text": ["XYZ Hospital", "123 tlealth Street,Wellness City", "Phone:+1-234.587-890", "Patlant Namx:Jano Davs", "p:50", "Doctor:Dr.Johnson", "Medicine", "Dosage", "Frequency", "Duration", "Tab Sumo cold", "5tablets", "20ms dey", "30 days", "Cap Zovirax", "20 tblets", "3 tmes doy", "30 days", "Cap Pan d", "5tablets", "3 tmes dey", "10 days", "Cap Cypon", "15tablets", "3 tmesa dey", "7 days", "Tab Pand", "10 tablets", "3 tmesaday", "30 days", "Syrup", "Dosapo", "Froquoncy", "Duratlon", "Syrup Brozodax", "10ml", "2timday", "14day", "Advico:", "-Tako tod rost", "Eat nsy-to-dlgest food like boiled dce with dal", "-Staytydrated"], "confidence": [0.9555370807647705, 0.8467555046081543, 0.8541738390922546, 0.8320951461791992, 0.7119712829589844, 0.9623838067054749, 0.930323600769043, 0.9033363461494446, 0.9560942053794861, 0.964890718460083, 0.9178419709205627, 0.9079194068908691, 0.7692691087722778, 0.8676621317863464, 0.8862808346748352, 0.9086169004440308, 0.6938390731811523, 0.8663529753684998, 0.9092727303504944, 0.8846966028213501, 0.7872068881988525, 0.8740202188491821, 0.9209476113319397, 0.8781495094299316, 0.8120609521865845, 0.8767657279968262, 0.9165558815002441, 0.901634693145752, 0.8478784561157227, 0.8867191672325134, 0.9747051000595093, 0.8934853076934814, 0.9546997547149658, 0.9654592275619507, 0.9832631349563599, 0.9347427487373352, 0.7550383806228638, 0.7760825753211975, 0.9671358466148376, 0.8324451446533203, 0.9010859727859497, 0.9319948554039001], "label": [1, 1, 1, 0, 0, 0, 0]}