{"text": ["XYZ Hospital", "123 tlealth Street,Wellness City", "Phone:+1-234.587-890", "Patlant Namx:Jano Wlllams", "p:50", "Doctor: Dr. Tumor", "Medicine", "Dosuge", "Frequency", "Duration", "Tab Trtz", "20 tblets", "20ms doy", "7 duys", "Tab Febrex plus", "10 tablets", "20mes dey", "10days", "TabCombinam", "5tablets", "2tmes adey", "7 days", "Tab Dolonexdt", "20 tablets", "2 tmes adey", "7 days", "Cap Cypon", "10 tablets", "3 tmesaday", "4days", "Syrup", "Dosapo", "Froquancy", "Duratlon", "Syrup Corox", "Sml", "3tms doy", "30dny", "Syrup Zodox", "10ml", "2tims doy", "7days", "Advico:", "-Tako tod rost", "Eat ensy-to-digest food like boiled rice with dnl", "Stoytydrated"], "confidence": [0.9501902461051941, 0.8440525531768799, 0.8589719533920288, 0.8274878859519958, 0.7119712829589844, 0.957442581653595, 0.9254783391952515, 0.9740098118782043, 0.9788968563079834, 0.955414891242981, 0.788279116153717, 0.9135541915893555, 0.7523245811462402, 0.8653728365898132, 0.9147146940231323, 0.8921223878860474, 0.7687022686004639, 0.8626441955566406, 0.9854950308799744, 0.9106838703155518, 0.7830325365066528, 0.8720644116401672, 0.94517582654953, 0.8863240480422974, 0.8046001195907593, 0.8452855944633484, 0.9467044472694397, 0.901634693145752, 0.8439608812332153, 0.9184122085571289, 0.9719002842903137, 0.9121663570404053, 0.934880256652832, 0.9960426092147827, 0.9736620187759399, 0.9197258949279785, 0.7066380381584167, 0.8377351760864258, 0.845456063747406, 0.9380403757095337, 0.7041686773300171, 0.9038707613945007, 0.9671232104301453, 0.7159023880958557, 0.844878613948822, 0.8652937412261963], "label": [1, 1, 1, 0, 0, 0, 0]}