{"text": ["XYZ Hospital", "123 tlealth Street,Wellness City", "Phone:+1-234.587-890", "Patlant Nanx:Davld Wlson", "p:39", "Doctor:Dr.Smith", "Medicine", "Dosuge", "Frequency", "Duration", "Tab Pan d", "20 tblets", "20ms doy", "30 days", "Tab Evion", "20 tablets", "3 umes dey", "30 days", "TabCyciomelf", "20 tablets", "3 tmesadey", "10 days", "Cap Omez", "5tablets", "2 tmes a day", "4days", "Cap Pand", "5 tablets", "2 tmes a duy", "10days", "Syrup", "Dosapo", "Froquoncy", "Duratlon", "Syrup Brozodax", "10ml", "2timday", "14day", "Advico:", "-Tako tod rost", "Eat nsy-to-dlgest food like boiled dce with dal", "-Staytydrated"], "confidence": [0.9555370807647705, 0.8471035957336426, 0.8541738390922546, 0.7898251414299011, 0.737036406993866, 0.9709880948066711, 0.9246234893798828, 0.9427713751792908, 0.9838311672210693, 0.964890718460083, 0.9297789335250854, 0.9135541915893555, 0.751822292804718, 0.8676621317863464, 0.9252458214759827, 0.9054545164108276, 0.7338784337043762, 0.8663529753684998, 0.8574814796447754, 0.8863240480422974, 0.8391181230545044, 0.8715320229530334, 0.8546280264854431, 0.8669136762619019, 0.7614920139312744, 0.9184122085571289, 0.9216877222061157, 0.8480369448661804, 0.7841776013374329, 0.9213528037071228, 0.9747051000595093, 0.8918704390525818, 0.9728686809539795, 0.916279673576355, 0.9832631349563599, 0.9483411312103271, 0.7550383806228638, 0.7760825753211975, 0.9671358466148376, 0.8324451446533203, 0.9010859727859497, 0.9319948554039001], "label": [1, 1, 1, 0, 0, 0, 0]}