{"text": ["XYZ Hospital", "123 tlealth Street,Wellness City", "Phone:+1-234-587-890", "Patlont Nanx:Davld Ro", "01", "Doctor:Dr. Tumor", "Medidine", "Dosuge", "Frequency", "Quraton", "Cap Omez", "15tablets", "20ms dey", "5days", "Cap Colmmune", "15tablets", "3 umes doy", "$ duys", "TabFebrexplus", "20tblets", "2 tmes a day", "10days", "Tab Pan d", "5tablets", "2 tmesa day", "10days", "Tab Cetine", "10tablets", "3 tmesaday", "10days", "Tab Combinam", "20 tablets", "3 tmesa dey", "10days", "Syrup", "Dosapo", "Froquoncy", "Duratlon", "Syrup TusQx", "10ml", "3tims doy", "5days", "Syrup Fobrox plus", "10ml", "3timsday", "14day", "Advico:", "-Tako tod rost", "Eat nsy-to-digest food like boiled rice with dnl", "-Stytydrated"], "confidence": [0.9543247222900391, 0.847599446773529, 0.8941647410392761, 0.7844161987304688, 0.734197735786438, 0.9555845260620117, 0.9153572916984558, 0.9427713751792908, 0.9902750849723816, 0.8290681838989258, 0.7678488492965698, 0.8647039532661438, 0.7692691087722778, 0.8641525506973267, 0.8994995951652527, 0.9037178754806519, 0.7165395617485046, 0.9324522018432617, 0.9727088212966919, 0.9412925839424133, 0.7271961569786072, 0.8626441955566406, 0.8963916301727295, 0.901509165763855, 0.8068044185638428, 0.9213528037071228, 0.9440720677375793, 0.9273074269294739, 0.8478784561157227, 0.9213528037071228, 0.9455573558807373, 0.8797799944877625, 0.8194018006324768, 0.924377977848053, 0.988613486289978, 0.8228013515472412, 0.9466862082481384, 0.9799938797950745, 0.9381473064422607, 0.9702969789505005, 0.7079739570617676, 0.8644119501113892, 0.9937500953674316, 0.9599877595901489, 0.7901103496551514, 0.7740659713745117, 0.9632426500320435, 0.7472178339958191, 0.8472650647163391, 0.902330219745636], "label": [1, 1, 1, 0, 0, 0, 0]}