{"text": ["XYZ Hospital", "123 tlealth Street,Wellness City", "Phone:+1-234.587-890", "Patlant Namxo:John Whito", "p:23", "Doctor: Dr. Smith", "Medicine", "Dosauge", "Frequency", "Duration", "Cap Pan d", "10 tablets", "3mesday", "$ duys", "Tab Cyclomelf", "10tablets", "20mes dey", "10days", "Tab Febrexplus", "10tablets", "3tmesaduy", "30 duys", "Tab Zole fcream", "20 tablets", "2tmesa day", "7 days", "Cap Cypon", "15tablets", "2 tmes a duy", "4days", "Cap Zovirax", "10tablets", "3 tmesa dey", "30 days", "Syrup", "Dosago", "Froquoncy", "Duratlon", "Syrup Corox", "Sml", "3tmsdoy", "10days", "Advico:", "-Tako to rost", "Eat nsy-to-digest food like boiled dce with dnl", "Stoybydrated"], "confidence": [0.9558648467063904, 0.8450579047203064, 0.8531273007392883, 0.8504582047462463, 0.7894628047943115, 0.975784182548523, 0.9246234893798828, 0.8137890696525574, 0.9790523052215576, 0.965709924697876, 0.8757808208465576, 0.8824431300163269, 0.8467262983322144, 0.8634000420570374, 0.8639394044876099, 0.9273074269294739, 0.7364528775215149, 0.8626441955566406, 0.9532374143600464, 0.9273074269294739, 0.8547772765159607, 0.9069848656654358, 0.8778966665267944, 0.8967920541763306, 0.7730736136436462, 0.8452855944633484, 0.9420801997184753, 0.8647039532661438, 0.7853452563285828, 0.9184122085571289, 0.952480137348175, 0.9273074269294739, 0.7643855810165405, 0.8513266444206238, 0.9720994234085083, 0.9144992828369141, 0.9524527788162231, 0.9876395463943481, 0.8827641010284424, 0.927854061126709, 0.7260910272598267, 0.8282742500305176, 0.9678854942321777, 0.7702858448028564, 0.861255407333374, 0.8210421204566956], "label": [1, 1, 1, 0, 0, 0, 0]}