{"text": ["XYZ Hospital", "123 tlealth Street,Wellness City", "Phone:+1-234-587-890", "Patlont Nam:John Wlllams", "p:72", "Doctor: Dr. Millor", "Medicine", "Dosuge", "Frequency", "Duration", "TabAluhrocin 500", "10tablets", "3mesday", "30 days", "Tab Cyciomelf", "10 tablets", "3umesaday", "10days", "Tab Cyclopam", "15tablets", "3 tmesaday", "7 days", "TabZole fcream", "10tablets", "3 tmesa dey", "7 days", "Syrup", "Dosago", "Froquancy", "Duration", "Syrup TusQ-dx", "Sml", "2 tim doy", "14 day", "Advico:", "-Tako bod rost", "Eat nsy-to-dlgest food like boiled rice with dal", "-Stytydrated"], "confidence": [0.9532131552696228, 0.8387157320976257, 0.8826906085014343, 0.8571682572364807, 0.7978620529174805, 0.9485292434692383, 0.930323600769043, 0.9054610133171082, 0.9838311672210693, 0.964890718460083, 0.7858196496963501, 0.9273074269294739, 0.8407676815986633, 0.8676621317863464, 0.8563106060028076, 0.9107781648635864, 0.8562780022621155, 0.9015160202980042, 0.8577849864959717, 0.8927748799324036, 0.8493043780326843, 0.8767657279968262, 0.8909994959831238, 0.9273074269294739, 0.8120609521865845, 0.8767657279968262, 0.9825723767280579, 0.9117240309715271, 0.9371910095214844, 0.9769387245178223, 0.9550187587738037, 0.8684621453285217, 0.81327223777771, 0.7775042057037354, 0.9288334846496582, 0.7142534255981445, 0.8857390284538269, 0.9112634658813477], "label": [1, 0, 1, 0, 0, 0, 0]}