{"text": ["XYZ Hospital", "123 tlealth Street,Wellness City", "Phone:+1-234-587-890", "Patlant Nanx:John Ro", ":G0", "Doctor:Dr.Smith", "Medicine", "Dosage", "Frequency", "Quradon", "Cap Dilanun", "5tablets", "20ms day", "4duys", "Tab Sumo cold", "20 tblets", "3 tmes duy", "30 days", "Tab Zole fcream", "15tablets", "3 tmesaduy", "30 days", "TabAlurocin 500", "10tablets", "3tmes aday", "10days", "Tab Pan d", "10tablets", "2 tmes a duy", "7 days", "Tab Triz", "20 tablets", "3tmes aday", "$ duys", "Syrup", "Dosapo", "Froquoncy", "Duratlon", "Syrup Zodox", "Sml", "3tims doy", "5days", "Syrup Fobrox plus", "10ml", "2timday", "Sday", "Advico:", "-Tako tod rost", "Eat nsy-to-digest food like boiled rice with dal", "-Stytydrated"], "confidence": [0.9475247859954834, 0.8388950228691101, 0.9064761400222778, 0.8222624659538269, 0.5194589495658875, 0.9467920660972595, 0.9259157180786133, 0.9033363461494446, 0.9918885827064514, 0.8168739080429077, 0.8844805359840393, 0.901167631149292, 0.7492882609367371, 0.9136894941329956, 0.9270049333572388, 0.8976051807403564, 0.7182040214538574, 0.8518379926681519, 0.8477185964584351, 0.8647039532661438, 0.8196805119514465, 0.8725485801696777, 0.7894207835197449, 0.9273074269294739, 0.852321445941925, 0.8655838966369629, 0.8963916301727295, 0.9273074269294739, 0.7724898457527161, 0.8434519171714783, 0.974938154220581, 0.8797799944877625, 0.8535747528076172, 0.923030436038971, 0.988613486289978, 0.8240053653717041, 0.9466862082481384, 0.9899555444717407, 0.9223028421401978, 0.9028758406639099, 0.7382882833480835, 0.8832570314407349, 0.9953815340995789, 0.9357630014419556, 0.8147273659706116, 0.7481143474578857, 0.9210488200187683, 0.7644997239112854, 0.9027966856956482, 0.9111793637275696], "label": [1, 1, 1, 0, 0, 0, 0]}