{"text": ["XYZ Hospital", "123 tlealth Street,Wellness City", "Phone:+1-234.587-890", "Patlnt Nanx:Evo Wllams", "Apo:55", "Doctor: Dr.Johnson", "Medicine", "Dosage", "Frequency", "Duration", "Cap Colmmune", "20tblets", "20ms dey", "7 duys", "TabDolo650", "5tablets", "3umesaday", "5days", "Cup Cypon", "20 tablets", "3 tmesaduy", "10 duys", "TabA1urocin 500", "15tablets", "2 tmes a duy", "30 days", "Tab Neurobin Forte", "20 tblets", "3 tmesaday", "4days", "TabCiplox500", "10tablets", "3 tmesa dey", "30 days", "Syrup", "Dosago", "Froquoncy", "Duratlon", "Syrup TusQ-dx", "Sml", "2tm doy", "5 day", "Advico:", "-Tako bod rst", "Eat nsy-to-digest food like boiled dce with dnl", "Stoy bydrated"], "confidence": [0.9488534331321716, 0.8390575647354126, 0.8581722378730774, 0.7685555815696716, 0.7298091053962708, 0.9629397988319397, 0.9554219245910645, 0.9033363461494446, 0.9790523052215576, 0.9564203023910522, 0.8877773880958557, 0.9145114421844482, 0.7692691087722778, 0.9828178286552429, 0.8783280253410339, 0.8909797668457031, 0.8562780022621155, 0.8520981669425964, 0.8962222337722778, 0.8709948658943176, 0.8275696635246277, 0.8863319754600525, 0.825158953666687, 0.8647039532661438, 0.8155198693275452, 0.8853435516357422, 0.9521243572235107, 0.9003804326057434, 0.8478784561157227, 0.9184122085571289, 0.9348804354667664, 0.9273074269294739, 0.7706842422485352, 0.8867191672325134, 0.9719002842903137, 0.9641801714897156, 0.8976813554763794, 0.9877357482910156, 0.9404671788215637, 0.927854061126709, 0.7230568528175354, 0.8135870099067688, 0.9678854942321777, 0.7454431056976318, 0.8616782426834106, 0.7944247722625732], "label": [1, 1, 1, 0, 0, 0, 0]}