{"text": ["XYZ Hospital", "123 tlealth Street,Wellness City", "Phone:+1-234.587-890", "PatlntNam:Evo R", ":54", "Doctor: Dr. Millor", "Medicine", "Dosuge", "Frequency", "Duration", "Tab Febrexplus", "5 tablets", "3 tmesaday", "t4duys", "Tab Dolo 650", "20 tablets", "20mes dey", "4days", "TabCiplox500", "10tablets", "2 tmes dey", "$ days", "Cap Omez", "5tablets", "3tmesaday", "30 days", "TabAllegra", "10 tablets", "3 tmesaday", "10days", "Syrup", "Dosapo", "Froquancy", "Duratlon", "Syrup TusQx", "Sml", "3tms doy", "7day", "Syrup Brozodox", "Sml", "2tims doy", "4 day", "Advico:", "-Tako tod rost", "Eat ensy-to-digest food like boiled rice with dnl", "Stoybydrated"], "confidence": [0.9537728428840637, 0.8444339036941528, 0.8575018644332886, 0.825166642665863, 0.8006799817085266, 0.9475374221801758, 0.9567949175834656, 0.979745090007782, 0.9829168319702148, 0.9623180627822876, 0.9426197409629822, 0.887381374835968, 0.7218648195266724, 0.8546951413154602, 0.8153249621391296, 0.8709948658943176, 0.7744828462600708, 0.8935898542404175, 0.938843309879303, 0.9273074269294739, 0.7259793281555176, 0.724358081817627, 0.8199503421783447, 0.8861472606658936, 0.8797613978385925, 0.8867191672325134, 0.9601083993911743, 0.901634693145752, 0.8439608812332153, 0.924377977848053, 0.9703512191772461, 0.90386563539505, 0.9319033026695251, 0.9682292938232422, 0.9386534094810486, 0.8684621453285217, 0.7210977077484131, 0.8639349937438965, 0.9758423566818237, 0.9197258949279785, 0.7145965099334717, 0.7794343829154968, 0.96775883436203, 0.7336597442626953, 0.844878613948822, 0.8257042765617371], "label": [1, 1, 1, 0, 0, 0, 0]}