{"text": ["XYZ Hospital", "123 tlealth Street,Wellness City", "Phone:+1-234-587-890", "Patlont Nanx:Davld Brown", "02", "Doctor:Dr.Smith", "Medicine", "Dosuge", "Frequency", "Quradon", "Tab Tiz", "10 tablets", "3mesday", "4duys", "TabClavum25", "10tablets", "3 umes duy", "10days", "Cap Colmmune", "10tablets", "2mes aduy", "t4duys", "TabCiplox500", "10tablets", "3tmes aday", "30 days", "Cap Omez", "20 tblets", "2 tmes a duy", "10days", "TabCyciomeff", "10 tablets", "3tmes adey", "t4days", "Syrup", "Dosapo", "Froquoncy", "Durotlon", "Syrup Grillnctus tm", "Sml", "2 tim doy", "7days", "Syrup TusQ-dx", "10ml", "2timday", "Sday", "Advico:", "-Tako tod rost", "Eat nsy-to-digest food like boiled rice with dal", "-Stytydrated"], "confidence": [0.9555370807647705, 0.8383982181549072, 0.8875136375427246, 0.778048574924469, 0.7370598316192627, 0.9647283554077148, 0.8984020948410034, 0.9415733814239502, 0.9902750849723816, 0.8168739080429077, 0.8022591471672058, 0.8778047561645508, 0.8376972079277039, 0.9136894941329956, 0.8889389634132385, 0.9273074269294739, 0.7057475447654724, 0.85993891954422, 0.905064046382904, 0.9273074269294739, 0.7659589648246765, 0.8146358132362366, 0.9480569958686829, 0.9273074269294739, 0.852321445941925, 0.8853435516357422, 0.8917561769485474, 0.9003804326057434, 0.7704176902770996, 0.9213528037071228, 0.8952024579048157, 0.8921223878860474, 0.8515121340751648, 0.8406792283058167, 0.983737587928772, 0.8228013515472412, 0.9466862082481384, 0.9314339756965637, 0.9916321635246277, 0.9028758406639099, 0.7471926212310791, 0.8774265050888062, 0.9556137919425964, 0.9357630014419556, 0.8103267550468445, 0.7481143474578857, 0.9686400294303894, 0.7705491185188293, 0.9020175933837891, 0.8946594595909119], "label": [1, 1, 1, 0, 0, 0, 0]}