{"text": ["XYZ Hospital", "123 tlealth Street,Wellness City", "Phone:+1-234-587-890", "Patlnt Nan:Allco R", "p:02", "Doctor: Dr. Tumor", "Medicine", "Dosuge", "Frequency", "Duration", "Tab Evlon", "10 tablets", "20ms doy", "30 days", "Tab Combinam", "15tablets", "2tmesa dey", "4days", "TabSumo cold", "10 tablets", "2 tmes a duy", "4 days", "TabFebrexplus", "t5tablets", "2 tmes a day", "5days", "Syrup", "Dosago", "Froquancy", "Ouration", "Syrup Fobrox plus", "Sml", "2 tim doy", "7 days", "Advico:", "-Tako tod rost", "Eat nsy-to-dlgest food like boiled rice with dal", "-Stynydrated"], "confidence": [0.9430069327354431, 0.8395678997039795, 0.9056805372238159, 0.7484827041625977, 0.5924407243728638, 0.969756543636322, 0.9318302869796753, 0.9422492384910583, 0.9838311672210693, 0.964890718460083, 0.926672637462616, 0.901634693145752, 0.7538338303565979, 0.8920504450798035, 0.9257257580757141, 0.8927748799324036, 0.7338863611221313, 0.9184122085571289, 0.8656389713287354, 0.8921223878860474, 0.7841776013374329, 0.8902750611305237, 0.9749348759651184, 0.8856318593025208, 0.7614920139312744, 0.8950570225715637, 0.9728748202323914, 0.9117240309715271, 0.9373424053192139, 0.9278722405433655, 0.9921675324440002, 0.8684621453285217, 0.7347371578216553, 0.9799110293388367, 0.9288334846496582, 0.7252967953681946, 0.8857390284538269, 0.8822422027587891], "label": [1, 0, 1, 0, 0, 0, 0]}