{"text": ["XYZ Hospital", "123 tlealth Street,Wellness City", "Phone:+1-234.587-890", "Patlant Namx:Jano Wlllams", "p:34", "Doctor: Dr. Smith", "Medicine", "Dosuge", "Frequency", "Duration", "TabClavum 025", "5 tablets", "3 mesdey", "7 duys", "Tab Neurobin Forte", "20 tablets", "3tmesaday", "10days", "TabCombinam", "20 tblets", "2 tms day", "7 days", "Cap Pan d", "10 tablets", "3tmesaday", "7 days", "TabAluhrocin 500", "20 tablets", "3 tmesaday", "10 days", "Syrup", "Dosapo", "Froquancy", "Duratlon", "SyrupTusdx", "Sml", "3 tms doy", "7day", "Syrup Grillnctus bm", "Sml", "3 tims doy", "5 days", "Advico:", "-Tako tod rost", "Eat ensy-to-digest food like boiled rice with dnl", "Stoybydrated"], "confidence": [0.9498863220214844, 0.8440525531768799, 0.8589719533920288, 0.8330798149108887, 0.7649431824684143, 0.9643324613571167, 0.9286406636238098, 0.979745090007782, 0.9829168319702148, 0.9564203023910522, 0.8291022181510925, 0.8812623023986816, 0.8015594482421875, 0.8653728365898132, 0.9480300545692444, 0.8709948658943176, 0.8193475008010864, 0.9015160202980042, 0.9830121994018555, 0.9248446226119995, 0.7628087401390076, 0.8720644116401672, 0.8972394466400146, 0.901634693145752, 0.88692307472229, 0.8720644116401672, 0.8032090663909912, 0.8863240480422974, 0.8439608812332153, 0.9762253761291504, 0.9703512191772461, 0.9054598808288574, 0.8946319222450256, 0.9908849000930786, 0.9042267799377441, 0.9197258949279785, 0.7108118534088135, 0.8866479396820068, 0.9740294218063354, 0.9197258949279785, 0.7696221470832825, 0.8278443217277527, 0.9662078022956848, 0.7722238898277283, 0.844878613948822, 0.8261274695396423], "label": [1, 1, 1, 0, 0, 0, 0]}