{"text": ["XYZ Hospital", "123 tlealth Street,Wellness City", "Phone:+1-234-587-890", "Patlont Nanx:Llam Wlllams", ":54", "Doctor:Dr.Smith", "Medicine", "Dosuge", "Frequency", "Duration", "TabZole fcreum", "5tablets", "20ms dey", "10days", "Tab Cetine", "5tablets", "3 tmes doy", "5days", "Tab Combinam", "10tablets", "3 tmesa doy", "7 days", "Cup Colmmune", "20 tblets", "2 tmesa day", "10days", "Tab Cyclopam", "5tablets", "2 umes a duy", "7 days", "TabAllegra", "20 tblets", "3 tmesa dey", "t4days", "Syrup", "Dosago", "Froquoncy", "Duratlon", "Syrup TusQ-dx", "10ml", "3 tims doy", "14 day", "Syrup Fobrox plus", "10ml", "2timday", "30dy", "Advico:", "-Tako tod rost", "Eat nsy-to-digest food like boiled rice with dnl", "-Stytydrated"], "confidence": [0.9537635445594788, 0.8377290964126587, 0.8868597745895386, 0.8245502710342407, 0.8006799817085266, 0.9775292873382568, 0.9318302869796753, 0.9740098118782043, 0.9679463505744934, 0.9623180627822876, 0.9028345942497253, 0.901167631149292, 0.7692691087722778, 0.8628065586090088, 0.9287815093994141, 0.8909797668457031, 0.7266961336135864, 0.8520981669425964, 0.9444814324378967, 0.9247161149978638, 0.7852831482887268, 0.8425600528717041, 0.8684034943580627, 0.9086169004440308, 0.8068044185638428, 0.8626441955566406, 0.8466045260429382, 0.9079194068908691, 0.7544631958007812, 0.8401936888694763, 0.9475131034851074, 0.8838595747947693, 0.8336135745048523, 0.8406792283058167, 0.988613486289978, 0.8285646438598633, 0.9464366436004639, 0.9899555444717407, 0.9437993168830872, 0.9702969789505005, 0.7524312138557434, 0.8872063755989075, 0.9932214021682739, 0.9599877595901489, 0.8172538876533508, 0.973709762096405, 0.9631933569908142, 0.7646108865737915, 0.8460922241210938, 0.902330219745636], "label": [1, 0, 1, 0, 0, 0, 0]}