{"text": ["XYZ Hospital", "123 tlealth Street,Wellnes City", "Phone:+1-234.587-890", "Patlont Namx:Mla Davs", "p:43", "Doctor: Dr.Lo", "Medicine", "Dosauge", "Frequency", "Duration", "TabCiplox 500", "10tablets", "20ms day", "30 days", "Cup Omez", "10 tablets", "3umesadey", "4days", "Cap Dilanun", "15tablets", "2 tmes dey", "30 days", "Cap Cypon", "10 tablets", "3tmes aday", "t4days", "Tab Evion", "10 tablets", "3tmesaday", "5days", "Syrup", "Dosapo", "Froquancy", "Duratlon", "Syrup Corox-dx", "Sml", "3tms doy", "5day", "Syrup TusQ dx", "10ml", "3tims doy", "5 days", "Advico:", "-Tako tod rost", "Eat nsy-to-digest food like boiled rice with dnl", "Stoybydrated"], "confidence": [0.9555370807647705, 0.847380518913269, 0.8575018644332886, 0.810445249080658, 0.7557733058929443, 0.9473685622215271, 0.8984020948410034, 0.8137890696525574, 0.9788968563079834, 0.965709924697876, 0.901720404624939, 0.9273074269294739, 0.7605679631233215, 0.8724113702774048, 0.7359896898269653, 0.9107781648635864, 0.8198149800300598, 0.9184122085571289, 0.8871667981147766, 0.8913987278938293, 0.7422879934310913, 0.8866694569587708, 0.9584020972251892, 0.901634693145752, 0.8475948572158813, 0.8510770797729492, 0.9208292365074158, 0.901634693145752, 0.8785970211029053, 0.8746163249015808, 0.9703512191772461, 0.8934853076934814, 0.9114760160446167, 0.9908849000930786, 0.9675631523132324, 0.9197258949279785, 0.7197035551071167, 0.7321327924728394, 0.9842331409454346, 0.9616332650184631, 0.7592406868934631, 0.8215978741645813, 0.9678077101707458, 0.7970249056816101, 0.8524071574211121, 0.8385815024375916], "label": [1, 1, 1, 0, 0, 0, 0]}