{"text": ["XYZ Hospital", "123 tlealth Street,Wellness City", "Phone:+1-234-587-890", "Patlant Nanx:Allco Wlson", "4", "Doctor:Dr.Smith", "Medicine", "Dosuge", "Frequency", "Quradon", "Tab Allegra", "15tblets", "3mesdey", "10days", "Tab Sumo cold", "10tablets", "2 um05  duy", "5days", "TabClavum 025", "20 tablets", "3 tmesa doy", "10duys", "Tab Pan d", "10tablets", "2 tmesa day", "7 days", "Tab Dolonex dt", "20tblets", "3 tmesaday", "30 days", "TabCyciomelf", "20 tablets", "3 tmesa dey", "$ days", "Syrup", "Dosapo", "Froquoncy", "Durotlon", "Syrup Corox", "10ml", "3tims doy", "5 days", "Syrup Cypon", "10ml", "2timday", "7day", "Advico:", "-Tako tod rost", "Eat nsy-to-digest food like boiled rice with dal", "-Stytydrated"], "confidence": [0.9504494071006775, 0.8402663469314575, 0.8927069902420044, 0.8274850249290466, 0.9781603217124939, 0.9400748610496521, 0.930323600769043, 0.9420654773712158, 0.9902750849723816, 0.8168739080429077, 0.9251887798309326, 0.900070071220398, 0.8327884078025818, 0.8628065586090088, 0.8157488107681274, 0.9273074269294739, 0.7148935794830322, 0.8520981669425964, 0.831149160861969, 0.8709948658943176, 0.7694242000579834, 0.9137234091758728, 0.9189963936805725, 0.9273074269294739, 0.805739164352417, 0.861883819103241, 0.9150214791297913, 0.9145114421844482, 0.8478784561157227, 0.8513266444206238, 0.8664333820343018, 0.8797799944877625, 0.8194018006324768, 0.9325768351554871, 0.988613486289978, 0.8228013515472412, 0.9466862082481384, 0.9339734315872192, 0.8926152586936951, 0.9702969789505005, 0.7306855320930481, 0.8219525814056396, 0.9435733556747437, 0.9599877595901489, 0.7621721625328064, 0.8532044887542725, 0.9631933569908142, 0.7678095698356628, 0.9021574854850769, 0.9093573093414307], "label": [1, 0, 1, 0, 0, 0, 0]}