{"text": ["XYZ Hospital", "123 tlealth Street,Wellness City", "Phone:+1-234.587-890", "Patlant Namx:Jano Millor", "p:03", "Doctor: Dr.Johnson", "Medicine", "Dosauge", "Frequency", "Duration", "Tab Sumo cold", "10 tablets", "3mesday", "7 days", "Tab Allegra", "5tablets", "20mesaday", "7 days", "Tab Dolonex dt", "15tablets", "3tmes aday", "30 days", "Cap Omez", "20 toblets", "3tmes adey", "30 days", "Tab Pand", "5tablets", "2tmesaday", "5days", "Syrup", "Dosapo", "Froquoncy", "Duratlon", "Syrup Cypon", "10ml", "2mdoy", "7day", "Syrup Corox", "10ml", "2tims doy", "4 day", "Advico:", "-Tako to rost", "Eat ensy-to-digest food like boiled rice with dnl", "Stoytydrated"], "confidence": [0.9459837079048157, 0.8474778532981873, 0.8575018644332886, 0.8606193661689758, 0.7430418729782104, 0.9720485210418701, 0.930323600769043, 0.8137890696525574, 0.9788968563079834, 0.965709924697876, 0.9124935865402222, 0.8921223878860474, 0.8203554749488831, 0.9877565503120422, 0.8720228672027588, 0.8912277221679688, 0.7708227634429932, 0.8767657279968262, 0.9199203848838806, 0.8623680472373962, 0.8121234774589539, 0.8866694569587708, 0.8739977478981018, 0.8586471676826477, 0.8477534055709839, 0.8853435516357422, 0.9234901666641235, 0.9057856798171997, 0.8096272945404053, 0.8882506489753723, 0.9719002842903137, 0.7913495898246765, 0.9345409870147705, 0.9915322065353394, 0.9516541957855225, 0.9483411312103271, 0.7551538348197937, 0.8639349937438965, 0.895393967628479, 0.9604064226150513, 0.7249763607978821, 0.7794343829154968, 0.96775883436203, 0.7243521809577942, 0.844878613948822, 0.8325924277305603], "label": [1, 1, 1, 0, 0, 0, 0]}