{"text": ["XYZ Hospital", "123 tlealth Street,Wellness City", "Phone:+1-234.587-890", "Patlant Namx:Davld Ro", "40", "Doctor: Dr. Smith", "Medicine", "Dosuge", "Frequency", "Duration", "Cap CoImmune", "15tblets", "3mesday", "7 duys", "TabA1urodin 500", "10tablets", "20mes dey", "tO days", "Cap Pan d", "20 tablets", "3 tmesa doy", "5 days", "Tab Trz", "20 tblets", "2tmesa dey", "5days", "TabCiplox500", "20 tblets", "2 tmes a duy", "30 days", "Tab Sumo cold", "10tablets", "3 tmesa dey", "t4days", "Syrup", "Dosago", "Froquoncy", "Duratlon", "Syrup Fobrox plus", "10ml", "3tms doy", "5 days", "Advico:", "-Tako tod rost", "Eat nsy-to-digest food like boiled dce with dnl", "-Stytydrated"], "confidence": [0.9563817381858826, 0.8498444557189941, 0.8575018644332886, 0.7690045237541199, 0.7601802945137024, 0.9722371101379395, 0.9246234893798828, 0.9420654773712158, 0.9790523052215576, 0.9564203023910522, 0.885161817073822, 0.900070071220398, 0.845176637172699, 0.8640217781066895, 0.799295961856842, 0.9273074269294739, 0.7364528775215149, 0.8244482278823853, 0.9023746848106384, 0.8709948658943176, 0.7694242000579834, 0.7517222762107849, 0.8291946053504944, 0.9086169004440308, 0.8095513582229614, 0.8366293907165527, 0.913568913936615, 0.9003804326057434, 0.7853452563285828, 0.8518379926681519, 0.887962281703949, 0.9273074269294739, 0.774726152420044, 0.8406792283058167, 0.9720994234085083, 0.958836555480957, 0.9524527788162231, 0.9843534231185913, 0.9930684566497803, 0.9717352390289307, 0.7129813432693481, 0.7886900901794434, 0.9678077101707458, 0.7672153115272522, 0.8581724166870117, 0.897269070148468], "label": [1, 1, 1, 0, 0, 0, 0]}