{"text": ["XYZ Hospital", "123 tlealth Street,Wellness City", "Phone:+1-234-587-890", "Patlont Nanx:Mla Brown", ":24", "Doctor: Dr.Smith", "Medicine", "Dosuge", "Frequency", "Duration", "TabClvum 025", "15tablets", "20ms doy", "30 days", "Tab Allegra", "5tablets", "2mes  duy", "10days", "Tab Cyciopam", "20 tablets", "3 tmes a duy", "10 days", "Tab Dolonex dt", "5tablets", "3 tmes doy", "10days", "Syrup", "Dosago", "Froquancy", "Ouration", "Syrup TusQx", "Sml", "2 tmdoy", "7days", "Advico:", "-Tako bod rost", "Eat nsy-to-dlgest food like boiled rice with dal", "-Stytydrated"], "confidence": [0.9535403847694397, 0.8450579047203064, 0.8941647410392761, 0.8212848901748657, 0.882969081401825, 0.9549177885055542, 0.930323600769043, 0.975483238697052, 0.9788968563079834, 0.964890718460083, 0.8396094441413879, 0.8927748799324036, 0.7529489994049072, 0.8676621317863464, 0.8720228672027588, 0.895728349685669, 0.7555578351020813, 0.9015160202980042, 0.8583760261535645, 0.8709948658943176, 0.8568880558013916, 0.8611816167831421, 0.9178034663200378, 0.8909797668457031, 0.7109242677688599, 0.924377977848053, 0.9852066040039062, 0.9144992828369141, 0.935694694519043, 0.9101769924163818, 0.9471550583839417, 0.9028758406639099, 0.7310596704483032, 0.8926272392272949, 0.9288334846496582, 0.7142534255981445, 0.8857390284538269, 0.9112634658813477], "label": [1, 0, 1, 0, 0, 0, 0]}