{"text": ["XYZ Hospital", "123 tlealth Street,Wellnes City", "Phone:+1-234-587-890", "Patlont Nanx:Mla Millor", ":8", "Doctor:Dr.Johnson", "Medicine", "Dosuge", "Frequency", "Quraton", "TabClvum 025", "15tablets", "20ms day", "5days", "Cap Colmnune", "5tablets", "3 tmes duy", "5days", "Tab Neurobin Forte", "20 tblets", "3 tmesa duy", "10days", "Tab Thz", "15tablets", "3 tmes aday", "10days", "Cap Omez", "5tablets", "3 tmesaday", "30 days", "Tab Febrexplus", "15tblets", "3 tmesa dey", "30 days", "Syrup", "Dosago", "Froquoncy", "Duratlon", "Syrup Fobrox plus", "Sml", "3tims doy", "7days", "Syrup TusQx", "10ml", "2timday", "14day", "Advico:", "-Tako tod rost", "Eat nsy-to-digest food like boiled rice with dnl", "-Stytydrated"], "confidence": [0.9524534344673157, 0.8493285775184631, 0.8980655670166016, 0.8679268956184387, 0.6136865615844727, 0.9600661993026733, 0.9248821139335632, 0.9420654773712158, 0.9902750849723816, 0.8290681838989258, 0.8455966114997864, 0.8647039532661438, 0.7605679631233215, 0.8371574282646179, 0.8328683376312256, 0.9046000242233276, 0.7485857605934143, 0.8366293907165527, 0.9476070404052734, 0.9086169004440308, 0.8044043183326721, 0.9213528037071228, 0.7960188984870911, 0.86665940284729, 0.8218534588813782, 0.924377977848053, 0.8384859561920166, 0.9079194068908691, 0.8251968622207642, 0.8867191672325134, 0.9278282523155212, 0.9046850204467773, 0.8070211410522461, 0.8652555346488953, 0.983737587928772, 0.8285646438598633, 0.9466862082481384, 0.9895802140235901, 0.993514895439148, 0.9028758406639099, 0.7382882833480835, 0.9066702127456665, 0.9398233294487, 0.9357630014419556, 0.8076180219650269, 0.7463439702987671, 0.9374408721923828, 0.7681704163551331, 0.8472650647163391, 0.9083488583564758], "label": [1, 1, 1, 0, 0, 0, 0]}