{"text": ["XYZ Hospital", "123 tlealth Street,Wellness City", "Phone:+1-234-587-890", "Patlnt Nan:Graco Brown", ":77", "Doctor: Dr.Lo", "Medicine", "Dosuge", "Frequency", "Duration", "TabDolo650", "20tblets", "3mesdey", "30 duys", "Tab Cetine", "15tablets", "3 umes duy", "30 days", "Tab Pan d", "10tablets", "2mes aday", "t4duys", "Cap Pan d", "20 tblets", "2tmesa day", "5days", "TabClavum 025", "15tablets", "3 tmesaday", "5days", "Cap Oilanun", "15tablets", "2 tmes a doy", "$ days", "Syrup", "Dosapo", "Froquoncy", "Durotlon", "Syrup TusQx", "Sml", "3timsdoy", "14 doy", "Syrup Cypon", "10ml", "2timday", "10day", "Advico:", "-Takoto rost", "Eat nsy-to-dlgest food like boiled rice with dnl", "-Stytydrated"], "confidence": [0.9463950991630554, 0.8487181663513184, 0.8744075894355774, 0.8206503391265869, 0.8496861457824707, 0.9231882691383362, 0.9251660108566284, 0.9427713751792908, 0.9902750849723816, 0.964890718460083, 0.8913100957870483, 0.9145114421844482, 0.8327884078025818, 0.9137939810752869, 0.9263647794723511, 0.9037178754806519, 0.6857804656028748, 0.8513266444206238, 0.8963916301727295, 0.9273074269294739, 0.7745811939239502, 0.8104643225669861, 0.9105875492095947, 0.9086169004440308, 0.8312777280807495, 0.8520981669425964, 0.8200236558914185, 0.8647039532661438, 0.8478784561157227, 0.8520981669425964, 0.8379896283149719, 0.8990643620491028, 0.7914705872535706, 0.9325768351554871, 0.9882689714431763, 0.8240053653717041, 0.9466862082481384, 0.9339734315872192, 0.9349162578582764, 0.860496461391449, 0.7460850477218628, 0.770780086517334, 0.9619796872138977, 0.9599877595901489, 0.8111116290092468, 0.8244808912277222, 0.9625285863876343, 0.7171187400817871, 0.8441435694694519, 0.9278349876403809], "label": [1, 1, 1, 0, 0, 0, 0]}