{"text": ["XYZ Hospital", "123 tlealth Street,Wellness City", "Phone:+1-234-587-890", "Patlont Nanx:Bob Davs", ":20", "Doctor:Dr.Patol", "Medicine", "Dosuge", "Frequency", "Duration", "TabDolo650", "15tblets", "20ms dey", "30 duys", "Tab Triz", "10tablets", "3 umes doy", "7 days", "Tab Combinam", "20 tablets", "3tmesaday", "30 duys", "Tab Sumo cold", "20 tblets", "2 tmesa day", "7 days", "Cap Pan d", "10tablets", "2 tmes a duy", "t4duys", "TabAluhrodin500", "15tablets", "2 tmes a doy", "30 days", "Syrup", "Dosapo", "Froquoncy", "Durotlon", "Syrup Cypon", "Sml", "3 tims doy", "5 days", "Syrup Grillnctus tm", "Sml", "2timday", "Sday", "Advico:", "-Tako tod rost", "Eat nsy-to-digest food like boiled rice with dal", "-Stytydrated"], "confidence": [0.9545387625694275, 0.8471035957336426, 0.8954404592514038, 0.8148261308670044, 0.8747641444206238, 0.946455180644989, 0.9314273595809937, 0.9420654773712158, 0.9902750849723816, 0.965709924697876, 0.8849133253097534, 0.900070071220398, 0.7692691087722778, 0.9137939810752869, 0.9181328415870667, 0.9273074269294739, 0.7165395617485046, 0.861883819103241, 0.9457828402519226, 0.8709948658943176, 0.859169065952301, 0.8944264054298401, 0.9276041388511658, 0.9086169004440308, 0.805739164352417, 0.8580665588378906, 0.9043043851852417, 0.9273074269294739, 0.7704176902770996, 0.8104643225669861, 0.8077148199081421, 0.9037178754806519, 0.7914705872535706, 0.8867191672325134, 0.9882689714431763, 0.8228013515472412, 0.9466862082481384, 0.9339734315872192, 0.9880268573760986, 0.860496461391449, 0.7524312138557434, 0.8219525814056396, 0.9918429851531982, 0.927854061126709, 0.7724090814590454, 0.7481143474578857, 0.9631933569908142, 0.7643114328384399, 0.9021574854850769, 0.9000576138496399], "label": [1, 1, 1, 0, 0, 0, 0]}