{"text": ["XYZ Hospital", "123 tlealth Street,Wellness City", "Phone:+1-234.587-890", "Patlont Namx:Chadlo Wlllams", "p:23", "Doctor: Dr.Johnson", "Medicine", "Dosuge", "Frequency", "Duration", "Tab Suno cold", "5 tablets", "20ms duy", "14duys", "Tab Cyclopam", "10 tablets", "20mesaday", "10days", "TabDolo650", "15tablets", "2 tmsa duy", "30 duys", "Tab Pan d", "10tablets", "2tmesa dey", "4days", "Tab Cetine", "10tablets", "3 tmesaday", "10 days", "Tab Febrexplus", "5tablets", "2 tms a doy", "5 duys", "Syrup", "Dosago", "Froquoncy", "Duratlon", "Syrup Brozodax", "Sml", "3tmsdoy", "5 day", "Advico:", "-Tako tod rost", "Eat nsy-to-digest food like boiled dce with dnl", "-Stytydrated"], "confidence": [0.947608470916748, 0.8416517972946167, 0.8589719533920288, 0.8308939933776855, 0.7894628047943115, 0.9720485210418701, 0.8984020948410034, 0.979745090007782, 0.9801251292228699, 0.9629752039909363, 0.8746746778488159, 0.887381374835968, 0.7609573006629944, 0.8650357723236084, 0.9098263382911682, 0.8921223878860474, 0.7542490363121033, 0.8626441955566406, 0.8858171701431274, 0.8927748799324036, 0.7483718395233154, 0.9069848656654358, 0.8963916301727295, 0.9273074269294739, 0.8103421926498413, 0.9184122085571289, 0.9225705862045288, 0.9273074269294739, 0.8309677243232727, 0.8622841835021973, 0.9257993698120117, 0.8909797668457031, 0.8156778216362, 0.9158236980438232, 0.9720994234085083, 0.9641801714897156, 0.9524527788162231, 0.9877357482910156, 0.9618642926216125, 0.927854061126709, 0.7238248586654663, 0.8135870099067688, 0.9667397141456604, 0.7586460113525391, 0.8601347208023071, 0.9370757937431335], "label": [1, 0, 1, 0, 0, 0, 0]}