{"text": ["XYZ Hospital", "123 tlealth Street,Wellness City", "Phone:+1-234.587-890", "Patlant Namx:Chorlo Millar", "p:75", "Doctor: Dr.Lo", "Medicine", "Dosuge", "Frequency", "Duration", "CapCo-lmmune", "20 tblets", "20ms dey", "5 days", "Cap Cypon", "20 tablets", "3 ums doy", "30 days", "Tab Pan d", "5tablets", "2 tmes aday", "30 days", "TabCiplox500", "t5tablets", "2 tmes a day", "10days", "Cap Dilanun", "5tablets", "3 tmesaday", "4days", "Syrup", "Dosapo", "Froquoncy", "Duratlon", "Syrup TusQx", "10ml", "3timsday", "14day", "Advico:", "-Tako tod rost", "Eat nsy-to-dlgest food like boiled dc with dnt", "-Staytydrated"], "confidence": [0.9539773464202881, 0.84084153175354, 0.8555625081062317, 0.8090064525604248, 0.8322696685791016, 0.9240841269493103, 0.9263918399810791, 0.9427713751792908, 0.9838371276855469, 0.964890718460083, 0.8879585862159729, 0.9135541915893555, 0.7692691087722778, 0.7493965029716492, 0.9458285570144653, 0.9054545164108276, 0.7139949798583984, 0.8663529753684998, 0.8862664699554443, 0.8878754377365112, 0.7499434947967529, 0.8833222985267639, 0.9375578761100769, 0.8659577965736389, 0.7614920139312744, 0.9213528037071228, 0.8740798830986023, 0.9057856798171997, 0.8439608812332153, 0.9184122085571289, 0.9720994234085083, 0.918595016002655, 0.9749724864959717, 0.916279673576355, 0.943128764629364, 0.9483411312103271, 0.7406063079833984, 0.7760825753211975, 0.9694406390190125, 0.7755385041236877, 0.8745375871658325, 0.9281126260757446], "label": [1, 1, 1, 0, 0, 0, 0]}