{"text": ["XYZ Hospital", "123 tlealth Street,Wellness City", "Phone:+1-234-587-890", "Patlont Nanx:Davld D", "p:45", "Doctor: Dr. Millor", "Medicine", "Dosuge", "Frequency", "Quraton", "Tab Cetine", "20 tblets", "20ms dey", "30 duys", "Cap Pan d", "10tablets", "2 um05  duy", "$ duys", "Tab Cyciomef", "10tablets", "2tmesaday", "30 duys", "Tab Evlon", "10tablets", "2tmesa day", "t4duys", "TabAllegra", "20 tblets", "3 tmesaday", "5days", "Cap Cypon", "20 tablets", "2 tmes a doy", "10days", "Syrup", "Dosapo", "Froquoncy", "Duratlon", "Syrup Zodax", "Sml", "3timsdoy", "30days", "Syrup Brozodax", "10ml", "2timday", "5days", "Advico:", "-Takoto rost", "Eat nsy-to-digest food like boiled rice with dnl", "-Stytydrated"], "confidence": [0.9543247222900391, 0.847599446773529, 0.8941647410392761, 0.7982512712478638, 0.7807413339614868, 0.976843535900116, 0.8984020948410034, 0.9427713751792908, 0.9902750849723816, 0.8290681838989258, 0.9190582036972046, 0.9003804326057434, 0.7692691087722778, 0.9137939810752869, 0.9109414219856262, 0.9273074269294739, 0.7148935794830322, 0.9236800670623779, 0.8698306083679199, 0.9273074269294739, 0.8444032669067383, 0.9069848656654358, 0.9216830134391785, 0.9273074269294739, 0.831637978553772, 0.8104643225669861, 0.9598310589790344, 0.9003804326057434, 0.8478784561157227, 0.8520981669425964, 0.9923014044761658, 0.8797799944877625, 0.7914705872535706, 0.924377977848053, 0.988613486289978, 0.8240053653717041, 0.9466862082481384, 0.9902716875076294, 0.9197816848754883, 0.9028758406639099, 0.7429609298706055, 0.8151836395263672, 0.9626248478889465, 0.9357630014419556, 0.8155127763748169, 0.7154484987258911, 0.9210488200187683, 0.7312114238739014, 0.8472199440002441, 0.9394754767417908], "label": [1, 1, 1, 0, 0, 0, 0]}