{"text": ["XYZ Hospital", "123 tlealth Street,Wellness City", "Phone:+1-234.587-890", "Patlant Nanx:Davld D", "4", "DoctorDr.Johnson", "Medicine", "Dosuge", "Frequency", "Duration", "TabCiplox500", "10tablets", "3mesday", "10days", "Tab Cyciopam", "5tablets", "2tmesa day", "t4duys", "TabZole fcream", "t5tablets", "2 tmes a duy", "4days", "TabDolo 650", "10tablets", "3 tmesa dey", "4days", "Syrup", "Dosago", "Froquancy", "Duration", "Syrup TusQ dx", "Sml", "2 tm doy", "7days", "SyrupCorox-dx", "10ml", "2timday", "14days", "Advico:", "-Tako tod rost", "Eat nsy-to-dlgest food like boiled rice with dal", "-Stayhydrated"], "confidence": [0.95541912317276, 0.8471035957336426, 0.8541738390922546, 0.7887244820594788, 0.9719236493110657, 0.9615128040313721, 0.930323600769043, 0.9422492384910583, 0.9838371276855469, 0.9623180627822876, 0.8808314800262451, 0.9273074269294739, 0.8342382311820984, 0.8628065586090088, 0.8792740702629089, 0.8909797668457031, 0.7813192009925842, 0.8146358132362366, 0.8823711276054382, 0.8511607646942139, 0.7798504829406738, 0.8935898542404175, 0.87019944190979, 0.9247161149978638, 0.708838164806366, 0.9184122085571289, 0.9720994234085083, 0.8347269892692566, 0.9061452150344849, 0.960390031337738, 0.9869900941848755, 0.8684621453285217, 0.6927673816680908, 0.8764112591743469, 0.8791417479515076, 0.911413848400116, 0.7940205931663513, 0.8193106055259705, 0.9688101410865784, 0.8293460011482239, 0.9003981947898865, 0.8834782838821411], "label": [1, 0, 1, 0, 0, 0, 0]}