{"text": ["XYZ Hospital", "123 tlealth Street,Wellness City", "Phone:+1-234.587-890", "Patlant Namx:Jano Millar", ":07", "Doctor: Dr. Millor", "Medicine", "Dosuge", "Frequency", "Duration", "TabCiplox500", "15tablets", "3mesday", "4days", "Cap Dilanun", "20 tablets", "20mesaday", "30 days", "Tab Evion", "20 tblets", "3tmesday", "5 days", "Tab Febrex plus", "10 tablets", "3 tmesa dey", "10days", "Tab Cyciomeff", "15tablets", "2tmesaday", "5days", "Syrup", "Dosapo", "Froquancy", "Duratlon", "Syrup Cypon", "10ml", "3tmsdoy", "Sday", "Syrup Zodox", "10ml", "3tims doy", "4 day", "Advico:", "-Tako tod rost", "Eat ensy-to-digest food like boiled rice with dnl", "Stoytydrated"], "confidence": [0.9519423842430115, 0.8474778532981873, 0.8575018644332886, 0.8341606259346008, 0.8011953830718994, 0.9685773849487305, 0.9259157180786133, 0.9427713751792908, 0.9788968563079834, 0.9629752039909363, 0.8787825107574463, 0.8913987278938293, 0.8467262983322144, 0.9249300956726074, 0.924415647983551, 0.9054545164108276, 0.765507698059082, 0.8853435516357422, 0.9258222579956055, 0.9248446226119995, 0.8412098288536072, 0.7600082755088806, 0.9191137552261353, 0.901634693145752, 0.8120609521865845, 0.9213528037071228, 0.8404799699783325, 0.8865651488304138, 0.8577829003334045, 0.8882506489753723, 0.9719002842903137, 0.9054598808288574, 0.8946319222450256, 0.9921525120735168, 0.991102933883667, 0.9347427487373352, 0.7260910272598267, 0.7331788539886475, 0.9617475867271423, 0.9604064226150513, 0.7417122721672058, 0.7794343829154968, 0.9671232104301453, 0.7354203462600708, 0.844878613948822, 0.8262820839881897], "label": [1, 1, 1, 0, 0, 0, 0]}