{"text": ["XYZ Hospital", "123 tlealth Street,Wellness City", "Phone:+1-234-587-890", "Patlant Nanx:Grco Wilson", "Ap:27", "Doctor: Dr.Lao", "Medicine", "Dosage", "Frequency", "Duration", "Cap Diluntn", "15tablets", "20ms doy", "30 duys", "Tab Allegra", "10 tablets", "2tmesa day", "7days", "Cap Colmmune", "t5tablets", "2 tmes a duy", "4 days", "TabCiplox500", "5tablets", "2 tmes a doy", "30 days", "Syrup", "Dosago", "Froquancy", "Duratlon", "Syrup Cypon", "10ml", "3mday", "14days", "Advico:", "-Tako bod rost", "Eat nsy-to-dlgest food like boiled rice with dal", "-Stynydrated"], "confidence": [0.9463098049163818, 0.8522793054580688, 0.8718692064285278, 0.784050464630127, 0.720230758190155, 0.9028307199478149, 0.9318302869796753, 0.8880900740623474, 0.9838371276855469, 0.964890718460083, 0.9112777709960938, 0.8910351991653442, 0.7564270496368408, 0.9069848656654358, 0.8720228672027588, 0.8921223878860474, 0.7838765382766724, 0.9236086010932922, 0.9009222388267517, 0.8833587169647217, 0.8743255138397217, 0.8753823637962341, 0.9293869137763977, 0.8909797668457031, 0.769815981388092, 0.8867191672325134, 0.9728748202323914, 0.9117240309715271, 0.9354243874549866, 0.8996009826660156, 0.9516541957855225, 0.9658069610595703, 0.8066997528076172, 0.875527560710907, 0.9288334846496582, 0.7415408492088318, 0.8857390284538269, 0.8979552388191223], "label": [1, 1, 1, 0, 0, 0, 0]}