{"text": ["XYZ Hospital", "123 tlealth Street,Wellness City", "Phone:+1-234-587-890", "Patlont Namx:Llam Wilson", "p:22", "Doctor:Dr.Smith", "Medicine", "Dosage", "Frequency", "Quradon", "Tab Sumo cold", "5tablets", "3 mes doy", "4duys", "Tab Cetine", "15tablets", "2 m0s  duy", "7 days", "TabAllegr", "10tablets", "3 tmesaduy", "30 duys", "TabAlurocin 500", "5tablets", "2tmesa day", "30 days", "Cap Pan d", "5tablets", "3 tmesaday", "5days", "TabClvum 025", "5tablets", "2 tmes a doy", "$ days", "Syrup", "Dosago", "Froquoncy", "Duration", "Syrup Corox", "Sml", "2 timdoy", "10day", "Syrup TusQ dx", "10ml", "3timday", "7day", "Advico:", "-Tako tod rst", "Eat nsy-to-dlgest food like boiled rice with dal", "-Stytydrated"], "confidence": [0.9542174935340881, 0.8376824259757996, 0.8926750421524048, 0.8183935284614563, 0.7705976963043213, 0.966452419757843, 0.930323600769043, 0.9033363461494446, 0.9852608442306519, 0.8168739080429077, 0.8936270475387573, 0.901167631149292, 0.7591496109962463, 0.9136894941329956, 0.9149308204650879, 0.8656508922576904, 0.7353242039680481, 0.861883819103241, 0.9370623826980591, 0.9247161149978638, 0.8294768333435059, 0.9156034588813782, 0.8059970736503601, 0.9046000242233276, 0.7996856570243835, 0.8853435516357422, 0.9105875492095947, 0.9079194068908691, 0.8478784561157227, 0.8691898584365845, 0.8498916029930115, 0.8909797668457031, 0.8315520286560059, 0.9325768351554871, 0.9882689714431763, 0.8496239185333252, 0.9466862082481384, 0.9799325466156006, 0.8926778435707092, 0.860496461391449, 0.7554259300231934, 0.8265790939331055, 0.952340841293335, 0.9357630014419556, 0.7877011895179749, 0.8654559254646301, 0.9698401689529419, 0.7309774160385132, 0.9009497165679932, 0.9058265686035156], "label": [1, 1, 1, 0, 0, 0, 0]}