{"text": ["XYZ Hospital", "123 tlealth Street,Wellness City", "Phone:+1-234-587-890", "Patlont Nanx:Llam Brown", "p:73", "Doctor: Dr. Tumor", "Medicine", "Dosuge", "Frequency", "Duration", "TabAlurodn 500", "20 tblets", "20ms dey", "5 days", "Cap Omez", "15tablets", "3 tmes doy", "7 days", "Tab Cyciomelf", "20 tablets", "2 tmes a day", "7 days", "Tab Pan d", "10tablets", "2 tmesa day", "4days", "Cup Cypon", "15tablets", "2 tmes a duy", "4days", "Tab Dolonex dt", "5tablets", "3tmesaday", "$ days", "Syrup", "Dosago", "Froquoncy", "Duratlon", "Syrup Grillnctus tm", "Sml", "3 tims doy", "5 days", "Syrup Corox", "10ml", "3timday", "Sday", "Advico:", "-Tako tod rost", "Eat nsy-to-digest food like boiled rice with dal", "-Stytydrated"], "confidence": [0.9534003138542175, 0.8380128741264343, 0.8895711898803711, 0.8239904642105103, 0.8352077603340149, 0.9713051915168762, 0.9206564426422119, 0.9427713751792908, 0.9905779957771301, 0.964890718460083, 0.8189959526062012, 0.9135541915893555, 0.7692691087722778, 0.7547540068626404, 0.7828923463821411, 0.9092390537261963, 0.7507402896881104, 0.8401936888694763, 0.8222395777702332, 0.8709948658943176, 0.7271961569786072, 0.8401936888694763, 0.9290552139282227, 0.9273074269294739, 0.8068044185638428, 0.9184122085571289, 0.9035623073577881, 0.8647039532661438, 0.7506501078605652, 0.9184122085571289, 0.9150214791297913, 0.8909797668457031, 0.8616258502006531, 0.9325768351554871, 0.983737587928772, 0.8360254764556885, 0.9466862082481384, 0.9907147288322449, 0.9908798336982727, 0.9028758406639099, 0.7524312138557434, 0.7993543744087219, 0.8926152586936951, 0.9357630014419556, 0.781631350517273, 0.7481143474578857, 0.9238536953926086, 0.7723812460899353, 0.9027966856956482, 0.9196614623069763], "label": [1, 1, 1, 0, 0, 0, 0]}