{"text": ["XYZ Hospital", "123 tlealth Street,Wellness City", "Phone:+1-234-587-890", "Patlant Namx:John Ro", "Ap:58", "Doctor: Dr. Millor", "Medicine", "Dosuge", "Frequency", "Duration", "Tab Evlon", "15tablets", "3mesday", "30 duys", "Tab Cetine", "15tablets", "3 tmes duy", "10days", "TabDolo650", "15tablets", "3 tmesa doy", "t4duys", "Cap Zovirax", "5tablets", "2tmesa dey", "30 days", "Tab Febrexplus", "5tablets", "3 tmesaday", "10days", "Tab Neurobin Forte", "15tablets", "3 tmesa dey", "t4days", "Syrup", "Dosago", "Froquoncy", "Duratlon", "Syrup Grillnctus tm", "10ml", "3tms doy", "30 dny", "Advico:", "-Tako to rost", "Eat nsy-to-digest food like boiled dce with dnl", "Stoytydrated"], "confidence": [0.9478399157524109, 0.841896653175354, 0.8676124811172485, 0.8189338445663452, 0.5620250105857849, 0.9647889733314514, 0.9180112481117249, 0.9427713751792908, 0.9790523052215576, 0.965709924697876, 0.9259611964225769, 0.8647039532661438, 0.8458738923072815, 0.9137939810752869, 0.9147642850875854, 0.9037178754806519, 0.740856945514679, 0.85993891954422, 0.8790748715400696, 0.8647039532661438, 0.7852831482887268, 0.8104643225669861, 0.8456383347511292, 0.9046000242233276, 0.8084509968757629, 0.8853435516357422, 0.9479570388793945, 0.9079194068908691, 0.8352519273757935, 0.9213528037071228, 0.9228054881095886, 0.8647039532661438, 0.783811628818512, 0.8406792283058167, 0.9788066744804382, 0.958836555480957, 0.9524527788162231, 0.9890358448028564, 0.983982503414154, 0.9717352390289307, 0.7066380381584167, 0.7926518321037292, 0.9678854942321777, 0.7507117390632629, 0.8601347208023071, 0.856630802154541], "label": [1, 1, 1, 0, 0, 0, 0]}