{"text": ["XYZ Hospital", "123 tlealth Street,Wellness City", "Phone:+1-234-587-890", "Patlant Namx:John Brown", ":70", "Doctor: Dr.Pato1", "Medicine", "Dosuge", "Frequency", "Duration", "Tab Combilam", "15tblets", "3mesday", "5 days", "Tab Pan d", "10tablets", "3 umes duy", "7 days", "TabAllegra", "15tablets", "3 tmesa doy", "7 days", "Tab Cyclopam", "15tablets", "2tmesa dey", "30 days", "Tab Dolonex dt", "10tablets", "3 tmesaday", "30 days", "TabCiplox500", "20 tablets", "3 tmesa dey", "10days", "Syrup", "Dosago", "Froquoncy", "Duratlon", "Syrup TusQ dx", "Sml", "2tmdoy", "10days", "Advico:", "-Tako tod rost", "Eat nsy-to-digest food like boiled dce with dnl", "Stoytydrated"], "confidence": [0.9530686736106873, 0.8389220237731934, 0.8652410507202148, 0.8678449392318726, 0.7763848900794983, 0.916540801525116, 0.930323600769043, 0.9420654773712158, 0.9790523052215576, 0.965709924697876, 0.9037827849388123, 0.900070071220398, 0.8458738923072815, 0.7493965029716492, 0.9202485680580139, 0.9273074269294739, 0.6944295167922974, 0.8401936888694763, 0.9169790148735046, 0.8647039532661438, 0.7694242000579834, 0.8720644116401672, 0.8735030293464661, 0.8647039532661438, 0.8095513582229614, 0.8500292897224426, 0.9163563847541809, 0.9273074269294739, 0.8478784561157227, 0.8500292897224426, 0.9042665958404541, 0.8797799944877625, 0.7815396785736084, 0.8654675483703613, 0.9719002842903137, 0.958836555480957, 0.942815363407135, 0.9876395463943481, 0.943820595741272, 0.927854061126709, 0.7179483771324158, 0.8282742500305176, 0.9678854942321777, 0.7857733964920044, 0.8616782426834106, 0.8621355891227722], "label": [1, 0, 1, 0, 0, 0, 0]}