{"text": ["XYZ Hospital", "123 tlealth Street,Wellness City", "Phone:+1-234.587-890", "Patlnt Nanx:Evo Wllams", "80", "Doctor: Dr. Smith", "Medicine", "Dosuge", "Frequency", "Duration", "TabClavum 025", "5 tablets", "2 0ms doy", "7 duys", "Tab Cyciomeff", "15tablets", "20mesa day", "4duys", "Tab Neurobin Forte", "20 tablets", "2mes aday", "7 days", "TabFebrexplus", "10tablets", "3tmes aday", "30 days", "Tab Cyclopam", "15tablets", "2 tmes a duy", "7 days", "Tab Triz", "15tablets", "3 tmesa dey", "t4days", "Syrup", "Dosago", "Froquoncy", "Duratlon", "Syrup TusQ-dx", "Sml", "2tm doy", "7days", "Advico:", "-Tako tod rost", "Eat nsy-to-digest food like boiled dce with dnl", "Stoytydrated"], "confidence": [0.9489903450012207, 0.8390575647354126, 0.8581722378730774, 0.7731053829193115, 0.8957566618919373, 0.9653204679489136, 0.9323613047599792, 0.979745090007782, 0.9822903871536255, 0.9564203023910522, 0.8069992661476135, 0.887381374835968, 0.7218826413154602, 0.9796134829521179, 0.8561789989471436, 0.8647039532661438, 0.7425007820129395, 0.9136894941329956, 0.9529431462287903, 0.8709948658943176, 0.7745811939239502, 0.861883819103241, 0.9689065217971802, 0.9273074269294739, 0.8595724105834961, 0.8513266444206238, 0.8425805568695068, 0.8647039532661438, 0.7853452563285828, 0.8452855944633484, 0.974938154220581, 0.8990643620491028, 0.7711530923843384, 0.8406792283058167, 0.9719002842903137, 0.9144992828369141, 0.9524527788162231, 0.9921525120735168, 0.9404671788215637, 0.927854061126709, 0.7230568528175354, 0.8544028401374817, 0.9678854942321777, 0.7481598854064941, 0.8616782426834106, 0.8621355891227722], "label": [1, 0, 1, 0, 0, 0, 0]}