{"text": ["XYZ Hospital", "123 tlealth Street,Wellness City", "Phone:+1-234-587-890", "PatlntNam:John Ro", "Ap:59", "Doctor: Dr. Smith", "Medicine", "Dosuge", "Frequency", "Duration", "Tab Combilam", "10 tablets", "20ms doy", "10duys", "Cap Pan d", "10tablets", "20mesa duy", "30 days", "Tab Febrex plus", "10tablets", "3tmesaduy", "30 duys", "Cap Dilanun", "15tablets", "3 tmesa duy", "4days", "Tab Evlon", "10tablets", "2 tmes a duy", "7days", "Tab Pan d", "10tablets", "2 tms a dey", "30 days", "Syrup", "Dosago", "Froquoncy", "Duratlon", "Syrup Grillnctus tm", "Sml", "2tmdoy", "14days", "Advico:", "-Tako tod rost", "Eat nsy-to-digest food like boiled dce with dnl", "Stoytydrated"], "confidence": [0.9549444317817688, 0.8394729495048523, 0.8653600811958313, 0.8338239789009094, 0.660327136516571, 0.9437006711959839, 0.9318302869796753, 0.9349806904792786, 0.9790523052215576, 0.9629752039909363, 0.9031491279602051, 0.8824431300163269, 0.7523245811462402, 0.9152160286903381, 0.9029818773269653, 0.9273074269294739, 0.7259731888771057, 0.8518379926681519, 0.920025646686554, 0.9273074269294739, 0.8625564575195312, 0.9069848656654358, 0.9093580842018127, 0.8671495914459229, 0.7955330014228821, 0.9184122085571289, 0.9137175679206848, 0.9273074269294739, 0.7857459187507629, 0.9444330930709839, 0.9842187166213989, 0.9273074269294739, 0.7383468747138977, 0.8513266444206238, 0.9719002842903137, 0.9108636975288391, 0.9529516696929932, 0.9877357482910156, 0.9824419617652893, 0.927854061126709, 0.7179483771324158, 0.8428124785423279, 0.9678854942321777, 0.7538960576057434, 0.8616782426834106, 0.856630802154541], "label": [1, 1, 1, 0, 0, 0, 0]}