{"text": ["XYZ Hospital", "123 tlealth Street,Wellness City", "Phone:+1-234-587-890", "Patlont Nan:Bob D", ":G5", "Doctor: Dr.Lao", "Medicine", "Dosuge", "Frequency", "Duration", "TabAluhrodn 500", "20 tblets", "20ms day", "30 duys", "TabCyclomeff", "15tablets", "3 umes duy", "10days", "Tab Evlon", "20 tablets", "3 tmesaduy", "10days", "TabDolo650", "15tablets", "3tmes aday", "4duys", "TabZole fcreum", "20tblets", "3tmesaday", "7 days", "Cap Pan d", "20 tablets", "2 tmes a doy", "10days", "Syrup", "Dosapo", "Froquoncy", "Durotlon", "Syrup TusQ dx", "Sml", "2 tim doy", "14days", "Syrup Fobrox plus", "Sml", "2timday", "10day", "Advico:", "-Tako tod rost", "Eat nsy-to-digest food like boiled rice with dal", "-Stytydrated"], "confidence": [0.9544918537139893, 0.8413002490997314, 0.9043426513671875, 0.7990553379058838, 0.633100688457489, 0.9054750800132751, 0.907014787197113, 0.9427713751792908, 0.9902750849723816, 0.964890718460083, 0.7959768176078796, 0.9003804326057434, 0.7605679631233215, 0.9137939810752869, 0.8852435946464539, 0.9037178754806519, 0.7057475447654724, 0.8628065586090088, 0.9146842956542969, 0.8709948658943176, 0.8196805119514465, 0.8628065586090088, 0.8661004304885864, 0.9037178754806519, 0.852321445941925, 0.9136894941329956, 0.9000297784805298, 0.9145114421844482, 0.8785970211029053, 0.8452855944633484, 0.9695506691932678, 0.8797799944877625, 0.7862532138824463, 0.8654675483703613, 0.988613486289978, 0.8228013515472412, 0.9466862082481384, 0.9375925064086914, 0.940744936466217, 0.9028758406639099, 0.7471926212310791, 0.8673887848854065, 0.995391309261322, 0.927854061126709, 0.8147273659706116, 0.8244808912277222, 0.9698401689529419, 0.7632184028625488, 0.9021574854850769, 0.9027094841003418], "label": [1, 1, 1, 0, 0, 0, 0]}