{"text": ["XYZ Hospital", "123 tlealth Street,Wellness City", "Phone:+1-234.587-890", "Patlant Namx:Graco Davs", ":30", "Doctor: Dr.Lao", "Medicine", "Dosuge", "Frequency", "Duration", "Tab Febrex plus", "10tablets", "20ms dey", "7 days", "Tab Triz", "10 tablets", "2 tm0s  duy", "$ days", "Cap Omez", "20 tablets", "2tmesa dey", "30 days", "TabCyciopom", "10tablets", "2 tmes a day", "5 days", "Syrup", "Dosago", "Froquancy", "Duratlon", "Syrup Cypon", "10ml", "2tmdoy", "5days", "SyrupZodax", "10ml", "3timsday", "7day", "Advico:", "-Tako bod rost", "Eat nsy-to-digest food like boiled rice with dal", "-Staytydrated"], "confidence": [0.9539773464202881, 0.8414032459259033, 0.8431217074394226, 0.7633582949638367, 0.786027729511261, 0.9056085348129272, 0.9327771663665771, 0.9422492384910583, 0.9838371276855469, 0.9623180627822876, 0.9249524474143982, 0.9273074269294739, 0.7710025310516357, 0.8594018816947937, 0.9879308342933655, 0.8921223878860474, 0.7051472663879395, 0.9359393119812012, 0.7656252384185791, 0.9054545164108276, 0.8103421926498413, 0.8833222985267639, 0.9109933376312256, 0.9247161149978638, 0.7614920139312744, 0.8369717597961426, 0.9747051000595093, 0.8347269892692566, 0.9257277250289917, 0.9490550756454468, 0.9884451031684875, 0.9658069610595703, 0.7292338013648987, 0.8669117093086243, 0.8965408205986023, 0.911413848400116, 0.7859691381454468, 0.8483083248138428, 0.967370867729187, 0.8304697871208191, 0.8990753293037415, 0.9250409007072449], "label": [1, 1, 1, 0, 0, 0, 0]}