{"text": ["XYZ Hospital", "123 tlealth Street,Wellness City", "Phone:+1-234.587-890", "Patlant Nanx:Graco Davls", ":34", "DoctorDr.Johnson", "Medicine", "Dosage", "Frequency", "Duration", "TabDolo 650", "5 tablets", "20ms doy", "30 days", "Tab Pan d", "5tablets", "3tmesaday", "t4days", "Tab Dolonex dt", "20 tblets", "3 tmesaday", "30 days", "Tab Cetine", "t5tablets", "3 tmesa dey", "5days", "Syrup", "Dosago", "Froquancy", "Duration", "Syrup Fobrox plus", "10ml", "3tm doy", "10day", "Syrup Corox-dx", "10ml", "2timday", "30dy", "Advico:", "-Tako tod rost", "Eat nsy-to-dlgest food like boiled rice with dal", "-Staytydrated"], "confidence": [0.9539773464202881, 0.8414032459259033, 0.8431217074394226, 0.7792609333992004, 0.815741240978241, 0.9636654257774353, 0.9286406636238098, 0.9033363461494446, 0.9867760539054871, 0.964890718460083, 0.8621923327445984, 0.8665355443954468, 0.767784595489502, 0.8676621317863464, 0.9305731654167175, 0.895728349685669, 0.8474195599555969, 0.8406792283058167, 0.9131957292556763, 0.9086169004440308, 0.8511756658554077, 0.8500292897224426, 0.9309065937995911, 0.8862625360488892, 0.7739810347557068, 0.886221706867218, 0.9728748202323914, 0.8384754657745361, 0.8445901274681091, 0.9412360191345215, 0.9916451573371887, 0.9347427487373352, 0.7234882116317749, 0.7450453042984009, 0.8317187428474426, 0.911413848400116, 0.8054354786872864, 0.9695253372192383, 0.9688101410865784, 0.8324451446533203, 0.9003981947898865, 0.9319948554039001], "label": [1, 0, 1, 0, 0, 0, 0]}