{"text": ["XYZ Hospital", "123 tlealth Street,Wellness City", "Phone:+1-234.587-890", "Patlont Namx:Charlo Smith", "4", "Doctor: Dr.Lo", "Medicine", "Dosuge", "Frequency", "Duration", "Tab Febrexplus", "20 tblets", "3mesday", "4duys", "Tab Neurobin Forte", "20 tablets", "2 tmes  duy", "5days", "TabAluhrodin 500", "t5tblets", "2tmesaduy", "5days", "Cap Zovirax", "10tablets", "2 tmes a doy", "30 days", "Syrup", "Dosapo", "Froquancy", "Duration", "Syrup Cypon", "Sml", "2tmdoy", "30 day", "SyrupCorox-dx", "Sml", "3timsday", "10day", "Advico:", "-Tako tod rost", "Eat nsy-to-dlgest food like boiled dce with dal", "-Stayhydrated"], "confidence": [0.9544928669929504, 0.838995099067688, 0.8577502369880676, 0.8319114446640015, 0.9781603217124939, 0.9254693984985352, 0.9287360906600952, 0.9427713751792908, 0.9838371276855469, 0.9622949361801147, 0.9471355080604553, 0.9135541915893555, 0.8416870832443237, 0.9083743095397949, 0.9362795352935791, 0.9054545164108276, 0.681406557559967, 0.8691898584365845, 0.7435046434402466, 0.9061143398284912, 0.8289502263069153, 0.8982782363891602, 0.8703895807266235, 0.9247161149978638, 0.770778238773346, 0.8853435516357422, 0.9747051000595093, 0.8093938827514648, 0.9293076395988464, 0.9527572989463806, 0.9280692934989929, 0.8684621453285217, 0.7560526728630066, 0.7933688163757324, 0.8791417479515076, 0.9197258949279785, 0.7330020666122437, 0.7979649305343628, 0.9688101410865784, 0.8304399847984314, 0.9003587961196899, 0.8896684050559998], "label": [1, 1, 1, 0, 0, 0, 0]}