{"text": ["XYZ Hospital", "123 tlealth Street,Wellness City", "Phone:+1-234-587-890", "Patlont Nanx:Allco Wlllams", "Ap:35", "Doctor: Dr.Smith", "Medicine", "Dosuge", "Frequency", "Duration", "Tab Evlon", "10tablets", "20ms doy", "$ days", "Cap Dilanun", "5tablets", "3tmesaday", "30 days", "Cap Colmmune", "t5tblets", "2 tmes a duy", "5 days", "Cap Cypon", "5tablets", "2 tms  doy", "4days", "Syrup", "Dosago", "Froquancy", "Duration", "Syrup Cypon", "10ml", "2 tmdoy", "30day", "Advico:", "-Tako bod rost", "Eat nsy-to-dlgest food like boiled rice with dal", "-Stynydrated"], "confidence": [0.9505834579467773, 0.8402786254882812, 0.886119544506073, 0.8254489302635193, 0.7815839052200317, 0.9486631155014038, 0.9246234893798828, 0.9054610133171082, 0.9838371276855469, 0.964890718460083, 0.9264383316040039, 0.9273074269294739, 0.7564270496368408, 0.837290346622467, 0.9344105124473572, 0.8909797668457031, 0.811162531375885, 0.8867191672325134, 0.8928335309028625, 0.9061143398284912, 0.8666040897369385, 0.7990822196006775, 0.9558568596839905, 0.8909797668457031, 0.7103807330131531, 0.9184122085571289, 0.9825723767280579, 0.9191999435424805, 0.935694694519043, 0.9527572989463806, 0.955413818359375, 0.9658069610595703, 0.7245049476623535, 0.8759253621101379, 0.9268304705619812, 0.7415408492088318, 0.8857390284538269, 0.8989994525909424], "label": [1, 1, 1, 0, 0, 0, 0]}