{"text": ["XYZ Hospital", "123 tlealth Street,Wellness City", "Phone:+1-234.587-890", "PatlantNam:EvoWlson", ":07", "DoctorDr.Johnson", "Medicine", "Dosuge", "Frequency", "Duration", "TabAluhrodin 500", "20 tblets", "3mesday", "5 days", "Tab Cyciomeff", "20 tablets", "2 ums  doy", "$ days", "Tab Triz", "15tablets", "2 tmes day", "14days", "Tab Dolonex dt", "5tablets", "3 tmesa dey", "$ days", "Cap Colmmune", "15tablets", "3tmesaday", "10days", "Syrup", "Dosapo", "Froquoncy", "Duratlon", "Syrup TusQ-dx", "10ml", "3timsday", "10day", "Advico:", "-Tako tod rost", "Eat nsy-to-dlgest food like boiled dce with dal", "-Stayhydrated"], "confidence": [0.95541912317276, 0.8380128741264343, 0.8541738390922546, 0.8641616702079773, 0.8373406529426575, 0.9617027044296265, 0.930323600769043, 0.9427713751792908, 0.9838371276855469, 0.965709924697876, 0.7592729926109314, 0.9135541915893555, 0.8376972079277039, 0.7393367886543274, 0.8292148113250732, 0.9054545164108276, 0.7034355998039246, 0.9474455714225769, 0.8540539145469666, 0.8913987278938293, 0.7205934524536133, 0.8488211035728455, 0.920667827129364, 0.8846966028213501, 0.7729131579399109, 0.9325768351554871, 0.8811958432197571, 0.8730565309524536, 0.8785970211029053, 0.924377977848053, 0.9747051000595093, 0.8934853076934814, 0.9749724864959717, 0.962416410446167, 0.9558829665184021, 0.9347427487373352, 0.7220712900161743, 0.8202261924743652, 0.96775883436203, 0.7905479669570923, 0.9010859727859497, 0.8896684050559998], "label": [1, 1, 1, 0, 0, 0, 0]}