{"text": ["XYZ Hospital", "123 tlealth Street,Wellness City", "Phone:+1-234.587-890", "PatlantNamx:EvoWhito", "p:5", "Doctor: Dr. Millor", "Medicine", "Dosuge", "Frequency", "Duration", "Tab Combinam", "10 tablets", "20ms dey", "10days", "Tab Evion", "20 tblets", "3 tmes doy", "10days", "TabCiplox 500", "5tablets", "2 tmes a duy", "5days", "Tab Cetine", "5tblets", "2 tms  doy", "4days", "Syrup", "Dosago", "Froquoncy", "Duratlon", "Syrup Zodax", "Sml", "2m doy", "7days", "SyrupTusx", "10ml", "3mday", "7day", "Advico:", "-Tako tod rost", "Eat nsy-to-digest food like boiled rice with dal", "-Staytydrated"], "confidence": [0.9555370807647705, 0.8445388078689575, 0.8541738390922546, 0.8502482175827026, 0.5828918814659119, 0.9544703960418701, 0.9318302869796753, 0.9349806904792786, 0.9838371276855469, 0.9623180627822876, 0.9453385472297668, 0.8921223878860474, 0.7710025310516357, 0.8628065586090088, 0.9248191118240356, 0.9185055494308472, 0.7507402896881104, 0.9015160202980042, 0.8964132070541382, 0.8878754377365112, 0.7841776013374329, 0.8343985676765442, 0.9205131530761719, 0.8720654249191284, 0.7158662676811218, 0.9184122085571289, 0.9720994234085083, 0.8239191174507141, 0.9646628499031067, 0.9498113989830017, 0.8622224926948547, 0.8684621453285217, 0.7446933388710022, 0.8807341456413269, 0.8749438524246216, 0.911413848400116, 0.8235791325569153, 0.8483083248138428, 0.9678854942321777, 0.7910183668136597, 0.9073290824890137, 0.9258518218994141], "label": [1, 0, 1, 0, 0, 0, 0]}