{"text": ["XYZ Hospital", "123 tlealth Street,Wellness City", "Phone:+1-234.587-890", "Patlnt Namx:EvoJohnson", ":20", "Doctor: Dr.Johnson", "Medicine", "Dosuge", "Frequency", "Duration", "TabCiplox500", "5 tablets", "20ms doy", "30 duys", "Tab Clavum025", "20tblets", "3tmesaday", "4duys", "Tab Cetine", "5tablets", "2 tmes aduy", "5 days", "Tab Suno cold", "15tablets", "3tmes aday", "30 days", "Cap Zovirax", "20 tblets", "3 tmesaday", "t4duys", "TabAllegr", "20 tablets", "2 tmes a doy", "$ days", "Syrup", "Dosago", "Froquoncy", "Duratlon", "Syrup Corox", "Sml", "3tms doy", "7day", "Advico:", "-Tako to rost", "Eat nsy-to-digest food like boiled dce with dnl", "Stoytydrated"], "confidence": [0.9527519345283508, 0.8416517972946167, 0.8589719533920288, 0.8464002013206482, 0.8948600888252258, 0.9690272808074951, 0.9286406636238098, 0.979745090007782, 0.9803639650344849, 0.964890718460083, 0.8689735531806946, 0.887381374835968, 0.7523245811462402, 0.9206424355506897, 0.8494516015052795, 0.9412925839424133, 0.8278234004974365, 0.9083743095397949, 0.9388033151626587, 0.916618824005127, 0.7543216347694397, 0.7493965029716492, 0.8795400857925415, 0.8647039532661438, 0.8616535067558289, 0.8518379926681519, 0.8512117862701416, 0.9003804326057434, 0.849814236164093, 0.8104643225669861, 0.9359873533248901, 0.8797799944877625, 0.8100890517234802, 0.9325768351554871, 0.9719002842903137, 0.9144992828369141, 0.9529516696929932, 0.9921525120735168, 0.8861015439033508, 0.927854061126709, 0.7066380381584167, 0.940690815448761, 0.9678854942321777, 0.7472838163375854, 0.859613835811615, 0.856630802154541], "label": [1, 1, 1, 0, 0, 0, 0]}