{"text": ["XYZ Hospital", "123 tlealth Street,Wellness City", "Phone:+1-234-587-890", "Patlont Namx:Mla Smith", ":20", "Doctor: Dr.Lao", "Medicine", "Dosage", "Frequency", "Duration", "TabAluhrocin 500", "15tablets", "20ms doy", "30 days", "Tab Dolo650", "20 tablets", "3tmesaday", "5days", "Tab Combinam", "S tablets", "3 tmes a duy", "10 days", "Cap Omez", "20 tablets", "2 tm5 a doy", "4days", "Syrup", "Dosago", "Froquancy", "Duratlon", "Syrup TusQ-dx", "Sml", "2 tim doy", "10day", "Advico:", "-Tako bod rost", "Eat nsy-to-dlgest food like boiled rice with dal", "-Stynydrated"], "confidence": [0.9437253475189209, 0.8440488576889038, 0.8976541757583618, 0.8494237661361694, 0.8948600888252258, 0.9042146801948547, 0.930323600769043, 0.9033363461494446, 0.9788968563079834, 0.964890718460083, 0.7751762866973877, 0.8927748799324036, 0.7564270496368408, 0.8676621317863464, 0.8472158908843994, 0.9054545164108276, 0.8034953474998474, 0.8343985676765442, 0.9393474459648132, 0.8312456011772156, 0.8768436908721924, 0.8502650260925293, 0.9013955593109131, 0.8983814120292664, 0.7406336069107056, 0.9184122085571289, 0.9908796548843384, 0.9191999435424805, 0.9354243874549866, 0.9634062051773071, 0.9589363932609558, 0.9028758406639099, 0.7463570237159729, 0.841717541217804, 0.9288334846496582, 0.7142534255981445, 0.8857390284538269, 0.897238552570343], "label": [1, 1, 1, 0, 0, 0, 0]}