{"text": ["XYZ Hospital", "123 tlealth Street,Wellness City", "Phone:+1-234-587-890", "Patlant Namxo:John Johnson", "p:5", "Doctor: Dr.Lao", "Medicine", "Dosuge", "Frequency", "Duration", "TabAluhrodin 500", "20 tblets", "3mesday", "30 days", "Tab Neurobin Forte", "t5tablets", "2 ums  doy", "t4days", "Tab Pand", "20 tblets", "2 tmes day", "5 days", "Cap Pan d", "10 tablets", "3 tmesa dey", "10days", "TabClovum 025", "5tablets", "3 tmesaday", "5days", "Syrup", "Dosapo", "Froquoncy", "Duratlon", "Syrup Corox", "Sml", "2timday", "30dy", "Advico:", "-Tako tod rost", "Eat nsy-to-digest food like boiled dce with dal", "-Stayhydrated"], "confidence": [0.9573611617088318, 0.8386499881744385, 0.8651002049446106, 0.8791394829750061, 0.5828918814659119, 0.9049789309501648, 0.9286406636238098, 0.9427713751792908, 0.9838371276855469, 0.965709924697876, 0.747738242149353, 0.9135541915893555, 0.8353458642959595, 0.8676621317863464, 0.9362795352935791, 0.8836497068405151, 0.7034355998039246, 0.8406792283058167, 0.9194570183753967, 0.9248446226119995, 0.7205934524536133, 0.7600082755088806, 0.9062197208404541, 0.8958706855773926, 0.7729131579399109, 0.9213528037071228, 0.7839772701263428, 0.9079194068908691, 0.8432919383049011, 0.8882506489753723, 0.9747051000595093, 0.9054598808288574, 0.9788475036621094, 0.9871726036071777, 0.972055196762085, 0.9197258949279785, 0.7432094216346741, 0.9668070673942566, 0.9675191640853882, 0.8260635733604431, 0.89924156665802, 0.8874865770339966], "label": [1, 1, 1, 0, 0, 0, 0]}