{"text": ["XYZ Hospital", "123 tlealth Street,Wellness City", "Phone:+1-234.587-890", "PatlantNanx:Davld Brown", "p:28", "Doctor: Dr. Millor", "Medicine", "Dosage", "Frequency", "Duration", "TabCiplox 500", "5tablets", "20ms dey", "10days", "Cup Omez", "10tablets", "20mes dey", "4days", "TabCombinam", "20 tblets", "3 tmes dey", "5 days", "Tab Febrex plus", "5tablets", "2 tmesa dey", "10days", "Tab Triz", "t5tablets", "3 tmesaday", "5days", "Syrup", "Dosapo", "Froquoncy", "Duratlon", "Syrup Zodax", "Sml", "2timdy", "10day", "Advico:", "-Tako tod rost", "Eat nsy-to-dlgest food like boiled dce with dal", "-Staytydrated"], "confidence": [0.9551815986633301, 0.8383982181549072, 0.8541738390922546, 0.8176577091217041, 0.7335016131401062, 0.9535451531410217, 0.9259157180786133, 0.9033363461494446, 0.9560942053794861, 0.9629752039909363, 0.8926416039466858, 0.9079194068908691, 0.7692691087722778, 0.8958680033683777, 0.826431155204773, 0.9273074269294739, 0.7744828462600708, 0.8935898542404175, 0.9859765768051147, 0.9248446226119995, 0.7872068881988525, 0.7600082755088806, 0.9227712750434875, 0.8933669328689575, 0.8118886351585388, 0.9213528037071228, 0.9694429636001587, 0.8697188496589661, 0.8439608812332153, 0.8882506489753723, 0.9720994234085083, 0.9054598808288574, 0.9728686809539795, 0.8988408446311951, 0.9236021041870117, 0.9197258949279785, 0.8333203196525574, 0.8202261924743652, 0.96775883436203, 0.7913121581077576, 0.9010121822357178, 0.937537431716919], "label": [1, 0, 1, 0, 0, 0, 0]}