{"text": ["XYZ Hospital", "123 tlealth Street,Wellness City", "Phone:+1-234-587-890", "Patlant Namx:John Ro", ":48", "Doctor: Dr.Lao", "Medicine", "Dosuge", "Frequency", "Duration", "Tab Evlon", "5 tablets", "20ms doy", "7 duys", "Cap Cypon", "5tablets", "20mesaday", "4duys", "TabNeurobin Forte", "15tablets", "3 tmesa duy", "7 days", "Tab Zole fcreum", "15tablets", "2tmesaday", "7 days", "Cap Zovirax", "20 tblets", "3 tmesaday", "30 duys", "Tab Combilam", "15tablets", "2 tms a doy", "$ days", "Syrup", "Dosago", "Froquoncy", "Duratlon", "Syrup Corox-dx", "Sml", "3tmsdoy", "10days", "Advico:", "-Takotod rost", "Eat nsy-to-digest food like boiled dce with dnl", "Stoytydrated"], "confidence": [0.9529707431793213, 0.8394729495048523, 0.8653600811958313, 0.8208810091018677, 0.8221071362495422, 0.8749284148216248, 0.9258362054824829, 0.9740098118782043, 0.9803639650344849, 0.955414891242981, 0.9253906607627869, 0.887381374835968, 0.7485461831092834, 0.9796134829521179, 0.9460746049880981, 0.8909797668457031, 0.7677443623542786, 0.9136894941329956, 0.9216954708099365, 0.867788553237915, 0.798012912273407, 0.861883819103241, 0.8725322484970093, 0.8647039532661438, 0.8128202557563782, 0.861883819103241, 0.8512117862701416, 0.9003804326057434, 0.8371230363845825, 0.9156034588813782, 0.9092357158660889, 0.9037178754806519, 0.8122205138206482, 0.9325768351554871, 0.9720994234085083, 0.9641801714897156, 0.9529516696929932, 0.9844989776611328, 0.9839245676994324, 0.927854061126709, 0.7260910272598267, 0.8282742500305176, 0.9678854942321777, 0.7453964948654175, 0.8616782426834106, 0.828483521938324], "label": [1, 1, 1, 0, 0, 0, 0]}