{"text": ["XYZ Hospital", "123 tlealth Street,Wellness City", "Phone:+1-234.587-890", "Patlant Namx:GracoJohnson", "p:72", "Doctor: Dr.Johnson", "Medicine", "Dosuge", "Frequency", "Duration", "TabAluhrocin 500", "20 tblets", "3mesday", "5 days", "TabCiplox500", "15tablets", "3 umes doy", "30 days", "Tab Cyciopam", "5tablets", "2 tmes dey", "10 days", "Tab Triz", "10 tablets", "3tmesaday", "30 days", "TabClavum 025", "10 tablets", "2tmesaday", "5days", "Syrup", "Dosapo", "Froquancy", "Duratlon", "Syrup Corox-dx", "Sml", "2tmdoy", "14dy", "Syrup Cypon", "Sml", "3 tims doy", "10dny", "Advico:", "-Tako to rst", "Eat nsy-to-digest food like boiled rice with dnl", "Stoytydrated"], "confidence": [0.9477817416191101, 0.8513327240943909, 0.8499292135238647, 0.8594547510147095, 0.7978620529174805, 0.972112238407135, 0.9556780457496643, 0.9740098118782043, 0.9788968563079834, 0.964890718460083, 0.7862002849578857, 0.9135541915893555, 0.8458738923072815, 0.7393367886543274, 0.9128385186195374, 0.9090301990509033, 0.6744430065155029, 0.8663529753684998, 0.8775949478149414, 0.9073119759559631, 0.7602824568748474, 0.8622841835021973, 0.9902831315994263, 0.901634693145752, 0.8878806829452515, 0.8741859793663025, 0.7979936003684998, 0.901634693145752, 0.8577829003334045, 0.8882506489753723, 0.9719002842903137, 0.90386563539505, 0.9319033026695251, 0.9472008943557739, 0.9738151431083679, 0.8684621453285217, 0.7179483771324158, 0.8365260362625122, 0.9898486733436584, 0.9197258949279785, 0.7696221470832825, 0.7591055631637573, 0.9687759280204773, 0.7348210215568542, 0.8504207730293274, 0.871784508228302], "label": [1, 0, 1, 0, 0, 0, 0]}