{"text": ["XYZ Hospital", "123 tlealth Street,Wellness City", "Phone:+1-234.587-890", "Patlant Nanx:Davld Whito", ":70", "Doctor:Dr.Tumor", "Medicine", "Dosage", "Frequency", "Duration", "Tab Zole fcream", "5 tablets", "20ms dey", "4days", "Cap Co-lmmune", "5 tablets", "20mes dey", "30 days", "Tab Triz", "5tablets", "2 tmes aday", "7 days", "Tab Alurocin 500", "5tablets", "2 tms a day", "t4days", "Tab Cetine", "20 tablets", "3 tmesaday", "10days", "Syrup", "Dosapo", "Froquoncy", "Duratlon", "Syrup TusQ dx", "10ml", "3timsday", "Sday", "Advico:", "-Tako tod rost", "Eat nsy-to-dlgest food like boiled dce with dal", "-Staytydrated"], "confidence": [0.9563817381858826, 0.8380128741264343, 0.8541738390922546, 0.8278055787086487, 0.8660268783569336, 0.9399983286857605, 0.9286406636238098, 0.9033363461494446, 0.9856641292572021, 0.9629752039909363, 0.8688384294509888, 0.8691415786743164, 0.7692691087722778, 0.9607241749763489, 0.8436867594718933, 0.8665355443954468, 0.7706232666969299, 0.8663529753684998, 0.8540539145469666, 0.885895848274231, 0.7499434947967529, 0.8720644116401672, 0.8068016767501831, 0.8612961769104004, 0.7680168747901917, 0.8406792283058167, 0.9279612302780151, 0.864126980304718, 0.8309677243232727, 0.9213528037071228, 0.9747051000595093, 0.9107210040092468, 0.9767853617668152, 0.8988408446311951, 0.952340841293335, 0.9483411312103271, 0.7411696910858154, 0.7356988191604614, 0.9675191640853882, 0.7758516073226929, 0.8972930908203125, 0.890696108341217], "label": [1, 1, 1, 0, 0, 0, 0]}