{"text": ["XYZ Hospital", "123 tlealth Street,Wellness City", "Phone:+1-234-587-890", "Patlont Nanx:John Whito", "p:50", "Doctor:Dr.Smith", "Medicine", "Dosuge", "Frequency", "Duration", "Cap Dilanun", "10tablets", "20ms dey", "30 duys", "Tab Zole fcream", "20 tablets", "2 tm0s  duy", "30 days", "Tab Cyclopam", "5tablets", "3 tmesa doy", "4duys", "Tab Triz", "5tablets", "3 tmes aday", "4duys", "TabDolo650", "10tablets", "2 umes a duy", "5days", "Tab Combilam", "20 tablets", "3 tmesa dey", "10days", "Syrup", "Dosago", "Froquoncy", "Durotion", "Syrup Cypon", "Sml", "2 tim doy", "5days", "Syrup Zodox", "10ml", "2timday", "7day", "Advico:", "-Tako tod rst", "Eat nsy-to-digest food like boiled rice with dal", "-Stytydrated"], "confidence": [0.9466805458068848, 0.8445388078689575, 0.888440728187561, 0.8599384427070618, 0.7119712829589844, 0.9683131575584412, 0.930323600769043, 0.9422492384910583, 0.9902750849723816, 0.964890718460083, 0.8852311968803406, 0.9273074269294739, 0.7692691087722778, 0.9137939810752869, 0.882159411907196, 0.8967920541763306, 0.7051472663879395, 0.8479889631271362, 0.82710200548172, 0.916618824005127, 0.7852831482887268, 0.9136894941329956, 0.9158270955085754, 0.9046000242233276, 0.8303280472755432, 0.9136894941329956, 0.8781948089599609, 0.9273074269294739, 0.7387182116508484, 0.8520981669425964, 0.9206414222717285, 0.8797799944877625, 0.8336135745048523, 0.9213528037071228, 0.988613486289978, 0.8285646438598633, 0.9466862082481384, 0.9337034225463867, 0.9910526275634766, 0.860496461391449, 0.7873589992523193, 0.8846160173416138, 0.9223028421401978, 0.9357630014419556, 0.7733154892921448, 0.8532044887542725, 0.9689141511917114, 0.7309774160385132, 0.9021574854850769, 0.9058265686035156], "label": [1, 1, 1, 0, 0, 0, 0]}