{"text": ["XYZ Hospital", "123 tlealth Street,Wellness City", "Phone:+1-234-587-890", "Patlnt Nan:Allco Brown", ":30", "Doctor: Dr.Lao", "Medicine", "Dosuge", "Frequency", "Duration", "Tab Cyclopum", "20tblets", "3mesdey", "30 duys", "TabCiplox500", "15tablets", "2 tm0s  duy", "10days", "Cap Colmmune", "5tablets", "3 tmesa doy", "7 days", "Cap Pan d", "5tablets", "2 tmesa day", "5days", "Tab Neurobin Forte", "15tablets", "3 tmesaday", "7 days", "Tab Combinlam", "15tablets", "2 tmes a dey", "5 duys", "Syrup", "Dosago", "Froquoncy", "Duratlon", "Syrup Zodox", "10ml", "2 tim doy", "10days", "Syrup Corox-dx", "Sml", "2timday", "10days", "Advico:", "-Tako tod rost", "Eat nsy-to-digest food like boiled rice with dal", "-Stytydrated"], "confidence": [0.9531888961791992, 0.8380128741264343, 0.8895711898803711, 0.8158279657363892, 0.7879967093467712, 0.9056085348129272, 0.9323613047599792, 0.9427713751792908, 0.9898338317871094, 0.964890718460083, 0.8612754344940186, 0.9145114421844482, 0.8327884078025818, 0.9137939810752869, 0.9225418567657471, 0.9037178754806519, 0.7051472663879395, 0.8626441955566406, 0.8579599261283875, 0.916618824005127, 0.7852831482887268, 0.8401936888694763, 0.9083614349365234, 0.9046000242233276, 0.8068044185638428, 0.8520981669425964, 0.9459484815597534, 0.8647039532661438, 0.8335834741592407, 0.8720644116401672, 0.9090251326560974, 0.8990643620491028, 0.7766379714012146, 0.9175510406494141, 0.988613486289978, 0.8285646438598633, 0.9474319815635681, 0.9896453619003296, 0.9171708822250366, 0.9702969789505005, 0.7873589992523193, 0.8172560334205627, 0.9713419675827026, 0.927854061126709, 0.8103267550468445, 0.8326132893562317, 0.9210488200187683, 0.7723420858383179, 0.9027966856956482, 0.9149386882781982], "label": [1, 1, 1, 0, 0, 0, 0]}