{"text": ["XYZ Hospital", "123 tlealth Street,Wellness City", "Phone:+1-234.587-890", "Patlont Namx:Mla Smith", "p:23", "Doctor: Dr. Smith", "Medicine", "Dosage", "Frequency", "Duration", "Tab Cyclomef", "20 tblets", "20ms doy", "7 duys", "Cap Zovirax", "20 tablets", "3tmesaday", "5days", "Tab Triz", "15tablets", "3 tmesa duy", "4 duys", "Tab Febrex plus", "5tablets", "2tmesa dey", "4duys", "Tab Clavun 25", "5tablets", "3 tmes a day", "7 days", "Tab Sumo cold", "20tblets", "2 tms a doy", "10days", "Syrup", "Dosago", "Froquoncy", "Duratlon", "Syrup Cypon", "Sml", "2tmdoy", "30 dny", "Advico:", "-Tako tod rost", "Eat nsy-to-digest food like boiled dce with dnl", "Stoytydrated"], "confidence": [0.9529951214790344, 0.8440488576889038, 0.8531273007392883, 0.856859564781189, 0.7894628047943115, 0.9685838222503662, 0.930323600769043, 0.9033363461494446, 0.9790523052215576, 0.9564203023910522, 0.867529571056366, 0.9003804326057434, 0.7523245811462402, 0.9796134829521179, 0.8890037536621094, 0.8967920541763306, 0.8485071659088135, 0.8520981669425964, 0.9085347652435303, 0.8647039532661438, 0.8074479699134827, 0.9403669238090515, 0.9101075530052185, 0.9159331321716309, 0.8084509968757629, 0.9083743095397949, 0.815357506275177, 0.9079194068908691, 0.8023188710212708, 0.8452855944633484, 0.8784509897232056, 0.9145114421844482, 0.8156778216362, 0.924377977848053, 0.9719002842903137, 0.9144992828369141, 0.9638596773147583, 0.9814329147338867, 0.9840652942657471, 0.927854061126709, 0.7179483771324158, 0.7926518321037292, 0.9678854942321777, 0.7401109337806702, 0.861255407333374, 0.856630802154541], "label": [1, 1, 1, 0, 0, 0, 0]}