{"text": ["XYZ Hospital", "123 tlealth Street,Wellness City", "Phone:+1-234.587-890", "PatlantNam:Llam Davs", "Ap:37", "Doctor: Dr.Lao", "Medicine", "Dosuge", "Frequency", "Duration", "Tab Allegra", "15tablets", "20ms day", "7 duys", "Cap Zovirax", "20 tablets", "3tmesaday", "5days", "Tab Zole fcream", "15tablets", "2 tmsa duy", "5 days", "Tab Pan d", "20tblets", "2tmesa day", "30 days", "Tab Cyciomelf", "5tablets", "2 umes a duy", "5days", "Cup Dilanun", "20 tablets", "2 tms a doy", "t4days", "Syrup", "Dosago", "Froquoncy", "Duratlon", "SyrupZodax", "Sml", "2tmdoy", "5 days", "Advico:", "-Tako to rost", "Eat nsy-to-digest food like boiled dce with dnl", "Stoybydrated"], "confidence": [0.9572948813438416, 0.8475929498672485, 0.8549000024795532, 0.8323947787284851, 0.7727944254875183, 0.8945040702819824, 0.9035042524337769, 0.9427713751792908, 0.9788968563079834, 0.9564203023910522, 0.9251887798309326, 0.8927748799324036, 0.7605679631233215, 0.9796134829521179, 0.8870925903320312, 0.9054545164108276, 0.8251487016677856, 0.8520981669425964, 0.8784855008125305, 0.8647039532661438, 0.7545597553253174, 0.7517222762107849, 0.8963916301727295, 0.9412925839424133, 0.817900538444519, 0.8513266444206238, 0.8455538153648376, 0.9079194068908691, 0.7368073463439941, 0.8520981669425964, 0.8988444805145264, 0.8797799944877625, 0.7748550772666931, 0.8406792283058167, 0.9719002842903137, 0.9144992828369141, 0.9633573889732361, 0.9843534231185913, 0.8660050630569458, 0.927854061126709, 0.7008616924285889, 0.7886900901794434, 0.9678854942321777, 0.7640179991722107, 0.8616782426834106, 0.8263099193572998], "label": [1, 1, 1, 0, 0, 0, 0]}