{"text": ["XYZ Hospital", "123 tlealth Street,Wellness City", "Phone:+1-234.587-890", "Patlont Namx:Jano Millar", ":30", "Doctor: Dr.Patol", "Medicine", "Dosage", "Frequency", "Duration", "Tab Cetine", "20 tblets", "20ms doy", "t4duys", "Tab Combinam", "15tablets", "20mesaday", "4days", "Cap Pan d", "15tablets", "2 tmes aday", "4 days", "Tab Clavum025", "10 tablets", "3tmesaday", "7 days", "Tab Neurobin Forte", "5tablets", "2tmesaday", "4days", "Syrup", "Dosapo", "Froquancy", "Duratlon", "Syrup Cypon", "10ml", "3tms doy", "7day", "Syrup Corox", "10ml", "3tims doy", "4 day", "Advico:", "-Tako to rost", "Eat ensy-to-digest food like boiled rice with dnl", "Stoytydrated"], "confidence": [0.9451872706413269, 0.8474778532981873, 0.8575018644332886, 0.8387476801872253, 0.786027729511261, 0.9566556215286255, 0.930323600769043, 0.9033363461494446, 0.9788968563079834, 0.9623180627822876, 0.9139901995658875, 0.9135541915893555, 0.7523245811462402, 0.8546951413154602, 0.8979013562202454, 0.8913987278938293, 0.7241058349609375, 0.8935898542404175, 0.9071983695030212, 0.8913987278938293, 0.7674550414085388, 0.8880710601806641, 0.8508949875831604, 0.901634693145752, 0.8878806829452515, 0.8720644116401672, 0.9228054881095886, 0.9057856798171997, 0.8577829003334045, 0.9184122085571289, 0.9703512191772461, 0.9121663570404053, 0.934880256652832, 0.8995916843414307, 0.9311924576759338, 0.9347427487373352, 0.7066380381584167, 0.8639349937438965, 0.8967664837837219, 0.9604064226150513, 0.7529909014701843, 0.7794343829154968, 0.96775883436203, 0.7243521809577942, 0.844878613948822, 0.8652937412261963], "label": [1, 1, 1, 0, 0, 0, 0]}