{"text": ["XYZ Hospital", "123 tlealth Street,Wellness City", "Phone:+1-234.587-890", "PatlantNamx:Bob Smith", ":47", "Doctor: Dr. Millor", "Medicine", "Dosage", "Frequency", "Duration", "Tab Febrexplus", "5 tablets", "20ms dey", "5days", "Cap Coimmune", "5 tablets", "3tmesaday", "30 days", "Tab Evion", "5tablets", "2tmesaday", "10 duys", "Tab Cetine", "t5tablets", "3 tmesa dey", "t4duys", "Syrup", "Dosago", "Froquoncy", "Duratlon", "Syrup Corox", "10ml", "3 ts doy", "10day", "Syrup Cypon", "Sml", "mday", "7day", "Advico:", "-Tako bod rost", "Eat nsy-to-digest food like boiled dce with dal", "-Staytydrated"], "confidence": [0.9549286961555481, 0.8350533843040466, 0.8465229868888855, 0.8525556921958923, 0.8488302230834961, 0.9552932381629944, 0.9271574020385742, 0.9033363461494446, 0.9867760539054871, 0.964890718460083, 0.9443443417549133, 0.8665355443954468, 0.7692691087722778, 0.8343985676765442, 0.8907460570335388, 0.8665355443954468, 0.8421280980110168, 0.8853435516357422, 0.9264397025108337, 0.8909797668457031, 0.8641469478607178, 0.8914344906806946, 0.9205131530761719, 0.8862625360488892, 0.7762048244476318, 0.8394883275032043, 0.9701129198074341, 0.8239191174507141, 0.9697930216789246, 0.9490550756454468, 0.8950319886207581, 0.9410436153411865, 0.6967481374740601, 0.7508189082145691, 0.9272768497467041, 0.9197258949279785, 0.8348022699356079, 0.8190528750419617, 0.967370867729187, 0.822790801525116, 0.9078223705291748, 0.9250409007072449], "label": [1, 1, 1, 0, 0, 0, 0]}