{"text": ["XYZ Hospital", "123 tlealth Street,Wellness City", "Phone:+1-234.587-890", "Patlant Namx:Davld Ro", ":44", "Doctor: Dr. Millor", "Medicine", "Dosage", "Frequency", "Duration", "Cap Dilanun", "5tablets", "3mesday", "4days", "Tab Zole fcream", "5tablets", "3mesadey", "30 days", "TabCombinam", "20 tblets", "2 tmes doy", "4days", "Tab Clavum025", "t5tablets", "3 tmesa dey", "30 days", "Tab Febrexplus", "10 tablets", "2tmesaday", "7 days", "Syrup", "Dosapo", "Froquoncy", "Duratlon", "Syrup Brozodax", "10ml", "3timsday", "Sday", "Advico:", "-Tako tod rost", "Eat nsy-to-dlgest food like boiled dce with dal", "-Stayhydrated"], "confidence": [0.95541912317276, 0.8471035957336426, 0.8541738390922546, 0.7729601860046387, 0.8580889701843262, 0.9603952765464783, 0.930323600769043, 0.9033363461494446, 0.9860424399375916, 0.9629752039909363, 0.8694930672645569, 0.9079194068908691, 0.8470074534416199, 0.9607241749763489, 0.8712989091873169, 0.9079194068908691, 0.8534695506095886, 0.8663529753684998, 0.9827577471733093, 0.9185055494308472, 0.7549512386322021, 0.9184122085571289, 0.8431784510612488, 0.8830724954605103, 0.7801483273506165, 0.8867191672325134, 0.9430515170097351, 0.901634693145752, 0.8482097387313843, 0.8720644116401672, 0.9720994234085083, 0.8906665444374084, 0.9749724864959717, 0.9097633361816406, 0.95579993724823, 0.9483411312103271, 0.7265685200691223, 0.7356988191604614, 0.9671358466148376, 0.8293460011482239, 0.9010859727859497, 0.8834782838821411], "label": [1, 1, 1, 0, 0, 0, 0]}