{"text": ["XYZ Hospital", "123 tlealth Street,Wellness City", "Phone:+1-234.587-890", "Patlont Namx:Charlo Smith", "4", "Doctor: Dr.Lo", "Medicine", "Dosuge", "Frequency", "Duration", "TabCyciomelf", "10 tablets", "3mesadoy", "4duys", "Tab Cyciopam", "20 tablets", "2 tmes  duy", "4days", "TabDolo650", "15tablets", "2tmesaduy", "5days", "Tab Evion", "20 tablets", "2 tmes a doy", "5days", "Syrup", "Dosago", "Froquoncy", "Duratlon", "Syrup Corox-dx", "10ml", "3tmsdoy", "10day", "Syrup Fobroxplus", "10ml", "3timsday", "7day", "Advico:", "-Tako tod rost", "Eat nsy-to-dlgest food like boiled rice with dal", "-Staytydrated"], "confidence": [0.9539773464202881, 0.838995099067688, 0.8577502369880676, 0.828848123550415, 0.9744680523872375, 0.9281219840049744, 0.930323600769043, 0.9349806904792786, 0.9839102625846863, 0.9623180627822876, 0.8735172748565674, 0.909227192401886, 0.7787086963653564, 0.9136894941329956, 0.8801571726799011, 0.9017356038093567, 0.681406557559967, 0.8935898542404175, 0.8880208730697632, 0.8812926411628723, 0.8289502263069153, 0.8691898584365845, 0.9437398910522461, 0.8983814120292664, 0.770778238773346, 0.886221706867218, 0.9701129198074341, 0.8384754657745361, 0.8860746026039124, 0.873630166053772, 0.976615846157074, 0.9347427487373352, 0.702323317527771, 0.7873427867889404, 0.8312637805938721, 0.911413848400116, 0.7330020666122437, 0.8190528750419617, 0.9677251577377319, 0.8324451446533203, 0.9003981947898865, 0.9319948554039001], "label": [1, 0, 1, 0, 0, 0, 0]}