{"text": ["XYZ Hospital", "123 tlealth Street,Wellness City", "Phone:+1-234.587-890", "PatlantNamx:GracoWlson", ":30", "Doctor: Dr. Tumar", "Medicine", "Dosuge", "Frequency", "Duration", "TabCyciopam", "15tablets", "3mesday", "10days", "Tab Dolonex dt", "15tablets", "2 ums  doy", "10days", "Cap Omez", "15tablets", "3 tmesa doy", "7 days", "Tab Dolo 650", "15tablets", "2 tms a doy", "30 days", "Tab Combinam", "20tablets", "2tmesaday", "7 days", "Syrup", "Dosapo", "Froquoncy", "Duratlon", "SyrupGrillnctus tm", "Sml", "3timsday", "14day", "Advico:", "-Tako tod rost", "Eat nsy-to-dlgest food like boiled dce with dal", "-Stayhydrated"], "confidence": [0.9544928669929504, 0.8517599105834961, 0.8465229868888855, 0.8507457375526428, 0.786027729511261, 0.9433803558349609, 0.930323600769043, 0.9427713751792908, 0.9838371276855469, 0.9629752039909363, 0.9112918376922607, 0.8913987278938293, 0.8442182540893555, 0.9233501553535461, 0.920667827129364, 0.9090301990509033, 0.7168610692024231, 0.9213528037071228, 0.8212853670120239, 0.8913987278938293, 0.7590215802192688, 0.8767657279968262, 0.7958549857139587, 0.8865138292312622, 0.8025541305541992, 0.8853435516357422, 0.9433913230895996, 0.8978633880615234, 0.8475243449211121, 0.8720644116401672, 0.9720994234085083, 0.8934853076934814, 0.9624842405319214, 0.8988408446311951, 0.9081215262413025, 0.9197258949279785, 0.7241389751434326, 0.7760825753211975, 0.9678854942321777, 0.7801290154457092, 0.9014807939529419, 0.8786836266517639], "label": [1, 1, 1, 0, 0, 0, 0]}