{"text": ["XYZ Hospital", "123 tlealth Street,Wellness City", "Phone:+1-234-587-890", "Patlant Nanx:John Millor", "Ap:5", "Doctor: Dr. Tumor", "Medicine", "Dosage", "Frequency", "Duration", "Tab Cyciopam", "5 tablets", "20ms doy", "4 duys", "Tab Evion", "5 tablets", "2tmes  duy", "7 days", "TabNeurobin Forte", "5 tablets", "3 tmes a duy", "7 days", "TabZole fcream", "5tablets", "3 tmesa dey", "5 days", "Syrup", "Dosapo", "Froquancy", "Duratlon", "Syrup Corox-dx", "Sml", "2 tmdoy", "14 day", "Advico:", "-Tako bod rost", "Eat nsy-to-dlgest food like boiled rice with dal", "-Stytydrated"], "confidence": [0.9466805458068848, 0.84555983543396, 0.8884289860725403, 0.8564828038215637, 0.5248637199401855, 0.9602360725402832, 0.9501501321792603, 0.8897534012794495, 0.980177640914917, 0.9623180627822876, 0.8590132594108582, 0.863848865032196, 0.7529489994049072, 0.939846932888031, 0.9213123321533203, 0.8665355443954468, 0.7222400307655334, 0.8720644116401672, 0.9548314213752747, 0.8705056309700012, 0.8485350012779236, 0.8720644116401672, 0.8866910934448242, 0.8909797668457031, 0.7313879132270813, 0.857534646987915, 0.9728748202323914, 0.7875345349311829, 0.9355165958404541, 0.9490550756454468, 0.9694970846176147, 0.9028758406639099, 0.7310596704483032, 0.7830430865287781, 0.9260411858558655, 0.7142534255981445, 0.8857390284538269, 0.9112634658813477], "label": [1, 0, 1, 0, 0, 0, 0]}