{"text": ["XYZ Hospital", "123 tlealth Street,Wellness City", "Phone:+1-234-587-890", "Patlont Nanx:Chorlo Millr", ":24", "Doctor:Dr.Patol", "Medicine", "Dosuge", "Frequency", "Duration", "Cap Omez", "5 tablets", "20ms doy", "4 duys", "TabCiplox500", "5 tablets", "3tmesaday", "7 days", "Tab Triz", "5 tablets", "3 tmes a duy", "7 days", "Tab Combinam", "10tablets", "3 tmesa dey", "7 days", "Syrup", "Dosapo", "Froquancy", "Duration", "Syrup Cypon", "10ml", "3mday", "10day", "Advico:", "-Tako bod rost", "Eat nsy-to-dlgest food like boiled rice with dal", "-Stynydrated"], "confidence": [0.9463098049163818, 0.8390575647354126, 0.8858551979064941, 0.7807848453521729, 0.882969081401825, 0.948590099811554, 0.9291049838066101, 0.979745090007782, 0.9815905094146729, 0.9623180627822876, 0.8262873888015747, 0.863848865032196, 0.7529489994049072, 0.9403669238090515, 0.9310081005096436, 0.8665355443954468, 0.811162531375885, 0.8720644116401672, 0.8074597120285034, 0.8705056309700012, 0.8733134865760803, 0.8720644116401672, 0.9431176781654358, 0.9247161149978638, 0.7313879132270813, 0.8434519171714783, 0.970925509929657, 0.7913495898246765, 0.9325470328330994, 0.9527572989463806, 0.9505860805511475, 0.9658069610595703, 0.8066997528076172, 0.8399403691291809, 0.9288334846496582, 0.7415408492088318, 0.8857390284538269, 0.8979552388191223], "label": [1, 1, 1, 0, 0, 0, 0]}