{"text": ["XYZ Hospital", "123 tlealth Street,Wellness City", "Phone:+1-234.587-890", "PatlntNamx:GracoD", "4", "Doctor: Dr.Lao", "Medicine", "Dosuge", "Frequency", "Duration", "Tab Sumo cold", "10 tablets", "20ms day", "10days", "Tab Febrex plus", "10 tablets", "2 ums  doy", "7 days", "Tab Evion", "20 tblets", "2 tmes  day", "30 days", "Cup Co-lmmune", "20 toblets", "3tmes adey", "7 days", "TabCiplox500", "20 tablets", "3 tmesaday", "t4days", "Syrup", "Dosapo", "Froquoncy", "Duratlon", "Syrup TusQ dx", "Sml", "2timday", "14day", "Advico:", "-Tako tod rost", "Eat nsy-to-dlgest food like boiled dce with dal", "-Staytydrated"], "confidence": [0.9544302821159363, 0.843846321105957, 0.8465229868888855, 0.7701744437217712, 0.9781603217124939, 0.8884757161140442, 0.9286406636238098, 0.9375312328338623, 0.9838371276855469, 0.9629752039909363, 0.9163576364517212, 0.901634693145752, 0.7605679631233215, 0.9210941195487976, 0.9179319739341736, 0.8921223878860474, 0.7034355998039246, 0.8720644116401672, 0.9258222579956055, 0.9248446226119995, 0.719569206237793, 0.8833222985267639, 0.8393229842185974, 0.8743324279785156, 0.8477534055709839, 0.991462230682373, 0.950843334197998, 0.8863240480422974, 0.8482871055603027, 0.8406792283058167, 0.9747051000595093, 0.9054598808288574, 0.9624842405319214, 0.962416410446167, 0.9495112895965576, 0.9197258949279785, 0.7432094216346741, 0.7760825753211975, 0.9675191640853882, 0.7913121581077576, 0.89730304479599, 0.937537431716919], "label": [1, 0, 1, 0, 0, 0, 0]}