{"text": ["XYZ Hospital", "123 tlealth Street,Wellness City", "Phone:+1-234.587-890", "PatlantNamx:GrocoWlllams", "Apo:77", "Doctor: Dr. Millor", "Medicine", "Dosage", "Frequency", "Duration", "TabZole fcream", "5tablets", "20ms dey", "4duys", "Tab Clavum025", "20 tblets", "3 umes dey", "10days", "Cap Pan d", "5tablets", "3 tmesadey", "4days", "TabCombinam", "5tablets", "2 tms a day", "30 days", "Cap Cypon", "5 tablets", "2 tmes a duy", "10days", "Syrup", "Dosapo", "Froquoncy", "Duratlon", "Syrup Corox-dx", "Sml", "2timdy", "7day", "Advico:", "-Tako tod rost", "Eat nsy-to-digest food like boiled dce with dal", "-Stayhydrated"], "confidence": [0.9544928669929504, 0.8514718413352966, 0.8465229868888855, 0.8289861679077148, 0.7262139916419983, 0.9552932381629944, 0.9175625443458557, 0.9033363461494446, 0.9856641292572021, 0.9623180627822876, 0.8823711276054382, 0.9057856798171997, 0.7692691087722778, 0.9136894941329956, 0.8511881232261658, 0.9086169004440308, 0.7338784337043762, 0.9015160202980042, 0.9062197208404541, 0.885895848274231, 0.8391181230545044, 0.8935898542404175, 0.9307035803794861, 0.8669136762619019, 0.7680168747901917, 0.8853435516357422, 0.9610030651092529, 0.8480369448661804, 0.7506501078605652, 0.9213528037071228, 0.9747051000595093, 0.918595016002655, 0.9767853617668152, 0.910537838935852, 0.9769250750541687, 0.927854061126709, 0.8292061686515808, 0.8434621095657349, 0.9675191640853882, 0.8316531181335449, 0.89924156665802, 0.88934326171875], "label": [1, 1, 1, 0, 0, 0, 0]}