{"text": ["XYZ Hospital", "123 tlealth Street,Wellness City", "Phone:+1-234.587-890", "Patlant Namx:Jano Davs", ":30", "DoctorDr.Johnson", "Medicine", "Dosuge", "Frequency", "Duration", "Cap Pand", "10 tablets", "20ms day", "7 days", "Tab Alurocin 500", "20 tablets", "3 0ms dey", "$ days", "Tab Combinam", "20 tblets", "2 tmesa day", "14days", "Tab Pan d", "10 tablets", "2 tms a doy", "7 days", "TabCyciopam", "5tablets", "2tmesaday", "30 days", "Syrup", "Dosapo", "Froquoncy", "Duratlon", "SyrupGrillnctus tm", "Sml", "2timday", "14day", "Advico:", "-Tako tod rost", "Eat nsy-to-dlgest food like boiled dce with dal", "-Staytydrated"], "confidence": [0.9563817381858826, 0.8467555046081543, 0.8541738390922546, 0.821458637714386, 0.8873375058174133, 0.9621690511703491, 0.9286406636238098, 0.9375312328338623, 0.9838371276855469, 0.9564203023910522, 0.924538254737854, 0.8921223878860474, 0.7605679631233215, 0.8594018816947937, 0.7955188751220703, 0.9054545164108276, 0.7231447696685791, 0.9359393119812012, 0.9444980025291443, 0.9248446226119995, 0.7550585269927979, 0.8488211035728455, 0.9056241512298584, 0.8958706855773926, 0.7903292179107666, 0.8720644116401672, 0.9120470285415649, 0.9057856798171997, 0.8561273813247681, 0.8853435516357422, 0.9781457185745239, 0.8868209719657898, 0.9749724864959717, 0.8988408446311951, 0.9102516174316406, 0.9197258949279785, 0.7432094216346741, 0.7760825753211975, 0.9678854942321777, 0.7658414244651794, 0.9014807939529419, 0.8775733709335327], "label": [1, 1, 1, 0, 0, 0, 0]}