{"text": ["XYZ Hospital", "123 tlealth Street,Wellness City", "Phone:+1-234-587-890", "Patlont Nanx:Graco Whito", ":40", "Doctor: Dr.Lao", "Medicine", "Dosuge", "Frequency", "Duration", "Tab Allegra", "5 tablets", "20ms doy", "30 days", "Tab Neurobin Forte", "20tblets", "3tmesaday", "7 days", "Cap Cypon", "5 tablets", "3 tmes a duy", "30 duys", "TabCiplox500", "5tablets", "2 tms  doy", "10days", "Syrup", "Dosapo", "Froquancy", "Duratlon", "Syrup Brozodax", "Sml", "2 tmdoy", "14dy", "Advico:", "-Tako bod rost", "Eat nsy-to-dlgest food like boiled rice with dal", "-Stynydrated"], "confidence": [0.9534463286399841, 0.8484009504318237, 0.8794944882392883, 0.839715301990509, 0.8325653076171875, 0.9032083749771118, 0.9334665536880493, 0.979745090007782, 0.9821071624755859, 0.964890718460083, 0.8999242782592773, 0.863848865032196, 0.7529489994049072, 0.8676621317863464, 0.9418148398399353, 0.9516710042953491, 0.8034953474998474, 0.8767657279968262, 0.9455755949020386, 0.8758335113525391, 0.8568880558013916, 0.9196853041648865, 0.944150447845459, 0.8909797668457031, 0.7103807330131531, 0.9213528037071228, 0.9728748202323914, 0.7875345349311829, 0.935694694519043, 0.9347891807556152, 0.9870462417602539, 0.8684621453285217, 0.7310596704483032, 0.9139397740364075, 0.9288334846496582, 0.7142534255981445, 0.8857390284538269, 0.8986558318138123], "label": [1, 1, 1, 0, 0, 0, 0]}