{"text": ["XYZ Hospital", "123 tlealth Street,Wellness City", "Phone:+1-234-587-890", "Patlont Nanx:Davld Millor", "p:28", "Doctor:Dr.Patol", "Medicine", "Dosuge", "Frequency", "Duration", "TabCiplox 500", "10 tablets", "20ms dey", "5days", "Tab Dolo650", "10tablets", "2 um05  duy", "30 days", "TabClavum 25", "20 tablets", "2tmesa dey", "7 days", "Tab Dolonexdt", "5tablets", "2 tmesa day", "30 days", "Tab Cyciomeff", "5tablets", "2 tmes a duy", "5days", "Cap Zovirax", "5tablets", "2 tmesa dey", "t4days", "Syrup", "Dosago", "Froquoncy", "Durotlon", "Syrup TusQ-dx", "10ml", "2 tim doy", "5 days", "Syrup Zodox", "Sml", "2timday", "7day", "Advico:", "-Tako tod rst", "Eat nsy-to-digest food like boiled rice with dal", "-Stytydrated"], "confidence": [0.9542763829231262, 0.8380128741264343, 0.8889164924621582, 0.8352125287055969, 0.7335016131401062, 0.9443026781082153, 0.930323600769043, 0.9422492384910583, 0.9902750849723816, 0.965709924697876, 0.8814845681190491, 0.8778047561645508, 0.7692691087722778, 0.8627163171768188, 0.838893711566925, 0.9273074269294739, 0.7148935794830322, 0.8513266444206238, 0.8306382298469543, 0.8709948658943176, 0.7881771326065063, 0.8580665588378906, 0.9379197359085083, 0.9046000242233276, 0.805739164352417, 0.8513266444206238, 0.8365504741668701, 0.9079194068908691, 0.7704176902770996, 0.8520981669425964, 0.8706382513046265, 0.8909797668457031, 0.820049524307251, 0.8406792283058167, 0.988613486289978, 0.8496239185333252, 0.9466862082481384, 0.9339734315872192, 0.9391883015632629, 0.9702969789505005, 0.7873589992523193, 0.8219525814056396, 0.9223028421401978, 0.927854061126709, 0.7733154892921448, 0.8532044887542725, 0.9699703454971313, 0.7242653369903564, 0.9021574854850769, 0.9058265686035156], "label": [1, 1, 1, 0, 0, 0, 0]}