{"text": ["XYZ Hospital", "123 tlealth Street,Wellness City", "Phone:+1-234.587-890", "PatlntNamx:GracoSmith", "Ap:25", "DoctorDr.Johnson", "Medicine", "Dosuge", "Frequency", "Duration", "Tab Febrexplus", "10 tablets", "3mesday", "5 days", "Tab Neurobin Forte", "15tablets", "2 tms  duy", "30 days", "Tab Triz", "10 tablets", "2tmesaday", "7 days", "Tab Cyclopam", "t5tablets", "2 tms a day", "t4days", "Syrup", "Dosogo", "Froquoncy", "Duratlon", "Syrup Zodax", "Sml", "3tms doy", "7days", "Syrup Cypon", "Sml", "3timsday", "30dy", "Advico:", "-Tako bod rost", "Eat nsy-to-digest food like boiled dce with dal", "-Stayhydrated"], "confidence": [0.9544928669929504, 0.8483598232269287, 0.8465229868888855, 0.8218060731887817, 0.761734664440155, 0.9628114700317383, 0.9287360906600952, 0.9349806904792786, 0.9838371276855469, 0.964890718460083, 0.946690022945404, 0.901634693145752, 0.8170825242996216, 0.7393367886543274, 0.9362795352935791, 0.8927748799324036, 0.7418817281723022, 0.8663529753684998, 0.9694429636001587, 0.8921223878860474, 0.8519291281700134, 0.8767657279968262, 0.9095705151557922, 0.8862625360488892, 0.7687986493110657, 0.8406792283058167, 0.9747051000595093, 0.7991173267364502, 0.9034984111785889, 0.9370599985122681, 0.8622224926948547, 0.8684621453285217, 0.6595202684402466, 0.914350688457489, 0.9226115942001343, 0.9197258949279785, 0.7808237075805664, 0.9695253372192383, 0.967370867729187, 0.8230072855949402, 0.9078223705291748, 0.8757689595222473], "label": [1, 0, 1, 0, 0, 0, 0]}