{"text": ["XYZ Hospital", "123 tlealth Street,Wellness City", "Phone:+1-234.587-890", "Patlant Namx:Mla Smith", "p:5", "Doctor: Dr. Millor", "Medicine", "Dosuge", "Frequency", "Duration", "TabClvum 025", "20tblets", "3mesadoy", "7 days", "Tab Zole fcream", "20 tablets", "2 tmes  duy", "$ days", "Tab Dolo650", "20 tablets", "2tmesaduy", "10days", "Tab Dolonex dt", "10 tablets", "3 tmesa dey", "7days", "Syrup", "Dosago", "Froquoncy", "Duratlon", "Syrup Cypon", "10ml", "3tmsdoy", "10day", "SyrupZodax", "Sml", "3timsday", "5doy", "Advico:", "-Tako bod rost", "Eat nsy-to-digest food like boiled dce with dal", "-Stayhydrated"], "confidence": [0.9544651508331299, 0.8435166478157043, 0.8541738390922546, 0.834068238735199, 0.5828918814659119, 0.9718132019042969, 0.930323600769043, 0.9427713751792908, 0.9832303524017334, 0.9623180627822876, 0.8231716156005859, 0.9619661569595337, 0.7787086963653564, 0.8594018816947937, 0.8712989091873169, 0.9054545164108276, 0.681406557559967, 0.9359393119812012, 0.8533352017402649, 0.8932647705078125, 0.8510462641716003, 0.9239731431007385, 0.919459879398346, 0.8802648782730103, 0.7739810347557068, 0.9454089403152466, 0.9720994234085083, 0.8496239185333252, 0.9615113735198975, 0.9659328460693359, 0.989030122756958, 0.9410436153411865, 0.702323317527771, 0.7873427867889404, 0.8789871335029602, 0.9197258949279785, 0.7330020666122437, 0.7402545213699341, 0.967370867729187, 0.8130325675010681, 0.9078223705291748, 0.876471757888794], "label": [1, 0, 1, 0, 0, 0, 0]}