{"text": ["XYZ Hospital", "123 tlealth Street,Wellness City", "Phone:+1-234.587-890", "PatlantNamx:Llam Wilson", "p:28", "Doctor: Dr.Patol", "Medicine", "Dosuge", "Frequency", "Duration", "TabCiplox 500", "20 tblets", "20ms dey", "5 days", "Cap Co-Immune", "20 tablets", "2tmesa day", "30 days", "Tab Cyciomelf", "15tablets", "2 tmsa duy", "30 days", "Tab Allegra", "10tablets", "2tmesa dey", "30 days", "Tab Febrexplus", "5tablets", "2 tmes a duy", "10 days", "Tab Combiam", "10tablets", "2 tms a doy", "5 duys", "Syrup", "Dosago", "Froquoncy", "Duratlon", "Syrup Fobrox plus", "10ml", "2tmdoy", "30 dny", "Advico:", "-Tako tod rost", "Eat nsy-to-digest food like boiled dce with dnl", "-Stytydrated"], "confidence": [0.9556874632835388, 0.8406941890716553, 0.8589719533920288, 0.8421944379806519, 0.7335016131401062, 0.9598615765571594, 0.8984020948410034, 0.9427713751792908, 0.9788968563079834, 0.965709924697876, 0.9190240502357483, 0.9135541915893555, 0.7692691087722778, 0.7493965029716492, 0.8675644993782043, 0.9054545164108276, 0.7608886361122131, 0.8513266444206238, 0.8509308695793152, 0.8647039532661438, 0.7483718395233154, 0.8866694569587708, 0.8586145043373108, 0.9273074269294739, 0.8084509968757629, 0.8500292897224426, 0.9443443417549133, 0.9079194068908691, 0.7522758841514587, 0.8341116905212402, 0.9492425322532654, 0.9273074269294739, 0.8156778216362, 0.9175510406494141, 0.9703512191772461, 0.9641801714897156, 0.9633573889732361, 0.9885905981063843, 0.9931133389472961, 0.9717352390289307, 0.7237808108329773, 0.7926518321037292, 0.9678077101707458, 0.7672153115272522, 0.8581724166870117, 0.897269070148468], "label": [1, 1, 1, 0, 0, 0, 0]}