{"text": ["XYZ Hospital", "123 tlealth Street,Wellness City", "Phone:+1-234.587-890", "Patlant Namx:ChadloJohnson", "80", "Doctor: Dr.Patol", "Medicine", "Dosuge", "Frequency", "Duration", "Tab Pan d", "10tablets", "3umesa day", "10days", "Cap Dilanun", "15tablets", "2 ums  doy", "10days", "TabCiplox500", "5tablets", "3 tmesa day", "4days", "Tab Zole fcream", "10 tablets", "3 tmesa dey", "5 days", "TabCyclopam", "20 tablets", "2tmesaday", "30 days", "Syrup", "Dosapo", "Froquoncy", "Duratlon", "SyrupGrillnctus tm", "Sml", "2timday", "14day", "Advico:", "-Tako tod rost", "Eat nsy-to-dlgest food like boiled dce with dal", "-Stayhydrated"], "confidence": [0.9544928669929504, 0.8356792330741882, 0.8577502369880676, 0.8162426352500916, 0.8957566618919373, 0.9561673998832703, 0.9246234893798828, 0.9375312328338623, 0.9838371276855469, 0.9623180627822876, 0.9297789335250854, 0.9273074269294739, 0.8330917358398438, 0.9539411067962646, 0.9269456267356873, 0.9092390537261963, 0.7034355998039246, 0.9213528037071228, 0.9461559653282166, 0.9106838703155518, 0.7573702335357666, 0.9184122085571289, 0.8771246075630188, 0.901634693145752, 0.7729131579399109, 0.8051655292510986, 0.8919379711151123, 0.8863240480422974, 0.8561273813247681, 0.8867191672325134, 0.9747051000595093, 0.8934853076934814, 0.9749724864959717, 0.9654592275619507, 0.9081215262413025, 0.9197258949279785, 0.7432094216346741, 0.7760825753211975, 0.9678854942321777, 0.7801290154457092, 0.9014807939529419, 0.8786836266517639], "label": [1, 1, 1, 0, 0, 0, 0]}