{"text": ["XYZ Hospital", "123 tlealth Street,Wellness City", "Phone:+1-234.587-890", "PatlontNamx:Bob Brown", "Ap:53", "Doctor: Dr. Smith", "Medicine", "Dosage", "Frequency", "Duration", "Cap Zovirax", "15tablets", "3mesday", "7 duys", "Tab Pan d", "t5tablets", "3 ums doy", "4days", "Tab Zole fcream", "5tablets", "3 tmesadey", "5 days", "Tab Triz", "5tablets", "2tmesaday", "30 days", "Cap Colmmune", "20 tablets", "3 tmesaday", "5days", "Syrup", "Dosapo", "Froquoncy", "Duratlon", "Syrup Fobroxplus", "Sml", "3 tms doy", "4dy", "Syrup Grillnctus bm", "10ml", "2tims doy", "7days", "Advico:", "-Tako bod rost", "Eat nsy-to-digest food like boiled rice with dnl", "Stoy bydrated"], "confidence": [0.9547904133796692, 0.8410260081291199, 0.8575018644332886, 0.8793662786483765, 0.7789907455444336, 0.9686621427536011, 0.9307171702384949, 0.8897534012794495, 0.9788968563079834, 0.9564203023910522, 0.8637662529945374, 0.8913987278938293, 0.843670666217804, 0.8653728365898132, 0.8944833278656006, 0.8836497068405151, 0.7073218822479248, 0.8935898542404175, 0.8455599546432495, 0.9093613624572754, 0.8341437578201294, 0.7472350001335144, 0.9879308342933655, 0.8861472606658936, 0.8517458438873291, 0.8853435516357422, 0.8836908936500549, 0.8863240480422974, 0.8439608812332153, 0.8882506489753723, 0.9703512191772461, 0.7913495898246765, 0.9255363941192627, 0.9906432628631592, 0.883388340473175, 0.927854061126709, 0.7108118534088135, 0.962104082107544, 0.9698622822761536, 0.9616332650184631, 0.7010757923126221, 0.9038707613945007, 0.96775883436203, 0.7325636148452759, 0.8504207730293274, 0.806763768196106], "label": [1, 1, 1, 0, 0, 0, 0]}