{"text": ["XYZ Hospital", "123 tlealth Street,Wellness City", "Phone:+1-234-587-890", "Patlont Nanx:Mla Wlllams", ":02", "Doctor: Dr. Millor", "Medicine", "Dosage", "Frequency", "Duration", "TabNeurobin Forte", "5tablets", "3mes doy", "30 duys", "Tab Triz", "20 tablets", "2 m0s  duy", "10days", "Cup Cypon", "15tablets", "3 tmesa doy", "30 days", "Tab Cyciomelf", "5tablets", "3 tmes aday", "7 days", "Tab Sumo cold", "15tablets", "3 tmesaday", "5days", "Cap Pan d", "5tablets", "2 tmes a doy", "10days", "Syrup", "Dosago", "Froquoncy", "Duratlon", "Syrup Corox", "10ml", "3tims doy", "7days", "Syrup Corox-dx", "Sml", "2timday", "10day", "Advico:", "-Takoto rost", "Eat nsy-to-digest food like boiled rice with dal", "-Stytydrated"], "confidence": [0.9506051540374756, 0.8384838700294495, 0.8921415209770203, 0.786782443523407, 0.6712973713874817, 0.9629738330841064, 0.9259157180786133, 0.9033363461494446, 0.9852608442306519, 0.964890718460083, 0.9534422755241394, 0.901167631149292, 0.7750561833381653, 0.9137939810752869, 0.9181328415870667, 0.8709948658943176, 0.7353242039680481, 0.8654675483703613, 0.9033001661300659, 0.8647039532661438, 0.7852831482887268, 0.8518379926681519, 0.8552063703536987, 0.9046000242233276, 0.8307840824127197, 0.861883819103241, 0.9234053492546082, 0.8647039532661438, 0.8309677243232727, 0.8520981669425964, 0.9697298407554626, 0.8909797668457031, 0.8046655058860779, 0.924377977848053, 0.988613486289978, 0.8496239185333252, 0.9466862082481384, 0.9893155694007874, 0.8918397426605225, 0.9702969789505005, 0.7260931730270386, 0.8676953315734863, 0.9718355536460876, 0.927854061126709, 0.8162146806716919, 0.817059338092804, 0.9699703454971313, 0.721738874912262, 0.9021574854850769, 0.904712438583374], "label": [1, 1, 1, 0, 0, 0, 0]}