{"text": ["XYZ Hospital", "123 tlealth Street,Wellness City", "Phone:+1-234.587-890", "Patlant Namx:Graco Millr", ":48", "DoctorDr.Johnson", "Medicine", "Dosuge", "Frequency", "Duration", "TabNeurobin Forte", "15tablets", "3mesday", "4duys", "Tab Pan d", "5tablets", "3 tmes duy", "5days", "Cap Dilanun", "t5tablets", "3 tmesaday", "5 days", "TabAllegra", "t5tablets", "3 tmesa dey", "10days", "Syrup", "Dosago", "Froquancy", "Duratlon", "Syrup Fobrox plus", "Sml", "3tm doy", "5 days", "SyrupTusdx", "Sml", "2timday", "14dy", "Advico:", "-Tako tod rost", "Eat nsy-to-dlgest food like boiled dce with dal", "-Stayhydrated"], "confidence": [0.9544928669929504, 0.8478810787200928, 0.8465229868888855, 0.8313121795654297, 0.761138379573822, 0.9535832405090332, 0.9142245054244995, 0.975483238697052, 0.9838371276855469, 0.9622949361801147, 0.9506242275238037, 0.8927748799324036, 0.8170825242996216, 0.9136894941329956, 0.9056241512298584, 0.895728349685669, 0.7485857605934143, 0.8343985676765442, 0.9056901335716248, 0.8511607646942139, 0.8535230755805969, 0.7885099053382874, 0.9696915745735168, 0.8862625360488892, 0.7729131579399109, 0.948091983795166, 0.9728748202323914, 0.8496239185333252, 0.8445901274681091, 0.8827411532402039, 0.9902052879333496, 0.8684621453285217, 0.7329906821250916, 0.8145861029624939, 0.9010220766067505, 0.9197258949279785, 0.7986935377120972, 0.8365260362625122, 0.9671358466148376, 0.8077505826950073, 0.9072743058204651, 0.8862071633338928], "label": [1, 1, 1, 0, 0, 0, 0]}