{"text": ["XYZ Hospital", "123 tlealth Street,Wellness City", "Phone:+1-234.587-890", "Patlant Namx:John Wilson", "p:78", "Doctor: Dr.Lao", "Medicine", "Dosuge", "Frequency", "Duration", "Tab Cetine", "5 tablets", "3 mesdey", "4days", "Tab Evion", "t5tablets", "20mes dey", "30 days", "TabCiplox500", "20 tblets", "3tmes day", "7 days", "Cap Colmmune", "5tablets", "3tmesaday", "5days", "Tab Cyciomelf", "20 tablets", "2tmesaday", "7days", "Syrup", "Dosapo", "Froquancy", "Duratlon", "Syrup Fobroxplus", "10ml", "2mdoy", "7day", "Syrup Corox-dx", "10ml", "2tims doy", "30days", "Advico:", "-Tako tod rost", "Eat ensy-to-digest food like boiled rice with dnl", "Stoytydrated"], "confidence": [0.9547904133796692, 0.8416517972946167, 0.8589719533920288, 0.8631934523582458, 0.7697516679763794, 0.8978263735771179, 0.930323600769043, 0.979745090007782, 0.9829168319702148, 0.9629752039909363, 0.9230082631111145, 0.8705056309700012, 0.8015594482421875, 0.9249300956726074, 0.9279268980026245, 0.8534514904022217, 0.7744828462600708, 0.8853435516357422, 0.9340296387672424, 0.9248446226119995, 0.8064771294593811, 0.8767657279968262, 0.8986110091209412, 0.8878754377365112, 0.8878806829452515, 0.8882506489753723, 0.8464289307594299, 0.8863240480422974, 0.8577829003334045, 0.9444330930709839, 0.9703512191772461, 0.9139150977134705, 0.8954519629478455, 0.9921525120735168, 0.8657676577568054, 0.9483411312103271, 0.7373758554458618, 0.8483083248138428, 0.9816890954971313, 0.9150266051292419, 0.7041686773300171, 0.9183411002159119, 0.96775883436203, 0.7183167338371277, 0.844878613948822, 0.8652937412261963], "label": [1, 1, 1, 0, 0, 0, 0]}