{"text": ["XYZ Hospital", "123 tlealth Street,Wellness City", "Phone:+1-234-587-890", "Patlont Namx:Llam Wilson", ":30", "Doctor:Dr.Smith", "Medidine", "Dosuge", "Frequency", "Duration", "Tab Pan d", "20tblets", "20ms dey", "5days", "Cap Dilanun", "5tablets", "3 umes doy", "4duys", "TabDolo650", "5tablets", "2mes aday", "4duys", "Cap Colmmune", "10tablets", "3 tmes aday", "4duys", "Tab Trz", "15tablets", "3 tmesaday", "10days", "TabNeurobin Forte", "5tablets", "2 tmesa dey", "10days", "Syrup", "Dosago", "Froquoncy", "Duratlon", "Syrup Corox", "Sml", "3tims doy", "30 day", "Syrup Corox-dx", "10ml", "3timsday", "5days", "Advico:", "-Tako tod rst", "Eat nsy-to-digest food like boiled rice with dal", "-Stytydrated"], "confidence": [0.9542174935340881, 0.8376824259757996, 0.8926750421524048, 0.816138744354248, 0.8133759498596191, 0.9387941360473633, 0.9102709293365479, 0.9427713751792908, 0.9902750849723816, 0.964890718460083, 0.9158036112785339, 0.9145114421844482, 0.7692691087722778, 0.8641525506973267, 0.9008195400238037, 0.8909797668457031, 0.7165395617485046, 0.9136894941329956, 0.8897380828857422, 0.916618824005127, 0.7745811939239502, 0.9136894941329956, 0.8708350658416748, 0.9247161149978638, 0.8281913995742798, 0.9136894941329956, 0.9231915473937988, 0.8647039532661438, 0.8439608812332153, 0.8654675483703613, 0.9599918127059937, 0.8909797668457031, 0.8406233191490173, 0.9213528037071228, 0.9882689714431763, 0.8496239185333252, 0.9466862082481384, 0.9893155694007874, 0.8918397426605225, 0.860496461391449, 0.732460081577301, 0.7946118712425232, 0.9718355536460876, 0.9357630014419556, 0.7865440845489502, 0.7154484987258911, 0.9699703454971313, 0.7242653369903564, 0.9021574854850769, 0.9058265686035156], "label": [1, 1, 1, 0, 0, 0, 0]}