{"text": ["XYZ Hospital", "123 tlealth Street,Wellness City", "Phone:+1-234-587-890", "Patlont Namx:Llam Wilson", ":42", "Doctor:Dr.Johnson", "Medicine", "Dosuge", "Frequency", "Duration", "Tab Cetine", "10tablets", "3mesday", "t4 days", "Tab Zole fcream", "10 tablets", "3umesaday", "30 days", "TabFebrexplus", "15tablets", "3 tmesaday", "10 days", "Tab Sumo cold", "t5tablets", "3 tmesa dey", "10days", "Syrup", "Dosago", "Froquancy", "Duration", "Syrup Grillnctus tm", "10ml", "2 tim doy", "10day", "Advico:", "-Tako tod rost", "Eat nsy-to-dlgest food like boiled rice with dal", "-Stynydrated"], "confidence": [0.9555370807647705, 0.8382701873779297, 0.8926750421524048, 0.8166182637214661, 0.812186062335968, 0.9727823734283447, 0.9233118295669556, 0.9054610133171082, 0.9838311672210693, 0.9623180627822876, 0.9138100743293762, 0.9273074269294739, 0.8329204320907593, 0.9380125999450684, 0.8799550533294678, 0.9107781648635864, 0.8502472639083862, 0.8853435516357422, 0.9755932688713074, 0.8927748799324036, 0.8493043780326843, 0.8690416216850281, 0.9051342010498047, 0.8856318593025208, 0.8120609521865845, 0.9213528037071228, 0.9728748202323914, 0.9191999435424805, 0.9371910095214844, 0.9527572989463806, 0.9906638264656067, 0.9658069610595703, 0.81327223777771, 0.8306410908699036, 0.9288334846496582, 0.7285634279251099, 0.8857390284538269, 0.8869009613990784], "label": [1, 0, 1, 0, 0, 0, 0]}