{"text": ["XYZ Hospital", "123 tlealth Street,Wellness City", "Phone:+1-234.587-890", "PatlntNam:GrcoRo", "p:22", "Doctor: Dr. Smith", "Medicine", "Dosuge", "Frequency", "Duration", "Tab Trtz", "10tablets", "20ms dey", "7 days", "Tab Sumo cold", "5tablets", "20mes dey", "30 days", "Tab Neurobin Forte", "10tablets", "3 tmesaday", "7 days", "Cap Dilanun", "10 tablets", "2 tmesa dey", "5 days", "Cap Cypon", "10 tablets", "3 tmesaday", "30 days", "Syrup", "Dosago", "Froquoncy", "Duratlon", "Syrup Fobrxplus", "Sml", "2timdy", "14day", "Advico:", "-Tako tod rost", "Eat nsy-to-dlgest food like boiled dce with dal", "-Stayhydrated"], "confidence": [0.9549444317817688, 0.843846321105957, 0.8465229868888855, 0.7977313995361328, 0.7705976963043213, 0.9480627775192261, 0.930323600769043, 0.9349806904792786, 0.9838371276855469, 0.965709924697876, 0.788279116153717, 0.9273074269294739, 0.7692691087722778, 0.9877565503120422, 0.9168466925621033, 0.8716651201248169, 0.7744828462600708, 0.8867191672325134, 0.9445422291755676, 0.9247161149978638, 0.8129498362541199, 0.8767657279968262, 0.9464069604873657, 0.901634693145752, 0.8118886351585388, 0.8334064483642578, 0.9242464900016785, 0.901634693145752, 0.8439608812332153, 0.8853435516357422, 0.9720994234085083, 0.9117240309715271, 0.9749724864959717, 0.8988408446311951, 0.8471513390541077, 0.9197258949279785, 0.8283358216285706, 0.7760825753211975, 0.9687759280204773, 0.8006833791732788, 0.9014807939529419, 0.8779224157333374], "label": [1, 1, 1, 0, 0, 0, 0]}