{"text": ["XYZ Hospital", "123 tlealth Street,Wellness City", "Phone:+1-234.587-890", "Patlant Namxo:John Willlams", ":1", "Doctor: Dr.Lo", "Medicine", "Dosuge", "Frequency", "Duration", "TabCyciomeff", "20 tblets", "20ms doy", "4duys", "Cap Colmmune", "20 tablets", "2tmesa duy", "5days", "TabClavum 025", "t5tblets", "3 tmesaday", "10days", "Cap Omez", "t5tablets", "2 tmes a doy", "7days", "Syrup", "Dosago", "Froquoncy", "Duratlon", "Syrup TusQ dx", "Sml", "2 tm doy", "14 day", "SyrupTusx", "10ml", "2timday", "5day", "Advico:", "-Tako tod rost", ".Eat nsy-to-digest food like boiled rice with dal", "-Staytydrated"], "confidence": [0.9544302821159363, 0.8381394147872925, 0.8577502369880676, 0.8397259712219238, 0.7187851667404175, 0.9265617728233337, 0.9286406636238098, 0.9427713751792908, 0.9838371276855469, 0.9622949361801147, 0.8749597072601318, 0.9135541915893555, 0.7707927227020264, 0.9136894941329956, 0.8802114129066467, 0.9054545164108276, 0.7795726656913757, 0.8343985676765442, 0.8312499523162842, 0.9061143398284912, 0.8464710116386414, 0.9106375575065613, 0.8507652282714844, 0.8862625360488892, 0.770778238773346, 0.9421157836914062, 0.9720994234085083, 0.8496239185333252, 0.9034984111785889, 0.9520479440689087, 0.9846747517585754, 0.8684621453285217, 0.7138250470161438, 0.7830430865287781, 0.8737691640853882, 0.911413848400116, 0.7565017938613892, 0.7321327924728394, 0.9678854942321777, 0.8092294335365295, 0.8985157608985901, 0.9258518218994141], "label": [1, 1, 1, 0, 0, 0, 0]}