{"text": ["XYZ Hospital", "123 tlealth Street,Wellnes City", "Phone:+1-234.587-890", "Patlont Namx:Mla Millor", "Ap:51", "Doctor: Dr. Smith", "Medicine", "Dosuge", "Frequency", "Duration", "Tab Cetine", "10tablets", "3mesday", "5 days", "Tab Dolo 650", "5tablets", "2tmesa duy", "7 days", "Tab Dolonex dt", "15tablets", "2 tmes a duy", "7 duys", "Cap Dilanun", "5tablets", "3 tmesaday", "30 days", "Cap Zovirax", "20 tblets", "2 umes a duy", "7days", "Tab Trz", "20 tablets", "3 tmesa dey", "7 days", "Syrup", "Dosago", "Froquoncy", "Duratlon", "Syrup Fobrox plus", "10ml", "3tms doy", "30 dny", "Advico:", "-Tako tod rost", "Eat nsy-to-digest food like boiled dce with dnl", "Stoybydrated"], "confidence": [0.95210862159729, 0.8523237705230713, 0.8575018644332886, 0.8249833583831787, 0.7541440725326538, 0.9401914477348328, 0.930323600769043, 0.9422492384910583, 0.9790523052215576, 0.965709924697876, 0.9242820739746094, 0.9273074269294739, 0.8442182540893555, 0.7523592114448547, 0.8189396262168884, 0.9046000242233276, 0.7795726656913757, 0.8401936888694763, 0.9189965128898621, 0.8671495914459229, 0.7253734469413757, 0.9738168716430664, 0.8826392889022827, 0.9046000242233276, 0.8438262939453125, 0.8867191672325134, 0.8877450823783875, 0.9003804326057434, 0.7368073463439941, 0.9485983848571777, 0.9231915473937988, 0.8797799944877625, 0.783704936504364, 0.8404199481010437, 0.9720994234085083, 0.958836555480957, 0.8976813554763794, 0.9885905981063843, 0.9932650327682495, 0.9717352390289307, 0.7210977077484131, 0.7926518321037292, 0.9678077101707458, 0.7849678993225098, 0.8581724166870117, 0.8402068614959717], "label": [1, 1, 1, 0, 0, 0, 0]}