{"text": ["XYZ Hospital", "123 tlealth Street,Wellness City", "Phone:+1-234-587-890", "Patlant Nanx:Jano Millor", "Ap:59", "Doctor: Dr. Millor", "Medicine", "Dosage", "Frequency", "Duration", "Tab Cyciopum", "20 tblets", "20ms doy", "10 days", "Cap Zovirax", "5tablets", "3tmesaday", "5days", "Tab Pan d", "20 tablets", "3 tmes a duy", "30 duys", "Tab Cetine", "20 tblets", "3 tmesadey", "5 days", "Syrup", "Dosago", "Froquancy", "Duration", "Syrup Cypon", "10ml", "2 tim doy", "30day", "Advico:", "-Takoto rost", "Eat nsy-to-dlgest food like boiled rice with dal", "-Stynydrated"], "confidence": [0.9440207481384277, 0.8450579047203064, 0.888440728187561, 0.8451828956604004, 0.660327136516571, 0.9562470316886902, 0.954825758934021, 0.8897534012794495, 0.9788968563079834, 0.9623180627822876, 0.8615341186523438, 0.9135541915893555, 0.7520666718482971, 0.9543588757514954, 0.8877450823783875, 0.8909797668457031, 0.8145215511322021, 0.8691898584365845, 0.899977445602417, 0.8967920541763306, 0.8619096875190735, 0.9196853041648865, 0.9159574508666992, 0.9086169004440308, 0.7121106386184692, 0.8334064483642578, 0.9728748202323914, 0.9117240309715271, 0.9354243874549866, 0.9527572989463806, 0.9513744711875916, 0.9658069610595703, 0.7394269704818726, 0.8759253621101379, 0.9288334846496582, 0.7066717147827148, 0.8857390284538269, 0.8974366784095764], "label": [1, 1, 1, 0, 0, 0, 0]}