{"text": ["XYZ Hospital", "123 tlealth Street,Wellness City", "Phone:+1-234.587-890", "Patlant Namx:AllcoJohnson", "p:72", "DoctorDr.Johnson", "Medicine", "Dosuge", "Frequency", "Duration", "Tab Combinam", "10 tablets", "3mesday", "7 days", "Tab Zole fcream", "20 tablets", "3 tmes duy", "t4duys", "TabCiplox500", "15tablets", "2tmesaday", "7days", "Tab Febrexplus", "10tablets", "2 tmes a day", "30 days", "Syrup", "Dosapo", "Froquancy", "Duratlon", "Syrup Corox-dx", "Sml", "2 tm day", "5days", "SyrupTusx", "10ml", "2timday", "10day", "Advico:", "-Tako tod rost", "Eat nsy-to-digest food like boiled rice with dal", "-Stayhydrated"], "confidence": [0.951866626739502, 0.8402663469314575, 0.8577502369880676, 0.8603537678718567, 0.7708295583724976, 0.9631726741790771, 0.930323600769043, 0.9422492384910583, 0.9832684397697449, 0.955414891242981, 0.9427878260612488, 0.9054509997367859, 0.8444523215293884, 0.8594018816947937, 0.8771246075630188, 0.951664924621582, 0.7478808164596558, 0.8104643225669861, 0.9448626041412354, 0.8913176655769348, 0.8486940264701843, 0.9236086010932922, 0.9465674161911011, 0.9247161149978638, 0.7432286143302917, 0.8867191672325134, 0.9720994234085083, 0.8093938827514648, 0.9298281073570251, 0.9490550756454468, 0.9810587167739868, 0.8684621453285217, 0.7165777087211609, 0.8852624893188477, 0.8738195896148682, 0.9165780544281006, 0.8062326312065125, 0.7979649305343628, 0.9678854942321777, 0.7862769961357117, 0.9073290824890137, 0.8786836266517639], "label": [1, 0, 1, 0, 0, 0, 0]}