{"text": ["XYZ Hospital", "123 tlealth Street,Wellness City", "Phone:+1-234.587-890", "PatlantNamx:Bob Wllams", ":30", "Doctor: Dr. Millor", "Medicine", "Dosuge", "Frequency", "Duration", "Tab Dolonex dt", "15tablets", "20ms doy", "7 days", "Tab Zole fcream", "10 tablets", "2tmesa duy", "$ days", "Tab Cyciomeff", "5tablets", "3 tmesaday", "5days", "Cap Cypon", "10tablets", "2 tm5 a doy", "30 days", "Syrup", "Dosapo", "Froquancy", "Duration", "Syrup TusQx", "10ml", "3tm doy", "30 day", "Syrup Fobroxplus", "Sml", "2timday", "5doy", "Advico:", "-Tako tod rost", "Eat nsy-to-dlgest food like boiled dce with dal", "-Stayhydrated"], "confidence": [0.9544651508331299, 0.8471758365631104, 0.8577502369880676, 0.8030712604522705, 0.8873375058174133, 0.9685773849487305, 0.9286406636238098, 0.9420654773712158, 0.9838371276855469, 0.9623180627822876, 0.9138335585594177, 0.8910351991653442, 0.7707927227020264, 0.861883819103241, 0.8712989091873169, 0.8921223878860474, 0.7795726656913757, 0.9359393119812012, 0.8392348885536194, 0.8878754377365112, 0.8464710116386414, 0.8701895475387573, 0.9558568596839905, 0.9247161149978638, 0.737241804599762, 0.8853435516357422, 0.9720994234085083, 0.8093938827514648, 0.9061452150344849, 0.9552180767059326, 0.9398233294487, 0.9410436153411865, 0.7214878797531128, 0.8036548495292664, 0.8158212900161743, 0.9197258949279785, 0.7565017938613892, 0.7402545213699341, 0.9688101410865784, 0.8235440850257874, 0.9003587961196899, 0.880672037601471], "label": [1, 1, 1, 0, 0, 0, 0]}