{"text": ["XYZ Hospital", "123 tlealth Street,Wellness City", "Phone:+1-234-587-890", "Patlont Namx:Llam Smith", ":47", "Doctor: Dr. Millor", "Medicine", "Dosuge", "Frequency", "Duration", "Tab Trz", "15tablets", "20ms dey", "4duys", "Tab Combinam", "15tablets", "2 um05  duy", "5days", "Tab Zole fcreum", "15tablets", "3tmesaday", "30 days", "TabAlurocin 500", "10tablets", "2 tmesa day", "4duys", "TabDolo650", "15tablets", "2 tmes a duy", "10days", "Cap Omez", "15tablets", "3 tmesa dey", "4days", "Syrup", "Dosapo", "Froquoncy", "Durotlon", "Syrup TusQ dx", "Sml", "2 tim doy", "14days", "Syrup Brozodax", "10ml", "3timsday", "10day", "Advico:", "-Tako tod rost", "Eat nsy-to-digest food like boiled rice with dnl", "-Stytydrated"], "confidence": [0.9555370807647705, 0.8437840342521667, 0.887356162071228, 0.8063653707504272, 0.8488302230834961, 0.9590862989425659, 0.8989495038986206, 0.9427713751792908, 0.9902750849723816, 0.9618746042251587, 0.911919116973877, 0.8647039532661438, 0.7692691087722778, 0.9136894941329956, 0.913978099822998, 0.9037178754806519, 0.7148935794830322, 0.8520981669425964, 0.8442842960357666, 0.8647039532661438, 0.8563566207885742, 0.8479889631271362, 0.7879671454429626, 0.9273074269294739, 0.805739164352417, 0.9136894941329956, 0.877515971660614, 0.8647039532661438, 0.7704176902770996, 0.8654675483703613, 0.9003946781158447, 0.8990643620491028, 0.8194018006324768, 0.9184122085571289, 0.988613486289978, 0.8240053653717041, 0.9466862082481384, 0.9339734315872192, 0.9477811455726624, 0.9028758406639099, 0.7873589992523193, 0.8673887848854065, 0.9598066210746765, 0.9357630014419556, 0.7849414348602295, 0.8244808912277222, 0.9210488200187683, 0.7723420858383179, 0.8472199440002441, 0.9149386882781982], "label": [1, 1, 1, 0, 0, 0, 0]}