{"text": ["XYZ Hospital", "123 tlealth Street,Wellness City", "Phone:+1-234.587-890", "Patlant Namx:Llam Millor", "p:70", "Doctor: Dr.Johnson", "Medicine", "Dosuge", "Frequency", "Duration", "Cap Dilanun", "20 tblets", "3mesday", "10duys", "Cap Pan d", "20 tablets", "3 umes dey", "10days", "TabClavum 25", "15tablets", "2tmes day", "30 days", "Tab Sumo cold", "10 tablets", "3tmesaday", "t4days", "Tab Dolonex dt", "10 tablets", "2tmesaday", "30 days", "Syrup", "Dosapo", "Froquancy", "Duratlon", "Syrup TusQ-dx", "Sml", "2tmdoy", "14dy", "Syrup Cypon", "10ml", "2tims doy", "10dny", "Advico:", "-Tako to rst", "Eat nsy-to-digest food like boiled rice with dnl", "Stoytydrated"], "confidence": [0.9476857781410217, 0.8474778532981873, 0.8575018644332886, 0.8449228405952454, 0.782950758934021, 0.9714476466178894, 0.8984020948410034, 0.9427713751792908, 0.9788968563079834, 0.9623180627822876, 0.8980823159217834, 0.9135541915893555, 0.8458738923072815, 0.9152160286903381, 0.9094559550285339, 0.9054545164108276, 0.7338784337043762, 0.9012412428855896, 0.8493459224700928, 0.8927748799324036, 0.7530199289321899, 0.8765208125114441, 0.8883962035179138, 0.901634693145752, 0.8878806829452515, 0.8510770797729492, 0.9242028594017029, 0.901634693145752, 0.8577829003334045, 0.8853435516357422, 0.9703512191772461, 0.9054598808288574, 0.8946319222450256, 0.9472008943557739, 0.9553414583206177, 0.9197258949279785, 0.7434632182121277, 0.8365260362625122, 0.9898498058319092, 0.94232577085495, 0.7041686773300171, 0.7591055631637573, 0.9687759280204773, 0.7348210215568542, 0.8504207730293274, 0.871784508228302], "label": [1, 1, 1, 0, 0, 0, 0]}