{"text": ["XYZ Hospital", "123 tlealth Street,Wellness City", "Phone:+1-234-587-890", "Patlont Nanx:Charlo Whito", "Ap:52", "Doctor:Dr.Patol", "Medicine", "Dosage", "Frequency", "Duration", "Cap CoImmune", "20tblets", "3mesday", "30 days", "Tab Sumo cold", "20 tablets", "2tmesa day", "7 days", "Tab Cyciomelf", "S tablets", "3 tmes a duy", "30 duys", "Cap Omez", "20 tablets", "2 tm5 a day", "30 days", "Syrup", "Dosago", "Froquancy", "Duratlon", "Syrup Corox-dx", "Sml", "2 tm doy", "7days", "Advico:", "-Takoorst", "Eat nsy-to-dlgest food like boiled rice with dal", "-Stynydrated"], "confidence": [0.9470725655555725, 0.8392246961593628, 0.8857169151306152, 0.8468782305717468, 0.7315886616706848, 0.9429470896720886, 0.9307171702384949, 0.8897534012794495, 0.9772398471832275, 0.964890718460083, 0.9358341693878174, 0.9619482755661011, 0.8427371978759766, 0.8676621317863464, 0.9160088896751404, 0.9054545164108276, 0.7839653491973877, 0.8720644116401672, 0.8432543873786926, 0.8312456011772156, 0.8485350012779236, 0.9196853041648865, 0.9029366970062256, 0.8983814120292664, 0.7424795627593994, 0.8500292897224426, 0.970925509929657, 0.9191999435424805, 0.936258852481842, 0.8827411532402039, 0.9694970846176147, 0.9028758406639099, 0.7287695407867432, 0.8686076402664185, 0.9288334846496582, 0.7230888605117798, 0.8857390284538269, 0.8980219960212708], "label": [1, 1, 1, 0, 0, 0, 0]}