{"text": ["XYZ Hospital", "123 tlealth Street,Wellness City", "Phone:+1-234.587-890", "Patlant Namx:Charlo Whito", "p:45", "Doctor: Dr.Lao", "Medicine", "Dosage", "Frequency", "Duration", "Cap Cypon", "20 tblets", "20ms doy", "10 days", "Tab Trz", "20 tablets", "20mes dey", "7 days", "TabAluhrodn 500", "15tablets", "2mes aday", "30 duys", "Tab Zole fcreum", "20 tablets", "3tmes aday", "10days", "Tab Neurobin Forte", "15tablets", "3 tmesaday", "4duys", "TabFebrexplus", "15tablets", "3 tmesa dey", "10days", "Syrup", "Dosago", "Froquoncy", "Duratlon", "Syrup Cypon", "Sml", "3tms doy", "5 days", "Advico:", "-Tako to rost", "Eat nsy-to-digest food like boiled dce with dnl", "Stoytydrated"], "confidence": [0.9476857781410217, 0.8392246961593628, 0.8581722378730774, 0.8473230004310608, 0.7807413339614868, 0.8978263735771179, 0.9093684554100037, 0.9033363461494446, 0.9790523052215576, 0.9623180627822876, 0.9232980012893677, 0.9003804326057434, 0.7523245811462402, 0.9548414945602417, 0.8565524220466614, 0.8967920541763306, 0.7364528775215149, 0.861883819103241, 0.7535038590431213, 0.8647039532661438, 0.7745811939239502, 0.9137939810752869, 0.8485156893730164, 0.8709948658943176, 0.8595724105834961, 0.8628065586090088, 0.9522820711135864, 0.8647039532661438, 0.8478784561157227, 0.9083743095397949, 0.9692736268043518, 0.8990643620491028, 0.7711530923843384, 0.9213528037071228, 0.9719002842903137, 0.958836555480957, 0.942815363407135, 0.9410247206687927, 0.9840652942657471, 0.9028758406639099, 0.7066380381584167, 0.7886900901794434, 0.9678854942321777, 0.7480148077011108, 0.861255407333374, 0.856630802154541], "label": [1, 1, 1, 0, 0, 0, 0]}