{"text": ["XYZ Hospital", "123 tlealth Street,Wellness City", "Phone:+1-234.587-890", "Patlant Namx:Mla Smith", ":44", "Doctor: Dr. Patol", "Medicine", "Dosuge", "Frequency", "Duration", "TabCyciomelf", "10tablets", "3mesday", "7 duys", "Tab Zole fcreum", "5tablets", "2tmesa day", "30 days", "TabCiplox500", "15tablets", "2 tmes aduy", "5 days", "Tab Pan d", "5tablets", "3 tmesaday", "10days", "Tab Cetine", "15tablets", "3 tmesaday", "5days", "Cup Cypon", "10tablets", "2 tms a doy", "$ days", "Syrup", "Dosago", "Froquoncy", "Duratlon", "Syrup Cypon", "10ml", "3tms doy", "30 dny", "Advico:", "-Tako tod rost", "Eat nsy-to-digest food like boiled dce with dnl", "Stoytydrated"], "confidence": [0.95210862159729, 0.8440488576889038, 0.8531273007392883, 0.8346542716026306, 0.8580889701843262, 0.9397398233413696, 0.9286406636238098, 0.9422492384910583, 0.9790523052215576, 0.964890718460083, 0.8674426674842834, 0.9273074269294739, 0.8458738923072815, 0.9828178286552429, 0.8863781094551086, 0.9046000242233276, 0.7703806161880493, 0.8513266444206238, 0.9315707087516785, 0.8671495914459229, 0.7483043074607849, 0.7493965029716492, 0.8963916301727295, 0.9046000242233276, 0.8438262939453125, 0.8654675483703613, 0.9438446164131165, 0.8647039532661438, 0.8289969563484192, 0.8520981669425964, 0.9416331052780151, 0.9273074269294739, 0.810215175151825, 0.9325768351554871, 0.9719002842903137, 0.958836555480957, 0.8976813554763794, 0.9559439420700073, 0.9506130814552307, 0.9717352390289307, 0.7066380381584167, 0.7926518321037292, 0.9678854942321777, 0.7538960576057434, 0.861255407333374, 0.856630802154541], "label": [1, 0, 1, 0, 0, 0, 0]}