{"text": ["XYZ Hospital", "123 tlealth Street,Wellness City", "Phone:+1-234.587-890", "Patlont Namx:Mla D", ":30", "Doctor: Dr. Tumor", "Medicine", "Dosage", "Frequency", "Duration", "Tab Zole fcream", "5 tablets", "3mesa duy", "14duys", "Tab Triz", "15tablets", "20mes dey", "30 days", "Tab Clavum025", "15tablets", "3 tmesa doy", "10 duys", "Tab Cyciomeff", "10tablets", "2tmesa dey", "30 days", "Tab Febrexplus", "15tablets", "2 tmes a duy", "7 days", "Cap Zovirax", "5tablets", "3 tmesa dey", "7 days", "Syrup", "Dosago", "Froquoncy", "Duratlon", "Syrup Brozodax", "10ml", "3tms doy", "5 day", "Advico:", "-Tako tod rost", "Eat nsy-to-digest food like boiled dce with dnl", "Stoytydrated"], "confidence": [0.9523743987083435, 0.8392246961593628, 0.8581722378730774, 0.7959071397781372, 0.8133759498596191, 0.9710124731063843, 0.954825758934021, 0.8897534012794495, 0.98100346326828, 0.9629752039909363, 0.8626059293746948, 0.887381374835968, 0.7645907998085022, 0.8650357723236084, 0.9925441741943359, 0.8647039532661438, 0.7428823113441467, 0.8513266444206238, 0.8635515570640564, 0.8647039532661438, 0.7852831482887268, 0.8863319754600525, 0.8590694069862366, 0.9273074269294739, 0.8084509968757629, 0.8853435516357422, 0.9445061087608337, 0.8647039532661438, 0.7522758841514587, 0.8720644116401672, 0.8244205713272095, 0.8909797668457031, 0.783811628818512, 0.991462230682373, 0.9720994234085083, 0.9641801714897156, 0.9524527788162231, 0.9843534231185913, 0.9615684151649475, 0.9717352390289307, 0.7066380381584167, 0.8135870099067688, 0.9667397141456604, 0.7691457867622375, 0.8598954081535339, 0.871784508228302], "label": [1, 1, 1, 0, 0, 0, 0]}