{"text": ["XYZ Hospital", "123 tlealth Street,Wellness City", "Phone:+1-234.587-890", "PatlntNam:Allco R", "Ap:33", "Doctor: Dr. Tumor", "Medicine", "Dosuge", "Frequency", "Duration", "TabCiplox500", "5 tablets", "3mesaduy", "4duys", "Tab Cyciopam", "15tablets", "20mesa day", "5days", "Tab Triz", "15tablets", "2 tmes duy", "30 duys", "Tab Sumo cold", "20 tablets", "2tmesaday", "7 days", "Cap Pan d", "10tablets", "3 tmesaday", "10days", "Tab Zole fcream", "15tblets", "2 tmes a dey", "30 days", "Syrup", "Dosago", "Froquoncy", "Duratlon", "Syrup Corox", "10ml", "2tmdoy", "7day", "Advico:", "-Tako to rost", "Eat nsy-to-digest food like boiled dce with dnl", "Stoytydrated"], "confidence": [0.9508797526359558, 0.8395678997039795, 0.8581722378730774, 0.771762490272522, 0.7616316080093384, 0.9771478176116943, 0.930323600769043, 0.9030749201774597, 0.9829168319702148, 0.9621754884719849, 0.8899999260902405, 0.887381374835968, 0.8196605443954468, 0.9136894941329956, 0.876682698726654, 0.8647039532661438, 0.7425007820129395, 0.8366293907165527, 0.8534448146820068, 0.8647039532661438, 0.7155186533927917, 0.8944264054298401, 0.9162689447402954, 0.8967920541763306, 0.7978971600532532, 0.8480218052864075, 0.8972193598747253, 0.9273074269294739, 0.849814236164093, 0.924377977848053, 0.8675529360771179, 0.9046850204467773, 0.7939390540122986, 0.8513266444206238, 0.9719002842903137, 0.958836555480957, 0.9529516696929932, 0.9877357482910156, 0.8779683709144592, 0.9717352390289307, 0.7179483771324158, 0.940690815448761, 0.9678854942321777, 0.7605816721916199, 0.861255407333374, 0.856630802154541], "label": [1, 1, 1, 0, 0, 0, 0]}