{"text": ["XYZ Hospital", "123 tlealth Street,Wellness City", "Phone:+1-234.587-890", "Patlant Namx:Charlo Wlson", "80", "Doctor: Dr.Lao", "Medidine", "Dosuge", "Frequency", "Duration", "Tab Evlon", "15tablets", "20ms doy", "$ days", "Tab Zole fcream", "20 tblets", "3tmesaday", "10days", "TabAlurodin 500", "10tablets", "3tmesaday", "7 days", "Cap Zovirax", "10 tablets", "3 tmesa dey", "10days", "Tab Cyciomeff", "10 tablets", "3 tmesaday", "30 days", "Syrup", "Dosapo", "Froquoncy", "Duratlon", "Syrup TusQ-dx", "10ml", "3tmsdoy", "30dny", "Syrup Corox", "Sml", "2tims doy", "4 days", "Advico:", "-Tako tod rost", "Eat ensy-to-digest food like boiled rice with dnl", "Stoytydrated"], "confidence": [0.9530457854270935, 0.8386703133583069, 0.8589719533920288, 0.8393595218658447, 0.8957566618919373, 0.903714656829834, 0.9175941944122314, 0.9427713751792908, 0.9788968563079834, 0.964890718460083, 0.9238653182983398, 0.8913987278938293, 0.7520666718482971, 0.837290346622467, 0.8816196322441101, 0.9248446226119995, 0.8396645784378052, 0.9213528037071228, 0.8282610177993774, 0.9273074269294739, 0.8574908375740051, 0.8720644116401672, 0.9398207068443298, 0.901634693145752, 0.7762048244476318, 0.924377977848053, 0.8347622156143188, 0.901634693145752, 0.8302022218704224, 0.8867191672325134, 0.9788066744804382, 0.9139150977134705, 0.9104382991790771, 0.9960426092147827, 0.9506849050521851, 0.9347427487373352, 0.7260910272598267, 0.8377351760864258, 0.8967664837837219, 0.9197258949279785, 0.6940467357635498, 0.8612959980964661, 0.9662078022956848, 0.7159023880958557, 0.844878613948822, 0.8284637331962585], "label": [1, 1, 1, 0, 0, 0, 0]}