{"text": ["XYZ Hospital", "123 tlealth Street,Wellness City", "Phone:+1-234.587-890", "Patlant Nanx:Davld Davs", "Ap:59", "Doctor:Dr.Johnson", "Medicine", "Dosuge", "Frequency", "Duration", "TabDolo650", "15tablets", "3mesday", "5 days", "Tab Clavum025", "5tablets", "3 tmes duy", "7days", "TabNeurobin Forte", "5tablets", "3tmesaday", "10 days", "Cap Zovirax", "5tblets", "2 tms a doy", "5 days", "Syrup", "Dosago", "Froquoncy", "Duratlon", "Syrup Grillnctus tm", "10ml", "2 tmdoy", "10days", "SyrupCorax", "Sml", "2mday", "10day", "Advico:", "-Tako tod rost", "Eat nsy-to-dlgest food like boiled dce with dal", "-Stayhydrated"], "confidence": [0.95541912317276, 0.8350533843040466, 0.8577502369880676, 0.7994166016578674, 0.660327136516571, 0.9616996645927429, 0.9286406636238098, 0.975483238697052, 0.9838371276855469, 0.964890718460083, 0.8762186765670776, 0.8927748799324036, 0.8416870832443237, 0.7393367886543274, 0.8762454986572266, 0.895728349685669, 0.7430770993232727, 0.9236086010932922, 0.9212741851806641, 0.9093613624572754, 0.8785970211029053, 0.8680278062820435, 0.8834376931190491, 0.8796586990356445, 0.7702627778053284, 0.8235217928886414, 0.9747051000595093, 0.9191999435424805, 0.9646628499031067, 0.9548891186714172, 0.9789354205131531, 0.9410436153411865, 0.7173526883125305, 0.820411205291748, 0.907331109046936, 0.9197258949279785, 0.8455877304077148, 0.7979649305343628, 0.9683253169059753, 0.7933914065361023, 0.9067167639732361, 0.8757689595222473], "label": [1, 1, 1, 0, 0, 0, 0]}