{"text": ["XYZ Hospital", "123 tlealth Street,Wellness City", "Phone:+1-234.587-890", "PatlantNamx:Llam Wilson", ":30", "Doctor: Dr.Patol", "Medicine", "Dosuge", "Frequency", "Duration", "Tab Neurobin Forte", "5 tablets", "20ms doy", "$ days", "Cap Cypon", "5 tablets", "20mes dey", "30 days", "Cap Dilanun", "10 tablets", "2 tmes aday", "10 days", "Tab Dolonexdt", "10 tablets", "2 tmes adey", "t4days", "TabDolo650", "20 tablets", "2tmesaday", "4days", "Syrup", "Dosapo", "Froquoncy", "Duratlon", "Syrup Fobrox plusd", "10ml", "2tmdoy", "10dny", "Syrup Zodox", "10ml", "3tims doy", "5 days", "Advico:", "-Tako to rst", "Eat nsy-to-digest food like boiled rice with dnl", "Stoytydrated"], "confidence": [0.9489903450012207, 0.8406941890716553, 0.8589719533920288, 0.8421944379806519, 0.8133759498596191, 0.953412652015686, 0.9497852325439453, 0.979745090007782, 0.9821071624755859, 0.964890718460083, 0.9266120195388794, 0.8691415786743164, 0.7523245811462402, 0.837290346622467, 0.9175405502319336, 0.8665355443954468, 0.7744828462600708, 0.8663529753684998, 0.9091933965682983, 0.8921223878860474, 0.7674550414085388, 0.8622841835021973, 0.9434717893600464, 0.901634693145752, 0.8046001195907593, 0.8510770797729492, 0.8889492154121399, 0.8974159359931946, 0.8577829003334045, 0.9184122085571289, 0.974157989025116, 0.9139150977134705, 0.9255363941192627, 0.9960426092147827, 0.9479720592498779, 0.9483411312103271, 0.7179483771324158, 0.6375325322151184, 0.9617475867271423, 0.9604064226150513, 0.7529909014701843, 0.8086541295051575, 0.9687759280204773, 0.7373817563056946, 0.8504207730293274, 0.871784508228302], "label": [1, 1, 1, 0, 0, 0, 0]}