{"text": ["XYZ Hospital", "123 tlealth Street,Wellness City", "Phone:+1-234-587-890", "Patlont Namx:Evo Wilson", "p:20", "Doctor: Dr. Tumor", "Medicine", "Dosage", "Frequency", "Duration", "TabCiplox500", "20 tblets", "3mesday", "14duys", "Cup Omez", "20 tablets", "3tmesaday", "4days", "TabZole fcream", "S tablets", "3 tmes a duy", "30 days", "Cap Pand", "20 tablets", "3 tmesadey", "10days", "Syrup", "Dosapo", "Froquancy", "Duratlon", "Syrup TusQ dx", "10ml", "2 tim doy", "7days", "Advico:", "-Tako bod rost", "Eat nsy-to-dlgest food like boiled rice with dal", "-Stytydrated"], "confidence": [0.947509765625, 0.8385964632034302, 0.8872672319412231, 0.8075724244117737, 0.7696038484573364, 0.9601739048957825, 0.9286406636238098, 0.8897534012794495, 0.9788968563079834, 0.9623180627822876, 0.910923421382904, 0.9135541915893555, 0.8407676815986633, 0.8650357723236084, 0.8365049362182617, 0.9054545164108276, 0.8034953474998474, 0.8935898542404175, 0.8849664926528931, 0.8312456011772156, 0.8768436908721924, 0.8676621317863464, 0.9235751628875732, 0.8983814120292664, 0.7185487747192383, 0.924377977848053, 0.9825723767280579, 0.7913495898246765, 0.9354243874549866, 0.8738883137702942, 0.9467474818229675, 0.9746028780937195, 0.7495908737182617, 0.8673211336135864, 0.9288334846496582, 0.7142534255981445, 0.8857390284538269, 0.9112634658813477], "label": [1, 1, 1, 0, 0, 0, 0]}