{"text": ["XYZ Hospital", "123 tlealth Street,Wellness City", "Phone:+1-234-587-890", "Patlant Namx:John Wilson", ":40", "Doctor: Dr. Tumor", "Medicine", "Dosuge", "Frequency", "Quradon", "TabCiplox500", "10 tablets", "3mesday", "10days", "Tab Cetine", "5tablets", "3 umes duy", "t4duys", "Cap Dilantn", "20 tblets", "3 tmesaduy", "10days", "TabDolo650", "20 tblets", "3 tmes aday", "4days", "Cup Omez", "20tblets", "3 tmesaday", "5days", "TabCyclopom", "15tablets", "2 tmes a doy", "30 days", "Syrup", "Dosago", "Froquoncy", "Durotlon", "Syrup Grillnctus tm", "10ml", "3tims doy", "30days", "Syrup Zodox", "10ml", "2timday", "5days", "Advico:", "-Tako tod rost", "Eat nsy-to-digest food like boiled rice with dnl", "-Stytydrated"], "confidence": [0.9534645676612854, 0.8392246961593628, 0.8926750421524048, 0.8513842225074768, 0.799386203289032, 0.9606549739837646, 0.930323600769043, 0.9422492384910583, 0.9902750849723816, 0.8168739080429077, 0.9031481146812439, 0.8778047561645508, 0.8203554749488831, 0.8628065586090088, 0.9307762384414673, 0.9020013213157654, 0.7057475447654724, 0.8104643225669861, 0.8810198307037354, 0.9086169004440308, 0.8196805119514465, 0.8626441955566406, 0.8776491284370422, 0.9086169004440308, 0.8282737731933594, 0.9184122085571289, 0.8303523659706116, 0.9145114421844482, 0.8438262939453125, 0.8691898584365845, 0.8895232677459717, 0.8990643620491028, 0.7862532138824463, 0.863133430480957, 0.983737587928772, 0.8285646438598633, 0.9466862082481384, 0.9282572865486145, 0.9916087985038757, 0.9702969789505005, 0.7382882833480835, 0.8151836395263672, 0.9223028421401978, 0.9599877595901489, 0.8172538876533508, 0.7154484987258911, 0.9231379628181458, 0.7472178339958191, 0.8472199440002441, 0.9115187525749207], "label": [1, 1, 1, 0, 0, 0, 0]}