{"text": ["XYZ Hospital", "123 tlealth Street,Wellness City", "Phone:+1-234.587-890", "PatlantNamx:Llam Wlllams", ":74", "Doctor: Dr.Johnson", "Medicine", "Dosuge", "Frequency", "Duration", "TabDolo650", "15tablets", "20ms dey", "10days", "Tab Thiz", "10 tablets", "3umesaday", "30 days", "Tab Neurobin Forte", "15tablets", "2 tms day", "4 days", "Tab Suno cold", "5tablets", "3tmesaday", "30 days", "TabA1uhrocin 500", "20 tablets", "3 tmesaday", "7days", "Syrup", "Dosapo", "Froquancy", "Duratlon", "SyrupGrillnctus bm", "Sml", "3 tms doy", "30dny", "Syrup Brozodox", "Sml", "3tims doy", "10dny", "Advico:", "-Tako to rost", "Eat nsy-to-digest food like boiled rice with dnl", "-Stytydrated"], "confidence": [0.9485384821891785, 0.8401622772216797, 0.8589719533920288, 0.8218857645988464, 0.8511033058166504, 0.9679127931594849, 0.9286406636238098, 0.9420654773712158, 0.9788968563079834, 0.9629752039909363, 0.8774751424789429, 0.8647039532661438, 0.7692691087722778, 0.9608897566795349, 0.8038476705551147, 0.8921223878860474, 0.8493825197219849, 0.8853435516357422, 0.9515430927276611, 0.8913987278938293, 0.7628087401390076, 0.8880710601806641, 0.9005792140960693, 0.8933669328689575, 0.8797613978385925, 0.8867191672325134, 0.8115088939666748, 0.8863240480422974, 0.8439608812332153, 0.9444330930709839, 0.9706571698188782, 0.8614616990089417, 0.8954519629478455, 0.9916149973869324, 0.9287819266319275, 0.8684621453285217, 0.7108118534088135, 0.8377351760864258, 0.8976332545280457, 0.9197258949279785, 0.7578047513961792, 0.7591055631637573, 0.96775883436203, 0.727203369140625, 0.8504207730293274, 0.9117138981819153], "label": [1, 0, 1, 0, 0, 0, 0]}