{"text": ["XYZ Hospital", "123 tlealth Street,Wellness City", "Phone:+1-234.587-890", "PatlontNamx:Bob Brown", "Ap:38", "Doctor: Dr. Smith", "Medicine", "Dosuge", "Frequency", "Duration", "TabDolo650", "10 tablets", "20ms day", "5 days", "Cap Co-lmnune", "5 tablets", "3 0ms dey", "7 days", "Tab Dolonex dt", "15tablets", "2tmes aday", "10 days", "Tab Triz", "5tablets", "2 tms a day", "t4days", "TabAluhrodin500", "10 tablets", "3 tmesaday", "30 days", "Syrup", "Dosapo", "Froquoncy", "Duratlon", "Syrup Corox", "Sml", "3timsday", "14day", "Advico:", "-Tako tod rost", "Eat nsy-to-digest food like boiled dce with dal", "-Stayhydrated"], "confidence": [0.9549444317817688, 0.8380128741264343, 0.8541738390922546, 0.8768938183784485, 0.6739606857299805, 0.9411486387252808, 0.930323600769043, 0.9375312328338623, 0.9838371276855469, 0.965709924697876, 0.8748590350151062, 0.8921223878860474, 0.7605679631233215, 0.7393367886543274, 0.8236242532730103, 0.8358298540115356, 0.7231447696685791, 0.8720644116401672, 0.9168654680252075, 0.870891273021698, 0.7747554779052734, 0.8690416216850281, 0.7602806687355042, 0.8878754377365112, 0.7687986493110657, 0.8406792283058167, 0.791504979133606, 0.8958706855773926, 0.8432919383049011, 0.8867191672325134, 0.9720994234085083, 0.9054598808288574, 0.9749724864959717, 0.962416410446167, 0.972055196762085, 0.9197258949279785, 0.7220712900161743, 0.7760825753211975, 0.9675191640853882, 0.8272841572761536, 0.89924156665802, 0.8873699903488159], "label": [1, 1, 1, 0, 0, 0, 0]}