{"text": ["XYZ Hospital", "123 tlealth Street,Wellness City", "Phone:+1-234-587-890", "Patlont Namx:Mla Ro", "Doctor:Dr.Patol", "Medicine", "Dosage", "Frequency", "Duration", "Tab Trtz", "t5tablets", "20ms doy", "5 days", "Tab Cetine", "t5tablets", "3umesaday", "4days", "Tab Sumo cold", "10tablets", "3 tmesaday", "10 days", "Cap Pand", "10tablets", "3 tmesa dey", "10days", "Syrup", "Dosago", "Froquancy", "Ouration", "Syrup Cypon", "10ml", "3tims doy", "5days", "Advico:", "-Tako bod rost", "Eat nsy-to-dlgest food like boiled rice with dal", "-Stynydrated"], "confidence": [0.9510087966918945, 0.8392246961593628, 0.9123506546020508, 0.7720952033996582, 0.9555419087409973, 0.9286406636238098, 0.9033363461494446, 0.9838371276855469, 0.964890718460083, 0.8120755553245544, 0.8831853270530701, 0.7564270496368408, 0.7393367886543274, 0.9137005805969238, 0.8836497068405151, 0.759131908416748, 0.8935898542404175, 0.8721439838409424, 0.9273074269294739, 0.8425580859184265, 0.8611816167831421, 0.9232199192047119, 0.9273074269294739, 0.7706842422485352, 0.924377977848053, 0.9852066040039062, 0.9191999435424805, 0.935694694519043, 0.9101769924163818, 0.9539554715156555, 0.9658069610595703, 0.7523825764656067, 0.8856489062309265, 0.9288334846496582, 0.7415408492088318, 0.8857390284538269, 0.8968398571014404], "label": [1, 1, 1, 0, 0, 0, 0]}