{"text": ["XYZ Hospital", "123 tlealth Street,Wellness City", "Phone:+1-234.587-890", "PatlantNamx:Graco Wlllams", ":20", "Doctor:Dr.Pato1", "Medicine", "Dosuge", "Frequency", "Duration", "Tab Allegra", "20 tblets", "3mesday", "4days", "Tab Pan d", "10 tablets", "2 ums  doy", "7 days", "Cap Zovirax", "5tablets", "2 tmes a day", "30 days", "Tab Cyciopam", "15tablets", "3tmes aday", "30 days", "Tab Combinam", "15tablets", "2tmesaday", "4days", "Syrup", "Dosopo", "Froquoncy", "Duratlon", "Syrup Cypon", "10ml", "3timsday", "Sday", "Advico:", "-Tako tod rost", "Eat nsy-to-dlgest food like boiled dce with dal", "-Staytydrated"], "confidence": [0.9539773464202881, 0.8514718413352966, 0.8465229868888855, 0.8363104462623596, 0.852616012096405, 0.9264134168624878, 0.930323600769043, 0.9427713751792908, 0.9838371276855469, 0.9623180627822876, 0.910643994808197, 0.9135541915893555, 0.8353540301322937, 0.8829224705696106, 0.8947576880455017, 0.8921223878860474, 0.7034355998039246, 0.8831198811531067, 0.9158399701118469, 0.9106838703155518, 0.767042338848114, 0.8833222985267639, 0.8778369426727295, 0.8623680472373962, 0.8475948572158813, 0.8867191672325134, 0.9450199604034424, 0.8623680472373962, 0.8561273813247681, 0.9184122085571289, 0.9747051000595093, 0.7710023522377014, 0.9749724864959717, 0.910537838935852, 0.9903943538665771, 0.9347427487373352, 0.7220712900161743, 0.7356988191604614, 0.9691476225852966, 0.7947360873222351, 0.9010859727859497, 0.937537431716919], "label": [1, 1, 1, 0, 0, 0, 0]}