{"text": ["XYZ Hospital", "123 tlealth Street,Wellness City", "Phone:+1-234.587-890", "PatlntNam:GrcoRo", ":30", "Doctor: Dr. Smith", "Medicine", "Dosuge", "Frequency", "Duration", "CapCypon", "20 tblets", "20ms dey", "4duys", "Tab Zole fcreum", "10tablets", "20mes dey", "7 days", "Cap CoImmune", "15tablets", "3 tmesa doy", "5 days", "TabCiplox 500", "20 tablets", "2tmesa dey", "10days", "TabA1urodin 500", "20 tblets", "3 tmesaday", "7 days", "Tab Dolonex dt", "15tablets", "3 tmesa dey", "30 days", "Syrup", "Dosago", "Froquoncy", "Duratlon", "Syrup Fobrox plus", "10ml", "3tms doy", "30 dny", "Advico:", "-Tako tod rost", "Eat nsy-to-digest food like boiled dce with dnl", "Stoy bydrated"], "confidence": [0.9534473419189453, 0.8473905324935913, 0.8499292135238647, 0.7862940430641174, 0.8784618377685547, 0.9558255672454834, 0.9328186511993408, 0.9427713751792908, 0.9790523052215576, 0.9623180627822876, 0.976294994354248, 0.9003804326057434, 0.7692691087722778, 0.9136894941329956, 0.8720982670783997, 0.9273074269294739, 0.7364528775215149, 0.861883819103241, 0.906090497970581, 0.8647039532661438, 0.7694242000579834, 0.7517222762107849, 0.9153826236724854, 0.8709948658943176, 0.8095513582229614, 0.8654675483703613, 0.8250407576560974, 0.9003804326057434, 0.8478784561157227, 0.8452855944633484, 0.9133705496788025, 0.8990643620491028, 0.775237500667572, 0.8867191672325134, 0.9719002842903137, 0.958836555480957, 0.9429497122764587, 0.9835640788078308, 0.9933481812477112, 0.9717352390289307, 0.7112589478492737, 0.7926518321037292, 0.9678077101707458, 0.7995878458023071, 0.8581724166870117, 0.8111663460731506], "label": [1, 1, 1, 0, 0, 0, 0]}