{"text": ["XYZ Hospital", "123 tlealth Street,Wellness City", "Phone:+1-234.587-890", "PatlantNamx:BobJohnson", "p:72", "Doctor: Dr. Tumor", "Medicine", "Dosuge", "Frequency", "Duration", "Tab Zole fcream", "15tablets", "20ms dey", "30 duys", "Tab Clavum025", "20 tablets", "20mes dey", "5days", "Tab Cyciomelf", "5 tablets", "3 tmesa doy", "4 duys", "Tab Neurobin Forte", "5tablets", "3 tmesaday", "10days", "Tab Sumo cold", "5tablets", "3 tmesaday", "10 days", "Cup Dilanun", "15tablets", "3 tmesa dey", "30 days", "Syrup", "Dosago", "Froquoncy", "Duratlon", "Syrup Grillnctus tm", "Sml", "2tmdoy", "30 dny", "Advico:", "-Tako bod rst", "Eat nsy-to-digest food like boiled dce with dnl", "Stoy bydrated"], "confidence": [0.9549853205680847, 0.8392246961593628, 0.8581722378730774, 0.8624006509780884, 0.7978620529174805, 0.970507025718689, 0.9318302869796753, 0.9427713751792908, 0.9790523052215576, 0.965709924697876, 0.8627855181694031, 0.8647039532661438, 0.7692691087722778, 0.9137939810752869, 0.8708670735359192, 0.8967920541763306, 0.7364528775215149, 0.8366293907165527, 0.8403180241584778, 0.8569201231002808, 0.7694242000579834, 0.9335014224052429, 0.95218425989151, 0.9159331321716309, 0.8491914868354797, 0.9213528037071228, 0.9150727987289429, 0.9079194068908691, 0.8478784561157227, 0.8715320229530334, 0.9159420132637024, 0.8990643620491028, 0.8175655603408813, 0.8513266444206238, 0.9719002842903137, 0.9144992828369141, 0.9524527788162231, 0.9890358448028564, 0.9851831197738647, 0.927854061126709, 0.7155683040618896, 0.7926518321037292, 0.9678854942321777, 0.7454431056976318, 0.8616782426834106, 0.7900274991989136], "label": [1, 0, 1, 0, 0, 0, 0]}