{"text": ["XYZ Hospital", "123 tlealth Street,Wellness City", "Phone:+1-234.587-890", "Patlant Namx:Davld Millar", ":41", "Doctor: Dr. Millor", "Medidine", "Dosage", "Frequency", "Duration", "Tab Sumo cold", "20 tblets", "3mesday", "4duys", "Tab Clavum025", "10 tablets", "3 umes dey", "7days", "Tab Cyciomeff", "5tablets", "3 tmesa day", "4 days", "TabCiplox500", "20 tablets", "3 tmesa dey", "7 days", "TabDolo650", "10 tablets", "3 tmesaday", "5days", "Syrup", "Dosapo", "Froquancy", "Duratlon", "Syrup Zodox", "10ml", "3tims doy", "10dny", "Syrup Cypon", "10ml", "3 tims doy", "30days", "Advico:", "-Tako tod rost", "Eat ensy-to-digest food like boiled rice with dnl", "Stoytydrated"], "confidence": [0.9573611617088318, 0.8410260081291199, 0.8575018644332886, 0.8498608469963074, 0.8224173188209534, 0.9704163670539856, 0.9183534979820251, 0.9033363461494446, 0.9788968563079834, 0.9623180627822876, 0.9137960076332092, 0.9135541915893555, 0.8458738923072815, 0.9136894941329956, 0.8542400598526001, 0.8921223878860474, 0.7338784337043762, 0.9236086010932922, 0.8611921072006226, 0.9073119759559631, 0.757001519203186, 0.8880710601806641, 0.9455869197845459, 0.8863240480422974, 0.8120609521865845, 0.8720644116401672, 0.9007070660591125, 0.901634693145752, 0.8439608812332153, 0.8746163249015808, 0.9719002842903137, 0.90386563539505, 0.9532040357589722, 0.9573193788528442, 0.9141658544540405, 0.9347427487373352, 0.7278431057929993, 0.6375325322151184, 0.9885944724082947, 0.9604064226150513, 0.7696221470832825, 0.9039595127105713, 0.9671232104301453, 0.7354203462600708, 0.844878613948822, 0.8652937412261963], "label": [1, 0, 1, 0, 0, 0, 0]}