{"text": ["XYZ Hospital", "123 tlealth Street,Wellness City", "Phone:+1-234-587-890", "Patlont Nanx:Jano Wlllams", ":40", "Doctor: Dr.Lo", "Medicine", "Dosage", "Frequency", "Duration", "Tab Sumo cold", "20 tblets", "3mesday", "30 days", "Tab Cetine", "t5tablets", "2tmesa dey", "30 days", "TabCiplox500", "20 tablets", "2 tmes a duy", "30 duys", "Tab Combinam", "5tablets", "2 tmes a day", "4days", "Syrup", "Dosago", "Froquancy", "Duration", "Syrup Grillnctus tm", "Sml", "2 tm doy", "7 days", "Advico:", "-Tako tod rost", "Eat nsy-to-dlgest food like boiled rice with dal", "-Styhydrated"], "confidence": [0.9504446983337402, 0.8415119647979736, 0.8868597745895386, 0.8595077395439148, 0.7442576289176941, 0.9436227083206177, 0.930323600769043, 0.8897534012794495, 0.9789015650749207, 0.964890718460083, 0.9080158472061157, 0.9135541915893555, 0.8425248265266418, 0.8676621317863464, 0.9241378903388977, 0.8853757381439209, 0.7410504817962646, 0.8500292897224426, 0.9171123504638672, 0.8709948658943176, 0.8645098805427551, 0.9196853041648865, 0.9480945467948914, 0.8909797668457031, 0.7614920139312744, 0.9184122085571289, 0.9728748202323914, 0.9191999435424805, 0.9373424053192139, 0.9527572989463806, 0.9922599792480469, 0.8684621453285217, 0.7262657880783081, 0.8708378672599792, 0.9288334846496582, 0.7059499621391296, 0.8857390284538269, 0.8782772421836853], "label": [1, 0, 1, 0, 0, 0, 0]}