{"text": ["XYZ Hospital", "123 tlealth Street,Wellness City", "Phone:+1-234.587-890", "Patlont Nam:Charlo Ro", "02", "Doctor: Dr. Millor", "Medicine", "Dosauge", "Frequency", "Duration", "Cup Omez", "10 tablets", "20ms dey", "30 days", "Tab Thiz", "10 tablets", "3umesaday", "5days", "Tab Zole fcream", "20 tblets", "2tmes dey", "7 days", "Tab Sumo cold", "20 tablets", "2 tms a day", "30 days", "TabClavum 025", "20 tablets", "2tmesaday", "7days", "Syrup", "Dosapo", "Froquancy", "Duratlon", "Syrup Fobrox plus", "10ml", "3tms doy", "7day", "Syrup Corox", "10ml", "3tims doy", "30days", "Advico:", "-Tako bod rst", "Eat nsy-to-digest food like boiled rice with dnl", "Stoy bydrated"], "confidence": [0.9572948813438416, 0.8386703133583069, 0.8589719533920288, 0.8194189667701721, 0.7656272053718567, 0.9693265557289124, 0.9307171702384949, 0.8137890696525574, 0.9789015650749207, 0.965709924697876, 0.8621577024459839, 0.901634693145752, 0.7692691087722778, 0.8676621317863464, 0.8038476705551147, 0.8921223878860474, 0.8508873581886292, 0.8756504058837891, 0.8784855008125305, 0.9248446226119995, 0.7527632713317871, 0.991462230682373, 0.8918456435203552, 0.8863240480422974, 0.8000491857528687, 0.8853435516357422, 0.7993723750114441, 0.8863240480422974, 0.8577829003334045, 0.9444330930709839, 0.974157989025116, 0.9161680340766907, 0.8946319222450256, 0.9921525120735168, 0.9928874969482422, 0.9483411312103271, 0.7060664892196655, 0.8483083248138428, 0.8964518904685974, 0.9604064226150513, 0.7523825764656067, 0.9183411002159119, 0.9687759280204773, 0.7890586853027344, 0.8504207730293274, 0.806763768196106], "label": [1, 0, 1, 0, 0, 0, 0]}