{"text": ["XYZ Hospital", "123 tlealth Street,Wellness City", "Phone:+1-234.587-890", "Patlont Namxo:Allco Whito", "p:78", "Doctor:Dr.Johnson", "Medicine", "Dosuge", "Frequency", "Duration", "TabCyciomelf", "20tblets", "3mesdey", "4duys", "Cap Omez", "t5tablets", "2 tm0s  duy", "4days", "Tab Evion", "5tablets", "2 tmes a duy", "7 days", "Tab Neurobin Forte", "5tblets", "2 tms  doy", "t4days", "Syrup", "Dosago", "Froquoncy", "Duratlon", "Syrup Corox", "10ml", "2m doy", "5 days", "SyrupTusx", "Sml", "3mday", "5doy", "Advico:", "-Tako tod rost", "Eat nsy-to-digest food like boiled dce with dal", "-Stayhydrated"], "confidence": [0.951866626739502, 0.8372484445571899, 0.8541738390922546, 0.8362072706222534, 0.7078232169151306, 0.9596983790397644, 0.930323600769043, 0.9427713751792908, 0.9838311672210693, 0.9623180627822876, 0.8698093295097351, 0.9343926906585693, 0.8336987495422363, 0.9136894941329956, 0.820277214050293, 0.8874572515487671, 0.7051472663879395, 0.8935898542404175, 0.9269418716430664, 0.9093613624572754, 0.7841776013374329, 0.8720644116401672, 0.9284508228302002, 0.8796586990356445, 0.7158662676811218, 0.8406792283058167, 0.9720994234085083, 0.9144992828369141, 0.9646628499031067, 0.9498113989830017, 0.890136182308197, 0.9410436153411865, 0.7446933388710022, 0.8276271224021912, 0.8666501641273499, 0.9197258949279785, 0.8171108961105347, 0.7402545213699341, 0.9678854942321777, 0.7862769961357117, 0.907055139541626, 0.8786836266517639], "label": [1, 1, 1, 0, 0, 0, 0]}