{"text": ["XYZ Hospital", "123 tlealth Street,Wellness City", "Phone:+1-234.587-890", "Patlant Namx:Mla Smith", "Ap:53", "Doctor:Dr.Smith", "Medicine", "Dosuge", "Frequency", "Duration", "TabCyclopam", "15tablets", "3mesday", "10duys", "Tab Triz", "5tablets", "2tmesaday", "7 days", "Tab Clavum 025", "t5tablets", "2tmesaday", "30 duys", "Cap Omez", "10tablets", "3 tmesa dey", "10days", "Syrup", "Dosago", "Froquancy", "Duratlon", "Syrup TusQ-dx", "10ml", "3tms doy", "4 day", "Syrup Fobroxplus", "10ml", "3timsday", "30dy", "Advico:", "-Tako tod rost", "Eat nsy-to-dlgest food like boiled rice with dal", "-Stayhydrated"], "confidence": [0.951866626739502, 0.8435166478157043, 0.8541738390922546, 0.834068238735199, 0.7789907455444336, 0.9701091051101685, 0.930323600769043, 0.9420654773712158, 0.9838371276855469, 0.9623180627822876, 0.9036878943443298, 0.8927748799324036, 0.8170825242996216, 0.9137234091758728, 0.9879308342933655, 0.8909797668457031, 0.8111010789871216, 0.8720644116401672, 0.7956095337867737, 0.8511607646942139, 0.8608274459838867, 0.9196853041648865, 0.8855288028717041, 0.9247161149978638, 0.7000328302383423, 0.9470896124839783, 0.9720994234085083, 0.8347269892692566, 0.9061452150344849, 0.9347891807556152, 0.9675470590591431, 0.9347427487373352, 0.6595202684402466, 0.7662840485572815, 0.819831371307373, 0.911413848400116, 0.7808237075805664, 0.9695253372192383, 0.9688101410865784, 0.8293460011482239, 0.9003981947898865, 0.8834782838821411], "label": [1, 1, 1, 0, 0, 0, 0]}