{"text": ["XYZ Hospital", "123 tlealth Street,Wellness City", "Phone:+1-234-587-890", "Patlnt NanLlam D", "p:78", "Doctor:Dr.Smith", "Medicine", "Dosage", "Frequency", "Duration", "Tab Dolonex dt", "5tablets", "3mesaduy", "5days", "TabCiplox500", "5tablets", "2 m5  duy", "7 days", "TabAlhrodin 500", "20 tblets", "3 tmesaduy", "10 duys", "TabCyclopum", "20 tblets", "3tmesaday", "30 days", "TabNeurobin Forte", "10tablets", "3 tmesaday", "4duys", "TabAllegra", "15tablets", "3 tmesa dey", "7 days", "Syrup", "Dosapo", "Froquoncy", "Duratlon", "Syrup Corox-dx", "10ml", "3tims doy", "30days", "Syrup TusQx", "10ml", "3timday", "30 days", "Advico:", "-Tako tod rost", "Eat nsy-to-digest food like boiled rice with dal", "-Stytydrated"], "confidence": [0.9539773464202881, 0.8392036557197571, 0.9048346281051636, 0.8140829205513, 0.7413574457168579, 0.9451303482055664, 0.9180112481117249, 0.9033363461494446, 0.9848875403404236, 0.964890718460083, 0.9166831970214844, 0.901167631149292, 0.7983358502388, 0.8641525506973267, 0.8736922740936279, 0.8873331546783447, 0.7451460957527161, 0.861883819103241, 0.7844180464744568, 0.9086169004440308, 0.8196805119514465, 0.8863319754600525, 0.8882699608802795, 0.9086169004440308, 0.877721905708313, 0.8513266444206238, 0.9565919041633606, 0.9273074269294739, 0.849814236164093, 0.9083743095397949, 0.9202399253845215, 0.9037178754806519, 0.7889118194580078, 0.8767657279968262, 0.988613486289978, 0.8228013515472412, 0.9474319815635681, 0.9559439420700073, 0.9652417302131653, 0.9702969789505005, 0.7382882833480835, 0.8070105910301208, 0.9404442310333252, 0.9599877595901489, 0.7848047614097595, 0.7511711120605469, 0.9374408721923828, 0.7723420858383179, 0.9020175933837891, 0.8946594595909119], "label": [1, 0, 1, 0, 0, 0, 0]}