{"text": ["XYZ Hospital", "123 tlealth Street,Wellness City", "Phone:+1-234-587-890", "Patlont Namx:Evo Smith", ":74", "Doctor: Dr. Tumor", "Medicine", "Dosage", "Frequency", "Duration", "TabDolo650", "20 tblets", "3mesday", "$ duys", "Tab Pan d", "20 tblets", "2tmesa day", "4days", "Cap Zovirax", "S tablets", "2 tmes a duy", "5 days", "Tab Tz", "5tablets", "3 tmes doy", "7 days", "Syrup", "Dosago", "Froquancy", "Duration", "Syrup Fobrox plus", "Sml", "2 tmdoy", "10days", "Advico:", "-Tako bod rst", "Eat nsy-to-dlgest food like boiled rice with dal", "-Stynydrated"], "confidence": [0.9509110450744629, 0.8450579047203064, 0.8954404592514038, 0.8161024451255798, 0.8511033058166504, 0.9761312007904053, 0.9482415914535522, 0.8897534012794495, 0.9788968563079834, 0.964890718460083, 0.8855757713317871, 0.9135541915893555, 0.8407676815986633, 0.860700786113739, 0.9139695763587952, 0.9086169004440308, 0.7311515808105469, 0.8935898542404175, 0.9156240820884705, 0.8312456011772156, 0.8666040897369385, 0.7472350001335144, 0.8973212838172913, 0.8909797668457031, 0.7109242677688599, 0.8720644116401672, 0.9852066040039062, 0.9144992828369141, 0.935694694519043, 0.958915650844574, 0.9933199286460876, 0.8684621453285217, 0.7245049476623535, 0.8736727833747864, 0.9268304705619812, 0.7285957932472229, 0.8857390284538269, 0.897686243057251], "label": [1, 1, 1, 0, 0, 0, 0]}