{"text": ["XYZ Hospital", "123 tlealth Street,Wellnes City", "Phone:+1-234.587-890", "Patlant Namx:Mla Millor", "p:50", "Doctor: Dr. Smith", "Medicine", "Dosuge", "Frequency", "Duration", "Tab Dolonex dt", "20tblets", "3mesday", "10duys", "Cap Co-lmmune", "5tablets", "2tmesaday", "5days", "Tab Febrexplus", "5tablets", "2tmes aday", "10days", "TabCiplox500", "t5tablets", "2 tms a duy", "5 days", "Tab Zole fcream", "t5tablets", "3 tmesaday", "7 days", "Syrup", "Dosago", "Froquoncy", "Duratlon", "SyrupGrillnctus tm", "10ml", "3timsday", "Sday", "Advico:", "-Tako tod rst", "Eat nsy-to-dlgest food like boiled dce with dal", "-Stayhydrated"], "confidence": [0.9552750587463379, 0.8487738966941833, 0.8541738390922546, 0.8536970019340515, 0.7119712829589844, 0.9709579348564148, 0.930323600769043, 0.9427713751792908, 0.9832684397697449, 0.9629752039909363, 0.9127365946769714, 0.9302322268486023, 0.845176637172699, 0.9106659889221191, 0.804317057132721, 0.895728349685669, 0.8087380528450012, 0.8691898584365845, 0.9520319104194641, 0.9079194068908691, 0.784938395023346, 0.9266385436058044, 0.9426021575927734, 0.8697188496589661, 0.7090646624565125, 0.8977670669555664, 0.8655267953872681, 0.8794456720352173, 0.8335834741592407, 0.8720644116401672, 0.9747051000595093, 0.9843099117279053, 0.9772065281867981, 0.9097633361816406, 0.9081215262413025, 0.9483411312103271, 0.7440789937973022, 0.7356988191604614, 0.9678854942321777, 0.7399052977561951, 0.901470422744751, 0.8772354125976562], "label": [1, 1, 1, 0, 0, 0, 0]}