{"text": ["XYZ Hospital", "123 tlealth Street,Wellness City", "Phone:+1-234.587-890", "PatlontNamx:Mla Brown", "p:50", "Doctor:Dr.Johnson", "Medicine", "Dosuge", "Frequency", "Duration", "TabClovum 025", "20 tblets", "20ms doy", "30 days", "Tab Combinam", "10 tablets", "3 umes duy", "7 days", "Tab Dolonex dt", "10tablets", "3 tmesaday", "7 days", "TabCyciopom", "t5tablets", "3 tmesa dey", "10days", "Syrup", "Dosogo", "Froquoncy", "Duratlon", "Syrup Cypon", "10ml", "2 tm day", "30 days", "SyrupGrillnctus tm", "Sml", "2timday", "5doy", "Advico:", "-Tako tod rost", "Eat nsy-to-digest food like boiled dce with dal", "-Stayhydrated"], "confidence": [0.9565796852111816, 0.8445388078689575, 0.8541738390922546, 0.8633589744567871, 0.7119712829589844, 0.9636802673339844, 0.9286406636238098, 0.9427713751792908, 0.9838371276855469, 0.964890718460083, 0.7837120890617371, 0.9135541915893555, 0.7558689117431641, 0.8676621317863464, 0.9262548089027405, 0.8921223878860474, 0.6944295167922974, 0.8720644116401672, 0.919459879398346, 0.9273074269294739, 0.8477917909622192, 0.8767657279968262, 0.8973501324653625, 0.8862625360488892, 0.7711530923843384, 0.948091983795166, 0.9728748202323914, 0.7991173267364502, 0.8970111012458801, 0.8947022557258606, 0.9897556304931641, 0.9410436153411865, 0.706163763999939, 0.9655359387397766, 0.906718373298645, 0.9197258949279785, 0.8029371500015259, 0.7402545213699341, 0.9678854942321777, 0.7712351679801941, 0.9067122340202332, 0.8780062198638916], "label": [1, 0, 1, 0, 0, 0, 0]}