{"text": ["XYZ Hospital", "123 tlealth Street,Wellness City", "Phone:+1-234.587-890", "Patlont Namx:Charl Do", ":40", "Doctor: Dr.Lo", "Medicine", "Dosuge", "Frequency", "Duration", "Tab Sumo cold", "15tablets", "20ms day", "5 days", "TabClavum025", "5tablets", "2tmesaday", "10days", "Tab Dolonex dt", "20 tblets", "2tmes aday", "7 days", "Tab Allegra", "10 tablets", "3tmes aday", "5 days", "Cap Dilantn", "5 tablets", "2 tmes a duy", "30 days", "Syrup", "Dosapo", "Froquoncy", "Duratlon", "Syrup TusQx", "Sml", "2timday", "30days", "Advico:", "-Tako tod rost", "Eat nsy-to-dlgest food like boiled dc with dnt", "-Staytydrated"], "confidence": [0.9539773464202881, 0.8382854461669922, 0.8555625081062317, 0.7997086048126221, 0.8325653076171875, 0.9473685622215271, 0.930323600769043, 0.9420654773712158, 0.9838371276855469, 0.965709924697876, 0.9178419709205627, 0.8927748799324036, 0.7605679631233215, 0.7472350001335144, 0.8997785449028015, 0.8912277221679688, 0.8136573433876038, 0.924377977848053, 0.9152517318725586, 0.9086169004440308, 0.7747554779052734, 0.8767657279968262, 0.9297246932983398, 0.8958706855773926, 0.8265836834907532, 0.8334064483642578, 0.8311957716941833, 0.8480369448661804, 0.7454357147216797, 0.8853435516357422, 0.9720994234085083, 0.90958172082901, 0.9767853617668152, 0.9783949255943298, 0.9429664611816406, 0.9197258949279785, 0.7432094216346741, 0.8138046264648438, 0.9694406390190125, 0.7755385041236877, 0.8665194511413574, 0.9281126260757446], "label": [1, 1, 1, 0, 0, 0, 0]}