{"text": ["XYZ Hospital", "123 tlealth Street,Wellness City", "Phone:+1-234-587-890", "Patlont Nanx:Allco Wlllams", ":30", "Doctor:Dr.Johnson", "Medicine", "Dosuge", "Frequency", "Duration", "Tab Combinam", "5 tablets", "20ms doy", "14duys", "Cap Dilanun", "20 tablets", "3tmesaday", "30 days", "TabDolo 650", "20 tablets", "3 tmes a duy", "10 days", "TabZole fcream", "5tablets", "2 tm5  dey", "7 days", "Syrup", "Dosapo", "Froquancy", "Ouratlon", "Syrup Fobrox plus", "10ml", "3tims doy", "5days", "Advico:", "-Tako tod rost", "Eat nsy-to-dlgest food like boiled rice with dal", "-Stynydrated"], "confidence": [0.9505834579467773, 0.8402786254882812, 0.886119544506073, 0.8294729590415955, 0.8779355883598328, 0.9687373042106628, 0.930323600769043, 0.979745090007782, 0.9796745777130127, 0.9623180627822876, 0.954458475112915, 0.887381374835968, 0.7505202293395996, 0.8650357723236084, 0.9204605221748352, 0.9054545164108276, 0.834313154220581, 0.8663529753684998, 0.8532464504241943, 0.8709948658943176, 0.8544532656669617, 0.8502650260925293, 0.8904853463172913, 0.8909797668457031, 0.7639260292053223, 0.8767657279968262, 0.9728748202323914, 0.7913495898246765, 0.936258852481842, 0.924897313117981, 0.9921675324440002, 0.9746028780937195, 0.741229772567749, 0.8614164590835571, 0.9268304705619812, 0.7252967953681946, 0.8857390284538269, 0.8822422027587891], "label": [1, 1, 1, 0, 0, 0, 0]}