{"text": ["XYZ Hospital", "123 tlealth Street,Wellness City", "Phone:+1-234.587-890", "Patlant Namx:GracoJohnson", "80", "Doctor: Dr. Tumor", "Medicine", "Dosuge", "Frequency", "Duration", "TabCiplox500", "20 tblets", "20ms dey", "30 days", "Tab Cyciomeff", "10 tablets", "3 umes dey", "4days", "Tab Cetine", "5tablets", "2 tmes aday", "10 days", "Cap Omez", "10 tablets", "2 tmes a day", "10days", "TabNeurobin Forte", "5tablets", "3 tmesaday", "14days", "Syrup", "Dosapo", "Froquoncy", "Duratlon", "Syrup Corox-dx", "Sml", "3timsday", "Sday", "Advico:", "-Tako tod rost", "Eat nsy-to-digest food like boiled dce with dal", "-Stayhydrated"], "confidence": [0.9544928669929504, 0.8483598232269287, 0.8465229868888855, 0.8645970225334167, 0.7815377712249756, 0.9647571444511414, 0.9286406636238098, 0.9427713751792908, 0.9838371276855469, 0.964890718460083, 0.9529351592063904, 0.9135541915893555, 0.7692691087722778, 0.8676621317863464, 0.8287206888198853, 0.8921223878860474, 0.7338784337043762, 0.8935898542404175, 0.9309065937995911, 0.9093613624572754, 0.7499434947967529, 0.8715320229530334, 0.8546280264854431, 0.8958706855773926, 0.7614920139312744, 0.9213528037071228, 0.9576616883277893, 0.9079194068908691, 0.8439608812332153, 0.8413376212120056, 0.9747051000595093, 0.9054598808288574, 0.9749724864959717, 0.910537838935852, 0.9769250750541687, 0.9197258949279785, 0.7407669425010681, 0.7506077289581299, 0.9675191640853882, 0.8316531181335449, 0.89924156665802, 0.88934326171875], "label": [1, 1, 1, 0, 0, 0, 0]}