{"text": ["XYZ Hospital", "123 tlealth Street,Wellness City", "Phone:+1-234.587-890", "Patlont Namx:Jano Wlllams", ":30", "DoctorDr.Johnson", "Medicine", "Dosuge", "Frequency", "Duration", "Cup CoImmune", "20 tblets", "3mesdey", "10days", "Cap Dilanun", "10 tablets", "2 tm0s  duy", "10days", "Tab Evion", "10tablets", "2tmesa dey", "30 days", "Tab Trz", "20 tablets", "3 tmesa dey", "t4days", "Syrup", "Dosago", "Froquoncy", "Duratlon", "Syrup Grillnctus bm", "10ml", "2 tm doy", "7days", "Syrup Brozodax", "10ml", "3timsday", "7day", "Advico:", "-Tako tod rost", "Eat nsy-to-dlgest food like boiled rice with dal", "-Staytydrated"], "confidence": [0.9527682662010193, 0.8409596681594849, 0.8577502369880676, 0.8485171794891357, 0.8784618377685547, 0.9631726741790771, 0.9307171702384949, 0.9427713751792908, 0.9838371276855469, 0.9623180627822876, 0.8535785675048828, 0.9135541915893555, 0.8336987495422363, 0.8628065586090088, 0.9225854277610779, 0.8921223878860474, 0.7051472663879395, 0.9015160202980042, 0.9574010372161865, 0.9273074269294739, 0.8103421926498413, 0.8663529753684998, 0.8342235684394836, 0.8983814120292664, 0.8120609521865845, 0.8406792283058167, 0.9720994234085083, 0.8496239185333252, 0.9034984111785889, 0.8676162958145142, 0.9758923053741455, 0.9347427487373352, 0.7740520238876343, 0.9066702127456665, 0.8723564147949219, 0.911413848400116, 0.7852563858032227, 0.8483083248138428, 0.9688101410865784, 0.8298397660255432, 0.9003981947898865, 0.9319948554039001], "label": [1, 1, 1, 0, 0, 0, 0]}