{"text": ["XYZ Hospital", "123 tlealth Street,Wellness City", "Phone:+1-234.587-890", "PatlantNamx:Bob Brown", "p:45", "Doctor: Dr. Millor", "Medicine", "Dosuge", "Frequency", "Duration", "Cap Zovirax", "15tablets", "20ms doy", "5 days", "Tab Clavum025", "15tablets", "20mesa duy", "7 days", "TabDolo650", "20 tablets", "3 tmesa doy", "5 days", "Cap Co-Immune", "20tblets", "3 tmesa doy", "10days", "Tab Zole fcream", "15tablets", "2 tmes a duy", "4duys", "Tab Triz", "5tablets", "3 tmesa dey", "t4days", "Syrup", "Dosago", "Froquoncy", "Duratlon", "Syrup TusQx", "Sml", "2tmdoy", "30 dny", "Advico:", "-Tako to rst", "Eat nsy-to-digest food like boiled dce with dnl", "Stoytydrated"], "confidence": [0.9558648467063904, 0.8410260081291199, 0.8575018644332886, 0.8615086674690247, 0.7807413339614868, 0.9692599773406982, 0.9286406636238098, 0.9427713751792908, 0.9790523052215576, 0.964890718460083, 0.8630403876304626, 0.8647039532661438, 0.7523245811462402, 0.7547540068626404, 0.8478752374649048, 0.9037178754806519, 0.7259731888771057, 0.861883819103241, 0.8790748715400696, 0.8709948658943176, 0.7852831482887268, 0.7517222762107849, 0.8591217398643494, 0.9412925839424133, 0.8015906810760498, 0.8654675483703613, 0.8979836702346802, 0.8647039532661438, 0.7853452563285828, 0.9083743095397949, 0.974938154220581, 0.8909797668457031, 0.8179402947425842, 0.8406792283058167, 0.9719002842903137, 0.9641801714897156, 0.9638596773147583, 0.9817286729812622, 0.9340599179267883, 0.9028758406639099, 0.7179483771324158, 0.7926518321037292, 0.9678854942321777, 0.7497868537902832, 0.8601347208023071, 0.871784508228302], "label": [1, 1, 1, 0, 0, 0, 0]}