{"text": ["XYZ Hospital", "123 tlealth Street,Wellness City", "Phone:+1-234-587-890", "Patlont Nanx:Davld Whito", "p:25", "Doctor: Dr.Smith", "Medicine", "Dosuge", "Frequency", "Duration", "TabFebrexplus", "15tblets", "20ms dey", "7 days", "TabCiplox500", "10tablets", "3 umes doy", "5days", "Cap Pan d", "5tablets", "3 tmesa doy", "7 days", "Tab Pan d", "20tblets", "3 tmes aday", "10days", "TabDolo650", "20 tblets", "2 tmes a duy", "4duys", "Tab Evlon", "10tablets", "2 tmesa dey", "10days", "Syrup", "Dosapo", "Froquoncy", "Durotlon", "Syrup TusQx", "Sml", "3tims doy", "5 days", "Syrup Zodox", "Sml", "3timday", "7day", "Advico:", "-Tako tod rst", "Eat nsy-to-digest food like boiled rice with dal", "-Stytydrated"], "confidence": [0.9542763829231262, 0.8380128741264343, 0.8889164924621582, 0.8288764953613281, 0.8360955119132996, 0.9549000263214111, 0.907014787197113, 0.9420654773712158, 0.9902750849723816, 0.9564203023910522, 0.9785571694374084, 0.900070071220398, 0.7692691087722778, 0.861883819103241, 0.8605954051017761, 0.9273074269294739, 0.7165395617485046, 0.8520981669425964, 0.9105875492095947, 0.916618824005127, 0.7852831482887268, 0.8594018816947937, 0.8963916301727295, 0.9412925839424133, 0.8303280472755432, 0.8654675483703613, 0.8673673868179321, 0.9003804326057434, 0.7853452563285828, 0.9083743095397949, 0.9084128141403198, 0.9273074269294739, 0.820049524307251, 0.924377977848053, 0.9882689714431763, 0.8228013515472412, 0.9466862082481384, 0.9339734315872192, 0.9381008744239807, 0.860496461391449, 0.732460081577301, 0.8219525814056396, 0.9223028421401978, 0.927854061126709, 0.7877011895179749, 0.8532044887542725, 0.9686400294303894, 0.7309774160385132, 0.9020175933837891, 0.9058265686035156], "label": [1, 1, 1, 0, 0, 0, 0]}