{"text": ["XYZ Hospital", "123 tlealth Street,Wellness City", "Phone:+1-234.587-890", "Patlant Namx:Mla Ro", "p:50", "Doctor: Dr. Millor", "Medicine", "Dosuge", "Frequency", "Duration", "Tab Cyciomelf", "20 tblets", "3mesday", "10 days", "Cap Coimmune", "15tablets", "20mesa duy", "5days", "Tab Febrex plus", "20 tablets", "3 tmesa doy", "30 duys", "Tab Trz", "20 tablets", "2tmesa day", "30 days", "TabDolo650", "15tablets", "3 tmesaday", "10days", "Tab Pand", "20 tablets", "2 tmes a day", "t4days", "Syrup", "Dosago", "Froquoncy", "Duratlon", "Syrup TusQ dx", "Sml", "3tms doy", "7day", "Advico:", "-Tako tod rost", "Eat nsy-to-digest food like boiled dce with dnl", "Stoytydrated"], "confidence": [0.9533373713493347, 0.8416517972946167, 0.8589719533920288, 0.7645800709724426, 0.7119712829589844, 0.9739234447479248, 0.930323600769043, 0.9427713751792908, 0.9790523052215576, 0.9629752039909363, 0.8446282744407654, 0.9003804326057434, 0.8458738923072815, 0.9548414945602417, 0.8701455593109131, 0.9037178754806519, 0.7259731888771057, 0.8366293907165527, 0.928112268447876, 0.8709948658943176, 0.7694242000579834, 0.9069848656654358, 0.9231915473937988, 0.8967920541763306, 0.8125905990600586, 0.8853435516357422, 0.8790748715400696, 0.8647039532661438, 0.8478784561157227, 0.9213528037071228, 0.9297229647636414, 0.8797799944877625, 0.7614920139312744, 0.8406792283058167, 0.9719002842903137, 0.9144992828369141, 0.9524527788162231, 0.9877357482910156, 0.943820595741272, 0.927854061126709, 0.7066380381584167, 0.940690815448761, 0.9678854942321777, 0.7591238617897034, 0.8601347208023071, 0.8621355891227722], "label": [1, 1, 1, 0, 0, 0, 0]}