{"text": ["XYZ Hospital", "123 tlealth Street,Wellness City", "Phone:+1-234.587-890", "Patlant Nanx:Davld D", ":48", "DoctorDr.Johnson", "Medicine", "Dosuge", "Frequency", "Duration", "TabClavum 025", "15tablets", "20ms doy", "4duys", "Tab Sumo cold", "5tablets", "3tmesaday", "30 days", "Tab Allegra", "t5tablets", "3 tmesaday", "5days", "TabNeurobin Forte", "10tablets", "2 tm5 a doy", "t4days", "Syrup", "Dosapo", "Froquancy", "Duratlon", "Syrup Cypon", "10ml", "3tm doy", "4 day", "SyrupTus dx", "10ml", "2timday", "30dy", "Advico:", "-Tako tod rost", "Eat nsy-to-dlgest food like boiled rice with dal", "-Stayhydrated"], "confidence": [0.9565640091896057, 0.8471035957336426, 0.8541738390922546, 0.7887244820594788, 0.761138379573822, 0.9535832405090332, 0.9246234893798828, 0.9420654773712158, 0.9905779957771301, 0.9623180627822876, 0.8190051317214966, 0.8927748799324036, 0.7707927227020264, 0.9136894941329956, 0.8883663415908813, 0.8909797668457031, 0.8351958394050598, 0.8513266444206238, 0.8737680315971375, 0.8511607646942139, 0.8563558459281921, 0.8343985676765442, 0.9528861045837402, 0.9247161149978638, 0.737241804599762, 0.8406792283058167, 0.9720994234085083, 0.8093938827514648, 0.9061452150344849, 0.9502712488174438, 0.9897556304931641, 0.9347427487373352, 0.7234882116317749, 0.7732980847358704, 0.8761520385742188, 0.911413848400116, 0.7565017938613892, 0.9695253372192383, 0.9683253169059753, 0.7803173065185547, 0.9004940390586853, 0.8784905672073364], "label": [1, 0, 1, 0, 0, 0, 0]}