{"text": ["XYZ Hospital", "123 tlealth Street,Wellness City", "Phone:+1-234.587-890", "Patlant Namx:Charlo Davs", "Ap:57", "Doctor: Dr.Patol", "Medicine", "Dosage", "Frequency", "Duration", "TabCiplox500", "5tablets", "20ms day", "30 days", "TabDolo650", "t5tablets", "3tmesadey", "t4days", "TabAluhrodinS00", "5tablets", "3 tmesa day", "7 days", "Tab Neurobin Forte", "t5tablets", "3 tmesa dey", "30 days", "Tab Evion", "20tablets", "3 tmesaday", "10days", "Syrup", "Dosago", "Froquoncy", "Duratlon", "Syrup Zodax", "10ml", "2timday", "30dy", "Advico:", "-Tako tod rost", "Eat nsy-to-dlgest food like boiled dce with dal", "-Stayhydrated"], "confidence": [0.9544928669929504, 0.838995099067688, 0.8577502369880676, 0.8166017532348633, 0.752202570438385, 0.9494669437408447, 0.9286406636238098, 0.8897534012794495, 0.9560942053794861, 0.965709924697876, 0.8808314800262451, 0.9079194068908691, 0.7605679631233215, 0.8676621317863464, 0.8846613764762878, 0.8583819270133972, 0.7950026392936707, 0.8406792283058167, 0.7146969437599182, 0.9106838703155518, 0.7573702335357666, 0.8767657279968262, 0.9412102103233337, 0.8697188496589661, 0.7729131579399109, 0.8853435516357422, 0.9518323540687561, 0.8978633880615234, 0.8482871055603027, 0.9213528037071228, 0.9720994234085083, 0.8300634026527405, 0.9624842405319214, 0.9865293502807617, 0.944142758846283, 0.9483411312103271, 0.7432094216346741, 0.9668070673942566, 0.96775883436203, 0.7905479669570923, 0.9010859727859497, 0.8896684050559998], "label": [1, 0, 1, 0, 0, 0, 0]}