{"text": ["XYZ Hospital", "123 tlealth Street,Wellness City", "Phone:+1-234-587-890", "Patlont Nanx:Bob Davs", ":44", "Doctor: Dr. Millor", "Medicine", "Dosuge", "Frequency", "Quraton", "Cap Dilanun", "15tblets", "2 umes a day", "7 days", "Tab Sumo cold", "10tablets", "2 um05  duy", "30 days", "Tab Zole f cream", "15tablets", "2tmesa dey", "30 days", "Cap Pan d", "10tablets", "3tmes aday", "30 days", "TabAllegra", "10tablets", "3 tmesaday", "4days", "Tab Combinam", "20 tablets", "3 tmesa dey", "7 days", "Syrup", "Dosapo", "Froquoncy", "Duratlon", "Syrup Fobrox plus", "10ml", "2 tim doy", "5 days", "Syrup Corox-dx", "Sml", "2timday", "30 days", "Advico:", "-Tako tod rost", "Eat nsy-to-digest food like boiled rice with dnl", "-Stytydrated"], "confidence": [0.9555370807647705, 0.847599446773529, 0.8954404592514038, 0.793319046497345, 0.8580889701843262, 0.9295824766159058, 0.9514597654342651, 0.9420654773712158, 0.9902750849723816, 0.8290681838989258, 0.8852311968803406, 0.900070071220398, 0.8037311434745789, 0.8594018816947937, 0.8675353527069092, 0.9273074269294739, 0.7148935794830322, 0.8518379926681519, 0.8570491075515747, 0.8647039532661438, 0.7881771326065063, 0.8513266444206238, 0.9105875492095947, 0.9273074269294739, 0.8715509176254272, 0.8853435516357422, 0.9189688563346863, 0.9273074269294739, 0.8438262939453125, 0.9184122085571289, 0.9396367073059082, 0.8959590196609497, 0.8194018006324768, 0.8404199481010437, 0.983737587928772, 0.8228013515472412, 0.9466862082481384, 0.9902716875076294, 0.9946247339248657, 0.9746028780937195, 0.7873589992523193, 0.8324782848358154, 0.9713419675827026, 0.927854061126709, 0.8103267550468445, 0.7511711120605469, 0.9237281680107117, 0.7705491185188293, 0.8460922241210938, 0.8946594595909119], "label": [1, 1, 1, 0, 0, 0, 0]}