{"text": ["XYZ Hospital", "123 tlealth Street,Wellness City", "Phone:+1-234.587-890", "PatlontNamx:Allco Wlllams", "p:33", "Doctor: Dr.Tumor", "Medicine", "Dosuge", "Frequency", "Duration", "Tab Dolonex dt", "15tablets", "2 umes a day", "10days", "Tab Sumo cold", "5tablets", "30ms doy", "7 days", "Tab Febrexplus", "10tablets", "2tmes a day", "30 days", "Tab Cyclomef", "5tablets", "3tmesaday", "10days", "TabCiplox 500", "10 tablets", "2tmesaday", "10days", "Syrup", "Dosapo", "Froquoncy", "Duratlon", "Syrup Corox", "Sml", "3timsday", "Sday", "Advico:", "-Tako tod rost", "Eat nsy-to-digest food like boiled dce with dal", "-Staytydrated"], "confidence": [0.9527682662010193, 0.8397116661071777, 0.8577502369880676, 0.8569275736808777, 0.8159250020980835, 0.943675696849823, 0.9286406636238098, 0.9420654773712158, 0.9838371276855469, 0.9623180627822876, 0.9136584997177124, 0.8927748799324036, 0.8037311434745789, 0.9210941195487976, 0.8938006162643433, 0.895728349685669, 0.7268615365028381, 0.8831198811531067, 0.9431108832359314, 0.9247161149978638, 0.7659979462623596, 0.8833222985267639, 0.9024829268455505, 0.8909797668457031, 0.8846117854118347, 0.924377977848053, 0.9274117350578308, 0.901634693145752, 0.82967609167099, 0.924377977848053, 0.9747051000595093, 0.9054598808288574, 0.9749724864959717, 0.910537838935852, 0.9781517386436462, 0.9197258949279785, 0.7308685183525085, 0.7356988191604614, 0.9675191640853882, 0.8320817351341248, 0.89924156665802, 0.9372954964637756], "label": [1, 0, 1, 0, 0, 0, 0]}