{"text": ["XYZ Hospital", "123 tlealth Street,Wellness City", "Phone:+1-234.587-890", "Patlant Namx:Davld Millar", ":42", "Doctor: Dr.Johnson", "Medicine", "Dosuge", "Frequency", "Duration", "TabCyciomelf", "15tablets", "20ms day", "30 days", "Cap Cypon", "5tablets", "3umesadey", "4days", "Cap Omez", "5tablets", "3tmes aday", "7 days", "Tab Cetine", "20 tablets", "3 tmesa dey", "7 days", "Cap Pand", "20 tablets", "2tmesaday", "10days", "Syrup", "Dosapo", "Froquoncy", "Duratlon", "Syrup TusQx", "Sml", "3tms doy", "30dny", "Syrup Fobrox plus", "10ml", "3tims doy", "10dny", "Advico:", "-Tako to rost", "Eat ensy-to-digest food like boiled rice with dnl", "Stoytydrated"], "confidence": [0.9488534331321716, 0.8410260081291199, 0.8575018644332886, 0.855111837387085, 0.812186062335968, 0.9679127931594849, 0.9259157180786133, 0.9740098118782043, 0.9838371276855469, 0.964890718460083, 0.8685762882232666, 0.8927748799324036, 0.7605679631233215, 0.8724113702774048, 0.9450311660766602, 0.8912277221679688, 0.8198149800300598, 0.8935898542404175, 0.8306777477264404, 0.8205043077468872, 0.8152057528495789, 0.8720644116401672, 0.92555171251297, 0.8863240480422974, 0.7729131579399109, 0.8767657279968262, 0.9202345609664917, 0.8974159359931946, 0.8482097387313843, 0.924377977848053, 0.9703512191772461, 0.7913495898246765, 0.9345409870147705, 0.9960426092147827, 0.9398233294487, 0.927854061126709, 0.7197035551071167, 0.8377351760864258, 0.993816614151001, 0.9616332650184631, 0.7592406868934631, 0.7591055631637573, 0.96775883436203, 0.7230911254882812, 0.844878613948822, 0.832436740398407], "label": [1, 1, 1, 0, 0, 0, 0]}