{"text": ["XYZ Hospital", "123 tlealth Street,Wellness City", "Phone:+1-234.587-890", "Patlant Namx:AllcoJohnson", "Ap:53", "Doctor: Dr. Tumor", "Medicine", "Dosuge", "Frequency", "Duration", "Tab Neurobin Forte", "10 tablets", "20ms doy", "7 days", "Cap Pan d", "5tablets", "3umesadey", "7 days", "TabDolo650", "5 tablets", "3tmes aday", "5 days", "Tab Cetine", "5tablets", "2 tmes adey", "10days", "Cap Zovirax", "5 tablets", "2tmesaday", "10days", "Syrup", "Dosapo", "Froquoncy", "Duratlon", "Syrup Brozodox", "Sml", "3tms doy", "14dy", "Syrup Corox", "10ml", "2tims doy", "30days", "Advico:", "-Tako tod rost", "Eat nsy-to-digest food like boiled rice with dnl", "Stoybydrated"], "confidence": [0.9441022872924805, 0.8434277176856995, 0.8589719533920288, 0.8551337718963623, 0.7789907455444336, 0.9514172673225403, 0.9271574020385742, 0.9741355776786804, 0.9788968563079834, 0.965709924697876, 0.9272555112838745, 0.9107781648635864, 0.7702575922012329, 0.9877565503120422, 0.9079701900482178, 0.8912277221679688, 0.8171244263648987, 0.8720644116401672, 0.8922199010848999, 0.8630087375640869, 0.8267742395401001, 0.7472350001335144, 0.921965479850769, 0.8669136762619019, 0.8068761229515076, 0.924377977848053, 0.8704531192779541, 0.8480369448661804, 0.8577829003334045, 0.924377977848053, 0.9703512191772461, 0.7875345349311829, 0.9496034979820251, 0.9907678961753845, 0.9574680924415588, 0.927854061126709, 0.7256457805633545, 0.8365260362625122, 0.8967664837837219, 0.9401394128799438, 0.7203667163848877, 0.9039595127105713, 0.9678077101707458, 0.7586460113525391, 0.8524071574211121, 0.8415243625640869], "label": [1, 1, 1, 0, 0, 0, 0]}