{"text": ["XYZ Hospital", "123 tlealth Street,Wellness City", "Phone:+1-234.587-890", "Patlant Namx:Allco Millar", "p:45", "Doctor: Dr.Lao", "Medicine", "Dosuge", "Frequency", "Duration", "Tab Evlon", "20 tblets", "3mesday", "5 days", "Cap Zovirax", "10tablets", "20mes dey", "t4duys", "Tab Zole fcreum", "15tablets", "3 tmesa doy", "5 days", "TabA1urocin 500", "15tablets", "2tmesa day", "7 days", "TabDolo650", "15tablets", "3 tmesaday", "7days", "TabCyciopam", "20 tablets", "2 tmes a day", "7 days", "Syrup", "Dosago", "Froquoncy", "Duratlon", "Syrup Grillnctus tm", "10ml", "3tms doy", "14days", "Advico:", "-Tako tod rost", "Eat nsy-to-digest food like boiled dce with dnl", "Stoytydrated"], "confidence": [0.9533091187477112, 0.8465441465377808, 0.8575018644332886, 0.8383710980415344, 0.7807413339614868, 0.8984217047691345, 0.9258362054824829, 0.9427713751792908, 0.9790523052215576, 0.965709924697876, 0.9253906607627869, 0.9003804326057434, 0.8458738923072815, 0.7493965029716492, 0.8890037536621094, 0.9273074269294739, 0.7364528775215149, 0.8104643225669861, 0.8306864500045776, 0.8647039532661438, 0.7694242000579834, 0.7493965029716492, 0.8253230452537537, 0.8671495914459229, 0.8125905990600586, 0.8480218052864075, 0.8790748715400696, 0.8647039532661438, 0.8478784561157227, 0.9485983848571777, 0.8950595855712891, 0.8797799944877625, 0.7614920139312744, 0.8404199481010437, 0.9788066744804382, 0.958836555480957, 0.9524527788162231, 0.9877357482910156, 0.9856899380683899, 0.9717352390289307, 0.7066380381584167, 0.8428124785423279, 0.9678854942321777, 0.7504633069038391, 0.8601347208023071, 0.856630802154541], "label": [1, 1, 1, 0, 0, 0, 0]}