{"text": ["XYZ Hospital", "123 tlealth Street,Wellness City", "Phone:+1-234.587-890", "PatlontNamx:Mla Ro", "Ap:35", "Doctor: Dr.Tumor", "Medicine", "Dosage", "Frequency", "Duration", "Tab Cetine", "5tablets", "20ms doy", "30 days", "Tab Cyciomelf", "5tablets", "3tmesaday", "7 days", "Tab Evion", "10 tablets", "3 tmes dey", "4 days", "Cap Cypon", "20 toblets", "2 tmesa dey", "10days", "Tab Pand", "t5tablets", "3 tmesaday", "5days", "Syrup", "Dosago", "Froquoncy", "Duration", "Syrup Corox-dx", "10ml", "2timday", "30dy", "Advico:", "-Tako tod rost", "Eat nsy-to-digest food like boiled dce with dal", "-Staytydrated"], "confidence": [0.9531888961791992, 0.8386499881744385, 0.860508918762207, 0.7900727987289429, 0.7815839052200317, 0.952983021736145, 0.9286406636238098, 0.9033363461494446, 0.9867760539054871, 0.964890718460083, 0.9164446592330933, 0.9079194068908691, 0.751822292804718, 0.8676621317863464, 0.8457946181297302, 0.8909797668457031, 0.8165045380592346, 0.8720644116401672, 0.9276864528656006, 0.8893119096755981, 0.7872068881988525, 0.8880710601806641, 0.9652738571166992, 0.8743324279785156, 0.8118886351585388, 0.9213528037071228, 0.9234901666641235, 0.8830724954605103, 0.8478784561157227, 0.8882506489753723, 0.9747051000595093, 0.8300634026527405, 0.9546997547149658, 0.9667842388153076, 0.9717108011245728, 0.9483411312103271, 0.7550383806228638, 0.9668070673942566, 0.9675191640853882, 0.8345187902450562, 0.8992130160331726, 0.9372954964637756], "label": [1, 1, 1, 0, 0, 0, 0]}