{"text": ["XYZ Hospital", "123 tlealth Street,Wellness City", "Phone:+1-234-587-890", "Patlont Nanx:Charlo Ro", "4", "Doctor:Dr.Patol", "Medidine", "Dosuge", "Frequency", "Duration", "Cap Pand", "10 tablets", "3mesdey", "5days", "Tab Combinam", "10tablets", "3 umes doy", "5days", "TabDolo650", "15tablets", "3 tmesa doy", "10days", "Cap Omez", "15tablets", "3 tmes aday", "7 days", "Tab Evlon", "20tblets", "3 tmesaday", "5days", "TabZole fcream", "20 tablets", "3 tmesa dey", "$ duys", "Syrup", "Dosapo", "Froquoncy", "Duratlon", "Syrup Brozodax", "10ml", "3 tims doy", "10days", "Syrup TusQ dx", "Sml", "3timsday", "30 days", "Advico:", "-Tako tod rst", "Eat nsy-to-digest food like boiled rice with dnl", "-Stytydrated"], "confidence": [0.9534003138542175, 0.836279034614563, 0.8937011957168579, 0.771884560585022, 0.9781603217124939, 0.9443918466567993, 0.8939267992973328, 0.9415733814239502, 0.9902750849723816, 0.964890718460083, 0.9235674142837524, 0.8778047561645508, 0.8327884078025818, 0.8641525506973267, 0.9257040023803711, 0.9273074269294739, 0.7165395617485046, 0.8366293907165527, 0.8786448240280151, 0.8671495914459229, 0.7694242000579834, 0.8626441955566406, 0.832811713218689, 0.8959775567054749, 0.8281913995742798, 0.8452855944633484, 0.9114243388175964, 0.9145114421844482, 0.8438262939453125, 0.8520981669425964, 0.9026662707328796, 0.9364849328994751, 0.8597587943077087, 0.9236800670623779, 0.988613486289978, 0.8240053653717041, 0.9466862082481384, 0.9559439420700073, 0.904748797416687, 0.9702969789505005, 0.7524312138557434, 0.7868053317070007, 0.952340841293335, 0.927854061126709, 0.7865440845489502, 0.7511711120605469, 0.9238536953926086, 0.7242653369903564, 0.8472199440002441, 0.9149673581123352], "label": [1, 1, 1, 0, 0, 0, 0]}