{"text": ["XYZ Hospital", "123 tlealth Street,Wellness City", "Phone:+1-234.587-890", "Patlant Namx:Davld Ro", "Ap:51", "Doctor: Dr. Millor", "Medicine", "Dosuge", "Frequency", "Duration", "Tab Trtz", "5 tablets", "3mesaday", "30 days", "Cap Cypon", "15tablets", "3umesaday", "10days", "Tab Cetine", "15tablets", "2 tmes dey", "7 days", "Cap Dilantn", "20 tablets", "3tmes adey", "5days", "Tab Neurobin Forte", "15tablets", "2tmesaday", "5days", "Syrup", "Dosago", "Froquancy", "Duratlon", "Syrup Cypon", "10ml", "3tms doy", "30dny", "Syrup TusQ-dx", "Sml", "2tims doy", "4 days", "Advico:", "-Tako to rst", "Eat nsy-to-digest food like boiled rice with dnl", "Stoybydrated"], "confidence": [0.9489903450012207, 0.8498444557189941, 0.8575018644332886, 0.7638036608695984, 0.7661563158035278, 0.9649683833122253, 0.9271574020385742, 0.979745090007782, 0.9829168319702148, 0.964890718460083, 0.788279116153717, 0.8705056309700012, 0.8035884499549866, 0.8724113702774048, 0.9196090698242188, 0.8623680472373962, 0.8240649700164795, 0.924377977848053, 0.9358774423599243, 0.8913987278938293, 0.7422879934310913, 0.8767657279968262, 0.8945884108543396, 0.8863240480422974, 0.8477534055709839, 0.8691898584365845, 0.9226187467575073, 0.8865651488304138, 0.8482097387313843, 0.8746163249015808, 0.9719002842903137, 0.8148204684257507, 0.9114760160446167, 0.9955869913101196, 0.9903943538665771, 0.9347427487373352, 0.7197035551071167, 0.8377351760864258, 0.9641260504722595, 0.9197258949279785, 0.7249763607978821, 0.8612959980964661, 0.9687759280204773, 0.7373817563056946, 0.8504207730293274, 0.8415243625640869], "label": [1, 1, 1, 0, 0, 0, 0]}