{"text": ["XYZ Hospital", "123 tlealth Street,Wellness City", "Phone:+1-234-587-890", "Patlont Namo:Llam Millor", "4", "Doctor:Dr.Patol", "Medicine", "Dosuge", "Frequency", "Duration", "Cap Omez", "10 tablets", "20ms dey", "30 duys", "Tab Febrexplus", "20 tablets", "3 umes doy", "10days", "Cup Cypon", "15tablets", "2mes aday", "5days", "Tab Cetine", "15tablets", "3 tmes aday", "7 days", "TabClavum025", "20 tblets", "2 tmes a duy", "10days", "TabZole fcream", "20 tablets", "2 tmesa dey", "$ days", "Syrup", "Dosapo", "Froquoncy", "Duratlon", "Syrup Corox", "Sml", "3 tims doy", "30days", "Syrup Fobrox plus", "Sml", "3timday", "7day", "Advico:", "-Tako tod rost", "Eat nsy-to-digest food like boiled rice with dal", "-Stytydrated"], "confidence": [0.9539773464202881, 0.8445388078689575, 0.888440728187561, 0.8186394572257996, 0.9781603217124939, 0.9476490020751953, 0.9067142009735107, 0.9375312328338623, 0.9902750849723816, 0.964890718460083, 0.8532101511955261, 0.8778047561645508, 0.7692691087722778, 0.9137939810752869, 0.931625485420227, 0.8967920541763306, 0.7165395617485046, 0.8628065586090088, 0.9003617763519287, 0.8671495914459229, 0.7745811939239502, 0.8366293907165527, 0.9438446164131165, 0.8959775567054749, 0.8254381418228149, 0.8580665588378906, 0.8665463924407959, 0.9003804326057434, 0.7853452563285828, 0.8626441955566406, 0.8578900694847107, 0.9364849328994751, 0.820049524307251, 0.9325768351554871, 0.988613486289978, 0.8228013515472412, 0.9466862082481384, 0.9693984985351562, 0.8926152586936951, 0.860496461391449, 0.7524312138557434, 0.8245375156402588, 0.9940391778945923, 0.927854061126709, 0.7848047614097595, 0.8754475712776184, 0.9210488200187683, 0.7723420858383179, 0.9027966856956482, 0.9149386882781982], "label": [1, 1, 1, 0, 0, 0, 0]}