{"text": ["XYZ Hospital", "123 tlealth Street,Wellness City", "Phone:+1-234.587-890", "PatlntNam:GrcoD", ":40", "Doctor: Dr.Patol", "Medicine", "Dosuge", "Frequency", "Duration", "TabAluhrodin 500", "15tablets", "2 umes a day", "7 duys", "Cap Cypon", "15tablets", "3 tmes dey", "10days", "TabZole fcream", "15tablets", "3tmesaday", "10 days", "Cap Dilantn", "20 toblets", "3tmesaday", "7 days", "Cap Zovirax", "10 tablets", "3tmesaday", "30 days", "Syrup", "Dosago", "Froquancy", "Duratlon", "Syrup Zodox", "Sml", "2timday", "14day", "Advico:", "-Tako tod rost", "Eat nsy-to-dlgest food like boiled dce with dal", "-Stayhydrated"], "confidence": [0.9544928669929504, 0.843846321105957, 0.8465229868888855, 0.8019254207611084, 0.7442576289176941, 0.9561673998832703, 0.8984020948410034, 0.9427713751792908, 0.9838371276855469, 0.955414891242981, 0.7592729926109314, 0.8913987278938293, 0.8175981640815735, 0.9828178286552429, 0.9356346130371094, 0.9090301990509033, 0.7654374837875366, 0.9015160202980042, 0.9031758904457092, 0.8623680472373962, 0.8820335268974304, 0.8715320229530334, 0.9224876761436462, 0.8743324279785156, 0.8562703132629395, 0.8767657279968262, 0.8616575002670288, 0.901634693145752, 0.8562703132629395, 0.8867191672325134, 0.9720994234085083, 0.9560421109199524, 0.9370110630989075, 0.9654592275619507, 0.9014583826065063, 0.9197258949279785, 0.7432094216346741, 0.7760825753211975, 0.96775883436203, 0.7905479669570923, 0.9010121822357178, 0.8896684050559998], "label": [1, 1, 1, 0, 0, 0, 0]}