{"text": ["XYZ Hospital", "123 tlealth Street,Wellness City", "Phone:+1-234-587-890", "Patlant Nanx:Davld Wilson", ":70", "Doctor: Dr.Smith", "Medicine", "Dosuge", "Frequency", "Qurabon", "Tab Febrexplus", "20 tblets", "20ms day", "7 days", "Tab Dolonex dt", "15tablets", "3 tmes duy", "5days", "Cap Omez", "10tablets", "3 tmesa duy", "14duys", "TabClavum025", "10tablets", "3 tmes aday", "7 days", "TabZole fcream", "5tablets", "2 umes a duy", "4duys", "Cap Zovirax", "5tablets", "2 tmes a doy", "10days", "Syrup", "Dosago", "Froquoncy", "Durotlon", "Syrup Fobrox plus", "Sml", "3tims doy", "5days", "Syrup Cypon", "10ml", "3timsday", "10day", "Advico:", "-Tako tod rost", "Eat nsy-to-digest food like boiled rice with dal", "-Stytydrated"], "confidence": [0.9551815986633301, 0.8471035957336426, 0.8825467824935913, 0.8412767052650452, 0.7763848900794983, 0.9497107267379761, 0.9254783391952515, 0.9427713751792908, 0.9902750849723816, 0.8740919232368469, 0.9291200637817383, 0.9135541915893555, 0.7605679631233215, 0.861883819103241, 0.9232739210128784, 0.9092390537261963, 0.7485857605934143, 0.8520981669425964, 0.8197861909866333, 0.9273074269294739, 0.8044043183326721, 0.8727502822875977, 0.8902480602264404, 0.9273074269294739, 0.8218534588813782, 0.861883819103241, 0.90479576587677, 0.9079194068908691, 0.7387182116508484, 0.9083743095397949, 0.8540268540382385, 0.8909797668457031, 0.8000494837760925, 0.924377977848053, 0.983737587928772, 0.8360254764556885, 0.9466862082481384, 0.9399316906929016, 0.9943739771842957, 0.9028758406639099, 0.7382882833480835, 0.8644119501113892, 0.9619796872138977, 0.9357630014419556, 0.7817355394363403, 0.817059338092804, 0.9238536953926086, 0.7681704163551331, 0.9027966856956482, 0.9018712639808655], "label": [1, 1, 1, 0, 0, 0, 0]}