{"text": ["XYZ Hospital", "123 tlealth Street,Wellness City", "Phone:+1-234-587-890", "Patlont Nanx:Mla Johnson", "p:31", "Doctor: Dr. Millor", "Medicine", "Dosuge", "Frequency", "Duration", "TabDolo 650", "5tablets", "20ms dey", "7 days", "Tab Evlon", "5tablets", "20mes dey", "5days", "TabClavum 25", "20 tblets", "3 tmesa doy", "5days", "Cap Colmmune", "5tablets", "3 tmes aday", "7 days", "Cap Omez", "20tblets", "3 tmesaday", "7 days", "Tab Triz", "10tablets", "2 tmes a doy", "30 days", "Syrup", "Dosago", "Froquoncy", "Duratlon", "Syrup Cypon", "10ml", "2 tim doy", "10days", "Syrup Brozodax", "10ml", "2timday", "30 days", "Advico:", "-Tako tod rst", "Eat nsy-to-digest food like boiled rice with dal", "-Stytydrated"], "confidence": [0.9506051540374756, 0.8386499881744385, 0.8921415209770203, 0.8234569430351257, 0.739750325679779, 0.9521480202674866, 0.930323600769043, 0.9740098118782043, 0.985968291759491, 0.955414891242981, 0.8491353988647461, 0.901167631149292, 0.7692691087722778, 0.8594018816947937, 0.8897180557250977, 0.8909797668457031, 0.7428823113441467, 0.8520981669425964, 0.8174291253089905, 0.9086169004440308, 0.7852831482887268, 0.8520981669425964, 0.8550331592559814, 0.901509165763855, 0.8303280472755432, 0.8452855944633484, 0.8361651301383972, 0.9145114421844482, 0.8309677243232727, 0.8452855944633484, 0.968050479888916, 0.9273074269294739, 0.8046655058860779, 0.9143680930137634, 0.988613486289978, 0.8285646438598633, 0.9466862082481384, 0.9559439420700073, 0.9880268573760986, 0.9702969789505005, 0.7873589992523193, 0.7868053317070007, 0.9885231852531433, 0.9599877595901489, 0.8143227696418762, 0.7511711120605469, 0.9684262275695801, 0.7242653369903564, 0.9027966856956482, 0.9149673581123352], "label": [1, 1, 1, 0, 0, 0, 0]}