{"text": ["XYZ Hospital", "123 tlealth Street,Wellness City", "Phone:+1-234.587-890", "PatlantNamx:Allco Davs", "Ap:58", "Doctor: Dr. Tumor", "Medicine", "Dosuge", "Frequency", "Duration", "Tab Febrexplus", "20 tblets", "20ms dey", "4duys", "TabCiplox500", "20 tablets", "3 umes dey", "7days", "Cup Omez", "20 tablets", "2 tmes day", "5 days", "Cap Pan d", "15tablets", "2 tms a day", "7 days", "TabAllegra", "15tablets", "2tmesaday", "7 days", "Syrup", "Dosogo", "Froquoncy", "Duratlon", "Syrup Fobrxplus", "10ml", "3timsday", "10day", "Advico:", "-Tako tod rost", "Eat nsy-to-dlgest food like boiled dce with dal", "-Stayhydrated"], "confidence": [0.951866626739502, 0.8467555046081543, 0.8541738390922546, 0.8212804198265076, 0.5542054772377014, 0.9365968704223633, 0.9314273595809937, 0.9427713751792908, 0.9838371276855469, 0.9623180627822876, 0.946690022945404, 0.9135541915893555, 0.7692691087722778, 0.9136894941329956, 0.9208157062530518, 0.9054545164108276, 0.7338784337043762, 0.9236086010932922, 0.8411909341812134, 0.9054545164108276, 0.721615195274353, 0.7472350001335144, 0.9074792861938477, 0.8866697549819946, 0.8000491857528687, 0.8720644116401672, 0.9467397928237915, 0.8871575593948364, 0.8579052090644836, 0.8720644116401672, 0.9720994234085083, 0.8471839427947998, 0.9624842405319214, 0.9654592275619507, 0.8471513390541077, 0.9347427487373352, 0.7407669425010681, 0.8202261924743652, 0.9687759280204773, 0.8077505826950073, 0.901470422744751, 0.8786836266517639], "label": [1, 1, 1, 0, 0, 0, 0]}