{"text": ["XYZ Hospital", "123 tlealth Street,Wellness City", "Phone:+1-234.587-890", "Patlant Namx:Jano Whito", ":48", "Doctor: Dr. Millor", "Medicine", "Dosuge", "Frequency", "Duration", "Tab Evlon", "20 tblets", "3mesday", "30 days", "Cap CoImmune", "10 tablets", "20mes dey", "30 days", "Cap Pan d", "5tablets", "3tmes aday", "7 days", "Tab Dolo 650", "10 tablets", "2 tmsa dey", "7 days", "TabAllegra", "10 tablets", "2tmesaday", "4days", "Syrup", "Dosapo", "Froquancy", "Duratlon", "Syrup Grillnctus tm", "10ml", "2tmsdoy", "10dny", "Syrup Zodox", "10ml", "3tims doy", "5 days", "Advico:", "-Tako tod rost", "Eat nsy-to-digest food like boiled rice with dnl", "Stoybydrated"], "confidence": [0.950955331325531, 0.8474778532981873, 0.8575018644332886, 0.8454074263572693, 0.8221071362495422, 0.969254195690155, 0.9200336337089539, 0.9740098118782043, 0.9838311672210693, 0.965709924697876, 0.9262429475784302, 0.9135541915893555, 0.8442182540893555, 0.8724113702774048, 0.8976837992668152, 0.8921223878860474, 0.7687022686004639, 0.8867191672325134, 0.8914552330970764, 0.9106838703155518, 0.8150516748428345, 0.8767657279968262, 0.8153249621391296, 0.901634693145752, 0.7990041971206665, 0.8720644116401672, 0.9404371976852417, 0.901634693145752, 0.8577829003334045, 0.9184122085571289, 0.974157989025116, 0.9121663570404053, 0.934880256652832, 0.9916149973869324, 0.9825848937034607, 0.9347427487373352, 0.6669524312019348, 0.6375325322151184, 0.9617475867271423, 0.9604064226150513, 0.7613676190376282, 0.8086541295051575, 0.9687759280204773, 0.7298118472099304, 0.8504207730293274, 0.8390377163887024], "label": [1, 1, 1, 0, 0, 0, 0]}