{"text": ["XYZ Hospital", "123 tlealth Street,Wellness City", "Phone:+1-234.587-890", "Patlant Namx:Jano Davs", "Ap:75", "Doctor: Dr.Lo", "Medicine", "Dosuge", "Frequency", "Duration", "Tab Febrexplus", "15tablets", "20ms doy", "30 duys", "Tab Cyclomeff", "20 tablets", "20mesaday", "t4duys", "Tab Dolonex dt", "10tablets", "2tmsa duy", "30 days", "Cap Dilanun", "10tablets", "2tmesa dey", "10days", "Tab Evlon", "10tablets", "2 tmes a duy", "10days", "Tab Zole fcreum", "15tablets", "3 tmesa dey", "30 days", "Syrup", "Dosago", "Froquoncy", "Duratlon", "Syrup Cypon", "10ml", "3tmsdoy", "30 dny", "Advico:", "-Tako to rost", "Eat nsy-to-digest food like boiled dce with dnl", "Stoybydrated"], "confidence": [0.9581725597381592, 0.8472570776939392, 0.8531273007392883, 0.8383235335350037, 0.7691259980201721, 0.9231882691383362, 0.9275741577148438, 0.9427713751792908, 0.9790523052215576, 0.965709924697876, 0.9343269467353821, 0.8647039532661438, 0.7485461831092834, 0.9051676392555237, 0.8628305792808533, 0.8967920541763306, 0.7605206966400146, 0.8104643225669861, 0.9149894714355469, 0.9273074269294739, 0.7521365284919739, 0.8833222985267639, 0.921376645565033, 0.9273074269294739, 0.8084509968757629, 0.924377977848053, 0.9216830134391785, 0.9273074269294739, 0.7853452563285828, 0.8809830546379089, 0.85431969165802, 0.9037178754806519, 0.8145851492881775, 0.8513266444206238, 0.9719002842903137, 0.8300634026527405, 0.9524527788162231, 0.9885905981063843, 0.991102933883667, 0.9751888513565063, 0.7260910272598267, 0.7926518321037292, 0.9678854942321777, 0.7640179991722107, 0.861255407333374, 0.8211062550544739], "label": [1, 1, 1, 0, 0, 0, 0]}